# decimado para 10085 faces (passo 0.55834)
mtllib arvore.mtl
v 8.0421 -4.6367 17.5607
v 0.1516 0.8382 11.6339
v 2.9809 -3.9459 20.1680
v 2.9372 5.4541 22.5339
v -9.7491 0.6046 2.4951
v 3.8891 5.3944 19.6806
v -7.1573 0.3758 3.7965
v -9.5466 8.5398 4.8882
v -9.8465 3.3375 3.6203
v -7.6384 1.6779 4.0404
v -9.8096 -1.0542 1.7719
v 3.0680 -4.4166 20.1386
v -1.0755 -0.9265 10.1522
v -9.9604 0.9895 2.6109
v -9.8648 1.7085 2.9117
v -9.9399 3.7909 3.7580
v 0.1981 0.6714 11.2590
v 2.5321 -3.8745 19.6993
v -1.5979 -2.3250 8.5674
v 0.7235 -2.7133 10.6811
v -0.8688 -3.3606 9.6328
v 5.6680 3.9779 21.0902
v -9.6041 -1.4600 1.6916
v -1.3031 -3.2137 9.1015
v -7.5423 2.2572 4.2433
v 3.3656 4.8070 22.7350
v -8.6823 4.9571 4.5250
v 2.5238 5.6883 21.4211
v 7.6921 -3.4373 16.9165
v -6.9728 -0.5443 3.4404
v -9.9430 2.6157 3.2146
v -9.5775 -0.3250 2.1671
v -9.2566 1.2032 3.0424
v 2.4178 -3.3881 19.6169
v -1.2280 -1.3824 8.5693
v -8.6906 -1.1248 2.3314
v -9.2490 7.2334 4.7885
v 3.5568 5.9972 21.9713
v 5.7282 4.4619 20.8685
v 2.9899 4.4285 21.9865
v 1.3092 -1.1776 11.8625
v 0.8115 0.7656 11.6651
v -0.2649 -3.3657 10.2116
v 16.5402 9.2721 24.0561
v -9.7478 0.0898 2.2367
v -1.5377 -2.8505 9.0816
v -6.9921 0.0101 3.6533
v -8.5717 4.5061 4.4563
v 3.5575 4.6714 22.5496
v -7.7685 2.7304 4.3028
v 5.8146 2.4552 21.6646
v -1.4133 -1.7504 8.5710
v 0.8160 0.8954 11.9418
v 15.3653 8.8952 24.6665
v 5.6648 4.7798 20.9272
v 1.1120 -1.6402 11.7562
v 2.9487 -3.4410 20.4098
v -9.2378 0.7354 2.8159
v 2.3472 -2.8833 19.7091
v -9.2608 7.6471 4.8504
v -9.8186 2.2223 3.0944
v -8.4739 -1.6417 2.2203
v -0.3040 -0.6387 9.0613
v -9.4096 3.1355 3.7297
v 0.2494 -9.6396 12.6215
v -1.1136 -0.9757 9.6863
v -9.7570 8.3882 4.8195
v -0.7418 -0.7327 9.1869
v -9.2884 -1.2537 1.9683
v 8.6039 -4.6797 17.4389
v 0.1348 -3.1566 10.5902
v -8.0006 1.7089 3.8728
v -1.6041 -2.3577 9.1076
v -8.6309 3.3080 4.1226
v 3.3497 -4.1548 20.0501
v -0.8181 -3.1900 10.1791
v -9.4191 0.3690 2.4890
v 3.4596 5.8415 22.6789
v -8.6946 5.5090 4.6832
v 1.1790 -1.7358 11.2916
v -9.8640 8.8791 4.8303
v 0.3392 -2.9048 10.7940
v 0.0581 -9.7931 12.2971
v 3.0328 5.6917 22.0517
v -9.0876 -1.7741 1.7984
v -8.6275 3.8891 4.2704
v 1.0538 0.2767 11.0605
v 2.4007 4.2916 21.4434
v -9.3569 1.7706 3.1328
v 3.4924 -4.4913 20.1517
v 5.2054 4.0642 21.0192
v 0.8028 0.5876 11.2959
v 1.3347 -1.0965 11.2672
v -1.0405 -3.0069 10.3107
v -9.7594 1.1955 2.7792
v -6.4202 -0.5496 3.6532
v -9.2196 -0.5114 2.2627
v -0.2830 -3.5351 9.7007
v 1.1190 -2.1232 11.0767
v 3.5237 4.5147 22.0002
v -7.4502 2.8100 4.4436
v -1.5945 -2.8301 8.5441
v -8.8549 4.2715 4.3102
v 1.1573 -0.0454 10.8411
v -9.8039 7.3197 4.6518
v 5.0955 4.4630 20.8200
v -8.8596 6.6699 4.8730
v 2.9185 4.8865 22.7108
v 4.0147 4.9885 19.7215
v -1.4521 -1.6955 9.1258
v 0.9462 -2.3998 10.8515
v -8.1042 2.2404 3.9779
v -0.2301 -0.7486 8.7447
v 0.1153 -9.0553 12.6494
v -1.3294 -3.3648 8.5774
v 0.2858 0.9638 11.9010
v -9.7813 7.8197 4.7437
v 15.6400 9.0406 24.5308
v -9.4506 2.2547 3.1837
v 1.2935 -0.5046 10.8640
v -9.1507 -2.2245 1.6000
v -1.2684 -1.2980 9.1604
v 3.9132 4.5087 19.7503
v -6.6248 -0.1587 3.7587
v -8.0947 2.7509 4.1441
v 2.9898 4.6374 22.4973
v 5.3381 4.7970 20.9494
v -7.4845 1.2064 3.9447
v -9.2686 0.0370 2.4281
v -8.6639 6.0359 4.8312
v 3.5828 5.9929 22.5364
v 0.3019 -2.1857 11.8768
v -0.3063 -0.0972 10.2293
v 0.2508 -2.6373 11.2383
v -9.8026 4.9500 4.1176
v 16.3458 9.2982 23.7150
v -8.6893 0.6215 2.9577
v -8.1194 1.1287 3.4876
v -0.8780 -3.7504 8.5132
v 4.6278 4.9525 20.7211
v 5.8578 2.4730 21.9748
v 1.2566 0.3981 11.4327
v 2.2814 4.1014 22.4855
v 1.7618 0.0724 11.9532
v 3.7332 -4.5681 19.6983
v -1.3656 -1.2424 9.6376
v -9.7608 6.1098 4.4566
v 1.2602 -1.1330 10.7306
v 0.7097 0.3774 10.8340
v 8.9728 -4.5848 17.2549
v 5.9059 2.5613 21.8758
v -7.9233 0.7488 3.3648
v -8.7080 0.9997 3.1484
v 2.4409 5.4794 22.0465
v 4.6501 4.3632 20.7241
v -0.4382 -3.6237 9.2743
v -9.0043 -0.8847 2.2545
v 3.9434 5.8895 20.9804
v -1.2999 -2.7426 10.1979
v -9.8930 4.4548 3.9658
v -6.4772 -1.1480 3.3446
v 1.6676 -0.4060 11.9521
v -0.2560 -0.8640 8.4260
v 3.3409 -4.0108 19.7289
v -1.5453 -1.7977 9.6491
v -9.0994 5.1507 4.4509
v -9.8458 6.6261 4.5488
v -6.5873 1.5502 4.3538
v 3.5482 5.9611 21.4456
v -0.5931 -0.4058 10.0737
v 1.2576 -1.8225 10.7248
v 2.9888 4.2773 21.3958
v -6.9921 1.1632 4.1178
v 4.5668 4.1361 21.1019
v -9.6453 3.9275 3.9246
v 4.2247 5.6082 20.8857
v 1.4694 -0.5023 11.3537
v -8.5099 -0.2993 2.7035
v -6.9601 2.3538 4.4968
v 4.1164 4.3939 20.2871
v -0.2490 -3.7333 9.1128
v 2.6590 4.7790 22.7966
v 1.1269 -2.2779 10.6688
v -9.2652 -0.8496 2.1411
v -1.0345 -0.9954 9.1048
v -8.4676 -2.5419 1.7615
v 1.3659 0.0460 11.2457
v -0.8177 -0.7187 9.6181
v -8.5857 0.1032 2.7997
v -1.5500 -2.3497 9.6395
v -6.9681 0.6856 3.9398
v 1.6879 0.4331 11.9663
v -1.0030 -3.6402 8.7282
v 4.2544 5.0049 20.2261
v 0.7514 -2.2527 11.3602
v -7.0704 2.7409 4.5607
v 2.5360 4.3595 22.6245
v 0.8989 0.0975 10.7052
v -9.6510 5.6487 4.3811
v 16.3813 8.9370 23.0940
v 2.9996 -4.4670 19.6908
v 2.4147 5.3544 22.5953
v -8.6205 -2.1804 1.8600
v 5.6542 2.5164 22.3546
v 0.2391 0.4486 10.7981
v 1.5724 0.0695 11.6442
v 2.5230 -3.8728 20.1453
v -1.3553 -2.9028 9.6654
v -9.2097 6.1126 4.6209
v -8.7580 -0.0010 2.6727
v -6.3966 1.7873 4.4687
v -9.3874 4.9311 4.2875
v -1.5097 -1.7980 10.1890
v 0.7532 -2.0041 11.7494
v 3.6209 -4.9310 19.4190
v -6.3718 0.1306 3.9551
v -7.7036 1.0107 3.7275
v -0.3105 -0.4258 9.6434
v -9.2171 6.6023 4.7004
v -7.0217 1.6807 4.2812
v -0.0714 -0.1668 9.8980
v 2.9963 -3.9316 19.5923
v 5.6072 2.4656 22.4366
v 3.4637 4.3662 21.5034
v 3.0911 5.8597 21.3824
v 4.0710 5.5580 20.3127
v -0.6630 -3.6970 9.0058
v 1.4951 -0.6619 11.9201
v -1.3686 -1.2163 10.1969
v -7.5958 0.5418 3.5831
v 2.2813 4.1445 22.0699
v -8.4050 1.9570 3.7449
v -8.7375 -0.5762 2.4927
v -9.2325 4.3640 4.2040
v 4.1256 4.2010 20.8375
v 1.2911 0.8277 12.1739
v 4.5076 4.5165 20.5033
v -0.9153 -1.0787 8.5435
v -1.4597 -2.3447 10.2427
v -9.9805 -0.0041 2.0817
v -6.5197 2.2286 4.5698
v 0.8458 -1.7650 11.9521
v 2.8838 5.7629 21.4219
v -0.8029 -0.5873 10.2408
v 4.4080 5.3241 20.9870
v 2.5599 4.2447 22.0515
v -6.4611 1.1079 4.2767
v -0.9720 -3.5099 9.1450
v -7.4830 0.0709 3.4527
v 6.1270 -11.8887 22.6168
v 2.9131 -3.4899 19.7312
v -9.8291 5.4121 4.2409
v 2.4108 -2.9143 20.1818
v 16.2621 9.0819 23.6436
v -9.2466 3.8305 4.0606
v -8.6767 -1.7983 2.0219
v 0.2946 -2.4198 11.5330
v -9.1672 3.3354 3.8918
v 0.3192 -9.4188 12.8818
v -6.4649 2.8208 4.7411
v -9.2550 5.6170 4.5387
v 1.3827 0.6189 11.8631
v 0.2857 0.2505 10.5396
v -7.4260 -0.3318 3.3140
v 16.7596 8.8817 23.0110
v -8.1647 1.5825 3.7373
v 4.4690 4.8034 20.4286
v -9.8771 -0.5723 1.9480
v 2.4765 -3.4278 20.3326
v -0.2681 -3.9183 8.5381
v 6.2646 -12.1941 22.7202
v -6.5151 0.5855 4.0664
v -7.1324 2.0964 4.3642
v -6.5067 3.2892 4.8291
v 15.1835 10.2955 23.5900
v -1.0897 -1.2115 11.8738
v 1.2838 -2.2382 10.1260
v -0.2842 0.3432 10.9365
v 3.5083 4.2415 20.9914
v 2.0383 -10.6287 15.3309
v 1.0265 -1.5754 8.5057
v 3.1176 5.8582 20.8405
v -8.1682 -2.3194 2.0622
v -6.2281 -2.6934 3.0357
v 0.2899 -0.4370 9.6310
v -7.8732 0.2751 3.2337
v -6.4676 -2.4473 2.6278
v 15.2589 8.7779 23.2420
v 0.7457 -0.1117 10.3746
v 2.9784 4.0914 20.2931
v 4.0290 4.3637 21.4761
v 3.6428 5.7656 20.1640
v -7.0221 -1.1219 3.1140
v 4.6738 -3.7029 19.5862
v 0.8453 -0.4725 10.1498
v -0.9515 -1.7436 11.9218
v 15.1243 10.4399 23.6052
v 15.8568 9.0271 23.4480
v 0.0330 -0.1585 9.9064
v 0.8005 -1.2122 8.5873
v 14.3075 5.0996 22.8723
v 15.2371 8.4909 23.1332
v 2.2144 -10.1669 15.6739
v 2.5005 3.9856 19.6618
v -8.7097 2.1688 3.6653
v -8.2511 -0.6254 2.6850
v -7.0069 -1.6661 2.8792
v 0.9787 -3.4538 9.1712
v -6.6175 3.6992 4.9146
v 0.6694 -3.7039 9.0930
v 1.1518 -2.9057 9.5974
v 5.2193 -8.8076 19.2266
v 6.8519 -4.2888 18.2385
v -6.8550 -3.3225 2.1615
v -7.6098 -0.6380 2.9972
v 15.9602 9.3971 23.3590
v 2.3021 4.3410 19.6905
v 4.5658 -8.4279 19.3371
v -7.5441 -3.3169 1.8343
v 1.2779 -1.7347 10.2221
v -7.0216 -2.8137 2.3209
v 4.5946 -3.5164 19.6390
v -0.3955 0.0894 10.6347
v -8.6109 1.6261 3.5255
v 2.8629 5.7594 20.7553
v 3.4613 4.1318 20.6327
v -0.3733 -2.4234 11.6146
v 4.4650 5.4264 21.5604
v 2.7687 -2.8993 22.0993
v 5.4860 3.9532 21.7127
v 0.2014 -3.9612 8.5953
v -7.7138 -0.0882 3.1987
v -0.7431 -2.0875 11.8176
v 2.2181 4.9588 19.7135
v 3.4930 5.8695 20.4744
v -7.6056 -2.8975 2.0412
v 1.1916 -1.0898 10.1720
v -0.6904 -2.6299 11.1288
v 9.0961 -4.5862 17.1348
v 2.8638 4.1737 20.5569
v 4.1129 -3.7195 19.8973
v -7.0371 -2.2434 2.5821
v 0.7566 -0.6631 9.6758
v -8.2193 0.5974 3.1823
v -8.5806 1.2109 3.3073
v 4.6208 4.4144 21.5101
v 0.8714 -0.9992 9.0776
v 2.8515 5.7629 20.2146
v 3.9967 5.9524 21.5773
v 15.8192 9.0403 23.3351
v -0.2815 -2.6751 11.3127
v -0.2872 -2.1773 11.9225
v 0.2831 -0.0459 10.1859
v -6.6384 -1.3661 3.1792
v 3.4543 4.0972 20.3009
v -6.9842 3.3318 4.7057
v -0.7171 -0.0790 10.8149
v 3.4594 5.9196 20.9178
v -0.9330 -2.2830 11.3488
v 2.9946 4.2049 20.8413
v -1.2087 -0.7260 11.2635
v 1.0187 -3.5198 8.6600
v 1.3771 -2.3166 9.6399
v 14.8780 5.2011 23.0252
v -6.3117 -3.8427 2.1670
v 2.4327 5.4402 19.7265
v -6.4372 -1.7085 3.1053
v -1.3207 -2.2294 10.7530
v -1.0255 -0.5302 10.7527
v 4.6381 4.9969 21.3825
v -7.0429 3.8251 4.8088
v 15.4269 8.8828 23.4427
v 0.3559 -0.9796 8.5319
v -1.1235 -1.9220 11.5107
v -7.1472 4.1946 4.8709
v -1.3438 -1.1917 10.7886
v 2.7563 -2.5413 22.2742
v 0.3089 -3.7832 9.1901
v -6.4286 -3.4275 2.3010
v 1.1745 -1.1623 9.6905
v -8.0202 -0.5472 2.8377
v 1.8737 -10.2473 15.4953
v -8.1365 0.0217 2.9907
v 0.7822 -3.7308 8.6084
v 4.8074 4.1236 21.2984
v 1.1185 -2.6999 10.0298
v 3.6588 4.1871 20.1727
v -8.0836 -2.7924 1.8387
v 4.2524 5.6999 21.3752
v 3.1110 5.8434 20.3004
v -6.4663 -2.8702 2.4520
v 15.9401 9.3149 23.4927
v 14.4399 5.3050 22.9390
v -6.5020 -2.1134 2.8187
v -1.4098 -1.7838 10.8341
v 5.8929 3.8333 21.8064
v 3.0828 4.1483 20.6005
v 4.1370 -3.4285 19.8795
v 1.3427 -1.7728 9.6478
v -0.2342 -3.1464 10.6028
v 14.7608 8.8821 23.4914
v -6.5199 -4.0083 1.9811
v 2.4560 5.5696 20.3001
v 1.3615 -2.9021 8.5905
v 14.1313 8.3337 23.2592
v -1.1099 -0.4689 11.2779
v 4.5866 5.5184 22.0075
v 2.4065 4.3779 20.8951
v -9.0428 1.6830 3.3285
v -7.5890 3.8235 4.6146
v 15.0687 5.2741 22.8079
v 5.2284 3.9510 21.4643
v -8.1872 5.5055 4.8673
v 1.2840 -1.6618 9.1432
v 6.5404 -4.2781 18.3729
v 4.5375 -9.1349 18.8208
v -8.0892 3.3060 4.2967
v 3.9633 -3.7249 20.0399
v -6.4022 -4.3945 1.8640
v -8.2540 3.6880 4.3500
v 14.7086 8.5493 23.6519
v 3.0104 5.7328 19.6660
v -0.3471 -2.9441 10.8895
v 7.6124 -3.6442 17.2434
v 1.1796 -3.3608 8.5274
v 14.4385 9.1245 23.2186
v 3.4564 4.0154 19.6680
v -7.5127 3.2975 4.5125
v 0.1115 -3.7110 9.5246
v -0.8955 -0.0199 11.2846
v -7.9311 -1.0810 2.7157
v -7.5950 -2.3143 2.3328
v 6.2442 -4.0848 18.4829
v -1.1404 -2.4495 10.9403
v 1.0925 -1.2385 9.0840
v -1.2289 -0.8480 10.8824
v 4.5100 -9.5427 18.5868
v 1.3678 -2.2446 9.0683
v -0.5036 0.7014 11.6875
v 0.3425 -3.5841 9.7104
v 3.7509 4.2962 19.6338
v -9.1261 2.2990 3.4049
v 4.1310 6.1064 22.5366
v 0.8765 -2.8464 10.2537
v 7.5241 -3.9662 17.5147
v 0.1350 -0.8499 8.7088
v -0.6405 0.4817 11.4314
v -1.2559 -1.7686 11.2330
v 1.4945 -10.6802 14.1648
v 1.8533 -10.9974 14.6788
v -8.4961 2.3608 3.8600
v 2.7004 -2.6140 22.2674
v 5.0777 4.7584 21.2881
v -7.7124 4.9147 4.8897
v 3.8907 -3.5734 20.1149
v 0.6346 -0.7425 9.2846
v -7.6585 -1.7463 2.5404
v -9.2796 2.7556 3.5816
v 0.9999 -0.9523 9.5236
v 4.6507 4.8834 22.5565
v -0.2659 0.8826 11.9868
v 1.9230 -10.8580 14.9183
v -8.2616 5.9001 4.9174
v 5.2016 4.4668 21.5617
v -1.3138 -1.1340 11.2917
v -8.6164 2.8341 3.9655
v 7.7518 -4.5898 17.6848
v -7.5150 4.3670 4.7878
v 4.4367 5.8989 22.2056
v -6.6976 -3.6104 2.0824
v 4.1503 4.5905 22.0701
v 0.6994 -3.1940 10.0715
v -8.0451 3.9292 4.5022
v 14.7432 8.5978 23.2862
v -7.4156 -1.6356 2.7341
v -0.1397 0.8344 11.6295
v 4.3763 5.7887 21.7249
v 1.1073 -3.2826 9.1117
v 14.4117 8.8254 23.3731
v 1.0805 -0.7095 10.2049
v -7.0586 -3.8758 1.7876
v 4.9898 -3.5797 19.4523
v 5.7548 3.7518 21.3696
v 6.7699 13.9466 30.0119
v 6.9689 14.2383 30.0424
v 14.9208 8.7161 23.2639
v -7.5170 -1.1517 2.8331
v 5.1152 -8.5827 19.3096
v 1.3344 -2.8005 9.1420
v 5.9827 3.5135 21.5313
v -0.3952 0.5653 11.3553
v -7.9274 -2.2000 2.2528
v 4.4536 -8.8966 19.0801
v -0.7440 0.4546 11.8358
v 14.8791 9.9882 23.6313
v 4.7841 5.5521 22.5749
v 2.9888 3.8263 19.6630
v 3.5243 5.6820 19.6579
v 1.2000 -1.7404 8.6103
v -7.2869 -3.0424 2.1261
v 1.6565 -10.8485 14.4171
v -8.0556 4.9383 4.7682
v 1.6040 -10.9081 14.5864
v 4.5737 4.9127 21.9797
v 4.5314 5.9783 22.6240
v 15.2631 8.7461 24.3320
v 2.6361 -3.2517 22.0711
v -8.1632 -1.1471 2.5514
v -0.9903 0.0177 11.7697
v 7.4805 -4.4804 17.8589
v 5.5211 4.7365 21.3191
v 2.1858 4.8784 20.1828
v 14.5495 9.5241 23.6347
v -7.4679 -2.6696 2.2330
v 4.1660 4.6046 22.5951
v 0.7817 -3.3913 9.6360
v -0.9033 -2.7762 10.7118
v -8.1618 4.4035 4.5805
v 1.3605 -2.2766 8.6143
v 2.3924 5.6090 20.9470
v 4.0737 6.0205 22.0404
v -7.0833 -3.4175 2.0065
v 0.3109 -3.3188 10.2244
v -1.1074 -0.5571 11.8138
v 0.2613 -0.6760 9.1231
v -7.1769 -0.6989 3.2033
v -8.0623 -1.7305 2.3748
v -9.7392 2.9231 3.4733
v 2.3941 4.3674 20.2641
v 2.0545 -11.2678 14.2503
v 0.9999 -2.9688 9.8350
v 5.8490 4.3805 21.4113
v 2.6783 -2.8932 22.0641
v 3.8128 5.1843 19.0987
v 2.9812 2.2979 16.3717
v 8.6121 -5.0865 16.9849
v 2.6011 2.5741 17.1769
v 9.1697 1.1332 21.4618
v 15.5082 4.0344 29.4048
v 4.5214 4.9258 16.2915
v 4.7614 -6.8897 20.6478
v -7.6365 6.0733 5.1927
v 5.5234 -3.7970 18.8960
v 4.5552 -6.1319 20.3175
v -10.6204 3.1824 3.2443
v 9.7391 2.1435 21.4941
v 6.3645 3.9093 21.3806
v -0.2922 -1.4463 12.8014
v -0.7479 0.4795 12.3046
v 8.5066 1.7951 21.6937
v 1.5067 -0.2519 14.2950
v 10.6753 0.4635 24.1564
v -6.5134 8.3902 5.7979
v 5.2775 -9.9076 21.0995
v 4.6835 -7.2523 20.7090
v -4.4740 12.3095 6.2747
v 16.9154 2.8907 29.3762
v 1.9644 1.6929 14.1350
v 2.4244 3.3034 18.0047
v -3.6245 -12.7487 15.2419
v 1.7404 0.1013 14.7767
v 4.4774 4.5267 16.2441
v 0.1744 2.9318 15.2325
v -7.5245 6.6394 5.3191
v 3.7873 4.3615 19.0738
v 4.4509 -5.7305 20.0525
v 3.2306 2.5160 16.5331
v 2.4539 2.2422 16.9092
v 1.2650 -0.4877 14.1908
v 9.3382 0.7982 21.2770
v -6.6219 -6.2041 1.2204
v -6.5030 8.9231 5.8416
v 9.3360 -5.3021 16.5767
v 4.0277 3.9192 15.8047
v 6.4086 3.2799 21.4479
v 17.3722 4.3228 27.3039
v -0.3380 -1.2046 13.1014
v 10.9434 1.1197 24.3700
v 9.7730 -5.4388 16.0637
v 5.1814 -9.4268 21.0240
v -4.9737 12.7980 6.3415
v 3.8982 5.3987 16.5437
v 2.8248 3.5365 18.3746
v 7.8665 2.7605 22.5896
v 2.9940 5.6371 19.0944
v -4.2141 11.6930 6.2181
v 10.1542 -2.5258 23.9094
v 2.0280 0.5114 14.7665
v 3.5045 3.8879 19.1079
v -0.9140 -0.5601 12.4501
v -10.1545 2.9110 3.2843
v 8.4292 2.1465 21.7470
v -6.4315 -5.2402 1.5817
v -6.8548 -6.5421 1.0478
v 1.7866 2.5941 14.3173
v 9.8232 1.7805 21.2850
v 4.3131 4.3038 15.8103
v 2.3528 5.1249 18.0232
v 8.8433 -5.3368 17.1350
v 4.6670 -7.7299 20.8204
v -6.4819 7.2933 5.6690
v 4.3953 -7.0570 20.2914
v 3.3981 2.8532 15.9609
v -7.5940 5.5044 5.0479
v 9.8340 -5.2766 16.0906
v 2.1439 1.0593 14.7849
v 5.1797 -8.9547 20.9800
v 0.8267 -0.0293 15.2800
v 15.2960 4.2505 29.3774
v 9.3437 -5.4046 16.5490
v -4.1380 11.0774 6.1773
v 1.2965 3.0228 14.5286
v -7.1542 7.1895 5.4880
v 3.4320 5.4357 18.6376
v -0.8280 0.0888 12.4853
v 3.0135 3.6519 18.5724
v 4.7408 -8.3931 20.8222
v 2.2226 1.9123 16.8582
v 4.1319 5.1590 15.8506
v -6.5050 7.8671 5.7212
v -6.9507 9.6096 5.8204
v 4.3119 -6.6030 20.2637
v 12.4435 4.4099 22.9009
v 1.8393 2.1971 14.2319
v 7.5692 3.0990 21.9393
v 17.0627 2.7399 29.6402
v 7.0396 3.3341 21.4181
v -7.0762 8.2879 5.6253
v 3.7916 4.4526 18.5340
v -6.4596 10.0376 5.9471
v 2.4827 3.0842 17.6974
v 9.7238 -5.2913 16.2360
v 2.1455 1.7319 14.7094
v -0.2413 -0.9677 13.4860
v -0.2439 -10.0253 11.9001
v 2.5760 5.3162 18.1347
v 1.8357 0.0461 14.2368
v 5.2599 -3.7099 19.1509
v 1.1681 -0.4522 14.6089
v -8.0576 6.0566 5.0471
v 4.1927 -6.1365 20.2331
v 0.1783 0.4750 15.4128
v 9.6527 0.6869 21.3323
v 8.1990 1.7563 21.6864
v 13.8892 8.1379 23.1365
v 15.7626 4.0235 29.0479
v -10.9608 3.3676 3.1366
v -4.8321 12.5019 6.2935
v 4.1791 5.1494 16.3894
v -6.5243 10.6934 6.0007
v 3.5926 -10.1228 22.6665
v 15.2412 3.9567 29.7502
v -7.0216 8.9355 5.7260
v -11.0969 3.6506 3.1477
v 5.8199 -3.9133 18.6668
v 17.1121 2.4449 29.9097
v 3.7382 5.0353 18.6203
v 10.2130 -2.6460 23.9003
v 16.6188 2.9676 29.1766
v 4.1519 -5.5908 20.2500
v 4.2480 4.3918 16.4149
v 1.3995 -0.1922 14.8198
v 9.7112 1.0884 21.4613
v 4.7273 -7.7354 20.3524
v 3.4642 2.8566 16.3807
v -7.4303 4.8900 4.9635
v 9.1931 1.9928 21.3283
v -8.1169 6.6053 5.1169
v -7.0722 -6.3617 1.0261
v 6.8167 3.7372 21.5942
v 12.4389 6.7109 22.9155
v 0.3635 -1.5805 14.3639
v -6.4563 -6.8044 1.1193
v 2.0531 1.1511 14.0861
v -0.6970 -1.0434 12.9507
v 8.0673 2.2293 21.7939
v 4.6858 -7.2326 20.2177
v 15.2777 4.2775 29.8886
v 13.2148 4.7303 22.8891
v -0.2500 1.0685 12.5032
v 3.1296 2.7317 15.6801
v 4.5325 4.5575 15.9072
v -6.8541 7.1440 5.5992
v 1.3371 2.6847 14.1939
v -4.7811 11.0772 6.1591
v 4.0157 3.9748 16.4129
v 2.9683 3.6810 19.0939
v 2.0998 2.2506 14.6098
v 9.7115 -5.5412 16.3388
v 11.0807 1.4623 24.4081
v 3.5539 5.5171 19.1734
v 3.5365 3.8544 18.5638
v 10.5102 0.7024 24.3972
v 1.5126 2.3038 13.9946
v 12.9639 4.5388 22.9070
v -0.5808 0.7380 12.4926
v 4.5291 4.8915 15.8745
v 4.7094 -6.7167 20.3095
v 2.9054 2.2987 15.8807
v 9.1430 1.7400 21.6389
v 2.9253 5.4993 18.5197
v -6.5003 9.5437 5.8939
v 3.9901 -5.1341 20.1420
v -7.0157 7.7131 5.5703
v 3.8486 3.5183 16.5484
v 2.0588 0.6090 14.2498
v 7.8790 2.7559 21.9917
v 1.9296 2.8274 14.5370
v 0.2644 0.0671 15.1108
v -4.8783 11.6201 6.2347
v 13.6154 7.9124 23.3265
v 2.4171 5.1258 17.4477
v -7.9131 5.6649 4.9974
v 5.1995 -3.5180 19.3186
v 9.9694 -5.9438 16.4672
v 15.6160 4.2200 29.0036
v 3.6168 3.8401 17.9987
v -7.0828 4.9850 5.0862
v 2.1118 0.9345 15.2177
v 3.0370 5.4409 18.1101
v 12.8298 7.3475 23.5896
v -5.2946 12.1741 6.2717
v 2.9917 3.1866 17.6001
v 0.2559 -0.7239 14.2045
v -8.1975 8.3761 5.3723
v 17.3254 2.5894 29.8965
v 4.1180 -5.5911 19.7121
v 10.5606 -3.3166 24.4335
v -11.5406 3.3633 2.8989
v -0.7375 -0.0024 13.0330
v -0.5247 1.1914 13.5920
v 3.9822 4.4326 16.8494
v 14.7102 3.9802 29.9226
v 3.3163 2.9628 16.9132
v -6.8455 6.3945 5.5226
v 2.2693 5.0715 19.0248
v 4.6062 -7.8446 19.7608
v -8.1404 10.3786 5.6199
v -7.5709 8.9513 5.6152
v 7.4728 3.1825 21.5768
v 17.3456 2.4459 29.9251
v 13.2719 7.8221 23.4441
v -6.4578 5.8665 5.4775
v -8.2823 8.9733 5.4451
v 10.0521 -2.3758 23.9686
v -6.9771 4.4171 4.9932
v 12.3196 9.7376 23.4271
v 1.8486 0.4970 15.2537
v 8.6240 2.1873 21.3913
v -11.4935 3.8225 3.1383
v -0.7746 -0.5283 13.0869
v 2.4872 1.6528 15.8508
v 9.6675 1.6727 21.8173
v 2.1852 4.4393 19.2083
v 2.2331 1.3321 16.2015
v 4.9661 -7.3243 20.2853
v -6.8905 6.8040 5.5389
v 4.1660 -6.0525 19.8493
v -7.6100 8.4622 5.5431
v -0.5870 0.6515 13.6302
v 12.6637 7.1339 23.0182
v -8.1213 10.0789 5.6278
v 3.3554 3.4813 17.8417
v 0.7772 -0.5231 14.7756
v 4.0706 4.9996 16.7654
v 12.2717 9.9038 23.4371
v 9.9657 2.5453 21.8393
v -5.4661 11.1102 6.1338
v -8.1640 7.2185 5.1842
v 4.4430 -6.5405 19.9558
v 1.6274 0.0686 15.0736
v -11.6069 4.3313 3.2198
v 0.2329 2.7592 14.6696
v 4.0461 -5.0719 19.6378
v 16.6018 4.0175 27.7121
v 3.6173 5.0140 18.0379
v -0.1691 1.5095 13.0731
v -6.5074 5.4594 5.3681
v 5.0720 -7.7536 20.4647
v -8.0558 9.5705 5.5591
v 5.4251 17.5365 29.6650
v -3.3874 -12.5872 15.2983
v 6.3717 3.3733 21.8782
v -7.4262 8.0366 5.5093
v 2.3867 3.8177 19.0867
v -5.9114 12.8119 6.2263
v -0.6088 0.0503 13.8172
v -8.1189 7.8385 5.2969
v 4.5553 -7.5494 19.9546
v 5.0205 -8.1564 20.5339
v -5.4526 11.8977 6.2076
v 3.7935 4.4141 18.0404
v -0.4233 -0.6452 13.6991
v 9.7298 2.1847 21.8611
v 2.6797 2.0875 15.7573
v 6.3123 3.9029 21.8516
v 2.6084 5.4085 18.6080
v 3.9353 3.8966 16.8818
v -0.2647 -1.7632 12.4147
v -0.6577 0.4619 12.7518
v 14.8305 4.3320 29.8965
v 8.6769 1.5468 21.4122
v 3.1512 5.2275 17.3229
v 4.9598 -3.7214 19.4241
v 0.8206 2.7040 14.1750
v -5.8857 13.2489 6.2823
v 5.0989 -8.3917 20.8237
v 12.9824 7.8268 23.2029
v -0.5807 0.6361 13.1057
v -5.8695 12.1399 6.2182
v -0.7206 -1.6074 12.4007
v 9.3291 1.5551 21.7572
v -6.3831 6.1044 5.5979
v -7.9340 8.9718 5.5298
v 4.4673 -5.7430 19.7478
v 3.0606 2.7217 16.9476
v 2.6357 2.0155 16.4578
v -7.7552 10.3521 5.7180
v 12.4265 9.5080 23.1332
v 8.0029 2.6868 21.5378
v -0.6477 -0.3013 13.5682
v 9.1154 -5.2736 16.8702
v 4.7820 -8.9424 20.9917
v -6.4254 4.9821 5.2791
v 3.3531 5.3131 18.0246
v 0.0901 -0.1113 14.8317
v 3.1330 3.6096 18.2193
v 13.6478 4.6496 22.8805
v -7.2043 6.8060 5.4236
v 17.6336 4.3865 27.0536
v -7.8079 8.0787 5.4227
v 14.1734 4.0067 30.0312
v 0.8514 -0.7311 14.1758
v 3.4797 3.3676 17.4705
v 2.8867 2.4465 16.8454
v 7.9785 2.2583 21.2781
v -0.8664 -1.1944 12.5041
v 3.7610 3.8564 17.4773
v 12.8259 7.3635 23.1636
v 2.9334 5.3052 17.5208
v -6.4350 6.6454 5.6237
v 4.5801 -6.1671 19.8819
v 0.2558 -0.4485 14.6690
v 3.0390 3.4769 18.0867
v -0.1190 2.0910 13.8524
v 16.5222 4.0478 27.9913
v -0.6662 0.0605 13.5783
v -7.5397 10.0191 5.7280
v -0.4315 1.0926 13.0594
v 5.0912 -7.9122 20.8089
v 1.5095 0.3342 15.4459
v 2.3140 5.1215 18.5258
v -11.8388 4.3789 3.1084
v -6.5467 4.4111 5.1041
v -7.0657 6.0812 5.3826
v 17.0203 4.2855 27.5375
v 17.3629 4.7912 27.2403
v 13.7248 4.7658 22.9059
v -6.3350 10.6095 6.0593
v 2.5373 5.4330 19.1215
v 0.0890 2.3925 14.0973
v 2.4623 3.5483 18.4967
v 3.7869 4.4674 17.5540
v -7.5634 9.4399 5.6732
v 9.0999 -5.3723 16.8751
v -5.8173 11.1747 6.1500
v 4.7549 -9.4555 21.0060
v 10.3372 -2.8952 24.1108
v -7.5573 7.2306 5.3743
v 2.2537 1.1888 15.8474
v -5.2894 12.8451 6.3198
v 1.2939 0.0401 15.2526
v 2.4157 1.7162 16.3832
v 4.9819 -7.3359 20.5780
v 9.6216 1.3091 21.7453
v -0.5978 -0.8225 13.2773
v -11.8360 3.6700 2.8878
v -7.0048 5.5301 5.2307
v -6.4143 3.9599 5.0226
v 5.6236 17.4092 29.9533
v 0.7498 2.9943 14.5915
v 6.8215 3.6441 21.8691
v 7.0062 3.3725 21.9025
v 3.8824 5.3287 16.8208
v 10.3957 -3.1921 24.2805
v 0.3314 2.6156 14.1933
v 3.5594 4.9829 17.4754
v -5.9865 11.5170 6.1513
v -0.2738 1.6938 13.6096
v -5.2372 13.1860 6.3609
v -8.4239 9.6229 5.4795
v -7.5295 7.7786 5.4449
v 2.3521 3.6549 18.6306
v 8.1081 1.7399 21.4094
v 14.3590 4.3988 30.0284
v 16.0699 3.9062 28.6790
v -10.4804 6.1106 4.2077
v 8.2316 2.0970 21.1229
v 6.9193 2.8084 21.8871
v 1.9582 4.7669 15.3835
v 16.2887 4.0036 28.5686
v 2.5713 5.3115 15.8509
v -0.4220 1.7115 14.2427
v -10.5406 0.3948 2.0971
v -8.7602 10.0302 5.3852
v 1.3563 -0.7145 12.5590
v -0.1951 0.0242 14.6402
v -11.4939 5.5336 3.6144
v 5.0355 -8.4414 21.2164
v 5.8130 -11.4471 22.4165
v 0.2301 2.1648 13.5796
v -10.4005 6.6524 4.3386
v 1.8871 4.3721 15.1703
v 4.7769 -9.0139 21.4512
v 2.2821 5.1971 16.4001
v -8.6553 10.4501 5.4707
v 0.7812 3.1914 14.8111
v -2.8677 -6.7720 14.3959
v -11.5470 2.2008 2.5228
v 11.7269 9.3558 22.8274
v 5.8106 -11.7264 22.5288
v -10.9528 -0.3915 1.4761
v 1.6861 4.0517 15.0745
v -0.2312 2.1467 14.2687
v 1.4981 0.7659 12.2045
v 0.9362 -1.2050 12.5443
v -10.3447 -0.5845 1.7161
v 3.4887 5.3976 16.8573
v 5.5403 -10.2946 21.7160
v 0.8126 1.7218 13.0333
v -0.3728 1.1707 14.7815
v 8.2287 1.8231 21.1005
v -11.4868 1.7333 2.2942
v 1.3296 0.9475 12.4382
v -10.3530 5.5334 4.0773
v 5.8867 -12.2539 22.6240
v 0.7449 -1.5448 12.3529
v 4.8845 -9.4180 21.3982
v 3.1981 -4.7935 19.9318
v 3.4855 -4.5429 19.3835
v 3.8461 4.2359 17.3195
v -10.4612 0.0027 1.9334
v -0.3012 0.5997 14.7956
v -11.5842 6.1527 3.7074
v -11.2227 -0.0298 1.5119
v -8.7291 9.3949 5.3472
v 0.8073 -0.7870 13.7153
v -8.6947 8.4514 5.2105
v -0.2526 -0.4326 14.1404
v 5.7952 -11.2233 21.9887
v -10.8040 0.5859 2.0340
v -3.3201 -12.5673 15.3382
v -3.0396 10.9823 6.2466
v 3.7070 4.9835 17.0828
v 8.5103 2.0911 21.1110
v 1.7397 -0.3850 12.4030
v -8.4688 10.4844 5.5252
v -10.9955 6.0839 3.9490
v -3.0448 -6.9223 14.4645
v 3.7150 -5.4220 19.7755
v 5.0972 -9.0114 21.9919
v -8.6753 8.8645 5.3118
v -10.1800 6.3207 4.3845
v -10.9595 0.8250 2.1078
v 0.4929 3.1252 14.9560
v 0.8159 2.2568 13.5533
v 10.6265 -3.3536 24.5752
v 1.4866 4.2634 15.4121
v -0.3483 1.7092 14.7767
v 1.9729 0.0135 12.5255
v 5.7771 -10.6629 21.8202
v -11.0489 6.6656 4.0574
v -10.2698 5.0223 3.9379
v -3.2203 -7.1465 14.6652
v -0.4628 0.0331 14.1897
v -11.5425 5.0123 3.4189
v 0.2628 1.7128 13.0094
v 3.8443 3.7079 17.0946
v -0.0931 2.6027 14.9506
v 3.0238 5.3974 16.8942
v 3.0909 -4.1204 19.4287
v -11.9119 2.2518 2.3547
v -8.6543 7.3098 5.0105
v -11.4425 7.1094 3.9738
v 1.8280 0.5557 12.4300
v 12.0500 10.7314 23.8778
v 2.3416 5.1853 15.8031
v 8.7263 1.7101 21.0094
v 7.5346 2.3035 21.5234
v 1.3277 3.8627 15.2024
v -11.5240 2.4418 2.7486
v -0.5046 0.6291 14.1809
v 12.1094 9.0569 22.9908
v -10.9679 0.0280 1.7214
v 5.7877 -11.7092 22.0847
v 9.7953 13.8677 24.0316
v -11.9098 2.5591 2.5300
v -0.2502 2.2230 14.7950
v 2.5569 5.3417 16.4014
v -11.3517 4.6296 3.3645
v 1.1333 3.5546 15.0900
v 2.8516 2.9137 17.3407
v -11.8316 5.7937 3.5324
v -8.7094 7.9223 5.1176
v -10.8083 5.4750 3.8975
v -11.5588 2.7357 2.7793
v -0.5098 1.0987 14.1521
v 7.5842 2.8166 21.4266
v 3.4962 -5.0666 19.6516
v -3.4356 -8.5968 15.1491
v 3.6578 3.3434 16.9482
v 0.2514 -1.7597 12.4255
v 1.4397 1.2024 13.0086
v 3.7947 -5.5621 20.0286
v -10.8867 3.8687 3.3484
v 1.2610 2.1639 13.6598
v 0.2903 -1.0304 13.5913
v -0.0555 -9.8568 12.1787
v -10.9814 1.1630 2.2416
v -11.4489 0.6294 1.7445
v 4.4573 -9.2933 22.0214
v -9.1932 9.5087 5.1908
v 2.0303 0.6075 13.6929
v 3.3569 5.3002 15.8499
v 5.6076 -9.7545 21.3817
v 9.6784 1.1945 21.0201
v 1.8729 3.3632 14.6842
v -0.1728 0.6654 15.1218
v -11.2955 6.2517 3.8536
v -3.5315 -8.7054 15.1267
v 1.8265 1.1197 13.5921
v -11.5048 1.0379 1.9339
v -10.6947 0.7577 2.1466
v 1.9155 3.8215 14.8537
v 3.2196 3.2306 15.6136
v 3.6872 5.2191 16.2938
v 0.7773 -1.0699 12.9923
v -8.4766 6.6878 5.0099
v 5.7248 -10.1016 21.3887
v 0.6651 1.4666 12.6646
v 9.1216 14.0712 23.8329
v -0.2601 1.1553 15.3123
v -11.4051 6.7142 3.9135
v 8.7903 -5.3577 17.2288
v -10.3623 8.2801 4.6059
v -10.2113 -1.3331 1.4788
v 7.7266 2.7995 22.4540
v -10.9381 7.2167 4.1842
v 10.2474 0.8059 24.7650
v 0.1726 1.2414 12.4200
v 9.1486 1.7106 20.9538
v 2.5624 5.3030 16.9387
v 2.2481 2.4357 17.2203
v -11.0419 4.9926 3.6618
v 1.7051 -0.3959 13.5177
v 4.6704 -9.2044 21.8639
v -10.3912 7.7708 4.5491
v -10.8705 2.2248 2.7994
v 5.4435 -10.6052 21.5528
v 16.4223 3.4413 29.0124
v 0.7760 3.4093 15.3029
v 1.4346 1.7109 13.4872
v 3.5723 -4.9725 20.0894
v 3.6189 3.3207 16.3145
v 2.4430 2.8121 17.4309
v -9.1420 9.8687 5.2642
v 8.5818 -5.0886 17.2855
v -10.8812 7.7693 4.3162
v 1.0150 3.7426 15.3905
v 6.9446 2.8194 21.5259
v 3.0274 5.4746 16.3782
v -11.0339 4.3893 3.4129
v 1.9099 -0.0345 13.6929
v 16.3910 3.6627 28.9496
v -10.2692 7.2454 4.4676
v 1.3077 -0.7141 13.1463
v -10.9677 2.7734 3.0017
v -10.5192 1.5336 2.6126
v 11.0606 1.6495 24.6506
v 5.6861 -11.6155 21.5263
v 2.9738 5.4643 15.8128
v 9.6781 13.8681 23.8978
v -0.4931 2.2648 15.3351
v -3.0959 -8.2602 15.2894
v 1.3523 3.3129 14.7130
v -11.1048 5.5962 3.8004
v 0.6636 -0.9561 13.4505
v -10.3745 3.8246 3.5864
v 2.2821 5.1167 16.9651
v -11.7484 0.5257 1.4940
v -10.3632 1.8319 2.7763
v 7.5416 2.8071 22.0632
v 10.6251 0.8198 24.5235
v 5.3030 -9.5643 21.4289
v -9.1101 7.9653 4.9916
v -10.4259 1.1092 2.4498
v 0.2929 -1.4724 12.7965
v 1.7802 0.9026 13.0341
v 0.3524 1.4370 12.6122
v 9.2098 1.1885 21.0000
v -0.2849 2.7338 15.3463
v -10.3458 3.3436 3.3893
v 11.9637 10.8116 23.9659
v 2.0072 0.6029 13.0235
v -10.2717 0.5940 2.2619
v 3.8677 4.9078 19.1311
v 7.5127 2.3520 21.8742
v -11.0701 2.0314 2.6547
v 1.4926 3.7119 14.9340
v 0.2938 -1.2910 13.0840
v 3.5447 3.4043 15.8502
v 5.2638 -10.1456 21.3554
v -11.6618 1.4754 2.0095
v -10.3647 2.1669 2.9166
v 5.1133 -8.9367 21.4039
v 16.7901 3.1871 29.2293
v 1.7090 1.6643 13.7404
v 12.0549 4.3956 22.8816
v 3.6295 5.1950 15.8642
v 1.3816 -0.5625 13.6817
v 0.3353 3.1162 15.3844
v 0.8147 1.1650 12.4131
v -0.4101 1.7005 15.3135
v 2.0324 -0.0359 13.1540
v -11.8562 1.2319 1.8194
v -10.6516 7.3624 4.3227
v -9.2244 9.0161 5.0824
v 5.8471 -10.7024 21.4625
v -3.5363 11.6214 6.2642
v -10.5630 4.9015 3.7539
v 5.6738 -11.2501 21.5474
v 1.2188 1.5791 13.1361
v -10.9547 1.6797 2.4700
v 8.1923 -4.8294 17.4730
v -10.3982 2.7142 3.1171
v 1.7635 -0.4672 13.0192
v -11.3851 0.1938 1.5322
v -10.4456 4.4441 3.6371
v 3.5424 5.4333 16.5028
v -9.1841 8.3694 5.0310
v 9.6323 1.6830 21.0128
v 10.2322 0.8664 25.2930
v 1.2389 -1.0360 12.3068
v -3.7273 11.3081 6.2198
v -3.6471 10.5124 6.2333
v 5.4805 4.8928 27.5146
v 11.8452 4.9665 22.4075
v -2.6273 8.9811 5.9454
v 8.2181 0.5734 25.8388
v 1.8541 -5.5957 5.0866
v 4.0751 5.4649 26.9127
v -2.7909 -8.1213 1.9728
v -3.6263 -5.4240 2.7020
v 2.9767 5.5095 29.7692
v 11.4667 4.5284 22.2031
v 3.4359 5.5819 29.1193
v -4.3512 1.6887 5.1019
v 8.4063 0.2906 26.5255
v -3.7528 10.0244 6.1703
v 11.8171 4.3728 22.6439
v 5.2648 4.3974 27.5130
v -3.6947 5.5194 5.8929
v -2.6623 8.4507 5.9167
v -3.2084 10.0839 6.0067
v 2.0323 -6.1304 4.9675
v 11.5191 4.7643 22.2278
v 5.1428 5.4378 28.0766
v -2.6387 -7.9978 2.0739
v -3.6952 -6.5624 2.1779
v -2.6687 7.8715 5.8652
v 9.8452 0.7835 25.3456
v 5.5976 4.3789 28.2431
v 9.1340 1.3434 24.9782
v 3.5575 5.8551 29.3818
v -3.8790 9.7180 6.1207
v -3.6669 6.0850 5.8917
v 1.9245 -4.9993 5.3215
v 5.1279 4.0274 27.7302
v 11.5681 5.3120 22.4483
v -3.6567 -4.9832 2.8587
v 11.7865 4.0961 22.3092
v 11.9715 11.1738 24.1798
v 11.1214 12.6000 23.9848
v -4.3410 2.7323 5.3609
v 12.3104 1.5360 22.2666
v 12.2663 11.3982 24.4990
v 7.8164 -1.2538 25.5867
v -3.2350 9.4924 5.9591
v 3.3760 5.2666 29.7330
v -3.7811 6.5522 5.9456
v -2.5474 7.3980 5.8169
v 5.5272 4.8176 28.0093
v 9.7079 1.0374 25.2271
v 13.0684 1.5491 21.9483
v 10.2725 13.4451 23.8327
v 2.9365 5.8909 29.8724
v -3.0939 6.4057 6.0593
v 11.9697 5.5239 22.0963
v -4.1960 2.2651 5.2746
v 12.3701 11.4484 24.5669
v 4.5924 4.4337 26.9534
v -3.7886 3.3289 5.5994
v 3.6128 5.5630 29.7926
v 10.6488 13.1064 23.8368
v 12.2259 2.6580 21.9088
v -3.2221 8.9994 5.9500
v 13.3073 1.2502 21.6943
v 4.5554 5.8166 26.9695
v 1.3236 -5.4677 4.9801
v 11.7287 4.5767 22.1298
v 5.5414 5.0683 27.3458
v 11.5574 4.7553 22.4166
v -3.7723 -8.9566 1.4098
v -3.0404 -8.4144 1.7254
v -2.5703 10.6135 6.0343
v 13.3734 1.0290 21.6560
v -4.7211 1.6860 4.9764
v -3.2445 8.3728 5.8918
v 10.8468 12.8486 23.8877
v 9.0184 1.5038 24.9241
v 11.8887 4.9710 22.1045
v 8.2881 0.3847 26.1816
v 5.1541 3.8761 28.1214
v -3.8786 -5.1699 2.6923
v 3.1711 5.5189 29.4068
v -3.1180 -7.5911 2.0114
v 12.0583 6.0964 22.6216
v 11.3574 4.3443 22.4808
v -2.6078 10.0799 6.0234
v -3.7557 3.8494 5.6733
v -4.8620 2.2194 5.0692
v -4.2536 1.3028 5.0248
v 4.0325 4.9086 26.9035
v -3.7847 -9.6344 1.3896
v 8.1609 0.1967 26.5034
v -3.2010 7.8458 5.8376
v 5.4198 4.3872 27.9166
v -3.3028 -7.2756 2.0575
v -3.7090 -6.1278 2.3376
v -2.5622 9.4954 5.9739
v 1.3370 -5.1308 5.1205
v 9.2917 1.2468 25.0804
v -3.6532 4.3345 5.7365
v 11.8846 5.4632 22.4334
v 11.3657 3.9605 22.4367
v 5.2927 5.5174 27.5119
v 2.8747 -7.2164 25.5506
v 4.2354 4.6074 26.8914
v 3.3689 5.8911 29.8834
v 5.4301 5.1160 28.0095
v -3.1958 7.2044 5.7910
v -4.8200 2.8011 5.2580
v -3.6750 -10.1127 1.3898
v 4.7672 5.9126 26.7319
v -3.8249 5.0549 5.8288
v 12.4375 1.5945 21.9035
v 9.6524 1.0325 25.0062
v -3.7331 -5.6389 2.5541
v 3.6142 5.2083 29.2960
v -3.9374 7.3346 6.0572
v 12.0256 9.1764 22.7685
v 3.0129 -7.2948 25.7597
v 3.5126 -9.3873 24.9956
v 11.8360 11.9362 23.4267
v -2.4295 5.0684 5.8478
v 13.1234 1.5664 21.4186
v -3.1402 6.7298 5.9349
v -2.6224 -10.1608 1.5525
v 2.2104 -7.9664 25.3983
v -2.5907 4.4135 5.8243
v -2.3287 -6.5647 2.8122
v 3.6490 5.8720 28.9364
v 4.3713 3.9876 27.7818
v 4.8741 5.7976 27.4050
v -3.7245 9.4183 5.9610
v -2.7858 -6.2509 2.6952
v 11.1778 12.5810 23.8326
v 8.6888 1.6060 24.7141
v -2.7382 -9.5363 1.5533
v 3.5997 -7.3039 26.2736
v -3.1594 -5.0788 3.0224
v 2.4739 -8.2975 25.2792
v 10.4703 3.2404 22.0888
v -3.1341 6.0088 5.9478
v 3.6614 5.6126 28.6048
v 4.1627 4.5146 27.5829
v -2.6870 3.8283 5.7783
v -3.6087 9.9335 6.0405
v -3.2073 -6.6804 2.3479
v 4.5986 5.8742 27.5842
v -2.9926 10.2875 6.1609
v 10.9230 3.8557 22.4557
v 4.0382 5.5938 28.0309
v -5.2684 2.3709 4.9792
v -3.1156 5.4516 5.8641
v 3.3311 -9.0050 24.9739
v 4.5872 3.7735 27.9920
v 11.6895 12.0741 23.5520
v -3.1475 -5.6029 2.8457
v 0.8661 -4.9605 5.0455
v 4.0396 4.9453 27.5181
v -2.7434 -9.1582 1.5676
v 2.4261 -7.2745 25.4323
v 10.8473 3.3730 22.3717
v -3.0707 -7.1528 2.2467
v -3.0320 -10.5363 1.4820
v -3.7458 -8.3870 1.4350
v -3.2019 10.5623 6.1734
v -2.5632 3.3338 5.7307
v -5.3419 2.8120 5.0485
v 5.2000 5.6265 26.9574
v -3.1241 4.9299 5.8167
v 5.1382 4.5505 26.9749
v 5.9462 -12.3744 23.0776
v 12.1421 11.3598 23.0656
v 7.8320 0.2524 25.3603
v 3.9758 4.9294 28.0099
v 3.3086 -7.3096 26.0101
v -3.2229 -10.1458 1.4584
v 2.5679 5.6407 30.0212
v -2.4675 -7.7187 2.2429
v 3.6794 5.2354 28.8522
v -2.5913 6.7490 5.7753
v -3.6904 7.2387 5.9155
v -3.8475 -6.8000 2.0119
v 5.4145 4.9741 26.8898
v 5.8945 -11.9626 22.9421
v 4.0911 4.4264 28.0898
v -3.1774 -6.1100 2.5836
v 4.4639 5.9116 27.9865
v 12.0070 11.6572 23.2216
v -2.4402 -9.3853 1.6279
v -3.1667 4.4451 5.7846
v -2.5601 6.2236 5.9350
v 4.1020 5.5114 27.4743
v -2.7706 -5.0231 3.2307
v -3.6475 7.7950 5.8533
v -3.6413 -7.1888 1.9673
v 4.7250 3.9179 27.6427
v -3.1936 -9.5625 1.4756
v 8.1232 1.5442 24.7136
v -3.8109 -7.6860 1.6702
v 4.2974 3.9080 28.0973
v 10.8834 12.7905 23.9811
v -2.6273 -6.6620 2.6116
v 7.9899 1.0795 25.2673
v 10.8098 3.3118 22.0653
v -2.5269 -6.1266 2.9141
v -3.2430 3.8400 5.7054
v 3.1387 -9.0487 24.9663
v 4.8187 5.7511 28.1625
v -2.5735 5.5329 5.9570
v -3.7006 8.3938 5.8924
v 4.5218 4.3206 27.3687
v -2.5914 -7.2774 2.3836
v -3.1854 -8.9306 1.5044
v 13.1806 1.3591 21.4370
v 7.8476 0.6357 25.3252
v -2.6174 -5.6401 3.1109
v -3.7938 8.8664 5.8958
v -5.7702 2.9211 4.9594
v -2.5944 -9.0051 1.6728
v 10.9584 3.8246 22.2020
v -3.2436 3.3311 5.6583
v -2.7971 10.5092 6.0541
v -2.5804 -10.6226 1.5454
v 10.8558 2.0841 21.9545
v 4.0999 4.3941 28.6299
v -4.7820 -7.4173 1.4407
v -4.2883 -6.7316 1.8638
v -2.3049 1.3157 5.5306
v 7.2997 1.9862 25.5529
v -4.2618 7.2433 5.9917
v -3.2350 0.5683 5.0866
v -5.2772 8.5456 6.0648
v 5.4437 4.4534 29.3631
v -3.1866 2.7704 5.5965
v -5.8480 3.3659 5.0291
v -2.4558 -5.0524 3.4533
v -5.2466 -4.9003 2.1533
v -5.8585 5.6222 5.5695
v -6.3489 11.6967 6.0960
v 8.2598 1.7858 24.2936
v 12.3050 11.6580 23.1526
v -5.0777 -5.2281 2.0493
v -3.1980 1.1947 5.2736
v 5.2828 5.0092 29.2138
v -4.3249 -7.1288 1.7002
v 10.5267 -6.6119 16.6799
v -5.9851 3.8576 5.1369
v -4.2866 7.7892 5.9078
v -5.2496 8.7799 6.0675
v 10.6333 2.9446 22.1041
v -5.0499 -6.8048 1.5568
v 3.9132 4.9392 28.6643
v -5.9002 10.6182 6.0905
v 12.3473 11.1774 23.0321
v -3.1777 2.2937 5.5116
v 5.3148 5.8745 29.8572
v -6.3937 11.1579 6.0663
v -4.3255 8.4514 5.8662
v -5.3779 4.9979 5.5703
v -2.8193 1.5693 5.4648
v -5.9576 4.4559 5.2549
v -2.3121 -5.7405 3.2727
v 6.0376 -13.0129 23.3319
v -5.9188 6.7029 5.7334
v 7.3211 1.9320 25.5582
v 8.9483 -0.4721 23.3507
v 10.7873 1.7454 21.9687
v 5.2796 5.5575 29.7632
v 13.4914 4.7559 22.7723
v -4.8078 -8.3218 1.2727
v -4.7410 -6.0702 1.8837
v 4.2822 4.0846 28.6518
v -4.2508 8.9711 5.9265
v -5.2499 4.7169 5.6908
v -5.9403 4.9579 5.4012
v 5.2098 3.9015 29.2164
v -3.1114 0.0971 5.0402
v -2.1605 -4.5156 3.8025
v 4.6339 5.6215 28.6095
v -4.7885 -7.9027 1.2941
v -0.1947 -4.6942 4.8036
v 13.4781 4.6155 22.7964
v 5.9275 3.5637 29.5404
v -4.8587 -5.7239 1.9440
v -5.9163 6.0234 5.6569
v -2.6149 0.5914 5.2933
v 5.7730 4.3345 29.0846
v -0.8029 -4.7363 4.8126
v 5.3053 5.0114 29.8319
v 10.6683 3.0229 22.3506
v 8.4035 1.6200 24.2753
v 5.9452 -13.2191 23.4336
v 3.8925 5.8802 28.6970
v -5.3647 5.4907 5.6646
v -4.8656 7.8280 5.9961
v -5.3193 3.3563 5.1841
v -5.0931 9.9655 6.0566
v 5.8080 6.4143 30.0415
v -2.6301 2.8065 5.6645
v -3.3780 2.0849 5.4483
v 10.8200 2.0510 22.5136
v -5.4272 3.9442 5.3092
v 8.8792 0.2633 23.7119
v 5.2723 4.3210 29.7635
v 10.2667 1.7585 21.9610
v -2.7192 1.1441 5.3938
v 5.7583 6.0497 29.8937
v -4.8929 7.2181 5.8794
v -2.6560 2.2619 5.5899
v -5.4004 10.5817 6.0846
v -6.0654 5.3375 5.4748
v -3.9893 9.1985 5.8970
v -5.3679 4.3940 5.4213
v 7.5948 -0.6073 25.3745
v -3.2505 1.6537 5.3912
v 10.3534 -6.4398 16.6811
v 5.1009 3.9850 29.9072
v -4.3494 -7.8021 1.4075
v 8.9090 -0.0756 23.5659
v 5.6615 5.5819 29.8049
v 5.9855 3.5069 29.1969
v 10.2491 2.7514 22.0160
v 10.6643 -6.7827 16.6858
v -2.6154 -0.4787 5.0493
v -5.4343 6.5636 5.8000
v -4.3387 -8.3557 1.3333
v 3.8220 5.3157 28.3590
v -4.2732 -6.1342 2.0645
v -2.6252 0.1075 5.2014
v 5.7602 3.9234 29.2961
v -2.5637 1.7704 5.5437
v 4.1276 5.8079 28.4979
v -5.3854 6.0069 5.7635
v 10.2899 2.2380 22.0304
v 8.9764 -0.4288 23.4560
v -4.7336 8.3562 5.9447
v 5.1423 5.4416 29.3007
v 7.6415 0.1577 25.2809
v 4.6163 3.8505 28.6270
v 11.0160 1.7215 22.4157
v 4.2499 4.0719 29.3152
v -5.3519 7.7524 5.9053
v -4.4335 9.1157 6.1205
v 12.9240 4.5393 22.5344
v -4.8228 5.4761 5.7574
v -4.3182 -9.0028 1.3236
v 8.0872 2.5495 23.6284
v 5.2094 3.8408 28.6575
v 12.3488 6.1490 22.6389
v -1.8520 -4.4831 3.9036
v 4.6338 5.4402 29.1706
v -4.8530 3.3064 5.3678
v -4.1991 3.3381 5.5666
v -5.7830 -7.3309 1.1626
v -1.3402 -4.5202 4.6716
v 9.2117 -1.1054 23.5412
v 12.0879 2.3144 21.8399
v -6.0306 9.5623 5.9332
v 12.4214 6.6805 22.7587
v -5.3545 7.2244 5.8370
v 8.1054 2.3129 23.7549
v 11.1632 2.0408 22.4384
v 13.1601 4.7384 22.7976
v -2.0033 -3.9681 4.0408
v 9.4885 -1.4456 23.3348
v 7.7454 -1.2316 25.4606
v -4.2330 3.8119 5.5899
v -4.8288 10.6209 6.1039
v 3.8732 5.5898 29.5067
v 11.9023 2.5518 21.8522
v -2.4420 -0.8780 4.9856
v -4.8965 3.7713 5.4394
v -1.6277 -3.9509 4.6279
v 10.6572 1.8347 21.6764
v -5.7804 -5.0016 1.8570
v 8.7428 0.6157 23.7752
v -2.1932 -2.2952 4.7268
v -4.3000 -5.0712 2.5216
v 4.7044 3.8394 29.8439
v 3.0041 -10.4217 22.9392
v 3.3801 -10.2194 22.8788
v 5.3577 4.9970 28.6597
v -2.2874 -1.3801 4.8876
v 11.8997 1.6414 22.0217
v -4.7757 6.7289 5.8499
v -4.2193 4.4432 5.6782
v -5.5060 9.0171 6.0024
v 4.1214 4.9692 29.3238
v -1.7092 -3.5066 4.6542
v 10.6246 -5.5393 15.6184
v -2.0142 -3.4137 4.2200
v -3.7942 1.1234 5.0815
v -4.2983 -9.5129 1.3113
v 8.8401 0.0816 23.5986
v -2.1695 -1.7239 4.7864
v -4.2829 5.0766 5.7861
v -3.7283 2.8280 5.5266
v 4.0647 4.4381 29.2157
v -4.8675 6.0987 5.8176
v 8.8594 -0.3949 23.3774
v -4.2591 -5.5575 2.3077
v 10.1994 -6.1853 16.5692
v -4.6977 9.3777 6.1160
v -5.6829 -7.7873 1.1535
v 12.2280 5.6713 22.5461
v -5.4833 8.3038 5.9871
v -5.9006 10.0252 6.0104
v 4.5528 5.0944 29.8786
v 11.3145 1.8251 22.3529
v -3.5855 0.6562 4.9914
v 10.6260 -6.7428 16.6483
v -2.2915 -2.8847 4.3246
v -4.8278 -4.9667 2.3163
v 8.0796 2.4622 23.3509
v 5.8445 3.9256 28.6847
v 10.4296 -6.5188 16.6398
v -5.8817 7.7040 5.8387
v 11.3849 2.0910 22.0482
v -4.7083 3.9667 5.5366
v -4.1828 10.6113 6.1730
v 4.0507 5.5666 29.1876
v -1.7355 -4.1013 4.1380
v 10.1928 2.1671 21.6000
v 5.0433 5.3853 28.5515
v -4.9599 8.5095 6.0802
v 4.6044 3.9369 29.2676
v 12.5165 4.3674 22.7628
v -5.4354 -7.3751 1.2380
v 12.0776 1.3283 22.0204
v 11.4689 2.5448 21.8851
v 4.2472 3.9676 29.9109
v 10.2021 -5.4157 15.7913
v -5.9728 7.2847 5.7747
v 7.9326 2.7005 23.0991
v 12.4063 6.0206 22.0016
v 9.4314 -1.3810 23.3855
v -3.7082 1.6915 5.2990
v -1.5823 -4.5043 4.1542
v -4.4278 3.1869 5.4604
v 7.2883 1.6038 25.6478
v 12.4215 5.1219 22.3513
v -4.2661 9.8881 6.1823
v -5.4405 -5.1110 1.9532
v -4.7240 -8.7883 1.2724
v -4.7650 8.8848 6.1403
v -4.3029 5.5529 5.8239
v 4.0795 4.4474 29.8006
v -3.9302 2.6227 5.4331
v -5.9610 8.8580 5.8967
v -5.4910 -5.9766 1.6568
v 5.5755 4.8077 28.4015
v -5.4143 -8.2450 1.1827
v 12.2359 5.6239 22.0731
v 10.1478 1.7573 21.5551
v 4.5261 5.2736 29.4690
v 11.3285 1.7245 21.9652
v -1.9760 -2.8269 4.5954
v -4.2967 6.0403 5.8520
v -4.2035 9.5067 6.1463
v -4.6166 -5.3337 2.2259
v -4.1630 -4.8730 2.7075
v -4.8144 4.9031 5.6622
v 12.1910 1.6432 22.3559
v -5.9223 8.2540 5.8698
v 5.7268 4.4364 28.6293
v -5.3845 -7.7569 1.2025
v -4.5935 -9.2550 1.2714
v -3.7493 2.2422 5.3881
v -5.3051 -5.5267 1.8437
v 4.2086 4.8628 29.7911
v 7.3664 2.0059 25.6083
v -1.7951 -3.3048 4.5995
v 3.9447 5.8832 28.9454
v -4.7600 4.4027 5.5663
v -4.2622 6.6481 5.8832
v -4.6682 7.8342 6.0814
v -5.5226 10.0237 6.0181
v 2.0485 -11.6625 2.7016
v 4.4452 4.6676 23.6907
v 4.9688 5.8446 24.0607
v 0.7625 -1.2023 6.8945
v 1.2500 -9.7128 3.2151
v -0.2624 0.0691 5.7534
v -0.8144 2.2441 5.7948
v -1.6414 -3.4552 5.8962
v -2.7143 -2.3667 4.2987
v 4.0924 6.1552 23.6885
v 0.8057 3.8146 5.7367
v -1.7583 -3.3005 5.1764
v 15.9391 5.4091 22.1521
v -4.3170 -3.9742 3.0505
v 6.1149 3.7515 28.8842
v 0.1843 5.5352 5.8818
v 1.3024 -11.1595 2.5708
v -0.6516 -7.1972 3.3502
v 7.0046 -14.2889 24.4177
v -1.3985 -1.1003 5.3419
v 0.7742 -3.9284 7.4882
v 0.9223 -1.4250 7.0803
v -1.8721 -1.7899 5.8327
v -0.7829 2.7611 5.8044
v 1.2486 -10.8373 2.6997
v -1.7288 -3.0145 6.0063
v -3.6349 -3.8956 3.3663
v -0.4508 -6.2985 3.7551
v 4.8086 4.8378 23.7052
v 15.3074 5.4053 22.6023
v 0.8508 3.3376 5.9161
v 1.3300 -10.0543 3.0825
v 4.6043 6.0380 23.0882
v -4.2813 -4.4901 2.8421
v -0.2649 -0.6430 5.6915
v -1.8491 -2.8516 5.2243
v -1.7369 -1.4250 5.4663
v -0.8374 -6.6733 3.4371
v 4.1594 4.6134 23.1229
v -0.2659 1.1653 5.8206
v -0.9072 -1.2146 6.4679
v 1.2895 -3.3197 7.9994
v -2.8819 -3.2265 3.9397
v -0.2651 -4.3747 6.4312
v 8.0630 2.9184 29.7828
v -0.7958 1.6806 5.7844
v 4.8973 5.6184 23.0481
v -1.2385 -4.2806 5.7572
v 0.3398 -4.1782 7.0072
v -3.7351 -3.3779 3.5399
v 1.9478 -10.6805 3.0816
v -3.1841 -1.1579 4.6253
v 0.3014 6.7387 5.9526
v 0.8401 4.9844 5.8528
v -1.3149 -4.9331 4.0974
v 7.3961 3.3718 29.3810
v 5.1154 5.4777 24.2387
v -3.1907 -2.8679 3.9598
v -0.9338 -0.8389 5.4877
v 1.9313 -11.2006 2.8458
v 1.3649 -2.9094 8.0027
v -4.4257 -3.5088 3.2319
v -0.2687 0.6186 5.8103
v -4.8798 -4.4651 2.5910
v -1.4805 -3.9277 5.8221
v -3.7989 -2.9296 3.7110
v 0.2116 6.1396 5.8847
v 0.8162 4.3704 5.7834
v -3.1034 -1.5834 4.4442
v 0.1721 -4.2626 6.8927
v 1.2812 -11.6268 2.3934
v -1.8936 -2.3752 5.8425
v 0.1950 -1.0621 7.4251
v -2.0014 -1.7423 5.2605
v -3.0937 -2.2859 4.1780
v 0.7519 5.5449 5.8898
v -1.0953 -4.1399 6.5610
v 1.3462 -2.3592 7.9937
v 0.2225 3.8833 5.8682
v 1.6527 -11.4570 2.5754
v 4.8253 4.9831 23.0743
v -4.6961 -4.3626 2.7459
v 0.2898 -0.9880 6.9744
v 0.0303 -4.2636 7.2407
v 4.7056 6.0567 23.6669
v 0.1250 -8.4540 3.1997
v -3.9164 -2.5078 3.8070
v -0.2408 -7.7069 3.3585
v -0.8034 0.6171 5.7280
v -3.9080 0.6169 4.8609
v 6.3789 9.1066 30.0548
v -1.8064 -2.7796 5.7527
v 2.3220 5.7877 25.3887
v 4.1386 4.6534 23.6567
v -1.6893 -1.4588 5.8709
v 4.4653 4.6868 23.1351
v -0.8919 -4.3008 6.3731
v -0.2694 1.6941 5.8130
v -1.9373 -1.1558 5.0758
v -2.4318 -2.2166 4.4877
v -4.8517 -3.9122 2.8658
v 4.0659 6.1203 23.1439
v -1.6964 -3.4707 5.2762
v 1.7472 -10.2276 3.1678
v 15.5930 5.3678 22.2810
v 3.8865 4.7877 23.6777
v -0.7916 1.1612 5.7701
v 0.2739 -4.1302 7.4825
v -1.3650 -1.2629 5.8445
v 0.2176 3.2714 5.9580
v -2.4105 -3.9471 3.9099
v -0.2762 -1.0317 6.3669
v 5.0661 5.1162 24.2376
v -2.5898 -3.3713 4.0075
v 7.5239 3.3712 29.8180
v -3.7262 -0.5646 4.6472
v 1.3673 -10.5664 2.8752
v -0.7717 -0.5437 5.5913
v -0.3498 -6.6586 3.6104
v 0.7887 6.6865 5.9834
v 0.2883 4.9649 5.8236
v 0.9417 -1.5496 7.4254
v 0.7964 -3.9407 6.9471
v 16.0545 5.2804 22.0226
v 1.9649 -12.1312 2.4590
v -0.2525 2.7923 5.8309
v -0.7973 -6.0987 3.6957
v 6.8970 -13.5640 24.0908
v -1.5595 -3.9396 5.2073
v -2.6524 -1.1296 4.8410
v -4.7697 -3.4357 3.0895
v 2.1750 6.4253 25.4406
v -6.0149 -4.4929 2.0140
v -2.0754 -2.3342 5.2067
v -3.2941 -1.8241 4.2532
v 8.4048 3.0398 30.0587
v 1.1601 -1.8531 8.0359
v 0.2626 4.3951 5.7680
v 1.9232 -11.7627 2.5796
v -1.7429 -4.8949 3.8258
v 0.7985 6.0122 5.9276
v 0.6711 -1.2706 7.4932
v -2.6652 -2.8274 4.1892
v -0.2920 -7.2071 3.4823
v -1.3091 -4.3663 5.2374
v 6.6376 9.6216 30.0542
v -2.6554 -1.6945 4.5777
v 4.9408 5.8424 23.8080
v -0.9801 -5.7801 3.7622
v 2.4311 5.9971 25.3331
v 1.5194 -11.0631 2.7090
v -0.2676 2.2154 5.8171
v -0.9205 0.0220 5.6443
v 6.9697 -13.9144 24.2307
v 7.5332 3.6124 29.7382
v -3.7602 0.0140 4.8095
v -4.9386 -3.0427 3.1703
v 1.1357 3.3846 6.1300
v -5.9964 -2.2614 2.9663
v 5.0533 5.4685 23.6871
v 1.8555 3.2891 5.8445
v 1.3203 -3.3522 6.9518
v 0.2065 -10.5200 2.3605
v 6.5525 -13.3368 23.5959
v -5.9712 -2.9769 2.5987
v 0.4232 -10.0114 2.7019
v -1.4071 0.6138 5.6107
v -2.0779 2.7333 5.7105
v -1.3416 -3.9430 6.3621
v -3.6019 -2.7501 3.8430
v 7.9542 -7.1093 23.1022
v -2.1474 0.6124 5.4572
v 0.2741 -4.0458 8.0098
v 3.7955 5.4510 24.6974
v -1.7946 -2.3328 6.3491
v 1.3441 -2.3937 7.4627
v -1.4591 1.1615 5.6740
v -2.0268 2.2424 5.6698
v 1.4314 -2.8939 6.9691
v -3.5953 -1.0625 4.4913
v -0.7654 -1.2232 5.7645
v -5.9377 -3.4121 2.4996
v 0.3128 -9.4906 2.8519
v -3.2273 -3.4288 3.7147
v 1.3153 5.5456 5.9469
v -0.2779 -4.4230 5.8727
v 0.6487 7.1722 6.0064
v 8.1614 -6.8889 23.2025
v -0.4262 -5.2130 4.2897
v -5.2201 -3.8299 2.7240
v 1.9031 3.8523 5.8071
v 0.2641 -10.9575 2.2549
v -1.4543 -5.1717 3.8157
v -1.4171 -6.0809 3.4777
v 4.3251 6.6038 24.4537
v -5.3069 -3.3227 2.8404
v -1.8032 -1.9529 6.2756
v -1.6922 -2.9360 6.4636
v -0.2523 -6.0672 3.9837
v 6.3534 3.3623 29.2929
v 4.8150 4.8178 24.2280
v -2.0668 -0.4902 5.2083
v 0.6458 -1.2851 8.0336
v 0.8516 3.5157 6.2511
v 3.4262 6.6578 24.7472
v -5.8970 -3.9739 2.3123
v -3.1234 -3.9409 3.5408
v -1.1975 -0.3353 5.4992
v 1.4015 6.0351 5.9774
v 1.8983 4.4977 5.8614
v -5.9891 -1.8873 3.1920
v 6.9225 3.2713 29.9353
v -0.3281 -5.6243 4.1945
v 6.3171 -12.9686 23.5262
v 6.9397 3.6824 29.7024
v 4.4689 4.6976 24.2339
v -1.4002 -5.5984 3.6847
v -0.9110 -4.5701 5.2676
v -5.3002 -2.8567 3.0771
v -0.9022 -4.8553 4.5484
v 0.9489 -1.5381 8.0347
v -1.6034 -3.4104 6.3623
v -1.3079 0.1341 5.5579
v 4.0825 6.1525 24.2752
v 1.8969 4.9180 5.9144
v -2.0420 0.0292 5.3590
v 0.2472 -8.9166 3.0458
v 6.6614 -12.7031 23.2938
v 6.3345 3.8989 29.2257
v -3.0000 -4.3912 3.3853
v 0.9544 -10.5534 2.7145
v -5.7233 -4.3166 2.2160
v 2.8131 5.9217 25.0660
v 1.1735 6.6381 5.9919
v -2.0372 1.6991 5.6159
v 1.1623 -1.8378 7.4809
v 1.1095 -3.7305 6.8794
v 0.0770 7.7740 6.0192
v -1.9971 -5.0856 3.6956
v 0.7444 -3.8481 8.0000
v 3.7408 5.5718 25.0817
v -0.9901 -1.2254 5.4443
v -3.3560 -0.0471 4.9326
v -5.4776 -2.4960 3.1570
v -3.8144 -1.2547 4.2960
v 1.0847 -3.7027 7.5086
v 1.1634 -1.7249 6.9034
v -0.2978 -4.5280 5.2701
v 0.7710 -10.6538 2.5508
v -0.7457 -5.5430 3.9622
v -2.0241 1.1412 5.5708
v -1.3451 2.2435 5.7311
v 6.7759 -13.7349 23.8503
v 0.8003 -10.0736 2.8547
v -0.2531 -4.9698 4.5474
v 1.4127 3.2846 5.8059
v -5.5211 -3.6002 2.6368
v 4.9793 5.4707 23.2608
v 1.3642 3.8442 5.7716
v 6.5143 -13.2363 23.3195
v 0.2382 7.3103 5.9916
v -0.1022 -6.5220 3.8188
v -3.7367 -1.6713 4.1510
v 0.8109 -11.2270 2.3598
v 1.8800 5.5415 5.9950
v -1.2942 -6.5218 3.3773
v -3.2256 -0.5373 4.8336
v 6.8955 -13.4018 23.6989
v -1.4680 2.7864 5.7415
v -1.8768 0.6222 5.5274
v 8.7031 -6.7118 23.2421
v 0.8565 -9.5930 3.0886
v -1.3405 1.6887 5.7125
v 6.2975 -12.8071 23.0671
v 6.8497 3.6669 29.3763
v -0.8736 -4.4256 5.8313
v 3.1018 6.4447 24.6780
v -0.1581 -5.4398 4.4043
v 1.3305 4.4132 5.7930
v 3.8019 5.1230 24.6009
v 1.3764 -2.9141 7.4749
v -0.8499 -5.1224 4.1280
v 1.0022 -11.4705 2.3467
v 1.3674 -2.3047 6.9436
v 0.1496 -9.7572 2.6764
v -1.6457 -0.0375 5.4386
v 14.2365 4.8679 22.7628
v 4.0062 4.8186 24.2009
v 6.7513 -12.9256 23.5511
v 6.5238 3.7406 29.8038
v -1.3493 -1.2758 6.3025
v -1.9750 -5.5312 3.4929
v -2.6873 -4.0249 3.7177
v -5.3410 -3.9972 2.5764
v -0.4090 -0.9974 5.8703
v 0.2453 -1.0720 8.0547
v 4.9928 5.0775 23.6775
v -5.9626 -2.6554 2.9276
v 13.8968 4.5850 22.7003
v 0.6668 -9.0949 3.1864
v 3.0518 6.1650 24.8125
v 0.2101 -10.0883 2.5487
v 6.3643 3.2873 29.7603
v 1.2812 -3.3735 7.4642
v 1.3476 4.9536 5.8677
v 4.6715 6.1398 24.2483
v -6.0893 3.1629 4.9147
v -3.7100 -2.2492 3.9644
v -1.4711 -0.5818 5.3597
v -1.7470 -2.7674 6.2629
v -5.3187 -4.4939 2.3300
v -2.6029 -4.5340 3.6093
v -1.8557 -6.0879 3.3057
v 6.9616 3.3227 29.3044
v 4.3378 4.6539 24.0498
v 0.9948 -3.6367 8.1724
v -1.6369 -1.6200 6.4288
v 0.4335 -7.0547 3.8677
v -1.6900 -2.3493 7.0756
v 1.9213 -0.5241 5.8750
v -1.6503 -2.8750 7.4359
v -5.9633 0.5773 4.2691
v -1.9768 6.5930 5.7941
v -1.4689 4.4659 5.9159
v 2.0328 -8.8134 3.8639
v -0.6962 -8.7138 2.7044
v 0.7472 -3.9595 5.9023
v -5.3859 1.1193 4.5577
v 17.0840 8.7278 22.6348
v -0.2461 7.9010 6.0057
v -2.0034 -7.8265 2.4312
v 1.3580 1.6878 5.9340
v -1.4663 -6.7582 3.1350
v 0.2385 -5.0525 4.7588
v -6.0318 2.6715 4.8271
v 1.3653 -8.4274 3.7162
v 0.8036 -6.5362 4.4284
v 6.3607 -12.3287 23.0745
v 0.9544 -9.2489 3.2712
v -2.0970 -10.0879 1.6392
v 0.2225 -4.3843 5.1503
v -4.2728 -1.1564 4.2242
v 5.2173 5.6040 26.3954
v -0.4819 -9.0728 2.6502
v 2.1948 4.7810 23.4460
v -2.1022 -8.2205 2.2143
v -1.3246 4.9709 6.0260
v -5.3099 0.6850 4.4728
v -1.5301 -3.3312 7.4873
v -1.9428 5.9994 5.7760
v -6.0914 1.0147 4.3654
v 0.2968 -6.6410 4.0283
v -0.3216 7.2088 5.9521
v -1.3923 -7.2041 2.9664
v -5.3152 -2.2529 3.3605
v 1.1854 -1.7052 6.4107
v 2.2002 4.5620 23.4410
v 3.9171 5.5417 25.2804
v 6.0828 -11.9467 22.9168
v -2.0777 -9.6021 1.6886
v 0.4703 -4.1740 5.3439
v -4.3048 -1.7724 3.9549
v 1.9112 0.1125 5.8886
v -5.9552 2.2522 4.7434
v 1.2286 -8.1147 3.8085
v -0.2782 -9.6002 2.5136
v -1.9634 5.6366 5.9785
v 0.8984 -8.7925 3.4295
v 3.0673 6.3295 24.4671
v 0.2732 -5.6005 4.5341
v -1.4285 -10.7420 1.7224
v -1.3470 3.3209 5.8273
v -2.2017 -6.9937 2.6799
v 4.2422 5.9574 25.3173
v -0.2907 -0.9893 8.0466
v -1.3265 -7.7136 2.7948
v 4.7121 6.0686 24.7657
v 1.3034 2.1765 5.9716
v -5.8789 -0.4601 3.9423
v -5.4143 -1.2969 3.7522
v 1.9081 0.5989 5.8817
v -2.1289 -6.1771 3.1460
v 4.5865 4.6741 25.3070
v -1.2745 -3.7428 7.5097
v -1.5308 -1.7337 6.9217
v 5.1500 4.9049 25.8349
v 2.2947 5.3401 22.9948
v -0.4640 8.4186 6.0291
v -5.9227 1.6779 4.5792
v -1.9151 -8.9322 2.0314
v 3.7568 5.0223 24.1938
v -4.1993 -2.2151 3.8235
v -0.2975 -10.1125 2.2920
v -0.8869 -3.8463 8.0145
v 1.3617 -2.2661 6.4146
v -1.4501 3.8664 5.8545
v -5.9721 -0.0117 4.0496
v 0.3729 -5.9991 4.4257
v -5.3511 -1.7526 3.5760
v 1.0330 -3.6225 5.6494
v 4.0474 4.8552 24.7806
v -2.1096 -7.3279 2.5968
v -1.3738 -11.2437 1.7015
v 1.9371 1.1338 5.9042
v 1.4195 2.8812 5.8874
v -1.2220 -1.3781 6.9616
v 4.9734 5.8484 26.2551
v -5.8611 1.2100 4.4649
v -5.4642 0.4927 4.3639
v 0.6744 -5.1649 4.8956
v -1.4730 -9.4005 2.0150
v -4.7433 -1.5611 3.9321
v 0.7206 -4.5419 5.1321
v 1.3779 -2.9203 6.3342
v 18.1812 5.2261 21.9162
v -0.6286 -10.0196 2.1738
v 1.8835 1.6948 5.9932
v -1.8636 -7.1653 2.7808
v -1.2075 -1.4130 7.3535
v -0.9373 8.4093 5.9786
v 2.3475 4.4458 23.1118
v 0.8130 -7.2644 4.0155
v -1.3728 6.0780 5.7856
v -0.2992 -4.0496 8.0456
v 0.4897 -4.1811 5.7572
v 1.3199 -0.5589 5.8907
v -1.9875 4.9510 5.9168
v -1.4450 -8.3695 2.4397
v -4.8320 -1.1434 4.0435
v -1.5439 -10.0584 1.7511
v 1.3535 0.0820 5.9626
v 1.2919 -3.3477 6.4403
v -0.9362 -1.2181 8.0228
v 3.9188 5.7102 24.8931
v 0.8121 -4.0332 5.3714
v -1.4189 -1.7252 7.4610
v -1.3015 -3.8562 6.9361
v -0.9755 8.9659 5.9966
v -1.5639 -7.7771 2.6593
v 0.8015 -6.8151 4.2521
v -5.4142 2.1875 4.9012
v -2.0278 -6.6673 2.9265
v -2.0278 4.4484 5.8444
v -1.3786 6.7246 5.8331
v -0.7746 -9.4667 2.3209
v 6.7233 3.0146 29.8091
v 3.7135 5.5832 24.1889
v 2.4246 4.9999 23.1036
v 5.2294 5.5746 25.8481
v 0.2521 -4.3028 5.8792
v -1.7434 -2.3480 6.8022
v 5.3070 5.0271 26.4662
v 4.3560 4.7167 25.4362
v 4.5192 4.6945 24.8500
v 1.3531 0.6229 5.9262
v 0.8544 -1.0809 5.8829
v 0.1930 -6.1873 4.2226
v 1.9062 2.3157 5.9382
v -1.9520 -11.0729 1.6249
v 4.7073 6.0426 25.3054
v -1.5704 -3.3678 6.9489
v 4.0753 6.0221 24.7349
v -2.1617 3.8486 5.8148
v -3.2403 -4.5842 3.1871
v 5.0065 5.8787 25.8503
v -5.4066 -0.5983 4.0348
v -5.9751 -1.1303 3.5771
v 0.2693 -0.8498 6.2892
v 3.8168 5.9573 24.0857
v -0.8781 7.1658 5.8978
v 1.0633 -3.6849 6.6051
v 0.8040 -5.5944 4.7901
v -5.3445 -0.0267 4.2474
v 1.8189 2.7629 5.8681
v -1.6441 -2.8980 6.9779
v -0.8794 -9.0888 2.4512
v 4.8667 4.8192 24.7545
v -5.3509 1.7011 4.7675
v 5.0649 4.6708 26.4222
v 1.2977 1.1084 5.9302
v 4.0582 4.9138 25.2923
v 0.9015 -7.6373 3.9073
v -1.8953 3.3363 5.7998
v -1.6644 -2.2467 7.4966
v 2.2188 4.0654 22.9746
v -1.8863 -10.6171 1.6505
v -0.9347 7.7364 5.9472
v 0.7977 -6.1949 4.5727
v -5.8451 -1.6805 3.3550
v -0.2318 -9.0407 2.7950
v -1.4593 5.5012 5.8278
v 17.7146 8.4998 22.1978
v -1.4280 8.2800 5.9527
v 2.0378 -4.3752 5.4982
v -0.8781 -1.2122 7.5011
v -0.7368 -4.2445 6.9315
v -4.3593 -2.3946 3.7312
v 3.6112 4.9815 23.6357
v -4.2475 0.6087 4.7436
v 4.0658 4.9374 25.8414
v -0.2558 3.8625 5.9896
v -0.7997 6.0372 5.8026
v 1.3743 -2.3498 5.8660
v -0.9384 -8.5575 2.6148
v -1.4115 -1.7624 8.0363
v 1.9573 -10.0397 3.3629
v 0.7728 0.0471 5.8882
v 1.3915 2.6822 6.1101
v 3.9319 7.3281 24.8090
v 0.2858 -7.8234 3.5114
v 6.4547 -8.2245 22.8356
v -0.3128 -8.4168 3.0103
v 4.6582 4.5556 26.3429
v 1.3183 -4.0121 5.4399
v 1.9041 -7.2063 4.5368
v 5.0818 5.0557 24.7195
v -0.3221 -0.9998 6.9087
v -0.1924 -4.2460 7.3361
v 3.7248 5.9823 23.0790
v -1.4011 8.9885 5.9784
v 4.2982 4.6501 26.0308
v 1.9098 -3.9232 5.5822
v -1.1780 -1.4281 7.6192
v -1.0110 -4.0913 6.9970
v -1.7397 5.3704 6.0538
v 1.3057 -7.2733 4.2718
v 7.6027 2.9983 29.7645
v 17.7566 8.8050 22.0903
v -0.8661 6.6721 5.8343
v -4.3411 0.9808 4.8583
v 0.3005 1.7018 5.8517
v 0.8061 -0.4707 5.8014
v -2.0362 9.9411 6.0048
v 4.6266 5.9906 25.7929
v 17.9009 5.3902 21.4993
v 3.1971 5.0012 22.8606
v 0.1678 -0.9028 6.5345
v -1.0327 -10.0859 1.9627
v 1.8650 -9.5799 3.5086
v 1.5149 2.3737 6.0567
v 6.6107 -8.0995 22.8790
v 0.3026 -8.2430 3.3587
v -6.0261 -0.6502 3.7856
v -0.2617 3.3171 5.8907
v -5.3347 -0.9922 3.9267
v -1.1958 -1.4073 8.1765
v -0.4378 -7.8974 3.1864
v 8.5391 3.3477 29.9409
v -0.3283 -4.1809 7.5441
v 16.3410 5.0835 22.0057
v 5.0378 5.8932 25.2998
v 1.3611 -4.4651 5.3285
v 1.9040 -6.6338 4.7686
v 4.0791 7.5850 25.0026
v -0.2524 4.9227 5.7990
v -2.2896 5.9008 6.0661
v -1.9446 9.5584 5.9938
v -0.0546 -6.7259 3.7292
v 1.3789 -6.1145 4.7810
v -1.6264 -2.3094 8.0075
v -4.8447 -0.5979 4.2545
v -1.4384 7.3164 5.8862
v 1.3132 -1.7547 5.8940
v -4.1989 -0.4942 4.4933
v 0.7403 1.1688 5.8909
v 5.2111 5.5718 25.3065
v 6.9011 -14.1512 24.5592
v 1.6918 -0.1373 6.1829
v -4.8061 -2.7398 3.3752
v 0.2616 2.7992 5.8676
v 1.3921 -7.7848 4.0934
v 1.8480 -3.4528 5.6683
v 0.2376 -7.3137 3.6816
v 1.9915 -7.6055 4.4401
v -1.4149 7.7746 5.9022
v 1.7888 -8.9832 3.7291
v 0.7970 -3.9532 6.4172
v -4.2868 -0.0440 4.5950
v -0.9451 5.4858 5.7632
v 1.3489 -5.7220 4.8779
v -0.2973 4.3620 5.8819
v 0.2792 2.2364 5.8371
v 1.4632 -8.1621 3.8909
v 1.8941 -2.8946 5.7767
v 0.7806 0.6110 5.8918
v -0.2557 -11.6559 1.9354
v 4.1360 5.5696 26.4271
v 1.3479 -1.1558 5.8337
v 3.4647 5.5430 23.1952
v -1.3871 -8.9452 2.2635
v -5.0106 1.6250 4.8429
v 6.9835 -7.9108 22.8737
v 5.1002 4.9583 25.2946
v 4.2591 4.6326 26.3798
v -1.4068 -3.4142 8.0197
v -1.0692 -11.6349 1.7287
v -2.0563 -8.5547 2.1008
v 1.4947 -7.0850 4.4059
v -3.9094 -4.0657 3.1845
v 0.2667 0.0730 5.8299
v 0.7751 -7.8344 3.7285
v 4.6004 5.9203 26.3851
v 3.7967 4.6876 23.1409
v 17.9216 8.9723 22.0645
v 1.9276 -2.2821 5.8441
v -0.3134 5.4884 5.8326
v -0.8132 4.3961 6.0160
v -4.7878 1.1548 4.7747
v 16.4113 5.0659 22.3716
v -1.0780 -6.9531 3.2135
v -1.9395 8.9693 5.9686
v -3.7058 -4.4818 3.0468
v 0.7765 -8.3214 3.5204
v 4.1885 7.7611 25.1345
v 4.9796 5.9025 24.7570
v 0.8111 -1.1364 6.4082
v 3.5011 4.9108 23.1440
v 1.8340 -4.5889 5.3966
v 1.3232 -6.6824 4.5445
v 1.8995 2.2989 6.1208
v -1.6379 -2.9011 8.0522
v 1.4062 -9.4257 3.3957
v 4.0511 4.9260 26.4020
v 4.2234 5.8567 25.6355
v -0.8798 4.9821 5.8429
v -4.8691 0.6011 4.5678
v 17.8290 8.5260 22.1755
v 8.0236 3.3903 29.7577
v 7.0405 -14.4675 24.6516
v -1.8813 8.5623 5.9489
v -0.9524 -7.2399 3.1764
v -4.7599 -2.2684 3.6380
v 4.6652 4.6376 25.8328
v 3.8117 5.9746 23.6791
v 0.2546 -0.6570 5.8274
v 0.7036 1.6636 5.8869
v 1.2732 -3.7439 5.7679
v -0.8820 -7.7458 3.0377
v 1.3202 -3.4235 5.7118
v 1.8212 -7.8454 4.2345
v -0.8217 3.3103 5.8426
v 5.1542 5.5547 24.7662
v -1.8246 -8.7028 2.1455
v -4.2384 -3.3542 3.3881
v 0.7253 2.7315 5.9549
v 0.3330 1.0997 5.8674
v 1.8909 -1.8056 5.8456
v -0.8630 -4.0261 7.4758
v -4.7853 0.0655 4.4984
v -0.2678 6.6145 5.8776
v 2.2583 3.0106 25.2604
v 1.7319 -6.2009 4.8677
v -1.8876 7.8337 5.9105
v 4.0424 5.5636 25.8650
v -0.8707 -10.6632 1.9127
v 3.5964 5.5431 23.6691
v 0.2415 -4.2866 6.4290
v 0.2736 0.6059 5.8736
v -4.2788 -2.8390 3.5708
v -0.9222 -11.1950 1.8042
v 16.4592 5.6631 21.8804
v 0.7271 2.2489 5.8956
v -4.8941 -1.8611 3.7512
v 1.3646 -2.8347 5.8688
v -4.7138 -0.3389 4.4257
v 1.8671 -1.1895 5.8404
v -0.9456 -1.2088 6.9421
v 1.9155 -8.3192 3.9889
v -0.7679 -8.2691 2.8361
v -4.4297 -0.7168 4.3308
v -0.2583 -4.2972 6.9660
v -0.2665 -1.0652 7.5041
v 18.1662 5.0852 21.4303
v -1.9795 7.2444 5.8499
v 1.3493 -8.9776 3.5500
v 0.4763 -4.1643 6.3962
v -1.5676 9.3867 5.9764
v -0.2863 6.0584 5.8413
v -0.8938 3.8573 5.9039
v 9.7532 -7.1921 5.7069
v 9.1146 -5.0678 5.6211
v -6.9479 -1.6905 19.0995
v -2.6715 4.4027 28.0283
v -6.4770 -10.7093 20.8455
v 2.4964 -2.8043 5.8390
v 8.7955 -10.4997 5.5559
v -5.9475 1.7709 28.0145
v 0.7957 3.8916 23.7240
v -4.0552 -7.4678 25.1396
v -4.4226 4.4106 29.7432
v -3.2011 3.9070 27.5694
v 2.4376 -7.7822 4.5018
v -1.2757 3.5330 25.4977
v 8.0803 -11.1555 5.2337
v -9.9095 -6.6450 21.7696
v -7.0406 -2.6326 18.5936
v 3.6167 1.1760 5.8967
v 8.0477 -8.8915 5.5527
v -1.3204 -8.5558 29.7756
v -6.4827 -1.2644 18.5563
v 2.2930 -9.2057 3.8120
v -7.6855 -3.9530 18.2545
v 2.9684 2.7743 5.8196
v 3.5733 -10.0931 3.9302
v -7.0103 -5.6326 19.5824
v -4.4858 4.8168 29.7976
v -7.5714 -16.7642 21.3498
v 1.6976 4.4308 24.1380
v 9.6988 -6.8809 5.6902
v 2.4391 -3.4206 5.7696
v -2.8343 4.8440 27.8731
v -1.4629 3.8678 25.3712
v 8.0787 -10.6933 5.3503
v 2.9712 2.2359 5.8156
v -5.7533 3.1782 28.5245
v 3.3644 0.4834 6.0448
v -8.0036 -2.3268 18.2295
v -7.6194 -4.2190 18.3007
v 3.5015 -9.5672 4.1216
v -6.8517 -5.9403 19.5884
v -4.8165 4.8496 29.1575
v -0.8540 4.3784 25.8574
v 2.5798 -8.1391 4.3944
v -6.4265 -11.2551 20.8833
v -3.2152 4.9835 27.5052
v -7.2727 -4.1425 18.7470
v 2.4341 -9.5480 3.7456
v -6.9444 -5.1617 19.5889
v 8.2308 -9.5166 5.5099
v -7.6448 -17.3498 21.3775
v 0.7114 5.1038 23.6446
v -6.2706 -6.7147 19.6141
v 1.6680 3.9024 24.2066
v -10.1116 -7.6405 21.8246
v -7.5768 -2.8108 18.0338
v 2.3656 -6.8591 4.8157
v -1.4293 4.3107 25.4746
v 3.5079 -0.0237 5.9199
v 2.3931 -4.0068 5.6522
v 9.7349 -8.5506 5.7507
v 3.1170 -8.6970 4.3926
v -6.2219 -11.8095 20.7679
v -0.7431 3.7857 26.0799
v 9.1618 -5.5767 5.6170
v -7.0099 -2.3617 19.2382
v -5.9549 2.1980 28.0464
v -7.5995 -3.4010 18.2154
v -6.5125 -2.2968 18.5512
v 8.2360 -10.0914 5.5070
v -0.8224 3.4859 25.8203
v -6.8652 -15.6219 21.2338
v 3.4237 -9.1542 4.3210
v -7.2116 -4.5121 18.6200
v 2.3887 -10.0720 3.5242
v -2.8346 3.9650 27.8697
v 2.9476 1.6738 5.8731
v 3.4948 -0.5309 5.8461
v 2.4158 -7.2855 4.6436
v -3.3814 4.3976 27.3075
v 5.7423 -12.6770 3.7468
v -4.0733 3.8043 29.6741
v -7.6482 -17.9968 21.2138
v 0.5591 4.2985 23.6097
v -1.1589 -8.6856 29.8796
v 8.0721 -11.7251 5.0341
v -4.7870 3.8258 29.2107
v -7.1325 -10.4811 20.1628
v 2.5149 -4.4555 5.5724
v -5.8508 2.7046 28.2440
v -4.3069 -7.7573 25.1537
v -6.2269 -12.3649 20.7591
v 9.7583 -7.6672 5.7397
v 9.1811 -6.1497 5.6565
v -2.6858 3.9324 27.5183
v -4.3305 4.7949 29.2038
v -5.2684 3.8161 28.7134
v 2.4500 1.7026 6.0754
v 5.3459 -13.2966 3.3243
v -6.8769 -1.4021 18.6699
v -8.0613 -3.7959 18.2682
v 3.4690 2.7748 5.8632
v -6.4076 -5.5828 19.6992
v 2.8214 1.0050 6.0431
v -2.9144 4.4838 28.2438
v 2.5528 -10.5027 3.3828
v -8.2926 -12.3551 19.8547
v -7.5490 -18.4986 21.3114
v 9.1479 -6.6628 5.6798
v -0.2955 3.5420 25.7142
v -6.5340 -1.7736 19.3671
v -6.2871 -8.9707 20.8228
v -8.3688 -5.4898 20.2361
v 8.5908 -8.8877 5.6428
v 1.3356 4.7754 24.1996
v 2.4253 -8.4151 4.1755
v 8.5604 -11.2147 5.3385
v -1.0627 4.2950 26.2237
v 2.4186 -1.0737 5.8697
v 3.6275 -9.2345 4.4182
v -4.8928 4.9044 29.7057
v 2.9480 0.5478 5.9513
v 2.1023 3.0309 25.1316
v -3.1944 4.9068 28.0444
v 3.4873 2.2248 5.8766
v 8.5887 -10.7691 5.4558
v -6.4512 -6.1352 19.7939
v -4.1386 4.4497 29.2489
v 0.9197 4.0270 23.2231
v -6.8435 -11.2580 20.9979
v -0.3537 3.8790 25.8523
v -7.5939 -2.3562 18.0059
v -7.0720 -1.5294 18.5958
v 3.0813 -9.5868 3.9399
v -8.3905 -13.1975 21.8112
v -8.6127 -7.4528 21.4863
v -4.5659 4.4850 29.9360
v 9.6993 -5.0560 5.7659
v -6.4207 -1.2709 19.1735
v 9.1647 -7.2207 5.7209
v 2.3672 -8.0929 4.2744
v -7.0764 -2.6164 19.0241
v -5.3339 3.3419 28.6183
v 2.4151 -1.6823 5.8890
v -1.3386 -8.5272 29.2583
v 1.5358 4.4849 24.3337
v 7.9937 -10.2335 5.4097
v 3.6094 -8.9276 4.4808
v -1.0864 3.4773 26.6639
v 2.9803 -0.0211 5.8813
v -0.3860 4.2830 25.7195
v -7.1530 -4.5148 19.0277
v 9.7122 -6.1102 5.6298
v 8.5775 -9.4616 5.6083
v -6.8485 -11.6723 21.1205
v -6.3385 -9.5815 20.8108
v 0.8668 4.4163 23.1465
v -2.6686 4.8772 27.5080
v 9.1308 -7.7925 5.7704
v -6.4764 -2.2580 19.1093
v -4.2753 3.9177 29.3190
v -8.3148 -5.0202 20.1919
v -8.4794 -7.9694 21.2970
v -4.9279 4.0753 29.7564
v 8.8143 -12.1669 5.1438
v 2.2880 -4.6542 5.4725
v -5.5720 2.3050 28.2226
v 0.4003 4.9367 23.6774
v -8.3369 -12.9424 21.7683
v -6.6232 -5.2263 19.5782
v -8.7283 -12.8682 19.7333
v 1.4049 3.7342 24.2651
v -8.1425 -2.8017 18.0654
v 4.1015 3.2942 5.9942
v 2.4691 2.1473 6.1318
v -5.1311 4.4669 28.7978
v -6.7442 -10.7223 20.0140
v 5.2206 -12.8469 3.4778
v 9.1341 -8.2897 5.7364
v -6.1216 1.6351 27.7181
v 3.9513 3.7880 5.9873
v 0.8327 4.7868 23.2862
v -2.3718 4.6165 27.6398
v 7.9816 -9.6341 5.4525
v 2.3925 -2.3316 5.8821
v 1.5610 3.5436 24.4532
v -3.1756 3.8418 28.0757
v -6.3685 -10.1695 20.8413
v 8.6255 -10.0139 5.5967
v 9.7100 -5.5923 5.6452
v 2.9487 -8.9926 4.2028
v -6.8593 -2.4762 18.4153
v -7.4717 -1.8884 18.1869
v 3.8220 -10.3935 3.9311
v -8.1272 -3.3657 18.0510
v -0.9834 3.9094 26.3131
v 0.3395 4.5370 23.7480
v 8.5929 -11.8001 5.1741
v 2.9936 -0.4952 5.8676
v 3.5589 1.6737 5.8582
v -5.4882 2.8129 28.2203
v 2.9937 -10.6556 3.5002
v 2.3983 1.1132 5.9529
v -8.1899 -11.6995 20.2934
v 8.6511 -6.6776 5.6956
v -7.6047 -2.8102 19.1809
v 9.1466 -8.9716 5.7087
v 2.9735 1.7876 6.1897
v -5.2439 4.8048 30.0395
v 9.1381 -11.2935 5.4456
v 3.5694 -7.8247 4.8061
v -9.2828 -6.2816 21.2223
v -1.4146 4.4257 26.4933
v -12.6633 -4.1723 19.4727
v -7.6536 -11.0823 20.9108
v 3.0237 -1.1340 5.8575
v -1.9957 4.3402 25.8975
v -4.8242 3.7191 28.5503
v -7.0261 -2.2707 18.0783
v -7.6044 -1.7738 18.6023
v 2.8882 -8.6737 4.3312
v 1.9653 5.3951 22.9499
v 4.7189 -12.7364 3.2999
v 1.3205 3.8576 23.1061
v 3.5634 -2.8647 5.8686
v -0.6264 3.5536 25.0038
v 9.6452 -11.1409 5.5656
v 8.0888 -5.0534 5.6559
v -3.7164 4.3765 27.6910
v -7.7116 -12.7803 21.4520
v -2.5628 3.8780 26.9959
v 2.5374 -9.2544 3.9066
v -5.2494 4.4911 29.7951
v -1.8271 1.3321 22.8357
v 9.6644 -10.6704 5.6566
v -7.4232 -10.1982 20.4237
v 1.7789 3.9547 23.5974
v -0.7839 3.8533 24.9070
v 8.6654 -7.2399 5.6973
v 0.7694 4.9507 24.1511
v -7.6689 -17.1689 21.8624
v 3.4899 -8.4025 4.6007
v -12.4556 -4.2693 19.4752
v -0.2525 4.4321 25.3632
v -9.9811 -7.6267 21.5322
v -7.9268 -1.8639 18.9520
v -7.6399 -10.7356 20.8458
v -7.9788 -19.4644 21.9878
v 2.4385 0.5476 5.8753
v -7.7243 -3.2771 18.9708
v -8.2997 -12.2059 20.0238
v -5.0032 3.4954 28.7482
v 3.5235 -3.4301 5.8558
v -3.5463 4.8765 27.6720
v 2.9954 -1.7653 5.8844
v 3.0680 -11.0072 3.3770
v -8.3680 -2.7234 18.6722
v -7.9113 -19.1496 21.8436
v -6.6206 -10.7932 19.9571
v 9.1705 -12.1100 5.2816
v -7.7098 -16.9960 21.6965
v 1.9477 4.3894 23.7418
v -0.7634 4.2292 24.9718
v 8.0787 -5.5877 5.6958
v -2.6610 4.6303 26.7429
v 2.5094 0.0669 5.8911
v -7.9441 -4.3410 18.7095
v 3.5384 -3.9836 5.7858
v -6.9812 -1.7226 18.1764
v -7.9125 -9.9878 20.7946
v -9.7586 -7.1776 21.4660
v 2.7763 2.0824 6.1322
v -7.5611 -3.9632 18.9679
v 0.9573 3.6074 24.3589
v 1.4243 4.9888 23.0901
v 3.5637 0.6732 6.0877
v -1.4486 3.5364 26.3745
v 9.2176 -9.5816 5.6858
v -4.8377 4.7625 28.8203
v 8.6242 -7.7566 5.7319
v -1.4545 -8.7545 29.2567
v -2.6275 -7.1731 24.4552
v 8.0878 -6.1015 5.7080
v 1.8661 4.9141 23.6584
v 0.6724 3.7611 24.1354
v 2.9680 -2.3522 5.8726
v -1.3446 3.8089 26.5965
v 3.5082 -4.5075 5.7071
v -8.1078 -4.0191 18.6260
v -8.3460 -5.0636 19.8063
v 9.1415 -11.7897 5.3508
v -2.6357 4.7945 27.0114
v -0.2619 3.4344 25.2962
v 2.3946 -0.4896 5.8826
v 3.3919 -7.3546 4.8962
v 8.6192 -8.2957 5.7077
v -7.5728 -4.5186 19.0958
v -8.0828 -9.5671 20.9312
v -4.9143 4.6152 28.5595
v -6.2171 -8.4836 20.6030
v -1.9707 3.8499 25.8766
v -8.0754 -2.3164 19.0958
v -9.9364 -6.6554 21.3555
v 3.3756 1.1721 6.1895
v -2.6039 -6.6012 24.3083
v -3.7331 3.9992 27.7484
v 2.4761 -8.9054 4.0184
v 1.0771 4.4591 22.8640
v 9.1327 -10.0917 5.6770
v 3.3925 -10.2947 3.7805
v -6.4467 -2.0755 18.2710
v -5.1610 4.3623 29.1931
v -7.5331 -3.4262 18.6264
v -7.9755 -1.8894 18.6429
v 3.5071 -1.1361 5.7939
v 1.8825 3.9271 23.1108
v -0.7967 3.4691 25.3059
v -7.9324 -11.1124 20.6828
v -1.0255 -8.5618 29.7971
v 8.0908 -6.4721 5.7050
v 2.9672 -2.8533 5.8642
v 8.6369 -5.0520 5.6051
v -8.1454 -2.8659 19.1450
v -4.1183 3.5666 28.9314
v 2.5309 2.7425 5.8703
v 3.5244 -10.6835 3.7018
v -2.4069 -6.2701 24.2424
v 9.1933 -10.6642 5.5805
v 0.2864 4.4092 24.2288
v -9.6707 -6.3795 21.2145
v 3.6009 -12.8160 2.8303
v -2.0102 4.7346 26.6343
v -3.7271 3.7854 28.0148
v 3.2942 1.4766 6.3282
v 3.0007 -7.8142 4.6382
v -1.5551 1.3423 22.9383
v 3.5443 -1.7489 5.8018
v 2.9661 -3.4139 5.8200
v 3.5057 -11.2806 3.4500
v -7.3939 -2.9209 18.5612
v 8.1110 -7.2265 5.6570
v 9.2779 -11.1007 5.5173
v -4.3636 3.7384 28.6784
v -1.4283 4.5031 25.8723
v -3.0508 4.0440 27.1021
v 2.9937 -8.3478 4.4677
v 9.7192 -8.9433 5.7603
v -1.9863 4.6493 26.3864
v 0.4419 4.8668 24.1581
v -0.2730 4.3411 24.8032
v -8.1158 -12.9180 21.4964
v -8.0843 -3.4323 19.1139
v -1.0723 3.7525 25.1105
v 1.3585 3.7550 23.6798
v -7.9047 -10.8611 20.7189
v -7.5458 -1.8522 19.0550
v 2.4593 2.2559 5.9043
v -8.2765 -3.9453 19.1401
v -7.7381 -10.1599 20.7669
v 9.7103 -10.1524 5.7132
v 8.6422 -5.6192 5.6150
v 1.7285 5.2395 23.1955
v -4.1901 4.7109 28.4158
v -1.5365 3.6190 25.6174
v -3.1284 4.3575 27.0102
v 3.6583 -11.6618 3.3217
v 2.8550 -9.7622 3.7826
v -7.3470 -10.3959 20.1458
v 8.0561 -7.8406 5.6437
v -0.3707 3.8448 24.7001
v -8.2716 -13.3774 21.5288
v -3.6052 4.7739 28.1941
v -7.8307 -18.9848 21.7802
v -2.0593 3.7204 26.4375
v -8.2376 -2.2767 18.5454
v 2.9726 -3.9720 5.7305
v -7.6637 -4.5100 18.5235
v -1.5498 -8.4232 28.6324
v -0.8668 4.3760 25.2635
v -6.4901 -1.7026 18.2112
v -4.2895 4.7710 28.6844
v 2.1199 4.2149 23.3372
v -7.5249 -2.3675 19.3089
v -3.0984 4.7786 27.1722
v -7.8117 -9.7310 20.8168
v -9.4076 -6.6787 21.4043
v -8.1443 -4.4024 19.1543
v 2.4738 1.7672 5.9682
v 3.0063 -7.3138 4.8054
v -5.1658 4.0368 29.1845
v 3.0121 -10.1243 3.6812
v 8.5949 -6.1571 5.6811
v 9.7301 -9.5444 5.7453
v 3.0243 1.2044 6.0702
v 3.1263 -12.6877 2.6548
v -0.2589 3.5160 24.9252
v 4.0443 -12.3254 3.1489
v 1.3146 4.9408 23.6677
v -7.2336 -2.6494 18.1660
v -1.4439 3.5067 25.8547
v -3.8474 4.6224 28.0096
v -7.3269 -5.1391 19.4719
v 8.1036 -8.2785 5.6129
v -1.3088 -8.8762 29.8925
v -7.4393 -3.9275 18.5218
v 0.2382 3.8928 24.3051
v 2.9344 -4.5193 5.6448
v 3.5039 -2.3490 5.8353
v 5.8043 0.0746 5.9259
v 2.4387 4.9947 5.9564
v 5.7384 -10.6668 4.6210
v -9.2352 -3.2959 18.0776
v 4.4877 -8.4154 4.9032
v 1.9195 5.3784 25.8116
v -2.0850 -7.9314 27.4432
v 6.9947 -9.5240 5.2854
v -4.3323 3.9116 28.1298
v 4.0563 -1.7994 5.7735
v 5.2360 -11.2494 4.1697
v -2.4591 -5.8139 24.7480
v 7.5233 -6.1335 5.7106
v 4.0638 -11.2553 3.6917
v 5.1426 -9.0771 4.8751
v 4.5913 -3.4256 5.8026
v -8.4584 -3.0318 18.9527
v -9.1986 -0.4720 19.3020
v -2.1336 -8.1939 27.5854
v -9.0350 -3.0900 18.1662
v -9.2611 -0.2791 18.9314
v 7.4207 -8.6685 5.4819
v 4.1271 -12.8660 3.0011
v 6.9460 -10.1863 5.1623
v 2.4873 4.3409 5.8824
v 5.0867 -10.7554 4.3293
v -9.6784 -15.1854 21.7961
v -9.0233 -5.0840 20.1451
v 0.7611 4.3203 25.1985
v 7.5695 -5.5877 5.7314
v 2.8398 -12.5491 2.6095
v 4.5925 -2.8973 5.7916
v -8.6214 -3.4134 19.2005
v -2.4649 -6.0786 24.8711
v 4.0537 -1.1291 5.7626
v 0.1609 4.4529 24.6693
v -9.5810 -6.2745 21.0978
v 5.8705 -11.0824 4.4873
v -8.4630 -13.0293 21.6765
v 5.7365 -0.4915 5.8523
v -3.7131 3.6978 28.6122
v 3.5146 -12.3712 2.9418
v -9.2615 -6.6773 20.7980
v 5.1719 -9.6095 4.7579
v -2.5211 -6.4663 25.5132
v 4.5761 -4.5213 5.7384
v -8.6143 -4.1134 18.9575
v 2.4891 3.8121 5.8518
v 4.0671 -2.3640 5.8050
v -9.1617 -6.1556 20.3223
v 4.1361 -13.1849 2.8528
v 4.1902 -12.2602 3.2655
v 6.9460 -8.9815 5.3498
v -3.0402 -6.8813 24.7008
v 0.8285 3.8552 25.2922
v 4.7623 1.3120 6.0512
v -3.7354 4.5354 28.7520
v 1.6925 7.3677 25.0883
v 0.2724 3.6494 24.5652
v -7.4572 -16.2710 21.0020
v -8.5733 -13.4571 21.5185
v 0.2823 3.5266 24.7868
v 5.2295 -10.1637 4.6437
v -9.0883 -14.1015 21.8097
v -10.9385 -4.7104 20.1049
v 4.5820 -3.9640 5.7826
v 5.6399 0.5606 6.0139
v -9.0418 -7.1429 20.8315
v 7.5477 -5.0421 5.6930
v -9.0692 -5.5822 20.3117
v 0.7456 3.5622 25.1471
v -4.2832 4.3941 28.0198
v -7.8849 -12.5274 21.4594
v -8.6382 -4.4462 19.2709
v 3.4910 -11.8336 3.1629
v -6.6235 -20.3994 21.1081
v -8.7465 -13.9127 21.5340
v -3.3002 -7.1087 24.8664
v -0.0912 3.9844 24.4697
v -3.8467 4.7302 28.4177
v 4.2050 2.3631 6.0593
v 2.4263 3.3206 5.8266
v 5.1415 -11.7030 3.9116
v -1.5892 -8.2231 28.2575
v 4.1022 -11.7422 3.4538
v 4.0600 -3.4231 5.8171
v -9.2931 -14.4745 21.8300
v 4.4654 -11.3622 3.8090
v -9.0209 -5.7272 20.6076
v 5.3481 -10.5980 4.4984
v -9.7035 -0.3610 19.3569
v 7.5911 -8.3617 5.5442
v 5.0847 0.0046 5.9441
v -9.4351 0.0688 18.5099
v 4.6261 -1.7434 5.7664
v -2.4069 -5.8335 25.0581
v -8.4441 -11.9518 20.0637
v 4.0604 -8.3457 4.8115
v 1.4600 5.5548 25.6570
v -8.8871 -3.2267 18.7444
v 2.8898 -11.2648 3.2000
v 5.6717 -11.2456 4.3364
v 6.3931 -10.1190 5.0406
v -9.1977 -6.4557 20.4193
v 0.7850 6.2681 25.3315
v -8.4428 -12.1767 20.0139
v 0.2672 4.3889 25.3330
v 7.5801 -7.7258 5.5884
v 4.0773 -2.8414 5.8473
v 4.6137 -1.0620 5.8110
v -2.5537 -6.1599 25.3472
v -9.2458 -6.1245 20.8629
v 0.8253 4.5744 24.7693
v -7.5046 -11.3615 21.1735
v -8.6643 -2.9510 18.5324
v 5.1629 -0.5332 5.9467
v -4.7753 3.9284 28.3014
v 4.8131 1.6487 6.0807
v 4.5896 -12.9446 3.1575
v -8.7167 -5.5501 19.8689
v 3.9226 -7.8783 4.8809
v 6.3012 -9.5849 5.1207
v -9.5083 -14.9302 21.8585
v -12.0379 -4.4099 19.6541
v 6.9943 -10.5857 5.0178
v 0.3385 3.8145 25.5496
v 4.5927 2.7331 6.0975
v -7.2276 -19.5923 20.9425
v 1.5408 7.1187 25.2408
v -1.8607 -8.3247 28.0556
v 5.5534 -9.6422 4.8906
v 1.0236 3.6519 24.9480
v 4.5960 -12.3307 3.4466
v 4.5916 -2.3516 5.7749
v -9.2365 -5.1396 20.7133
v 4.7133 -13.2948 3.0511
v -9.7302 -6.7109 20.9148
v -4.8064 4.3645 28.2341
v 1.9022 5.1396 25.6079
v -7.5171 -11.8300 21.2455
v 5.8859 -12.2571 3.9514
v 2.9768 -12.2833 2.8336
v 4.0394 -4.5017 5.7203
v 2.2556 5.4406 5.9886
v -2.6899 -6.7005 24.5116
v 7.4976 -7.2123 5.6212
v 4.6350 -11.7708 3.6729
v 1.5710 7.5464 25.1098
v -6.8662 -20.1446 21.0729
v -8.7627 -5.0197 19.7199
v 6.3959 -8.9215 5.2505
v -8.6930 -3.9634 18.5444
v 4.7690 2.2499 6.1228
v 5.7007 -10.1374 4.8018
v 5.1350 0.6325 6.0115
v -9.8562 -7.0555 21.0742
v -10.6593 -4.7445 20.2261
v 0.8144 3.5568 24.7024
v 7.4704 -6.7310 5.6615
v -7.5552 -12.3330 21.3731
v 2.9766 -11.7736 3.0340
v 5.7858 -11.7463 4.1615
v 4.0340 -3.9689 5.8109
v 0.2705 3.4799 25.2727
v -6.6808 -14.4682 20.8690
v 6.4103 -8.3589 5.3229
v -9.1516 -14.1715 21.6114
v -8.5280 -12.4278 19.8814
v 5.8145 0.7779 6.0628
v -3.6681 -7.3150 24.9708
v -2.3832 -6.7733 26.2376
v -8.7425 -3.7850 18.1955
v -6.3308 8.5482 19.4300
v -7.1630 -11.3594 21.2235
v 2.4764 -11.2179 3.0607
v 1.1920 6.0889 25.4546
v -8.9006 -13.8363 21.8007
v 4.0087 2.1883 6.0061
v -8.7961 -7.3242 20.9785
v -7.4479 -18.9041 20.8747
v -10.0473 1.3648 17.7244
v 7.1663 -8.1534 5.4983
v -5.3106 3.2123 28.3495
v 5.8215 -3.9562 5.7726
v -8.7755 -5.5530 20.2298
v 4.5941 0.6391 5.9561
v 6.4016 -5.5558 5.6817
v -8.9993 -4.3130 19.2602
v 5.2138 2.2436 6.2163
v 1.3068 4.4547 24.6876
v -2.3521 -7.1255 26.4258
v 0.1298 3.8577 25.6439
v 5.1406 -13.3638 3.1960
v 5.2156 -2.3182 5.7319
v 5.8411 1.2242 6.1562
v 2.3444 -10.7653 3.2054
v 6.4421 -7.7590 5.3850
v -3.2252 4.4129 28.5473
v 4.1351 -9.3863 4.5113
v -8.2711 -13.1824 19.8343
v -8.9125 -6.6584 20.9297
v -7.5836 -18.4201 21.0972
v 4.5563 -10.2078 4.2902
v 5.1499 2.5884 6.2477
v 3.4527 4.2960 5.9987
v 4.5214 1.0865 5.9819
v 1.8449 4.9669 25.4851
v 4.0788 2.7452 6.0143
v -3.8253 4.2652 29.0157
v 5.1922 -12.3388 3.7044
v -9.1527 -3.9627 19.1523
v 7.1530 -7.7306 5.5230
v -8.6926 -6.0521 20.2409
v -6.7341 -14.8869 20.8613
v -8.6321 -13.6228 21.7488
v 6.4055 -6.1146 5.6385
v 5.7530 -4.4897 5.7251
v 7.0210 -7.2229 5.5634
v 6.3266 -5.0454 5.7034
v -8.2909 -7.8682 21.2028
v -8.7020 -4.9675 20.3834
v 1.0151 6.0997 25.6168
v 5.2052 1.6065 6.1540
v 2.0355 3.0738 25.0741
v 1.5894 3.4915 24.5421
v -7.1634 -12.1250 21.4010
v -9.0347 -3.5878 19.0902
v 0.0801 4.1709 25.6104
v 4.6002 -0.5644 5.9346
v 4.1099 -10.7109 3.9275
v -3.3595 3.9011 28.5422
v -2.4527 -6.2439 25.7249
v 4.0862 1.7320 5.9361
v 5.7523 -2.8870 5.7083
v 3.5206 3.8664 5.9663
v -8.6030 -3.0316 18.1613
v -8.2958 -12.9257 19.9038
v 6.1539 -7.3302 5.4016
v -8.5040 -13.0066 21.9084
v -3.8058 3.8410 29.1274
v 7.5239 -10.6721 5.1791
v 5.1364 -1.1333 5.8607
v -5.3596 2.7440 28.5267
v -3.8748 3.5146 29.2365
v 7.5831 -11.1689 5.0404
v 6.9316 -6.7063 5.6299
v 5.6754 -3.4142 5.7439
v -7.0304 -11.8129 21.3552
v 3.4567 3.3145 5.8836
v 7.7077 -8.9588 5.5041
v -8.2532 -8.2711 21.2468
v -8.6067 -7.7024 21.0402
v 4.0469 -8.9590 4.6230
v 2.4278 -11.7126 2.8359
v 1.3422 5.7625 25.5656
v -6.8180 -14.0577 20.7789
v 5.2550 -1.7319 5.7655
v 1.3378 3.8590 24.7543
v -8.6799 -3.3662 18.0612
v -7.3566 -19.5222 20.8402
v 4.6044 0.0798 5.9783
v 1.4040 4.3234 25.0999
v -7.5731 -16.7366 21.0103
v 4.0470 0.6177 5.9783
v 4.4567 2.0876 6.0348
v 4.0172 -9.6568 4.3311
v 7.0000 -6.1169 5.6916
v 2.8399 4.7374 5.9430
v 2.1499 6.1327 25.5032
v 5.6628 2.0575 6.2305
v 7.5067 -9.6045 5.3824
v -6.8951 -14.5193 20.8301
v -9.1166 -3.8548 18.5999
v 5.1277 -3.9667 5.7692
v 4.7977 -10.0662 4.4719
v 6.8876 -7.7677 5.4722
v -7.3429 -19.6561 20.5365
v -3.9340 4.2291 29.9711
v -3.7037 -7.3826 25.0726
v -6.5748 -11.2561 21.2693
v 2.9818 4.4441 5.9271
v 5.2445 1.1763 6.1193
v -8.7897 -5.1713 20.5743
v -6.2837 -10.8969 21.1750
v -2.5178 -6.6079 25.9043
v 4.0084 1.1222 5.9108
v 5.8027 -2.2677 5.7351
v 4.0531 -10.0639 4.1786
v -2.0947 -7.7250 26.9643
v -6.3611 -12.9098 20.7826
v -6.9086 -15.0455 20.9176
v 7.0124 -5.5768 5.7255
v -3.9162 5.0522 29.9638
v 5.1350 -4.5108 5.7504
v 4.6606 -9.5535 4.5980
v 6.9634 -8.4138 5.4243
v -9.9471 1.0803 17.8660
v 7.5538 -10.1560 5.3078
v 2.4863 -12.2511 2.6143
v 5.1199 -2.8906 5.7337
v -7.0777 -15.5634 20.9660
v 2.9747 3.8591 5.8926
v 5.6598 1.7041 6.1913
v -6.4319 -13.4415 20.7644
v -7.5388 -17.9149 21.1031
v 7.5171 -9.1412 5.4482
v 6.4363 -6.6583 5.5832
v 5.8250 -1.0352 5.8780
v -5.8726 2.8182 28.5158
v 4.5306 1.4932 6.0099
v -2.0322 -7.3386 26.7392
v 4.6294 -10.6044 4.1826
v 4.0809 -0.4891 5.8606
v 1.7333 3.2934 24.7380
v -8.7933 -6.2031 20.7498
v -7.1813 -16.1147 20.8693
v -3.9338 -7.5818 25.1004
v 4.0166 0.0102 5.9701
v -6.5834 -13.9684 20.8154
v 1.1096 3.9073 25.0567
v -9.3022 -14.4760 21.6331
v 4.7383 -11.1795 4.0317
v -7.5722 -17.2594 21.0154
v -9.1295 -3.4510 18.5776
v 5.1303 -3.4266 5.7591
v 2.0597 5.5014 25.5538
v 4.6125 -8.9658 4.7748
v 7.0173 -5.0482 5.7156
v 6.5374 -7.1651 5.5163
v 5.8664 -1.6808 5.8348
v 2.9713 3.3633 5.8655
v -6.7253 -11.5529 21.2821
v -8.7219 -5.6885 20.6995
v -5.8050 2.3817 28.4311
v -3.9579 3.8865 29.8428
v 5.2704 -5.5804 5.5418
v 10.4788 -5.6231 15.5143
v -8.6109 -0.7294 19.6705
v 5.5367 -6.2740 5.4590
v -11.5793 -0.2686 18.9221
v 6.9492 -4.4812 5.7186
v -12.6530 -9.4923 21.7939
v 5.2063 -8.3505 5.0649
v 5.0037 -6.2839 5.5091
v -10.8167 -4.8260 19.8876
v 0.6825 -6.4492 24.4519
v -2.2183 -6.6316 25.9578
v 5.1058 -7.8129 5.1424
v 6.4356 -2.3001 5.7595
v -12.8087 -9.9318 22.0191
v 6.9407 -4.0271 5.7005
v 6.3157 -1.1845 5.7693
v 6.9733 -3.4485 5.6548
v -2.3247 -7.3423 26.7253
v -5.0372 -2.3720 23.9979
v 5.2042 -7.1979 5.2658
v -12.0770 -0.2027 18.6171
v -6.7292 8.7711 19.5459
v -10.1584 1.6191 17.6561
v 0.2090 -6.2397 24.1905
v -13.7351 -9.4367 21.5345
v 6.0928 1.5262 6.2246
v -9.0763 -4.0091 19.5812
v 5.2170 -5.0916 5.6357
v 6.4265 -1.6943 5.8499
v 7.0259 -2.8976 5.7391
v -6.6380 8.5197 19.5485
v -5.3205 -0.9468 23.0983
v 5.1979 -6.7435 5.3291
v -9.0748 -4.4459 19.6760
v 7.3804 -11.4166 4.8781
v 5.1749 -6.0847 5.4663
v -13.1391 -10.0568 22.1525
v 7.5039 -0.5205 5.7595
v 5.7431 -5.5312 5.6085
v 6.4676 -3.9877 5.7119
v 7.0389 -2.2474 5.8072
v 6.2237 0.7598 6.0869
v -2.1662 -6.7881 26.3398
v 5.6731 -8.2893 5.1736
v -13.2101 -9.6002 21.9706
v 4.9818 -5.7317 5.4827
v 5.8598 -6.0777 5.5542
v 6.3546 -4.5744 5.7161
v -8.7495 -4.5255 20.1505
v -2.0724 -7.2206 26.5293
v -11.7556 -0.2014 18.7735
v 7.5789 -0.0006 5.8054
v 5.8353 -7.7985 5.2599
v 6.3689 1.1381 6.1262
v 0.5819 -6.3656 24.4181
v 5.6913 -7.2341 5.3480
v 7.2991 -12.2172 4.5101
v -12.1509 4.0338 16.5792
v -2.2198 -7.8717 26.6168
v 6.9833 -1.7326 5.7469
v 5.7322 -5.0009 5.6730
v 1.3784 -7.2191 23.6586
v 7.4109 0.3944 5.8499
v -14.2355 -9.4319 21.4751
v 6.4093 -2.9192 5.6991
v -2.2954 -6.3644 25.8896
v -6.9430 8.8108 19.7037
v 5.7512 -6.6792 5.4433
v -2.2305 -8.1503 26.6097
v 7.5220 -11.7625 4.8247
v 10.8556 -5.4394 15.4379
v 6.9359 -1.0421 5.7007
v 6.3544 -3.4217 5.7261
v -6.7651 8.3424 19.6038
v 1.1195 -6.9243 23.5823
v 4.0689 -6.6280 5.2878
v -5.8478 -0.6520 23.1339
v -8.9532 -4.6259 19.5288
v -13.8440 -9.9375 21.8802
v 7.5556 -2.3525 5.7000
v -6.6580 -1.7737 21.4825
v -10.3375 -4.9128 20.4229
v 6.9961 -0.4683 5.7438
v 7.0005 -11.2044 4.8160
v -12.6626 -8.9673 21.4619
v 7.0621 0.0212 5.7773
v 6.8754 -10.8489 4.8854
v 4.0938 -7.2740 5.0955
v -5.0422 -2.1769 23.7925
v 5.8951 -9.5329 5.0216
v -8.7676 -3.9805 19.8136
v -5.7231 -0.1687 22.8711
v 4.0446 -5.1060 5.6232
v 0.1836 -6.2248 23.6806
v -13.6294 -9.6846 21.8314
v -6.4734 -1.0878 21.2987
v -10.4550 -0.3774 19.1349
v -2.2918 -6.0028 25.1817
v 6.4063 -12.3038 4.1210
v 6.9118 0.5383 5.8878
v -11.9144 -9.4129 20.9280
v -6.6818 -2.1015 21.3278
v 7.5928 -1.7265 5.6671
v 0.8148 -6.6734 23.5697
v 4.6021 -5.7219 5.4745
v 4.1681 -7.6986 4.9940
v 6.4592 -11.9345 4.3121
v 6.8388 0.9096 6.0183
v 7.5221 -1.0769 5.7074
v -11.9401 3.8538 16.7037
v 4.0306 -5.4325 5.5423
v 4.5416 -6.2379 5.3725
v 5.7370 -8.9209 5.0848
v 6.9611 -11.5892 4.6547
v 6.1030 -10.2988 4.9144
v -9.4072 -0.5565 19.4828
v -12.6757 -9.3117 21.4756
v -5.5385 -0.6048 23.1053
v -2.1899 -5.7637 24.6959
v 7.5580 -4.5102 5.6691
v -10.8063 -4.8071 20.1098
v -7.0635 -0.2996 22.7957
v 6.3755 -10.7260 4.8180
v 6.4316 0.0961 5.8587
v -11.7287 3.7364 16.8142
v -10.8761 -0.1170 19.0732
v 4.6698 -6.5870 5.3517
v -14.0976 -9.8989 21.8245
v -13.1535 -9.1240 21.4626
v -11.0263 -0.3045 19.0661
v -2.1768 -5.9976 24.7435
v 7.4902 -3.9575 5.6721
v 5.5104 -9.2559 4.9419
v 4.6316 -5.1218 5.6205
v 6.3461 -11.2492 4.5844
v 6.3991 -0.5098 5.7400
v -11.7313 -9.3791 21.0376
v -14.0347 -9.5906 21.8395
v 4.5934 -7.2104 5.2131
v -5.3732 0.0839 22.8773
v -13.2026 -9.4268 21.5321
v 4.6343 -7.8127 5.0911
v 4.0673 -5.7291 5.4541
v 6.4498 -11.6233 4.4212
v -5.1659 -2.3551 23.9666
v 4.7274 -6.3068 5.4967
v -4.8406 -1.4522 23.1817
v 0.4732 -6.4614 23.6047
v -5.3824 0.3199 23.0010
v 7.5080 -3.4027 5.7118
v -11.5917 -8.8414 21.0879
v 4.6939 -8.2322 5.0070
v 4.0205 -6.2213 5.3880
v 6.3557 0.4730 6.0146
v 6.7775 -12.2132 4.3027
v 4.5933 -5.4601 5.5388
v 7.5362 -2.8402 5.8359
v 5.2431 -8.6988 4.9899
v -4.8190 -1.0616 23.0342
v -2.0771 -6.0760 24.1210
v -10.8635 -7.8855 21.4197
v -6.9898 -0.9326 20.8241
v 3.1229 -7.0652 4.9399
v -1.4175 4.0097 26.7172
v 8.5789 -2.8808 5.6178
v 3.0449 -4.8908 5.5637
v 1.3204 -7.1481 24.8783
v 1.8748 -7.3568 25.1915
v 8.1446 -1.1567 5.7274
v -8.1198 -0.6132 20.3168
v 2.9850 -6.6571 5.0329
v 8.6375 -3.3620 5.7439
v -2.0308 -5.6989 24.1398
v -2.5925 4.4309 26.5355
v -13.6966 -4.4891 18.2082
v -10.9755 -8.3959 21.2778
v -7.5221 -4.9631 18.6430
v 8.0562 -1.7469 5.6786
v -0.5907 -5.6311 23.3553
v 1.1024 -6.9228 24.7767
v -2.4361 4.0040 26.3805
v -13.2585 0.6434 17.6477
v -11.5290 -8.9773 21.4114
v -12.7098 -4.2422 19.1383
v 1.9348 -8.4101 25.4635
v -7.4024 -0.8267 20.6131
v 8.6516 -3.9766 5.8733
v -13.1704 -4.2983 18.6709
v 3.5332 -6.1937 5.3482
v 1.9836 -7.7557 25.3186
v 8.1053 -2.3312 5.6403
v -1.6383 4.3976 26.9335
v -12.5559 -3.9164 19.1499
v 3.4752 -5.6253 5.4263
v 8.6538 -4.5030 5.6817
v -12.9897 -4.2057 18.8820
v -6.8734 -2.0646 20.8009
v -13.2239 0.0622 17.9809
v 8.1120 -2.8119 5.6647
v -8.3197 -4.4942 19.6880
v 1.6770 -7.2367 24.9929
v 3.5106 -5.0211 5.5952
v 1.5404 -7.2316 25.0707
v 8.6280 -1.2697 5.7354
v 3.6264 -7.1364 5.0188
v -0.8709 -5.1006 23.0712
v -10.3278 -7.8070 21.3252
v -6.4760 -0.9569 20.9628
v -7.5269 -5.0502 19.0810
v -7.1470 -2.1799 20.2847
v -0.4672 -5.6501 23.5451
v 6.4256 -12.7310 3.9398
v -8.3679 -4.0123 19.6453
v 8.1140 -3.3932 5.8189
v -11.1809 -8.7220 21.6913
v 2.9700 -5.1869 5.4625
v -1.8765 3.8774 26.9585
v 3.5000 -6.6998 5.1480
v -12.0875 -8.9551 21.3739
v 8.6471 -1.8286 5.6938
v -10.5517 -8.2377 21.4865
v -7.3458 -5.4050 19.2172
v -11.2647 -8.6738 21.8097
v -0.8097 -5.3992 23.0729
v -10.2087 -6.8861 21.4288
v 3.0323 -6.1403 5.2452
v -1.8400 4.5681 27.0376
v 8.1098 -3.9557 5.7114
v 3.6123 -5.4341 5.4957
v -13.2858 0.4236 17.7972
v -12.2090 -9.3223 21.5394
v 8.6711 -2.3765 5.6612
v 2.9961 -5.6127 5.3450
v -10.3502 -7.2788 21.3999
v -11.4879 -7.8007 21.8193
v 8.1225 -4.5080 5.6334
v -2.1290 4.7486 26.8856
v -1.3470 -5.1579 23.1456
v 9.7478 -3.4024 5.6047
v -2.1567 3.8957 27.4536
v -8.3607 -4.5231 20.0730
v 9.1166 -1.6795 5.7252
v -6.9968 -4.9359 19.2501
v -6.2771 -6.5151 19.3169
v -11.5063 -8.8373 21.8034
v 9.8161 -2.7733 5.6374
v -2.0108 3.5813 27.6732
v 2.4099 -5.0955 5.3928
v -7.2772 -2.0040 19.9451
v 2.4579 -6.1529 5.0639
v -1.8871 -5.5958 23.6663
v -10.8899 -8.3596 21.7993
v 9.7069 -4.4359 5.7424
v -6.8411 -5.9255 19.2593
v -7.6180 -0.9060 20.4298
v -1.4167 -5.5122 23.1831
v -2.2816 4.7753 27.3026
v -1.9834 -5.9436 23.8537
v -7.3047 -1.8357 19.7976
v 0.8249 -6.3377 24.5790
v 2.4753 -5.5392 5.2727
v -2.1303 4.4482 27.4565
v 9.1783 -2.2656 5.6775
v 8.3951 -0.7434 5.7710
v 9.6280 -3.9828 5.5878
v -7.0784 -5.5493 19.1330
v -8.2165 -0.7742 19.9009
v -7.1017 -5.0527 18.6819
v 0.8802 -6.7524 24.6567
v 9.5090 -1.8744 5.7254
v 9.1723 -2.7781 5.6323
v -1.5035 -5.2864 23.4538
v -11.4792 -8.3977 21.4773
v -1.1128 3.2689 26.9791
v 1.0142 -7.0418 24.8038
v 2.5433 -6.5296 4.9496
v 7.3126 -12.7549 4.2853
v 9.0759 -3.4461 5.5987
v -6.7065 -5.1057 19.2131
v 7.9998 -12.3164 4.7538
v -6.4926 -6.1288 19.2475
v 9.1941 -3.9619 5.7071
v 7.9142 -0.1240 5.8067
v -11.1351 -8.7256 21.2768
v -13.5741 -4.5402 18.3397
v -8.0575 -0.9810 20.4110
v 9.5138 -2.1848 5.6724
v -1.8517 3.2945 28.0714
v -12.0731 -9.0770 21.7963
v -10.4735 -8.1601 22.0043
v -6.8951 -0.8210 20.8488
v 9.1692 -4.5035 5.7926
v -6.5488 -5.5919 19.1755
v 8.0135 -0.6008 5.7675
v -6.2765 -1.6902 19.4845
v -10.4790 -7.9021 21.8348
v -1.4599 -5.6170 23.6837
v -5.3242 -0.5933 20.8836
v -0.4084 2.8583 15.8198
v -5.9113 -1.7593 19.5532
v -1.3958 2.2105 16.9595
v -11.3647 4.7115 27.0198
v 1.2734 3.3748 17.0815
v -11.1665 5.2157 27.4189
v -10.6157 3.4916 28.0472
v 2.6530 4.8794 14.9189
v 10.6891 -4.0177 5.5982
v 1.9125 2.7595 17.4953
v -0.7856 2.7644 16.4217
v 3.4386 3.5381 15.3768
v -6.1825 -5.8570 19.3402
v 0.6959 3.3862 16.3804
v -5.8959 -1.1315 19.6140
v -11.2603 4.9227 26.8319
v 1.0171 3.8062 16.3629
v 3.0677 5.4573 15.2893
v 3.6175 3.8185 15.2240
v -3.0716 0.6746 21.4077
v 1.3827 3.8200 16.9003
v -0.2302 8.4569 18.0853
v 10.7874 -4.5248 5.5739
v -4.2419 0.3393 19.5983
v 0.0128 0.2301 18.7919
v 2.4742 4.3373 14.8641
v -0.9501 2.2477 16.3253
v 1.8889 2.2461 17.3292
v -6.0177 -6.2064 19.2751
v 3.7934 4.2711 15.0505
v -10.9854 3.8156 27.5316
v -4.3408 0.0495 19.9001
v -3.5415 5.4761 19.5799
v -1.4171 1.6325 17.0001
v -0.0026 0.5939 18.7385
v 1.5429 4.2385 16.7456
v 0.4873 8.7333 17.1627
v 2.4265 3.9426 14.7792
v -5.5614 -6.8910 19.3849
v -0.8512 1.7139 16.4294
v 1.8333 1.9175 17.2267
v 2.4271 3.2990 14.7976
v 3.6502 5.2105 15.3091
v -4.2508 -0.6936 19.7419
v 0.2502 3.2662 15.8568
v -0.2432 1.2756 16.3726
v -0.5326 1.6166 15.8161
v -4.5919 -1.1352 20.8470
v -10.8148 3.4210 27.3377
v -0.6633 1.8489 15.8507
v 0.2828 3.2976 16.4046
v -5.3602 -1.5597 19.6548
v 1.3496 2.8152 17.3265
v 0.4210 -4.8876 20.0224
v 2.9956 3.2957 15.2108
v -5.8980 -0.7290 20.9644
v -3.4988 4.9765 19.5535
v -0.5404 1.4331 16.3535
v -0.2415 1.2109 15.8423
v 0.1187 0.0825 19.1055
v -4.8175 -1.1038 20.2053
v 10.3348 -3.4722 5.6193
v 0.2133 -0.5381 19.2593
v -2.4563 -8.5090 15.8026
v 1.3658 2.2072 17.3377
v -5.4116 -1.1653 19.9454
v 1.6755 3.9057 17.1314
v 3.4844 5.4502 15.1636
v -4.5101 -1.1359 20.9874
v 0.9297 3.7360 15.8894
v 10.2184 -4.5768 5.6139
v 1.8027 4.4525 16.9210
v 0.5277 8.7244 17.1520
v -11.0443 5.3450 27.3219
v -5.9400 -6.7212 19.3337
v -4.5399 -0.7801 19.9415
v -0.6788 2.2236 15.8483
v -5.1701 -0.4589 20.1702
v -1.1874 -5.1704 22.7529
v 10.2100 -3.8930 5.6031
v 2.0877 4.8999 16.9010
v -0.4945 3.0229 16.3831
v -10.4250 3.2901 27.4521
v -4.7903 0.0249 19.7639
v -0.6431 2.6595 15.9843
v -5.8221 -7.0769 19.3299
v 0.6818 3.4129 15.8765
v 0.0142 0.5648 19.1146
v 1.3581 1.9148 17.2326
v 2.6945 3.0970 15.0544
v 0.0039 14.2924 29.8917
v -2.6009 3.3293 19.8114
v 3.5225 4.9381 14.7798
v -5.2381 -1.1943 20.0297
v 1.4087 4.3442 15.8544
v 0.8012 2.1634 17.3138
v -2.4271 1.7653 21.8020
v -4.7872 -1.6784 19.5835
v 11.4545 -4.3470 5.4378
v 3.5633 4.3988 14.7842
v -0.3666 -4.8268 22.0746
v -0.8095 1.3190 17.1033
v -0.9166 -5.3662 22.7830
v -11.4256 4.0279 27.8399
v 0.3107 3.1069 16.8898
v 0.2670 -5.0734 19.9045
v -0.0915 1.4816 17.0759
v 0.7988 2.7599 17.2725
v 11.1697 -4.0275 5.4675
v -4.8325 -1.1826 19.7045
v -2.8105 3.7068 19.7451
v -0.0160 13.9025 30.0393
v -5.4518 -0.5690 19.7675
v 1.9749 4.8895 16.3691
v -0.3349 2.9905 17.0297
v 3.0989 5.3540 14.8788
v 3.3625 3.9761 14.9011
v -10.4898 3.4665 27.1270
v -4.8685 -0.2730 20.1049
v 0.9132 1.9209 17.2540
v 0.2817 -0.8741 19.4284
v 0.1466 -5.9927 19.5792
v 2.2698 4.5508 15.0363
v -11.3727 5.4040 27.4941
v -10.1714 -1.6449 28.6819
v -6.1165 -0.9217 21.0101
v 1.7639 4.6237 16.4555
v -0.8724 -5.0496 22.5768
v 2.4074 4.9875 15.2375
v -10.6140 3.7154 27.0470
v 0.1426 -5.5487 19.7384
v 1.1285 3.9341 15.7499
v -4.8713 -0.5559 20.2387
v -5.2366 -0.1726 19.5592
v -2.8624 0.9446 21.7327
v 0.1956 2.1756 17.4501
v 1.0492 3.6283 16.7294
v -4.4526 -0.8652 19.5420
v -0.5050 -4.9283 22.4987
v -11.0320 4.4221 27.0740
v -2.9978 3.5751 19.7895
v 1.6553 4.6384 15.8764
v 1.1818 3.9517 16.4860
v -4.9819 -0.5012 20.7285
v 2.9662 5.0571 14.7830
v 1.9494 4.9016 15.8223
v -1.1807 2.0967 16.5772
v -11.6317 4.3436 27.6300
v -1.5932 6.6835 19.2410
v -11.0990 5.0196 27.1285
v 0.2551 2.7611 17.2955
v 2.6060 5.2853 15.4507
v -3.1027 3.8998 19.7690
v 2.9275 4.3951 14.7489
v -0.9534 2.7834 16.9595
v 11.2493 -4.5856 5.5603
v 0.8266 3.2723 16.8936
v -0.9011 1.5015 16.7883
v -3.7021 7.7937 19.6380
v -4.3457 -0.4370 20.0697
v -5.7903 -0.7114 19.4827
v -11.3304 4.0675 27.7460
v -0.2882 1.3374 16.9314
v 2.9856 3.9162 14.8288
v -0.3931 8.3496 18.4003
v -0.6695 -4.9294 22.2036
v 3.4992 5.3642 14.8838
v 0.1545 1.7794 17.3202
v -10.7839 3.3995 27.0398
v -12.7061 0.8752 27.6225
v -10.8723 3.8285 26.9554
v -3.9119 7.4416 19.6475
v 2.8173 3.4492 14.9572
v -2.7010 1.1773 22.0726
v 1.4129 4.3404 16.3834
v -3.2992 4.8379 19.5819
v -5.0391 4.7573 20.0864
v -2.1221 0.7258 18.5543
v -3.4962 0.3352 20.2926
v -1.3115 15.0394 29.9397
v -0.1806 2.3166 17.6529
v 1.3080 0.4834 15.8050
v -0.2172 1.0743 17.9796
v -11.0832 2.2571 27.0723
v -5.5831 1.0284 22.4353
v -5.3865 4.5916 19.8242
v -0.3212 2.7211 17.4896
v -10.6080 -1.5012 27.6272
v -1.8307 1.0562 18.7098
v -9.4738 -4.7800 27.7857
v -4.9151 4.2144 20.0183
v 0.8065 1.5983 16.9667
v -5.3966 4.7845 19.7688
v -4.6366 -1.4326 22.6442
v -2.2091 2.0015 19.3115
v -4.2578 8.1127 19.9636
v -5.6064 0.5591 22.5714
v -0.3612 0.6531 18.1464
v -0.8572 1.1544 17.5143
v 1.8897 1.0626 16.3700
v 2.1305 4.4324 19.1363
v -5.0519 4.1065 20.1020
v -0.1134 1.6524 17.5138
v -7.1974 -0.2215 22.9318
v -4.2201 7.6412 19.6448
v 0.7844 2.9971 17.1633
v -0.8799 2.1914 18.1383
v -12.2187 0.7537 27.2890
v -2.8197 0.5975 19.5420
v -5.5406 0.2263 22.7811
v -3.7466 0.0748 20.0205
v -2.1928 1.7032 19.1173
v 2.1282 4.7973 19.1024
v -6.8929 -0.4304 22.9141
v -1.3219 1.6132 18.5235
v -4.2562 7.2279 19.6924
v -0.6675 2.5363 17.8018
v 2.2869 1.1778 15.3074
v -12.0096 0.8362 27.3325
v -2.1227 1.0775 19.0202
v -11.7881 0.8839 27.2911
v -4.8606 8.3035 19.9271
v 1.8086 0.6500 15.8257
v 2.0785 3.9099 18.6089
v 2.4080 1.7145 15.3595
v 3.9990 4.5727 14.9444
v -1.5170 1.2201 18.5396
v -2.3033 1.8266 19.4720
v -5.7034 1.0358 22.4671
v 2.1184 1.5744 16.5261
v 2.0794 0.9918 15.9446
v -0.3086 3.0811 16.8493
v -2.2348 0.7075 18.9752
v -0.4173 2.1451 17.9992
v -10.7706 -1.6141 27.4229
v -0.3180 1.1980 17.5124
v -3.2085 0.0710 19.6450
v -5.6884 0.4739 22.6161
v -2.2018 10.0934 16.9116
v 3.9108 4.9299 14.9029
v 0.2375 1.6049 16.9742
v -10.4666 -1.5122 27.9060
v 2.0998 4.9174 18.6044
v -5.1720 -0.6218 21.8256
v -0.6561 0.7594 18.1261
v 2.5198 2.2377 15.2562
v 0.9683 1.2960 16.7903
v -1.9580 1.7207 18.6699
v -2.3679 2.3459 19.7140
v 0.2520 2.9907 17.0085
v -4.8050 7.2416 19.6159
v -5.7251 0.0974 22.7392
v -3.1290 0.5871 19.6334
v -0.9190 2.7245 17.4934
v 1.3723 0.9148 16.5130
v -11.2282 -0.3094 26.8079
v -0.1893 -6.0229 19.6454
v -2.4285 2.7550 19.8426
v -11.0347 0.0339 27.0040
v 2.5906 2.6862 15.1657
v -10.1548 -1.2973 28.1883
v -0.8542 0.9699 18.0590
v -4.5593 7.9415 20.0038
v 2.0309 4.3925 18.5585
v 1.3559 0.7681 16.2659
v -0.2981 1.7087 18.0653
v -0.2284 -5.7919 19.7809
v 1.8845 1.6654 16.8980
v -0.2625 3.1572 16.3922
v -10.8104 3.6579 28.6872
v -0.8692 1.1533 18.6505
v -11.7475 0.5584 27.0217
v 1.9727 4.3993 18.0068
v -10.7891 1.2053 27.5932
v -10.2812 2.8548 27.4775
v 2.2367 1.1633 14.7781
v -0.4313 1.5195 18.5050
v -0.4675 -0.0334 19.0989
v 0.0620 0.9894 15.8934
v 0.1680 1.4478 16.6231
v 2.1237 4.8629 17.9984
v -10.7237 0.4375 27.6357
v -4.5945 8.1464 20.5472
v -11.7827 0.8802 27.1696
v -0.7762 0.6925 18.6254
v -2.1606 1.8364 18.0350
v -0.2231 -0.5085 19.1880
v -10.4174 0.1798 28.0201
v -2.3128 1.8311 20.4308
v 0.3224 0.6632 15.7547
v -10.8235 3.4478 28.5354
v 0.3581 8.6560 17.3270
v -10.9021 0.1276 27.3312
v 4.5047 4.9864 15.4642
v 0.9771 0.8155 16.2558
v -11.8926 2.6400 27.2388
v 2.7736 2.3592 15.3692
v -4.8198 7.8955 20.1366
v 1.6069 3.6388 17.2417
v 2.0129 3.3511 17.9452
v -10.9472 2.3237 28.0744
v 2.2046 1.4729 14.2865
v -5.0824 -0.6897 21.8980
v -11.3346 -0.4027 26.8610
v 2.0943 2.1530 17.1734
v -0.3958 1.0355 19.0742
v -1.5084 2.2657 17.4693
v -1.7515 13.9050 29.9879
v -11.9325 2.4156 27.1719
v 0.7373 1.0407 16.4035
v 2.8330 2.8358 15.3803
v -2.0489 1.1827 17.5593
v 1.4711 3.2743 17.3515
v -2.3077 1.9391 20.1372
v -11.5797 0.0681 26.8641
v 1.9071 3.9250 17.9906
v -3.3833 0.3363 20.5569
v -0.3714 0.7115 19.3577
v -1.3594 1.1362 17.9982
v -1.8795 2.0426 17.9867
v 1.3588 1.2006 16.7642
v -10.6075 1.6571 27.4431
v -5.3043 7.8567 19.9498
v 2.1223 4.8628 17.5013
v -0.7027 0.6397 19.1010
v 2.3666 2.8362 14.8066
v -4.8396 4.4461 19.8411
v -4.2014 6.6233 19.5815
v 0.0211 3.0386 15.6022
v -2.0171 1.6863 17.4682
v -3.2521 0.4314 20.9553
v 3.9243 4.0454 15.3650
v -11.4971 2.3824 27.0252
v -10.5621 1.0226 27.5683
v 1.3622 1.5734 17.0253
v -5.0349 4.7750 19.5565
v 0.7843 0.4949 15.7922
v -5.1539 -0.4256 21.5010
v -3.6836 0.4740 19.7686
v 1.9011 4.3657 17.4595
v -0.7060 1.0317 18.9669
v 2.2351 2.2462 14.8239
v -10.6455 3.5657 28.4348
v -10.5834 0.5553 27.5719
v -10.9594 2.1798 27.4967
v 2.2122 1.2163 14.3065
v -0.2636 0.0681 18.7781
v 0.0443 8.4528 18.2491
v -3.6651 -0.1100 19.8384
v -4.7470 8.3268 20.8886
v -1.9706 0.9147 18.0517
v -1.4774 2.1456 18.0951
v 1.7668 3.8503 17.4703
v -4.4742 7.3615 20.1358
v -11.9351 0.9068 27.0907
v -1.5182 14.1245 29.9278
v -1.9041 2.0004 17.6706
v -1.5145 1.2456 17.4920
v 4.1257 5.0692 15.2414
v -5.3362 4.0303 20.2057
v -0.3342 0.4417 18.4907
v -0.8330 1.6657 18.5016
v -0.6302 0.2046 19.2352
v -0.1807 3.1118 15.9303
v 1.7256 1.2350 16.7151
v 1.1116 3.0313 17.1946
v -1.4700 14.6296 29.8048
v -10.8407 1.8132 27.5569
v 2.2291 1.6757 14.7885
v 1.7427 3.2750 17.5895
v 4.1978 4.4173 15.3139
v -0.1947 1.1709 18.5840
v -3.0841 0.2460 20.7043
v -4.5132 7.8364 20.2191
v -3.8330 -0.4580 19.6274
v -11.9356 0.5835 27.0519
v 0.2743 1.1751 16.3106
v -0.1486 -0.8912 20.1790
v 0.1977 -3.9215 21.4081
v -3.7356 0.0363 18.6955
v -1.7129 -9.6489 17.6281
v -0.3208 0.4674 19.6084
v -9.2147 0.0601 28.3041
v 2.5321 -10.7451 14.7900
v -5.2024 7.9405 19.0955
v 2.1873 -11.0372 14.5063
v -9.7383 1.5915 27.9699
v 0.0363 -4.3777 21.5528
v -9.3620 -0.5557 28.2374
v -1.7258 -9.8161 17.4214
v -6.1863 -13.1470 20.8567
v 0.9319 -9.7244 16.0883
v 1.9808 4.9656 20.9399
v -0.3280 -0.6259 19.6639
v -9.5497 1.8370 27.8192
v -6.0120 -12.8434 20.8844
v -2.5948 1.1475 17.9609
v 2.1249 4.6178 20.7038
v -3.5263 0.5318 18.6943
v -5.3426 8.3561 19.1326
v -2.5777 0.7112 18.1230
v -0.4292 0.0463 19.7034
v -9.7032 2.0797 27.8481
v 1.7374 -8.9220 16.7399
v -8.1527 1.6417 29.1159
v -1.7604 -9.9877 17.2904
v -9.8671 0.0437 28.2978
v 2.1060 5.4003 20.9046
v -3.8272 -0.4513 19.1608
v -9.7729 2.2754 27.5492
v -3.5253 -0.2553 19.0063
v 2.1130 4.9236 20.3415
v -10.0131 2.6739 27.5477
v -1.6802 -9.4555 18.1227
v 0.9606 -8.5715 17.0829
v -9.6919 -0.4841 28.2705
v -9.3103 1.6374 28.1646
v -2.4373 1.5712 18.0083
v -9.6965 1.8216 27.7021
v -4.1060 6.0734 19.3563
v -3.7437 0.6009 19.1399
v -2.9289 1.0361 18.2262
v 1.2331 -8.8505 16.7478
v -3.4459 0.8448 19.1066
v -4.2189 6.6934 19.3022
v -1.5963 -9.1777 18.3236
v -6.0042 8.3704 19.3570
v -3.0264 0.5554 18.2338
v -2.3959 1.2356 17.6934
v -2.1365 1.9312 19.4701
v 1.1056 -8.6312 17.0040
v -9.5266 -3.9346 27.9812
v -8.2162 1.2457 28.5558
v -1.6309 -8.9019 18.4814
v 2.1542 4.8283 19.4749
v -4.4254 7.3383 19.2978
v -2.6790 1.1081 19.2401
v -3.1949 0.5578 18.5011
v 1.4408 -9.4791 16.2133
v -9.5241 -4.3084 27.8323
v -2.3491 9.8678 17.0110
v -3.0502 1.1070 18.5808
v -4.4070 7.7810 19.2418
v -2.5228 0.5519 19.1791
v -2.5217 9.5326 17.1359
v 1.8578 -10.0391 15.8236
v 1.2934 -9.0514 16.5073
v 0.0502 -4.3783 21.8495
v -0.1735 -6.7092 19.1637
v 1.0388 -8.7185 16.8206
v -5.2730 5.1235 19.3850
v -2.1908 2.1910 19.7181
v -2.8028 0.2103 19.1302
v -2.5672 1.5957 18.5820
v 1.7075 -9.7706 15.9885
v 0.0298 -4.1858 21.8719
v -2.2778 2.7928 19.8829
v -0.3642 -7.0989 19.1113
v -3.2505 0.1055 18.6294
v 2.2940 -10.6486 15.2015
v -7.7788 1.6384 28.6793
v -12.1889 3.7858 24.3597
v -11.1561 -0.0234 26.7095
v 1.6772 -9.6692 16.1890
v -4.9257 7.8761 19.1249
v -9.6021 -3.9699 27.9953
v -2.6198 0.4396 18.5893
v 2.2200 -10.2835 15.4359
v -7.7471 1.3022 28.4388
v -3.1664 1.0333 19.1695
v -0.1689 -0.8749 19.7585
v -0.2718 -7.8439 18.5685
v 1.9046 -10.3593 15.5967
v -4.7608 7.3371 19.0820
v -9.6355 -4.5469 27.8927
v -12.1103 3.5547 24.3903
v -0.1109 -6.2967 19.2966
v -9.9637 -2.8499 28.3336
v -9.4313 -4.4629 27.7804
v -3.1985 -0.0819 19.1078
v -0.1683 -0.1416 20.0987
v -0.2245 -7.2503 18.6354
v 1.5778 -9.8819 15.7640
v -8.1156 1.6287 28.6672
v -0.2224 -0.5008 20.1447
v -9.8185 -3.3237 28.1887
v -2.5170 1.5970 19.0684
v 1.3432 -9.6222 16.0445
v -5.7801 -0.7349 18.8087
v 0.3701 -1.4475 19.8720
v 11.3427 -5.5347 5.5925
v 0.7099 -3.3514 19.9067
v 1.5547 4.7992 22.1869
v -13.8714 4.7542 23.4915
v -5.7895 -6.8437 20.0315
v -14.2008 4.6310 23.3180
v -12.5857 3.8427 24.1726
v -10.6428 3.7288 26.6335
v -5.2195 -0.2248 19.2741
v 12.0764 -6.1199 5.3387
v -12.0659 3.5204 24.5459
v -10.9787 3.5661 25.8851
v -2.6443 9.4834 17.3090
v -10.8762 3.7838 25.8582
v -0.3229 6.0385 20.3995
v -5.4534 -0.4462 19.0744
v -11.9578 3.7171 24.5810
v -1.3444 -11.4432 16.5397
v 0.7947 -2.9360 19.8841
v -6.1669 -1.7120 18.2708
v 1.7087 5.1832 22.5776
v 11.2705 -6.0832 5.6706
v 0.1397 -7.7027 18.4928
v 10.3127 -8.9571 5.7730
v 0.2306 -1.2030 19.7184
v 1.5261 -2.3747 20.6523
v 0.0267 -6.2279 19.3584
v 1.4060 -2.7243 20.2157
v -5.8530 -7.2634 20.1926
v -0.7275 -4.6396 22.2060
v -13.7338 4.4977 23.5933
v 1.5586 4.5026 22.1214
v -7.5489 1.1300 28.0511
v -14.4119 4.9229 23.2834
v -1.3658 -11.5584 16.3797
v -8.0468 1.5324 28.1091
v -5.9372 -7.8156 20.3281
v -11.4708 3.6666 25.1179
v 1.8603 -2.3216 20.1770
v 2.0546 5.3306 21.9409
v -0.8964 5.5090 20.7904
v 11.2945 -5.0460 5.5433
v -4.9755 -11.9851 20.4762
v 0.1476 -7.3446 18.6042
v 10.3012 -10.0391 5.7959
v 0.1371 -0.1576 20.1147
v -2.0513 6.0194 19.6452
v -4.8489 -1.1371 19.0972
v -5.9063 -8.2589 20.2138
v 11.8070 -4.9817 5.3772
v 0.3378 -0.5206 20.2496
v 1.8776 3.9792 22.5313
v -8.5971 1.5853 28.5176
v -9.9304 -2.7103 28.4259
v -0.4123 -4.5882 22.3521
v -11.4097 3.5288 25.2336
v 0.6745 -3.8619 20.0062
v 10.2104 -9.6352 5.7622
v -5.1516 -13.4245 21.8054
v -11.2001 6.2203 26.1675
v -4.8558 -12.1048 20.4913
v -5.0271 -1.4248 19.2311
v 1.9836 -3.3339 20.1403
v -10.0359 -2.1926 28.4766
v -1.6296 5.5265 19.6206
v -10.8000 3.8189 26.3662
v -8.7167 1.1983 28.5759
v -3.5037 6.9779 19.0872
v -5.9197 -8.3500 20.7094
v 10.6634 -9.5162 5.8057
v -1.1121 5.1063 20.7903
v 1.8193 5.1186 22.0598
v -5.3819 -0.6529 18.7785
v 1.3149 -1.7901 20.2246
v 1.2922 4.4397 22.5897
v -14.1456 4.8905 23.4881
v 0.7712 -1.7530 19.6814
v 11.3023 -7.5925 5.5793
v -0.7807 -4.6824 22.5724
v -0.5958 5.7982 20.5818
v 1.8448 4.3042 21.9053
v 1.0604 -1.3241 20.1258
v -13.1519 4.0246 24.0332
v 1.8668 -2.9173 20.2734
v -8.0571 1.2706 28.1757
v -5.7935 -0.6239 19.1118
v -8.8510 0.5907 28.5822
v -5.7592 -7.8887 20.5795
v 1.5159 4.9125 22.5418
v 0.5763 -7.7655 18.3419
v 0.8345 -1.1234 19.5949
v -5.6111 -7.3584 20.1131
v 10.1603 -10.6052 5.7549
v -5.6231 -7.7441 20.1829
v 0.3384 -4.7148 19.9369
v 0.8189 -2.3441 19.7939
v -2.0403 1.3131 22.7823
v 11.3823 -6.8420 5.6101
v 1.9918 4.1245 22.1277
v -1.4374 6.6979 19.6406
v -0.3368 -4.5322 21.9706
v -13.1468 4.4205 24.1226
v -11.5240 3.6606 24.8003
v 1.3597 -2.2271 20.4645
v -9.0376 1.6131 30.0017
v -11.1576 6.2251 26.0740
v 11.8527 -7.3278 5.4398
v 10.6081 -9.0132 5.7627
v -2.2298 1.9970 21.7158
v -9.9901 -1.7986 28.5666
v -7.5238 1.1241 27.5591
v 0.0184 -6.7068 19.1311
v -7.4883 1.5118 28.0897
v -1.5982 6.1095 19.6482
v 11.3286 -7.2358 5.5882
v -0.1981 -4.1223 21.8235
v -11.5523 3.4087 24.7673
v -7.4119 0.7944 27.7357
v 11.7521 -6.6602 5.4708
v -5.0014 -0.9503 18.8055
v 0.6569 -0.7241 20.1088
v 1.9623 5.3989 22.6611
v 0.0250 -7.0701 18.8987
v 1.4165 4.0164 22.6643
v -9.9442 -1.2500 28.5840
v -2.7466 8.9827 17.3935
v 1.0956 -1.2688 19.7810
v 1.9064 -2.8323 19.6884
v -4.3628 -0.6953 19.0771
v 10.7938 -7.7294 5.6352
v -5.4137 -13.2490 21.5578
v -6.5065 1.2127 27.9283
v -9.6992 -0.7359 28.3958
v -9.1845 1.5656 28.5438
v -6.4111 1.6453 27.6519
v -4.9061 -0.6115 18.8427
v -5.6169 -7.2250 19.7904
v 0.8044 -1.1415 20.2919
v -5.9673 -10.1017 20.8242
v -1.3029 4.8521 20.7089
v 2.0986 -3.3062 19.7310
v -5.4743 -11.7485 20.6407
v 10.2911 -5.0311 5.7419
v -9.5839 -0.2965 28.4130
v 1.3160 -1.6842 19.7039
v -2.2096 -8.5789 16.0272
v 2.0693 5.4265 21.4909
v 0.6016 -3.7870 20.7132
v -4.3588 0.1155 19.0632
v -3.7888 5.7215 19.3833
v -2.1660 3.3594 20.1527
v -5.8933 -9.5052 20.8916
v 0.4103 -3.4489 20.2758
v -6.1005 -2.0632 19.1114
v 0.7198 -1.7625 20.3703
v -11.7127 5.7055 25.9319
v -5.6383 -6.8549 19.7151
v -6.1012 -0.9502 19.1729
v -11.3658 5.1938 26.5984
v -5.5191 -1.5669 18.8079
v 0.3702 -3.9026 20.2651
v -1.7023 -8.0559 16.1218
v 0.6480 -3.5369 20.7061
v -7.0672 0.7979 27.6817
v 10.8053 -6.6660 5.6218
v 10.3212 -6.1053 5.6401
v -4.1970 0.3465 19.2169
v -3.8542 6.1229 19.3737
v 0.6387 -0.6462 19.7094
v -11.4439 5.9736 26.0988
v 0.7030 -7.9985 18.0392
v -5.9751 -6.1616 19.7800
v 0.7219 -2.3259 20.3015
v -7.0742 1.0598 27.4768
v 0.4393 -4.4597 20.0774
v -5.4007 -1.1792 18.6691
v -6.9037 1.4612 27.8503
v -5.9327 -8.9074 20.8608
v -5.7860 -1.8515 19.1571
v 10.7821 -7.2123 5.6303
v -1.7288 -8.1602 16.2088
v -4.7681 -13.8479 22.3283
v 10.2388 -5.5790 5.7335
v -13.5711 4.7370 23.9448
v 1.3462 -2.3026 19.6691
v -5.5434 -13.0629 21.4212
v -3.5460 6.8152 19.1414
v -6.1760 -5.7740 19.6544
v -6.0154 -12.3070 20.8628
v -9.3430 -0.5603 28.4056
v -6.9322 1.4070 27.6367
v 0.7331 -2.8345 20.2360
v -6.0522 -8.8246 20.4166
v 10.7991 -5.5839 5.7908
v -7.0575 1.1607 27.9273
v -0.2049 -3.9928 21.3836
v -4.7924 -0.0335 19.2160
v 0.2377 -1.1304 20.3331
v -6.0837 -2.0510 18.7090
v -5.9666 -7.2536 19.6303
v 1.2677 -2.7306 19.8827
v -0.0149 0.3438 19.6209
v 10.2534 -7.2359 5.6732
v -4.1762 -0.1500 18.8164
v -11.6142 5.4235 26.4217
v 10.7869 -6.1242 5.6975
v -1.5816 -7.7850 16.0014
v -4.3320 -0.4241 18.8322
v 0.2366 -3.9435 20.8697
v -8.7692 1.6657 29.7294
v 0.4797 -1.6614 20.1701
v -6.2589 2.1015 28.0912
v -0.2545 -4.3415 21.5097
v -5.9598 -11.7512 20.8512
v 0.8173 -3.3599 20.3359
v -13.3447 4.3567 23.8570
v -5.8879 -6.6410 19.8254
v -4.8095 -0.4973 18.9481
v -9.0853 0.1041 28.4117
v 10.2743 -6.6570 5.6293
v -1.9040 2.2117 21.5727
v -11.0639 3.7038 25.3229
v -5.2477 -11.9196 20.5673
v 0.3990 -0.3387 19.6402
v 1.9690 4.5051 21.4432
v -5.8408 -1.6940 18.5716
v 10.1399 -8.4706 5.7453
v -5.9888 -11.2821 20.8223
v -4.8855 -13.7143 22.1653
v 0.3666 -7.7985 18.2634
v 0.7094 -3.9658 20.2051
v -1.1339 -11.5821 16.3458
v -1.9244 -8.5356 16.3987
v 0.2641 -3.5821 20.8493
v -6.0701 -9.5123 20.5356
v -9.0211 0.4673 28.4073
v 10.7630 -5.0925 5.5906
v -4.9567 -13.5398 22.0218
v 10.3440 -7.7721 5.6761
v -5.3318 -1.5863 19.1241
v 1.8722 4.9777 21.4148
v -5.8124 -7.7108 19.8796
v 1.7936 -2.2825 19.7266
v -5.9348 -1.1226 18.5592
v -3.4385 5.2255 19.1451
v -6.4873 1.7214 27.9755
v -6.5135 1.2449 27.5844
v 0.6001 -4.4066 20.1106
v -3.2946 7.2310 18.9645
v -6.0720 -10.7157 20.8548
v -11.5252 5.9991 26.1679
v 0.1957 -0.0160 19.6975
v -5.7954 -12.9834 21.2608
v -11.0927 3.5301 25.3072
v -1.2067 5.2558 20.5302
v -10.8430 -2.9080 36.3709
v -10.4109 -2.3369 36.5480
v -8.1063 2.7896 32.9504
v -10.5660 -2.7875 36.4578
v 1.1242 1.7719 39.2511
v -9.1794 3.8052 31.8823
v 0.8670 1.6484 39.1140
v -8.0823 2.9209 32.7837
v -10.6171 -2.7021 35.6546
v -9.1980 1.5463 30.3589
v -1.6779 11.2311 35.4256
v -1.9872 10.8864 34.9572
v -8.4892 3.2622 32.5047
v -8.5115 3.6274 32.3715
v -3.8403 8.0623 41.0945
v -8.7603 3.7913 31.9136
v -3.8016 7.8845 41.3285
v -10.2625 -1.8488 35.9878
v -10.6858 -2.7129 35.9475
v -8.6522 3.5179 32.1466
v -10.5194 -2.1575 35.9370
v -1.8333 11.0598 35.3850
v -6.8548 4.5099 33.1811
v -8.4202 3.7080 32.1864
v 0.8101 1.3223 38.6226
v -5.4814 6.5883 40.9629
v -4.0726 7.6826 41.2395
v -10.6995 -2.4681 35.6367
v -1.6412 11.2324 35.9287
v -8.3063 3.4768 32.2387
v -7.6146 3.4204 32.6673
v -4.6565 7.2130 40.8345
v 0.3578 1.4600 38.6813
v -7.5503 3.7324 32.6008
v -6.4712 4.6168 33.1392
v 0.2208 1.3254 38.7511
v -0.7625 12.3111 36.8595
v -8.4806 2.7441 32.8067
v -6.4374 4.8714 33.0806
v -1.0639 11.8534 36.9248
v -6.3449 3.5528 33.2795
v -8.1589 3.4845 32.5635
v -4.3425 7.4540 41.0214
v 0.7726 1.4698 38.6670
v -10.2811 -1.6258 35.5239
v -8.0270 3.6522 32.3957
v -6.5517 3.8636 33.0982
v -4.0571 7.8022 41.1073
v -8.5149 2.5688 32.9905
v -6.3863 4.7467 32.7840
v 1.8445 1.2106 38.6677
v -9.4222 4.1832 31.5836
v -6.5122 4.3330 32.4483
v -6.4515 3.7674 32.5725
v -9.2132 4.0381 31.5953
v 1.2973 1.7036 38.7185
v -1.2190 11.6443 37.0113
v 1.9275 1.6659 38.2944
v -8.0995 3.1885 32.9464
v -1.2760 11.3432 37.0226
v 1.9509 1.3259 38.3058
v -1.4195 11.2073 36.4860
v -1.4210 11.4417 36.6805
v -6.4494 3.8928 32.2350
v 1.3423 1.1386 38.6664
v -6.9803 3.7761 32.6061
v 1.8353 1.6229 38.6666
v -6.2935 4.4088 32.1131
v -7.7771 3.2801 32.9372
v 1.4147 1.5225 38.3918
v -7.1640 3.5016 32.6244
v -7.6462 0.4530 36.8754
v -1.0695 13.1343 31.2103
v -7.1023 5.0349 34.7108
v -0.3185 12.0724 31.7143
v -9.1709 5.0585 35.9823
v -7.0800 4.5056 34.5745
v -1.0195 12.8686 31.3648
v -1.9189 13.8602 31.0124
v -7.1410 1.5450 35.8422
v -9.0553 4.5994 36.1974
v -8.8942 3.4841 36.8049
v -0.4819 11.1989 31.7234
v -6.0051 6.4163 40.0309
v -4.8835 1.1460 37.5514
v -7.5412 4.9028 34.2714
v -0.4819 11.5135 31.7302
v -7.8380 0.2320 36.9833
v -6.0198 6.2441 39.8331
v -7.2037 5.4240 35.2924
v -7.6005 4.5719 34.2400
v -8.7056 3.7382 36.4055
v -2.0006 13.8816 30.3324
v -0.7531 11.7927 31.6507
v -7.1883 5.0696 35.2960
v -0.6496 11.2512 31.7026
v -8.8115 3.5587 36.6143
v -6.1557 6.2524 39.4781
v -7.1973 1.1387 35.9942
v -7.4302 0.9398 36.2223
v -7.1507 5.3159 34.9206
v -1.2935 13.0699 31.1564
v -8.8670 4.2301 36.2387
v -7.9657 4.5616 34.5048
v -8.1178 -0.0450 37.1658
v -1.6640 13.5373 31.1652
v -0.8287 12.3378 31.5224
v -7.5598 0.6022 36.5523
v -4.8674 0.7066 38.2482
v -6.7889 4.1598 33.4959
v -8.1713 4.4209 34.7596
v -6.3975 3.3438 34.0385
v -7.4618 5.0887 35.3636
v -0.5125 12.9183 30.5992
v -5.7260 6.5432 40.4029
v -8.6643 4.0507 35.9224
v -8.0442 5.0272 34.7929
v -1.7399 13.5902 31.2719
v -4.9008 1.0209 37.9683
v -9.0321 3.2995 36.9852
v -6.3033 3.6707 34.0276
v -0.4624 13.2858 30.4212
v -7.8776 4.5240 35.1518
v -9.4481 5.0504 36.8339
v -8.7685 4.4209 35.9094
v -1.8614 13.9565 31.2361
v -0.8810 12.7878 30.8060
v -6.9882 4.8428 33.7176
v -6.6742 4.4616 34.0182
v -0.1642 13.7336 30.1786
v -10.0804 -1.5162 35.4582
v -7.0277 4.4773 33.7472
v -8.7523 5.0104 35.7494
v -7.2382 0.9607 36.2884
v -7.5417 1.1156 35.8350
v -9.8654 -1.4027 35.5403
v -6.7138 4.8319 34.0583
v -8.2731 4.9287 35.3242
v -6.4641 3.8620 33.6882
v -1.4142 13.3766 31.2791
v -7.5235 4.5427 34.6801
v -4.9283 0.4282 38.7322
v -8.1116 4.2620 35.3922
v -5.3789 6.7687 40.4337
v -6.3828 3.3501 33.7230
v -7.6045 5.0157 34.8850
v -9.2201 4.9904 36.3673
v -4.9762 6.9669 40.5941
v -6.9863 4.3993 34.1919
v -4.7944 0.1816 38.9904
v -8.1766 0.6623 35.8909
v -7.4628 5.3321 35.3572
v -9.6727 5.0602 37.1119
v -6.6159 4.7911 33.6588
v -7.9320 0.8781 35.8289
v -6.9796 4.9746 34.2426
v -6.4554 4.3840 33.6765
v -1.5449 13.7486 31.2280
v -8.6228 4.8984 35.4615
v -9.7505 -1.2083 35.8346
v -0.1015 13.1798 33.0607
v -8.8624 0.0616 36.0353
v -8.7635 4.5507 35.3503
v -4.7462 -0.0707 39.3972
v -7.2260 5.8438 37.2901
v -0.3042 12.8568 33.0771
v -9.8208 -1.6975 35.9308
v -8.6109 0.3267 36.0030
v -7.2133 5.6555 37.1114
v -9.9475 -1.9986 36.1712
v -7.3554 5.2777 35.9516
v -9.4373 -0.9611 35.7818
v -8.5164 4.5141 34.8494
v -7.4456 5.3975 35.6976
v -8.3446 3.9330 35.9439
v -7.2029 5.5745 36.5051
v -0.8089 12.8344 33.1027
v -8.2528 4.3345 35.7300
v -7.2562 5.8739 36.3547
v -6.4043 2.8215 34.3107
v -7.9421 6.2988 37.1630
v -7.4311 5.4326 36.4259
v -0.8611 11.1745 31.9165
v -7.1662 5.5160 35.8752
v -6.4423 2.2386 34.7999
v -8.2302 6.6808 37.2649
v -0.7983 11.6254 31.8773
v -0.2916 12.5050 32.3920
v -6.9761 1.6772 35.3504
v -9.7584 -1.3159 37.1715
v -9.0732 -0.2789 35.9255
v -0.6298 12.7704 32.8217
v -8.6092 4.3525 34.4712
v -9.8652 -1.6419 36.9072
v -9.2984 -0.6282 35.8935
v -6.4837 2.2133 35.1510
v -7.5923 5.9629 37.1572
v -0.2568 12.8816 32.6870
v -9.8978 -1.7501 36.5525
v -0.3035 12.2667 32.0422
v -7.2557 1.3726 35.4821
v -6.7680 2.0915 34.8286
v -0.3773 11.7460 31.8550
v -9.9243 -2.1514 36.5175
v -6.7032 1.8656 35.1471
v -0.4581 11.1944 31.9970
v -6.8421 1.8846 35.0110
v -7.4928 5.5320 36.9577
v -0.3831 6.9732 32.3632
v 1.3836 6.6276 31.4575
v -0.4200 10.6044 31.9481
v -5.7686 1.7593 35.3927
v -7.5197 6.0617 37.5248
v -3.6829 4.2561 33.6532
v -0.7792 7.9340 32.0577
v 1.3447 6.1395 31.4380
v -0.2506 10.0010 31.8757
v -5.4557 1.0417 35.5137
v -7.0003 6.1762 38.6847
v -3.8994 4.0956 33.5934
v -0.2060 9.5339 31.8591
v -7.4613 5.6054 37.5489
v -0.8628 8.3488 32.0764
v 0.6289 7.1947 31.5809
v -5.8406 2.0918 35.2584
v -2.3841 10.5858 33.5595
v 0.1392 8.3802 31.7032
v -2.2643 10.4412 33.3035
v -0.1688 9.0013 32.0396
v -8.2088 6.7498 37.4236
v -5.5247 1.7103 35.4044
v -7.9090 6.3526 37.6203
v 1.8566 6.1806 31.2955
v -2.2677 10.0949 33.1510
v -0.3596 8.2561 31.9955
v -0.9902 8.5302 32.3155
v -0.4268 7.8725 31.8454
v 1.6991 5.8103 31.1985
v 0.8764 6.5861 31.1335
v 0.1721 7.2539 31.4777
v -2.3978 10.6046 34.2263
v -5.9668 2.2464 34.8254
v -6.6840 6.1248 38.8417
v 1.0164 6.2198 31.1279
v -0.3522 7.2069 32.0318
v 0.1968 7.8443 31.6177
v -9.7949 -1.2884 37.3355
v -7.0860 6.0098 38.2737
v -0.7191 7.1214 32.6229
v -6.0410 2.7328 34.6430
v -5.6025 1.9929 35.2961
v 2.0871 5.6494 30.4911
v -1.4506 8.9285 32.4425
v -6.0249 2.7892 34.1772
v -1.4162 8.4094 32.3960
v 0.2462 6.8003 31.5256
v -7.5373 5.7461 38.1218
v -6.0959 2.4336 34.3588
v -3.7407 -2.8223 36.4154
v -1.9234 9.0376 32.2669
v -7.5787 6.1959 38.1809
v 1.3789 6.0192 31.0042
v -2.0798 9.3662 32.4675
v 2.0537 5.8540 30.4560
v 1.3380 6.5175 31.0228
v -2.0431 9.2348 32.2896
v 0.9011 6.2978 31.4477
v -7.2017 5.9306 37.7205
v -1.7421 8.5876 32.4279
v 0.7495 6.6517 31.4443
v 1.9374 5.6154 30.9077
v -2.0964 8.9602 32.5337
v -1.3947 8.4918 32.1891
v 1.8897 6.1443 30.8242
v -7.6474 6.5984 38.7697
v 1.7391 6.4012 31.0893
v -7.2521 5.6119 37.6957
v -1.5178 8.8202 32.2269
v -7.7442 6.3371 38.4539
v -0.3458 6.8262 32.6308
v 0.7786 6.7432 31.7932
v -4.5289 -1.5195 36.7183
v 1.5958 9.3048 32.3569
v -4.5176 -1.3519 36.4094
v -7.5769 6.8157 39.0477
v -4.1608 -2.2140 36.6413
v -5.9788 3.3334 33.6903
v 1.6436 9.1786 32.3383
v -5.2841 1.5816 36.4537
v 1.7943 9.6045 32.0890
v -5.9820 3.8260 33.6771
v -5.1576 1.2359 37.2158
v -4.4629 -0.6451 35.9783
v 1.9134 9.5021 32.4415
v -4.6859 -1.2233 36.4847
v 0.2627 6.8144 31.8492
v 0.8332 7.6417 33.0049
v -5.1482 1.6361 36.8066
v -4.5548 -1.5607 36.5166
v -4.3767 -2.3157 36.8170
v 0.7740 7.4571 32.9494
v -4.7884 -0.5095 36.0220
v 1.2887 8.9592 32.4935
v 2.1417 9.9045 32.4146
v -4.4422 -1.9006 36.7742
v 1.6073 9.3433 32.2550
v -4.9716 -0.1084 35.9184
v -5.9901 3.3702 34.2196
v -8.5154 7.1686 37.3211
v 0.1072 8.9960 31.8883
v -5.2351 0.6137 35.6934
v -5.0324 1.5137 36.9014
v -4.8800 4.6257 33.5320
v -5.9389 3.3153 34.7260
v 0.6732 7.5116 32.7324
v -6.8285 6.5321 39.6486
v 0.1880 8.4661 31.9668
v -5.4509 1.1138 35.6722
v 1.1118 7.7276 32.8522
v -4.5847 -1.1561 36.1666
v -4.8070 4.8039 33.7826
v 0.8186 7.5846 32.7302
v -0.5638 -11.1475 34.1787
v -6.5216 6.2648 39.2398
v -0.2635 7.3257 31.6758
v 2.0819 9.7999 32.9819
v 0.2171 7.7928 31.9980
v -4.8659 -0.6496 36.2413
v -0.1966 7.7647 31.6583
v 0.2950 7.3381 32.0246
v -5.1520 0.0017 35.8288
v -0.6357 -11.1957 33.7340
v -6.9604 6.4636 39.2622
v -4.4572 -1.1566 36.0155
v -4.8331 4.8602 33.9808
v -0.5816 -11.3453 33.6677
v -0.2449 10.0622 31.7096
v -6.3503 6.3083 39.6351
v -4.1164 4.1931 33.4570
v 0.4566 7.5236 32.4096
v 0.0211 9.9198 31.8730
v -6.6320 6.5257 39.5823
v -0.3829 10.5934 31.7192
v -4.0529 4.1210 33.4926
v 0.4105 8.6224 32.4202
v -5.4553 1.7192 35.9231
v -0.2613 -12.2793 33.7667
v 0.0356 9.5013 31.9807
v 0.2336 8.8542 32.5826
v -5.0139 1.3247 36.9358
v -0.1049 9.6564 31.7183
v -0.3745 -11.7785 33.5409
v 0.6317 7.0813 31.8621
v -1.3312 -10.5836 32.3684
v -1.4354 -10.1065 32.2472
v -0.7540 -11.0748 32.9823
v -4.6071 4.0545 33.0551
v -5.9043 4.6340 31.9964
v -1.1930 -11.1528 32.3697
v -5.9881 3.8878 32.1288
v -5.3569 4.3942 32.5274
v -3.8283 4.7727 30.1777
v -1.9850 -10.6267 31.9145
v -1.1080 12.2240 38.0175
v -0.7052 -11.5601 33.1641
v -4.8238 4.3422 33.1208
v -3.8913 4.5499 30.1228
v -1.2229 12.1316 37.8055
v -0.2691 -11.7781 33.1423
v -5.9496 3.8886 32.5781
v -5.3564 4.4510 32.0019
v -0.8417 7.1838 35.8133
v -5.9432 4.5449 32.6009
v -4.3378 4.2186 33.2847
v -5.5057 4.0194 32.0731
v -1.3037 -11.2108 32.0594
v -1.3519 -10.6003 32.1173
v -1.4800 -9.9287 32.3503
v -0.3840 -11.2640 33.0940
v -1.3424 11.7657 37.5023
v -5.9187 3.9097 33.1440
v -6.0980 3.5178 33.3005
v -6.1460 4.8277 32.9284
v -1.0739 -11.0988 32.1998
v -0.2895 -11.0964 32.6555
v -5.0554 3.7782 31.7763
v -4.9695 3.3265 31.8611
v -6.0236 4.4315 33.1136
v -0.3352 -10.6905 32.5457
v -0.3436 -10.1249 32.0288
v -0.9447 -10.7185 32.1300
v -0.8076 -10.0995 32.4115
v -0.4442 -10.6178 32.2540
v -0.3669 -10.2304 32.4479
v -0.8828 -10.4335 32.5380
v -0.8273 -10.0142 32.0456
v -0.8690 -11.1905 32.3889
v -0.6513 -9.7871 31.8961
v -5.2058 4.4138 32.8778
v -1.2365 12.3983 38.0043
v -1.9590 10.7301 35.1845
v -5.3659 4.0402 30.9442
v 0.1921 -10.4694 32.1366
v -4.3752 2.3462 32.0810
v -1.2594 -8.8672 30.3795
v -0.9095 -9.5024 31.4668
v -2.4082 9.1322 32.6569
v -0.7706 -9.9020 31.6462
v -1.0461 -9.2296 31.3444
v -5.3852 4.8097 30.9691
v -5.6152 4.3834 30.8278
v -4.7923 2.7585 32.0295
v -2.4619 9.9108 32.6667
v -5.0135 4.3299 31.3792
v -1.9292 10.6381 34.7302
v -5.2022 4.0989 30.4016
v -4.7630 2.3190 32.0762
v -5.4430 4.3162 30.2994
v -0.4999 -9.9224 31.6653
v 0.0507 -10.3117 32.0061
v -1.2266 7.3546 34.6295
v -5.3234 4.7864 30.5746
v -5.7133 4.5069 30.9748
v -5.0688 3.9588 31.6215
v -2.5750 9.4923 32.5619
v -1.3438 7.3537 34.1697
v -5.3277 4.5487 31.6707
v -5.4184 4.7380 31.3991
v -0.9993 -9.0955 30.8963
v -4.9790 4.1267 30.3972
v -2.4386 10.0047 33.1083
v -2.1694 10.5913 34.2325
v -4.6825 4.3793 30.3516
v -2.4364 9.6899 32.8984
v -5.3201 3.8779 31.5586
v -0.9754 -9.3712 30.9808
v -1.1471 7.2865 34.9668
v -4.8546 4.8487 30.3718
v -5.9026 4.3380 31.4716
v -1.0548 -8.8800 30.3919
v -5.0250 4.1126 30.8267
v -5.6820 4.7854 31.2522
v -2.2641 10.2788 33.4418
v -0.8043 7.3147 35.4516
v -4.8902 4.7580 30.8220
v -2.2297 10.5295 33.6519
v -5.7854 4.0433 31.4515
v -4.5044 4.4974 30.1039
v -4.8464 4.5333 30.9508
v -1.3959 -8.6465 30.0665
v 4.6073 5.4905 33.6579
v 4.2467 2.7113 36.9918
v 5.3830 5.5206 35.2503
v 8.7854 4.3786 31.1144
v 4.1241 2.2970 37.0640
v 5.6344 5.0555 35.5007
v 8.7481 3.9688 30.8811
v 8.0880 3.2950 30.3108
v 5.8795 6.1012 34.7769
v 7.6312 2.9335 30.6323
v 4.6849 6.0688 33.6632
v 5.7965 6.7089 34.7216
v 5.3500 5.8506 35.1109
v 8.1093 10.6627 31.5359
v 8.8527 3.4189 30.6978
v 3.8441 3.9909 36.2017
v 5.5930 5.3810 35.4156
v 4.6543 5.4881 34.2126
v 7.7099 10.8306 31.7608
v 5.2304 5.5728 34.7337
v 8.7790 -1.0068 32.5774
v 4.5896 6.0227 34.2076
v 9.0357 -0.7233 32.5581
v 5.1340 5.1743 35.4272
v 5.1877 6.0800 34.7831
v 8.6391 3.2021 30.3399
v 8.9075 4.5546 31.2578
v 8.6747 3.6592 30.3705
v 8.5561 -0.4271 32.9132
v 4.0204 2.8139 36.6581
v 4.2512 5.0821 34.9778
v 9.3500 -1.5278 32.4949
v 4.5116 4.6179 35.3377
v 7.9942 10.8312 30.9891
v 5.4599 6.4527 34.2785
v 5.8743 6.1589 33.5908
v 4.7454 6.0693 34.6591
v 5.1576 5.1985 33.5099
v 9.1763 -1.1391 32.5506
v 5.7296 6.4607 33.8516
v 5.1566 6.2914 34.2004
v 3.7538 4.1193 36.1909
v 4.6117 4.9614 35.2651
v 4.5388 5.5662 34.7464
v 9.1005 3.3534 30.3131
v 8.6300 4.4293 31.3158
v 5.2571 5.4725 34.2241
v 8.6095 -0.5686 32.5623
v 3.7512 4.2288 36.0469
v 9.7818 -1.5996 32.2598
v 9.7271 3.3286 30.9179
v 9.7212 3.6492 30.8568
v 8.5347 -0.0917 32.6189
v 9.1830 3.7028 30.4361
v 9.6136 -1.3570 32.2821
v 5.8196 5.5741 33.6754
v 7.9472 0.3330 32.5750
v 4.1626 4.3846 35.3702
v 5.1909 6.3280 33.7098
v 5.7586 6.6390 34.2719
v 9.6538 -1.2036 32.5184
v 4.6389 4.9998 34.7837
v 4.1668 4.8963 35.2223
v 4.5744 4.6049 34.9151
v 9.7875 -1.7032 32.4990
v 9.5676 3.6373 30.5557
v 9.3260 -1.1619 32.2817
v 9.1589 3.6916 30.8006
v 4.3053 5.3012 34.8142
v 8.2342 -0.3874 32.5948
v 5.7575 5.6522 34.2292
v 9.8517 -2.0317 32.4941
v 4.8324 5.3938 35.3576
v 8.1343 -0.0414 32.6114
v 9.2103 3.3281 30.7878
v 5.2432 5.3186 33.7165
v 9.6534 3.4269 30.5145
v 6.0141 6.6837 36.4012
v 7.4299 0.5617 32.2823
v 6.4475 0.2332 33.3153
v 6.3665 1.1200 33.1283
v 7.2807 -3.4605 33.2319
v 5.9474 4.6335 36.8400
v 4.6772 4.8239 35.7581
v 7.3401 10.6548 30.9803
v 4.4270 4.5445 35.7874
v 7.2891 -2.8873 33.3368
v 6.3525 0.6600 33.2180
v 5.8095 4.7867 36.4332
v 4.1275 4.0128 35.9425
v 7.6350 0.1409 32.4747
v 7.1797 10.7804 31.3292
v 5.8642 4.4401 36.3787
v 6.7472 -0.0216 33.3245
v 6.4225 1.5929 33.0080
v 6.1546 6.3893 30.2602
v 6.7473 0.5703 33.3018
v 7.2734 1.0082 32.5983
v 7.0357 1.1185 33.1151
v 5.9641 6.6911 37.1280
v 4.0727 4.3522 35.8875
v 6.1617 6.6167 30.4710
v 7.5160 0.5173 32.5665
v 6.3159 9.2443 30.7859
v 5.7915 4.6345 35.9849
v 6.4777 -5.1617 34.0825
v 7.3950 10.8449 31.4595
v 6.2012 7.3535 30.4819
v 6.7950 9.5088 30.2339
v 4.0823 3.3126 36.4365
v 6.4801 1.6710 32.4556
v 7.7021 3.6254 30.3698
v 5.8355 4.9886 35.9437
v 7.6500 3.3105 30.3211
v 4.0120 3.7123 36.3378
v 6.2275 7.8621 30.3434
v 8.3703 3.0312 30.1827
v 6.8806 1.1656 32.5108
v 6.2575 2.1629 32.5843
v 6.3629 -5.5381 34.1343
v 7.2400 0.8050 32.8744
v 6.8555 10.5559 30.4575
v 6.3113 8.4283 30.2439
v 6.0855 2.6543 32.4483
v 7.0357 0.6783 32.5447
v 6.7204 8.7184 30.7110
v 5.5185 5.4939 35.6633
v 6.9367 10.0248 30.3905
v 6.3610 8.9199 30.3315
v 6.0977 2.6273 32.1966
v 7.6064 3.3201 30.9516
v 7.1687 0.7926 32.2582
v 3.7918 2.3214 37.2055
v 6.1830 7.7660 30.6821
v 6.9271 -4.2685 33.3894
v 6.4430 9.4693 30.3693
v 6.7410 1.5096 32.6260
v 7.1069 1.0362 32.2873
v 6.3975 -5.0748 33.8665
v 6.1628 2.1866 32.1982
v 5.2458 4.9043 35.7960
v 6.9106 -3.8550 33.3531
v 8.0874 2.8211 30.1731
v 6.1588 7.3222 30.7215
v 6.0199 6.6602 35.9948
v 6.5876 9.8994 30.3066
v 6.6529 9.1218 30.2865
v 6.7752 -3.4306 33.3401
v 6.9776 10.1912 30.7146
v 6.1840 9.1110 30.7338
v 7.0918 -2.8470 33.2891
v 6.3840 1.2125 32.5439
v 6.2339 1.6789 32.2680
v 6.4210 -5.4920 33.9203
v 6.9445 10.5870 30.7920
v 5.6352 5.3480 35.8430
v 5.9845 7.7208 30.7188
v 6.1147 6.3680 35.6787
v 4.3142 4.8597 30.3823
v 5.5712 4.2495 31.5089
v 8.1111 5.6848 34.4076
v 5.8142 2.7854 31.9623
v 2.7020 10.3340 33.2114
v 7.0184 -1.1029 33.6476
v 6.3713 6.6406 35.8741
v 5.8806 7.4983 30.7208
v 4.0935 4.4080 30.4259
v 4.6091 5.0413 30.9324
v 6.9379 -1.6687 33.6632
v 9.5887 6.0772 34.6507
v 5.7388 2.3160 32.1015
v 2.4313 10.0963 33.1865
v 6.3900 -4.5375 33.7500
v 4.2238 3.8617 30.3488
v 9.2173 5.4940 35.2549
v 2.2547 9.7325 32.9922
v 5.6464 3.3699 31.6246
v 9.7314 5.7421 34.9868
v 6.9425 -2.2678 33.6246
v 6.0736 1.3322 32.7107
v 6.6095 -4.1216 33.6634
v 5.9505 1.8358 32.2294
v 5.6775 3.9034 31.4949
v 5.0091 5.3303 31.6396
v 6.8532 -4.1220 34.0251
v 7.8442 5.9013 34.3067
v 6.5403 7.2076 36.2036
v 5.5121 2.6284 32.4227
v 4.6789 3.8785 30.9086
v 5.4373 4.5289 31.5633
v 6.9347 -2.8868 33.5775
v 5.8847 1.6292 32.5732
v 4.2018 4.3951 30.9698
v 5.7772 7.2200 30.4126
v 9.2192 6.0542 34.7092
v 4.6295 5.0709 30.2963
v 6.8805 6.8982 35.7990
v 6.2493 4.4398 36.1133
v 5.4182 2.8499 32.1302
v 5.8800 7.9049 30.4404
v 5.2235 4.9965 31.4850
v 4.3082 4.8222 30.9676
v 6.8985 -3.4427 33.5308
v 7.3075 3.3314 37.1750
v 6.9043 7.1659 36.2786
v 5.9584 8.4118 30.4095
v 7.4304 7.7881 36.0114
v 6.8596 -3.9196 33.6077
v 5.3321 3.4981 31.5950
v 5.7318 2.2036 32.5678
v 4.6096 3.7642 30.3257
v 4.2915 4.0456 30.8585
v 5.1390 3.7487 31.4482
v 5.9676 8.7429 30.3027
v 7.0715 7.7837 36.3214
v 9.1764 5.6954 34.9130
v 5.8539 2.7881 32.5125
v 6.7184 -4.4376 33.6728
v 7.3978 7.3779 35.8889
v 8.5838 5.8589 34.4967
v 9.7523 5.4960 35.2324
v 6.9835 0.4226 34.3564
v 4.6363 3.9663 31.4803
v 6.1868 4.8129 36.3425
v 6.8971 3.7152 36.9838
v 7.3035 -2.7683 33.5109
v 8.6174 6.0102 34.7929
v 6.3458 0.6238 33.4871
v 7.4642 8.2466 36.5391
v 5.9525 1.6578 32.9883
v 5.1239 3.9940 30.4373
v 6.8660 3.3866 37.0364
v 6.3971 0.9667 33.4567
v 7.3287 -3.1704 33.4126
v 5.7202 5.6896 30.0784
v 6.3870 4.4286 36.4530
v 6.9886 7.6961 35.9294
v 5.3002 4.4322 30.3582
v 5.7714 6.1365 30.3242
v 7.4731 7.4019 36.2373
v 9.6817 0.1204 36.9535
v 4.7290 5.2059 31.3290
v 6.4059 3.9446 36.5314
v 5.1130 4.9432 30.3477
v 6.8879 7.1419 35.9689
v 6.9251 0.1909 34.1249
v 7.5027 7.8102 36.4770
v 7.0846 4.2984 36.8998
v 6.2981 6.6203 36.9982
v 6.4992 0.0647 33.5446
v 5.8248 6.6597 30.3507
v 8.6084 5.6145 34.8390
v 6.0073 2.0109 32.8556
v 4.6379 5.3692 31.6628
v 6.8114 1.0232 33.7187
v 6.3268 6.6491 36.4645
v 7.2570 -1.2287 33.7980
v 5.1988 3.9371 31.0096
v 6.8189 4.2616 36.5529
v 7.4644 7.8958 36.9543
v 2.7966 10.3617 33.2050
v 8.1295 6.0013 34.7400
v 2.2046 9.8879 32.5880
v 7.2096 -1.8625 33.6957
v 6.5088 3.7950 36.8832
v 6.8147 0.5753 33.6222
v 9.9038 0.0117 36.7315
v 5.2784 5.5619 30.1248
v 5.9230 1.3661 32.8846
v 4.3166 4.9316 31.5134
v 6.4829 4.2648 36.8481
v 7.5765 8.7609 36.9331
v 5.2024 4.9123 30.9284
v 6.8835 -0.0213 33.6633
v 8.8004 5.5117 35.1219
v 9.7194 6.2629 34.4639
v 6.4989 7.2673 35.8713
v 7.5240 8.3935 36.9114
v 9.3944 0.2232 37.1655
v 4.2658 4.3747 31.5300
v 6.9006 3.8485 36.6153
v 5.4281 4.3976 30.9341
v 8.1518 5.5097 34.6576
v 2.2300 9.6629 32.5999
v 6.8826 -0.5233 33.6420
v 7.2541 -2.3629 33.6218
v 6.2158 6.6658 34.3016
v 7.8718 7.9529 36.5786
v 7.0497 7.2957 35.2405
v 8.3534 8.3589 37.1724
v 5.6107 5.5585 33.2640
v 2.4329 6.0047 30.4170
v 4.6191 4.7890 32.7098
v 6.3376 7.1399 34.8315
v 4.6908 5.6059 32.0620
v 6.5111 6.1293 34.2076
v 6.8023 7.5788 35.4535
v 4.7187 4.5748 32.4360
v 10.0047 9.1703 38.3425
v 4.3145 4.4146 31.9525
v 5.2161 5.1477 33.1237
v 6.3881 5.6238 34.2410
v 4.3187 5.4946 32.6780
v 4.2449 4.9270 32.0463
v 7.8702 8.2079 36.5565
v 2.4484 5.5584 30.2928
v 5.6662 6.0486 33.3030
v 4.3223 5.0161 32.5615
v 7.5906 5.6650 34.5989
v 6.2345 5.9905 33.7868
v 5.4845 5.4878 33.0369
v 8.0505 8.4072 37.0859
v 7.0013 6.0193 34.2149
v 10.1445 9.3378 38.1552
v 4.7370 5.9787 32.7361
v 6.8343 7.2854 35.0059
v 4.7007 4.0131 31.9525
v 2.4121 5.9858 30.8826
v 6.4010 7.2049 35.2672
v 4.3400 5.3435 32.0491
v 4.5492 5.7663 32.5419
v 7.0961 2.9875 37.1872
v 4.5611 4.3552 32.1895
v 2.4015 5.5704 30.8540
v 7.5987 5.9798 34.6724
v 6.3722 5.7407 33.9018
v 5.2521 6.1328 33.1536
v 7.9986 7.9014 37.1724
v 6.8718 5.6151 34.2489
v 7.4658 6.0233 34.2935
v 4.6258 5.9973 33.0823
v 5.2542 4.9225 32.0362
v 5.8873 3.1221 32.3755
v 7.0791 5.6997 34.5472
v 4.3852 5.2788 32.9929
v 5.2516 4.3833 31.9941
v 5.2635 5.5828 32.5835
v 6.4269 6.6110 35.3112
v 5.2208 3.8645 32.0154
v 6.7216 6.8125 34.8645
v 5.1425 5.9850 32.7451
v 7.4359 2.8794 37.3171
v 2.7387 5.7031 30.7314
v 4.4743 5.4878 33.2400
v 3.3747 5.6813 30.1555
v 7.4931 5.6645 34.2428
v 6.2444 6.3737 35.3605
v 5.3803 3.3093 32.0677
v 6.9572 5.9642 34.5470
v 2.9371 5.8970 30.3068
v 7.2165 7.2050 35.5190
v 5.4548 3.0593 32.3495
v 6.3566 5.8370 34.5606
v 7.2147 7.6247 35.5903
v 4.6796 5.0689 33.1298
v 6.3422 6.2526 34.6958
v 5.7187 3.8153 32.0150
v 5.1589 5.4465 32.0699
v 6.4626 6.6697 34.6975
v 5.1486 4.9292 32.5955
v 6.8868 6.8810 35.2087
v 2.9443 5.5695 30.4406
v 5.9275 3.2900 32.0396
v 4.3316 5.4799 32.9422
v 9.1126 0.5493 39.2290
v 7.1590 2.5582 38.3917
v 8.9766 8.4991 37.7235
v 8.9593 0.9217 39.0722
v 6.6321 2.3674 38.8981
v 8.8422 8.4640 38.5382
v 6.9058 2.3208 38.7672
v 6.9993 2.5358 38.6728
v 8.7000 8.3222 38.0828
v 7.5694 2.4303 37.6363
v 7.5653 2.7602 37.5762
v 6.2662 6.7908 39.2351
v 8.7365 8.7326 37.9678
v 6.0795 6.9653 39.1679
v 9.8429 9.4466 38.1994
v 7.3190 2.1996 38.6654
v 8.0801 8.2977 37.6764
v 12.5617 5.4544 35.4144
v 9.1710 8.3884 38.0607
v 8.0589 8.0062 37.4756
v 9.5219 8.5744 38.4607
v 9.1980 8.7895 38.1029
v 7.0922 2.8144 37.5816
v 11.5467 -3.8711 33.4626
v 13.1378 5.1809 35.5532
v 9.5872 8.7669 38.7454
v 9.0091 8.0448 38.9350
v 7.4619 2.6126 38.1037
v 8.8255 0.6672 39.0730
v 8.7640 8.6746 37.8235
v 13.1109 5.4322 35.5402
v 8.5967 8.3882 37.5762
v 7.4744 2.4033 38.1189
v 9.0449 8.6800 38.9257
v 9.7057 9.0464 38.2843
v 12.3986 5.1969 35.5056
v 9.0125 8.2330 38.7449
v 9.1334 8.4324 39.2680
v 12.9729 5.2390 35.6578
v 11.3763 5.5168 35.3269
v 8.4440 1.6996 38.3016
v 14.1677 4.3254 30.3384
v 9.1875 0.3673 37.5926
v 12.6384 -3.5738 33.5227
v 9.2073 8.7693 39.0350
v 7.7124 8.0688 37.3633
v 7.7639 1.8596 38.7659
v 5.7840 17.2417 30.0905
v 8.4160 2.1736 38.0878
v 11.9096 5.2348 35.4168
v 12.7741 -3.6850 33.4863
v 8.6994 1.1792 38.7898
v 12.3239 5.3005 35.6748
v 9.0906 7.7958 39.2615
v 8.7238 0.7623 38.6917
v 14.0379 3.8971 30.3303
v 12.5573 5.2700 35.6836
v 7.1243 3.3948 37.3580
v 11.8253 5.4646 35.4173
v 8.9181 8.7033 39.6295
v 14.7389 4.3051 30.2062
v 8.1956 1.7240 38.1950
v 13.1504 -3.3889 33.6587
v 8.5641 1.4949 38.7045
v 11.5143 5.2786 35.3791
v 17.4557 2.1694 30.1665
v 8.0277 2.1608 38.1402
v 10.0898 -0.1313 36.8961
v 8.7320 0.6687 38.1020
v 6.2484 6.6363 37.7026
v 7.9842 2.5539 38.0131
v 10.4139 -0.4879 37.0595
v 14.5615 3.9949 30.2591
v 8.5430 1.1320 38.2306
v 6.7367 6.8741 38.2020
v 7.4739 3.1154 37.5266
v 6.2314 6.8159 38.7074
v 10.5017 -0.9711 37.0601
v 8.9172 0.5702 37.9944
v 17.0988 2.3812 30.1671
v 13.6180 -3.3223 34.1816
v 10.2806 5.4695 35.1844
v 7.8864 2.6033 37.7591
v 10.7748 5.5383 35.2526
v 7.9000 2.2780 37.7904
v 6.2614 6.7385 38.2714
v 13.4497 -3.3624 33.8147
v 9.9945 5.7630 35.0550
v 8.9338 0.9309 38.9245
v 8.9402 0.6889 38.9818
v 10.7385 -1.1067 37.1190
v 12.9889 3.5404 30.8366
v 6.9251 11.1002 30.8052
v 2.3999 1.6195 38.0839
v 6.7702 13.4083 30.2769
v 3.7507 2.6271 37.5529
v 6.4391 12.7460 30.7118
v 6.9346 11.6690 30.8161
v 5.9091 6.8258 38.2913
v 6.7666 12.9600 30.4830
v 3.6205 2.2404 37.6458
v 13.0832 3.9466 30.8698
v 5.3191 7.0547 37.6143
v 6.9989 14.3339 30.4126
v 4.4654 8.6327 38.5777
v 2.5704 1.9670 37.8840
v 6.9388 12.1767 30.9727
v 2.3329 1.0705 38.7806
v 14.0399 -3.2518 33.7981
v 4.1996 8.8137 38.4164
v 11.3754 2.8175 30.7187
v 7.2776 12.8639 31.3101
v 4.5101 8.7809 38.7319
v 3.4822 1.8284 37.6034
v 2.4989 0.7648 38.9844
v 6.9031 13.9987 30.2930
v 4.3187 8.4244 38.3141
v 6.5385 12.8008 30.4904
v 7.0033 11.6475 30.5714
v 4.5708 7.7712 38.1407
v 6.7051 12.7160 30.8000
v 6.4283 11.8116 30.8824
v 7.3366 14.9835 30.9194
v 13.1207 3.9460 30.4397
v 12.4758 3.4934 30.9547
v 13.1248 3.5139 30.5955
v 6.4872 13.4467 30.2146
v 6.8708 11.1923 30.5545
v 12.5043 3.8442 30.8332
v 3.2179 2.0478 37.7595
v 4.8217 7.2705 37.9753
v 7.3580 15.5277 30.8309
v 7.2466 12.1340 31.2792
v 6.5219 13.8280 30.1789
v 7.3434 16.1446 30.6990
v 7.4670 11.6831 31.3635
v 7.1508 14.5471 30.8504
v 4.4350 8.3805 38.2813
v 7.4763 11.0981 31.2767
v 2.2715 1.3133 38.4245
v 6.5212 12.2553 30.8563
v 4.1055 8.7636 38.5858
v 3.0789 1.7736 37.7741
v 7.0880 15.0731 30.9643
v 6.3297 17.3070 30.7948
v 7.4317 11.7866 30.6039
v 6.8934 12.2336 31.4150
v 6.5411 16.7855 30.7345
v 7.0913 15.5959 30.8706
v 12.4395 -3.7815 33.1902
v 12.8364 4.2343 31.6838
v 13.6148 3.7875 30.7353
v 6.9213 11.6500 31.4676
v 5.8114 6.7689 37.6003
v 12.4948 -3.5047 33.1946
v 6.9627 16.2541 30.8134
v 3.5191 2.4642 37.9847
v 5.0294 7.2120 37.8862
v 6.8635 11.1742 31.4087
v 2.5825 1.8196 37.8186
v 5.9524 7.0395 38.7994
v 3.5618 2.7835 38.0080
v 7.3806 14.3960 30.7340
v 6.3746 16.8909 30.5691
v 13.6603 4.2072 30.3689
v 6.7353 16.6159 30.7333
v 6.4283 12.2123 31.4142
v 2.8343 1.6688 37.9688
v 12.6322 4.1952 31.5714
v 6.2138 17.1961 30.4156
v 7.4527 11.7375 30.7091
v 2.8089 1.9938 37.8781
v 5.2673 6.8782 37.6132
v 12.4391 3.9955 31.3743
v 12.8096 -3.5620 33.3061
v 7.3456 12.1700 30.9399
v 6.0708 6.9787 38.4083
v 13.4058 3.5769 30.5865
v 7.4526 14.4526 30.4623
v 7.2997 14.2132 30.5699
v 13.6095 3.8504 30.3591
v 12.4206 3.5452 31.3430
v 6.5328 11.8456 31.3566
v 10.8004 3.8202 30.9970
v 11.4232 -3.8390 33.2097
v 8.4209 14.1008 30.5181
v 10.1594 -1.7300 32.4958
v 8.5238 14.2289 30.4614
v 7.8805 14.1481 30.6312
v 11.4069 -4.6045 32.8931
v 10.8051 3.3285 30.9138
v 8.7391 11.5374 31.1537
v 11.8799 3.4824 31.4518
v 10.7190 -2.4164 32.2499
v 11.4123 -3.4133 33.0536
v 10.8697 -2.7884 32.5048
v 11.9671 3.8213 31.4182
v 10.2503 -2.2666 32.4885
v 11.8341 -3.8162 33.0947
v 10.7331 -2.2555 32.5246
v 10.9079 -2.6889 32.2450
v 8.1959 14.0245 30.4992
v 12.9561 4.2287 31.8050
v 8.9906 11.2414 31.3745
v 10.3024 -2.2031 32.2277
v 10.2330 3.3733 30.8664
v 10.3962 -1.9566 32.2662
v 6.9159 11.1958 32.0457
v 11.3242 3.4329 31.4358
v 7.0185 11.7515 31.7456
v 8.0835 10.9961 31.0238
v 11.4314 3.8616 31.3579
v 11.9621 -3.4584 33.1215
v 10.2501 3.6414 30.9636
v 11.2823 -2.8979 32.2463
v 11.1574 -2.5155 32.4430
v 8.6396 11.2558 31.3049
v 11.8984 3.7890 31.0187
v 11.8227 -3.9126 32.6132
v 11.8513 3.4904 31.1163
v 8.5392 11.5025 31.3039
v 7.5303 11.1986 31.8573
v 11.5218 -3.8413 32.2497
v 11.8047 -3.4055 32.5741
v 10.7770 3.4196 31.2689
v 10.8660 3.7269 31.3026
v 6.0233 6.7585 39.3330
v 11.6919 -3.0096 32.4305
v 7.3544 11.5444 31.8470
v 4.1017 2.3127 37.4582
v 11.2864 3.7024 31.0126
v 11.4363 -4.4040 32.7895
v 2.6196 0.6197 39.2578
v 8.0189 11.6366 31.3229
v 11.5168 -3.9537 32.5596
v 11.2691 3.3889 30.9592
v 11.3642 -3.3995 32.4721
v 11.4035 -2.7917 32.5370
vt 0.55637 0.39453
vt 0.26459 0.44529
vt 0.34024 0.40268
vt 0.51340 0.55791
vt 0.80092 0.03121
vt 0.59349 0.35593
vt 0.79184 0.04426
vt 0.08117 0.13361
vt 0.07727 0.20116
vt 0.82833 0.01728
vt 0.80014 0.05276
vt 0.61335 0.53368
vt 0.53910 0.61341
vt 0.79818 0.02622
vt 0.74206 0.08204
vt 0.07606 0.19527
vt 0.20652 0.48158
vt 0.73365 0.69999
vt 0.53358 0.34860
vt 0.26900 0.47556
vt 0.13694 0.54538
vt 0.51507 0.49296
vt 0.80281 0.05803
vt 0.36891 0.56334
vt 0.82958 0.00976
vt 0.61356 0.18210
vt 0.09239 0.18013
vt 0.47942 0.39096
vt 0.35267 0.85248
vt 0.83236 0.08524
vt 0.79841 0.00511
vt 0.80315 0.04329
vt 0.80732 0.02344
vt 0.59634 0.38255
vt 0.48030 0.47059
vt 0.73447 0.24790
vt 0.08503 0.15057
vt 0.47600 0.41520
vt 0.45274 0.59913
vt 0.61639 0.15205
vt 0.69559 0.38464
vt 0.13804 0.49724
vt 0.09592 0.51008
vt 0.41501 0.33939
vt 0.80094 0.03790
vt 0.50619 0.45448
vt 0.82419 0.04782
vt 0.09383 0.18599
vt 0.64110 0.17310
vt 0.58585 0.07209
vt 0.48248 0.33533
vt 0.52496 0.32675
vt 0.19997 0.48719
vt 0.76705 0.84576
vt 0.55921 0.77210
vt 0.56577 0.43424
vt 0.37577 0.48145
vt 0.67668 0.08934
vt 0.42724 0.33181
vt 0.16803 0.22793
vt 0.80002 0.01021
vt 0.81748 0.06039
vt 0.19579 0.51757
vt 0.08295 0.20378
vt 0.38243 0.57197
vt 0.47387 0.90243
vt 0.07844 0.13557
vt 0.19700 0.40201
vt 0.80690 0.05535
vt 0.31283 0.28536
vt 0.08991 0.48427
vt 0.82363 0.01688
vt 0.55371 0.32698
vt 0.09306 0.20154
vt 0.05736 0.31941
vt 0.08874 0.51050
vt 0.80521 0.03427
vt 0.72889 0.46270
vt 0.09223 0.17296
vt 0.57432 0.42068
vt 0.07705 0.12920
vt 0.11453 0.49699
vt 0.72193 0.70864
vt 0.46688 0.41732
vt 0.80951 0.06211
vt 0.09310 0.19400
vt 0.87444 0.66998
vt 0.64740 0.16261
vt 0.80602 0.01608
vt 0.34928 0.32412
vt 0.61591 0.29991
vt 0.26100 0.49904
vt 0.70835 0.39178
vt 0.26006 0.42458
vt 0.80079 0.02354
vt 0.84415 0.04621
vt 0.80780 0.04571
vt 0.20028 0.50642
vt 0.62718 0.41805
vt 0.65880 0.15795
vt 0.69528 0.05984
vt 0.54550 0.43011
vt 0.09015 0.18903
vt 0.63833 0.50920
vt 0.07783 0.14945
vt 0.52863 0.56407
vt 0.09009 0.15788
vt 0.50596 0.55820
vt 0.66359 0.27020
vt 0.49970 0.29578
vt 0.52176 0.43851
vt 0.80932 0.01771
vt 0.15637 0.53713
vt 0.38143 0.24498
vt 0.37749 0.54969
vt 0.18943 0.48027
vt 0.07834 0.16253
vt 0.32596 0.25773
vt 0.80479 0.00979
vt 0.64252 0.38532
vt 0.02836 0.37472
vt 0.53234 0.37919
vt 0.63012 0.21629
vt 0.83501 0.07422
vt 0.59666 0.06754
vt 0.62177 0.18938
vt 0.70219 0.78182
vt 0.83033 0.02341
vt 0.80716 0.03859
vt 0.09263 0.16612
vt 0.51906 0.41450
vt 0.10328 0.48846
vt 0.30381 0.53997
vt 0.22932 0.39556
vt 0.07784 0.18022
vt 0.52978 0.78508
vt 0.73513 0.06041
vt 0.57488 0.13596
vt 0.13410 0.50260
vt 0.65007 0.30362
vt 0.51860 0.33808
vt 0.36470 0.47544
vt 0.61076 0.19823
vt 0.61199 0.39153
vt 0.07780 0.30279
vt 0.65483 0.33666
vt 0.07839 0.16516
vt 0.69967 0.38338
vt 0.64606 0.60584
vt 0.54386 0.24353
vt 0.50102 0.35184
vt 0.76190 0.22332
vt 0.81444 0.02609
vt 0.46912 0.40615
vt 0.57154 0.41878
vt 0.09367 0.52225
vt 0.67367 0.46759
vt 0.45750 0.42476
vt 0.52545 0.28184
vt 0.07753 0.19958
vt 0.84341 0.05397
vt 0.62694 0.36512
vt 0.15103 0.55227
vt 0.08955 0.29654
vt 0.54818 0.31508
vt 0.08698 0.17761
vt 0.07728 0.15845
vt 0.84198 0.01894
vt 0.45556 0.41627
vt 0.41829 0.63962
vt 0.71712 0.40086
vt 0.65473 0.16928
vt 0.83672 0.02396
vt 0.67552 0.16704
vt 0.07989 0.19350
vt 0.64886 0.33664
vt 0.69149 0.37711
vt 0.81701 0.04295
vt 0.83862 0.10775
vt 0.68722 0.23908
vt 0.09613 0.52435
vt 0.32745 0.70044
vt 0.68275 0.41892
vt 0.80721 0.05010
vt 0.36391 0.61355
vt 0.81756 0.07208
vt 0.65404 0.40572
vt 0.33040 0.51711
vt 0.81603 0.03773
vt 0.56062 0.32688
vt 0.83703 0.03017
vt 0.58436 0.30777
vt 0.13764 0.50864
vt 0.66476 0.32461
vt 0.12360 0.49008
vt 0.75456 0.18854
vt 0.31676 0.60727
vt 0.62893 0.62786
vt 0.07981 0.17115
vt 0.63174 0.60572
vt 0.59318 0.65818
vt 0.45951 0.45617
vt 0.81558 0.06738
vt 0.49751 0.26607
vt 0.19787 0.51842
vt 0.71354 0.37714
vt 0.71748 0.56167
vt 0.49146 0.31500
vt 0.15987 0.18117
vt 0.74641 0.09368
vt 0.84445 0.01586
vt 0.08324 0.18047
vt 0.53880 0.31256
vt 0.61632 0.21435
vt 0.65825 0.35570
vt 0.84478 0.03737
vt 0.82749 0.02594
vt 0.22260 0.53012
vt 0.12263 0.16679
vt 0.83634 0.01724
vt 0.64104 0.88972
vt 0.43831 0.40616
vt 0.51100 0.46446
vt 0.65276 0.17165
vt 0.46067 0.41477
vt 0.57841 0.37650
vt 0.09075 0.52574
vt 0.64343 0.39039
vt 0.53777 0.45815
vt 0.73302 0.21958
vt 0.64585 0.15448
vt 0.81838 0.01366
vt 0.74546 0.06897
vt 0.08525 0.18783
vt 0.66804 0.17462
vt 0.33298 0.41906
vt 0.56587 0.49470
vt 0.34674 0.46357
vt 0.55475 0.31915
vt 0.79792 0.03912
vt 0.84286 0.01013
vt 0.13093 0.56595
vt 0.45787 0.41323
vt 0.49747 0.45727
vt 0.61081 0.35930
vt 0.64946 0.15471
vt 0.84362 0.02468
vt 0.18421 0.58614
vt 0.68210 0.14794
vt 0.07493 0.40778
vt 0.15098 0.30135
vt 0.07750 0.17422
vt 0.27306 0.30616
vt 0.50352 0.39522
vt 0.08507 0.19476
vt 0.81485 0.06242
vt 0.11402 0.48502
vt 0.08610 0.20118
vt 0.37863 0.38189
vt 0.57938 0.07757
vt 0.08496 0.17156
vt 0.28618 0.44682
vt 0.47996 0.31155
vt 0.81296 0.43323
vt 0.84751 0.90033
vt 0.71678 0.10170
vt 0.68453 0.33941
vt 0.79926 0.04650
vt 0.55672 0.48813
vt 0.09588 0.53181
vt 0.27945 0.50020
vt 0.84292 0.03146
vt 0.83490 0.01185
vt 0.12064 0.20179
vt 0.75132 0.53828
vt 0.58960 0.30902
vt 0.72514 0.40550
vt 0.26016 0.54042
vt 0.66959 0.21526
vt 0.66468 0.45149
vt 0.67436 0.53451
vt 0.46033 0.42181
vt 0.82145 0.06919
vt 0.72273 0.67041
vt 0.30109 0.41938
vt 0.44533 0.93298
vt 0.84353 0.07084
vt 0.66005 0.61881
vt 0.67835 0.57605
vt 0.65490 0.17755
vt 0.66445 0.16765
vt 0.49503 0.40603
vt 0.83633 0.05364
vt 0.31049 0.52546
vt 0.63420 0.50842
vt 0.51245 0.34441
vt 0.78803 0.20724
vt 0.44450 0.63636
vt 0.14479 0.51944
vt 0.36624 0.50452
vt 0.66342 0.48481
vt 0.70027 0.52739
vt 0.49784 0.77108
vt 0.52935 0.33881
vt 0.86030 0.00900
vt 0.72073 0.17459
vt 0.83653 0.06070
vt 0.67290 0.44193
vt 0.11920 0.19646
vt 0.12760 0.52157
vt 0.73176 0.41493
vt 0.63168 0.62944
vt 0.31285 0.67466
vt 0.83850 0.08221
vt 0.84768 0.12072
vt 0.38779 0.47059
vt 0.38331 0.49363
vt 0.57039 0.60906
vt 0.82956 0.08214
vt 0.72237 0.39987
vt 0.83634 0.07560
vt 0.47677 0.63763
vt 0.30931 0.45618
vt 0.78080 0.04572
vt 0.46364 0.42292
vt 0.59902 0.27312
vt 0.09451 0.49186
vt 0.68050 0.25621
vt 0.30621 0.53195
vt 0.80833 0.31202
vt 0.10198 0.53106
vt 0.34530 0.24919
vt 0.33140 0.39298
vt 0.33012 0.57877
vt 0.47120 0.42040
vt 0.82876 0.07669
vt 0.68956 0.44150
vt 0.09040 0.49817
vt 0.55611 0.22047
vt 0.65341 0.17412
vt 0.07508 0.62492
vt 0.83614 0.06820
vt 0.32904 0.42470
vt 0.82079 0.03131
vt 0.81610 0.02334
vt 0.76869 0.32173
vt 0.42968 0.45226
vt 0.46062 0.43123
vt 0.49974 0.48806
vt 0.63874 0.76604
vt 0.09570 0.49578
vt 0.09563 0.48786
vt 0.36439 0.46458
vt 0.84132 0.05681
vt 0.68778 0.19563
vt 0.11444 0.20123
vt 0.47570 0.34600
vt 0.45795 0.41850
vt 0.36518 0.42119
vt 0.65511 0.17043
vt 0.51523 0.31947
vt 0.49411 0.34794
vt 0.69895 0.38408
vt 0.67353 0.37674
vt 0.84556 0.08897
vt 0.39461 0.52195
vt 0.70556 0.12318
vt 0.57508 0.32531
vt 0.52162 0.33721
vt 0.57926 0.26777
vt 0.11368 0.19483
vt 0.65708 0.88736
vt 0.13826 0.54494
vt 0.58492 0.32132
vt 0.11233 0.19003
vt 0.62822 0.32726
vt 0.79328 0.13366
vt 0.10337 0.52334
vt 0.84431 0.09854
vt 0.65494 0.36719
vt 0.62817 0.09162
vt 0.62928 0.69657
vt 0.80828 0.07084
vt 0.14585 0.52472
vt 0.69818 0.18859
vt 0.72614 0.41225
vt 0.58026 0.21381
vt 0.82255 0.07533
vt 0.56256 0.37296
vt 0.46042 0.42882
vt 0.81367 0.07281
vt 0.57701 0.28273
vt 0.65296 0.45012
vt 0.84309 0.06651
vt 0.57613 0.31952
vt 0.81712 0.33126
vt 0.65625 0.17356
vt 0.45493 0.47593
vt 0.66376 0.41000
vt 0.09632 0.50500
vt 0.52031 0.65112
vt 0.84285 0.09112
vt 0.40776 0.49324
vt 0.72986 0.41796
vt 0.51882 0.55771
vt 0.57933 0.33595
vt 0.67564 0.30370
vt 0.61806 0.18364
vt 0.81010 0.01722
vt 0.10659 0.19485
vt 0.77250 0.38959
vt 0.71166 0.19673
vt 0.09882 0.17300
vt 0.67249 0.48963
vt 0.39296 0.30014
vt 0.08060 0.51838
vt 0.10009 0.20157
vt 0.21082 0.58283
vt 0.84438 0.09613
vt 0.09796 0.19661
vt 0.59299 0.51597
vt 0.47151 0.44692
vt 0.09485 0.50128
vt 0.67689 0.24091
vt 0.66636 0.40425
vt 0.58959 0.44281
vt 0.66655 0.20063
vt 0.10758 0.20167
vt 0.20548 0.48633
vt 0.56380 0.39340
vt 0.82453 0.05310
vt 0.82890 0.06912
vt 0.44154 0.79677
vt 0.30626 0.39519
vt 0.71938 0.38169
vt 0.51942 0.27361
vt 0.37532 0.53768
vt 0.72967 0.40746
vt 0.31603 0.52651
vt 0.17642 0.48457
vt 0.69668 0.24392
vt 0.63287 0.11876
vt 0.43253 0.42332
vt 0.60161 0.39456
vt 0.63301 0.20280
vt 0.14542 0.55492
vt 0.43925 0.41556
vt 0.58131 0.31932
vt 0.50924 0.54858
vt 0.46213 0.50467
vt 0.81719 0.00841
vt 0.30523 0.09968
vt 0.78391 0.86213
vt 0.10498 0.18068
vt 0.62768 0.52991
vt 0.33294 0.43422
vt 0.80823 0.07214
vt 0.53182 0.09110
vt 0.56091 0.25504
vt 0.62893 0.33283
vt 0.21277 0.55095
vt 0.59228 0.44709
vt 0.09786 0.16788
vt 0.80935 0.40940
vt 0.56529 0.30534
vt 0.48815 0.09539
vt 0.33574 0.69737
vt 0.10755 0.18779
vt 0.41741 0.73330
vt 0.84055 0.08595
vt 0.67023 0.16308
vt 0.48030 0.44949
vt 0.10067 0.19347
vt 0.63889 0.82814
vt 0.83122 0.06031
vt 0.16621 0.52885
vt 0.67828 0.29177
vt 0.72754 0.41732
vt 0.46513 0.52146
vt 0.76782 0.63355
vt 0.63457 0.16039
vt 0.20458 0.67361
vt 0.63315 0.29349
vt 0.19454 0.41904
vt 0.52089 0.96252
vt 0.47029 0.76320
vt 0.82991 0.05402
vt 0.58038 0.14903
vt 0.72481 0.40389
vt 0.66252 0.22084
vt 0.36372 0.55355
vt 0.82458 0.06764
vt 0.78912 0.77469
vt 0.54194 0.33821
vt 0.59858 0.70801
vt 0.66007 0.28037
vt 0.65503 0.18573
vt 0.43484 0.39245
vt 0.65296 0.44831
vt 0.83290 0.07857
vt 0.35914 0.34538
vt 0.10053 0.18037
vt 0.12540 0.02125
vt 0.63476 0.25997
vt 0.38871 0.67143
vt 0.60453 0.64688
vt 0.58814 0.66313
vt 0.79585 0.06650
vt 0.62026 0.29316
vt 0.36025 0.63851
vt 0.79173 0.78418
vt 0.33622 0.57981
vt 0.32253 0.88763
vt 0.83055 0.07374
vt 0.66393 0.16785
vt 0.29725 0.47412
vt 0.15995 0.47836
vt 0.09915 0.18732
vt 0.73230 0.41350
vt 0.46465 0.39151
vt 0.38441 0.52977
vt 0.83554 0.08344
vt 0.11658 0.52237
vt 0.58435 0.31197
vt 0.23061 0.51980
vt 0.83432 0.04815
vt 0.78477 0.09578
vt 0.22144 0.18021
vt 0.46311 0.43305
vt 0.54803 0.53255
vt 0.71120 0.40157
vt 0.57089 0.73241
vt 0.31112 0.66059
vt 0.67875 0.31508
vt 0.39674 0.54965
vt 0.60101 0.46294
vt 0.34737 0.75853
vt 0.54783 0.65828
vt 0.87921 0.58422
vt 0.70737 0.29528
vt 0.50342 0.36769
vt 0.10597 0.16563
vt 0.24851 0.68165
vt 0.29205 0.34226
vt 0.06723 0.20317
vt 0.63848 0.75214
vt 0.54791 0.70438
vt 0.12389 0.48122
vt 0.68822 0.29789
vt 0.90249 0.40956
vt 0.20771 0.37175
vt 0.53891 0.45482
vt 0.12056 0.13555
vt 0.60140 0.41841
vt 0.51483 0.39765
vt 0.14704 0.08466
vt 0.44179 0.50993
vt 0.65990 0.35705
vt 0.61467 0.26299
vt 0.63124 0.41160
vt 0.59697 0.42659
vt 0.75341 0.26218
vt 0.28046 0.66705
vt 0.10743 0.15828
vt 0.63765 0.25009
vt 0.03925 0.31504
vt 0.74965 0.28829
vt 0.51577 0.53598
vt 0.44296 0.69781
vt 0.41269 0.34830
vt 0.14815 0.24973
vt 0.12069 0.12863
vt 0.39146 0.77039
vt 0.73564 0.33070
vt 0.62848 0.65760
vt 0.35173 0.62390
vt 0.24143 0.46828
vt 0.59205 0.55288
vt 0.55542 0.23902
vt 0.63799 0.41407
vt 0.14055 0.07831
vt 0.47571 0.45124
vt 0.65290 0.20246
vt 0.39762 0.74251
vt 0.43950 0.43545
vt 0.15041 0.09266
vt 0.49146 0.66207
vt 0.74371 0.39254
vt 0.65900 0.26112
vt 0.59711 0.30363
vt 0.43447 0.10398
vt 0.90060 0.41665
vt 0.84400 0.10711
vt 0.66595 0.15569
vt 0.40073 0.44345
vt 0.59174 0.79061
vt 0.61642 0.34515
vt 0.43873 0.53112
vt 0.65199 0.80809
vt 0.54183 0.49944
vt 0.12096 0.14979
vt 0.53241 0.43035
vt 0.62251 0.23070
vt 0.10652 0.17302
vt 0.18914 0.55508
vt 0.71274 0.35177
vt 0.31312 0.38081
vt 0.35203 0.65370
vt 0.56768 0.60363
vt 0.25755 0.52823
vt 0.15140 0.10065
vt 0.32729 0.60218
vt 0.11224 0.15114
vt 0.40644 0.39994
vt 0.56738 0.31452
vt 0.62276 0.25644
vt 0.59685 0.44736
vt 0.54251 0.47608
vt 0.48425 0.68477
vt 0.12066 0.14234
vt 0.11488 0.11972
vt 0.53812 0.42210
vt 0.63180 0.74138
vt 0.51310 0.36343
vt 0.89779 0.48659
vt 0.66041 0.59975
vt 0.47021 0.56052
vt 0.11325 0.13688
vt 0.72138 0.26101
vt 0.12126 0.11416
vt 0.62987 0.21774
vt 0.37123 0.61339
vt 0.63067 0.28135
vt 0.16197 0.44858
vt 0.54743 0.42361
vt 0.50246 0.62774
vt 0.52458 0.38936
vt 0.17071 0.67834
vt 0.32808 0.41607
vt 0.12395 0.16325
vt 0.60269 0.40744
vt 0.61451 0.51662
vt 0.37254 0.61152
vt 0.58434 0.62952
vt 0.40622 0.53069
vt 0.56138 0.50073
vt 0.06281 0.20077
vt 0.14239 0.08216
vt 0.41989 0.53270
vt 0.24753 0.42794
vt 0.43740 0.57237
vt 0.81836 0.61063
vt 0.11396 0.12847
vt 0.06104 0.19710
vt 0.42195 0.65064
vt 0.55594 0.56339
vt 0.63772 0.35383
vt 0.61999 0.40476
vt 0.28080 0.94734
vt 0.41290 0.35287
vt 0.68470 0.34870
vt 0.17883 0.37273
vt 0.41693 0.70268
vt 0.62526 0.39996
vt 0.75452 0.29215
vt 0.10865 0.18100
vt 0.86242 0.70784
vt 0.09974 0.15872
vt 0.14811 0.24974
vt 0.52703 0.63092
vt 0.64313 0.62854
vt 0.41797 0.17946
vt 0.61158 0.16896
vt 0.68958 0.51379
vt 0.61669 0.33308
vt 0.78799 0.47206
vt 0.41189 0.39213
vt 0.54996 0.55401
vt 0.53767 0.66697
vt 0.37648 0.50765
vt 0.66506 0.46253
vt 0.73940 0.26668
vt 0.11613 0.15173
vt 0.32904 0.60574
vt 0.14305 0.10066
vt 0.74251 0.27702
vt 0.65477 0.19312
vt 0.67359 0.31212
vt 0.48852 0.43144
vt 0.41002 0.61653
vt 0.48418 0.44988
vt 0.66456 0.23180
vt 0.75881 0.52307
vt 0.38575 0.66125
vt 0.81109 0.60567
vt 0.54153 0.29647
vt 0.62625 0.34139
vt 0.31368 0.35606
vt 0.54628 0.33799
vt 0.86797 0.50780
vt 0.49990 0.55883
vt 0.12072 0.12057
vt 0.24453 0.32489
vt 0.11403 0.14434
vt 0.66381 0.35045
vt 0.68224 0.36361
vt 0.29775 0.69623
vt 0.09709 0.63285
vt 0.83791 0.73940
vt 0.14179 0.09361
vt 0.56918 0.63695
vt 0.40597 0.50225
vt 0.10238 0.17094
vt 0.46362 0.48223
vt 0.62173 0.51908
vt 0.80974 0.58238
vt 0.65318 0.24579
vt 0.11316 0.17977
vt 0.72065 0.27077
vt 0.48333 0.44765
vt 0.47946 0.66027
vt 0.13638 0.08641
vt 0.64392 0.25804
vt 0.17770 0.44522
vt 0.09869 0.13573
vt 0.85332 0.81276
vt 0.39758 0.35283
vt 0.71147 0.42593
vt 0.05528 0.20082
vt 0.58244 0.31694
vt 0.59654 0.29930
vt 0.69870 0.37888
vt 0.75285 0.59328
vt 0.66614 0.27637
vt 0.11624 0.16146
vt 0.38959 0.45331
vt 0.49980 0.78714
vt 0.09943 0.10973
vt 0.10682 0.12826
vt 0.60001 0.70483
vt 0.50792 0.46980
vt 0.74897 0.73468
vt 0.12128 0.16832
vt 0.09759 0.12798
vt 0.37219 0.63332
vt 0.11453 0.18714
vt 0.09687 0.61797
vt 0.67892 0.47740
vt 0.83350 0.66084
vt 0.07839 0.20437
vt 0.60538 0.30322
vt 0.66017 0.31231
vt 0.84501 0.48898
vt 0.31974 0.58679
vt 0.75396 0.30366
vt 0.15716 0.34595
vt 0.11566 0.15614
vt 0.51227 0.37003
vt 0.10632 0.13461
vt 0.61554 0.31265
vt 0.63108 0.64791
vt 0.12384 0.11396
vt 0.66320 0.29117
vt 0.38443 0.57182
vt 0.61091 0.58911
vt 0.28082 0.42120
vt 0.64027 0.73710
vt 0.13415 0.10023
vt 0.09913 0.15076
vt 0.64757 0.37660
vt 0.66065 0.37630
vt 0.09390 0.20490
vt 0.47778 0.50394
vt 0.13321 0.31393
vt 0.27976 0.56738
vt 0.54723 0.61323
vt 0.41530 0.49284
vt 0.12063 0.17361
vt 0.33654 0.36683
vt 0.10053 0.12022
vt 0.43550 0.94364
vt 0.31060 0.43437
vt 0.76734 0.54436
vt 0.10870 0.14014
vt 0.58342 0.29502
vt 0.12837 0.07813
vt 0.60100 0.32172
vt 0.09971 0.14271
vt 0.57350 0.18196
vt 0.64007 0.39758
vt 0.13433 0.09000
vt 0.73043 0.26545
vt 0.30062 0.35942
vt 0.64278 0.60533
vt 0.48207 0.28426
vt 0.75113 0.57427
vt 0.45260 0.41270
vt 0.74513 0.27036
vt 0.11917 0.43229
vt 0.60103 0.29036
vt 0.74848 0.58074
vt 0.43606 0.73086
vt 0.38264 0.27482
vt 0.07537 0.56629
vt 0.47874 0.57918
vt 0.12871 0.07245
vt 0.18765 0.38475
vt 0.61031 0.66172
vt 0.58738 0.28709
vt 0.12892 0.08686
vt 0.36231 0.41434
vt 0.91317 0.41268
vt 0.12225 0.16523
vt 0.10211 0.12799
vt 0.09808 0.31985
vt 0.39299 0.51669
vt 0.50139 0.43285
vt 0.10443 0.11008
vt 0.47949 0.68460
vt 0.52547 0.64802
vt 0.61163 0.30027
vt 0.44483 0.57862
vt 0.57574 0.39919
vt 0.12170 0.17981
vt 0.57127 0.67793
vt 0.80925 0.83582
vt 0.57803 0.40309
vt 0.94066 0.82060
vt 0.11159 0.15612
vt 0.22518 0.31626
vt 0.10375 0.13959
vt 0.89616 0.57961
vt 0.12621 0.45434
vt 0.69963 0.25807
vt 0.13476 0.77141
vt 0.50785 0.67663
vt 0.57680 0.34425
vt 0.73462 0.26977
vt 0.55043 0.66841
vt 0.48323 0.44537
vt 0.12157 0.15820
vt 0.43164 0.35364
vt 0.42535 0.44160
vt 0.64541 0.23046
vt 0.47327 0.69601
vt 0.51556 0.59517
vt 0.60509 0.32371
vt 0.10723 0.11440
vt 0.54072 0.32827
vt 0.09277 0.37370
vt 0.62800 0.58685
vt 0.49230 0.42488
vt 0.05141 0.18764
vt 0.12013 0.18722
vt 0.11338 0.16553
vt 0.42534 0.66555
vt 0.70047 0.81061
vt 0.84553 0.52782
vt 0.29192 0.29802
vt 0.42628 0.38341
vt 0.60854 0.63823
vt 0.64820 0.20087
vt 0.73640 0.26294
vt 0.10692 0.12192
vt 0.49025 0.41937
vt 0.12960 0.09939
vt 0.53755 0.37979
vt 0.43047 0.57793
vt 0.10700 0.15061
vt 0.74384 0.31154
vt 0.13645 0.07770
vt 0.21158 0.70328
vt 0.65239 0.57287
vt 0.03243 0.33589
vt 0.91697 0.41588
vt 0.56974 0.30590
vt 0.14310 0.29733
vt 0.11418 0.17269
vt 0.12184 0.19307
vt 0.84523 0.51648
vt 0.57167 0.47193
vt 0.84902 0.34069
vt 0.81250 0.59710
vt 0.55946 0.54166
vt 0.49910 0.35558
vt 0.63486 0.56558
vt 0.55325 0.41709
vt 0.12740 0.09495
vt 0.62917 0.41540
vt 0.13713 0.07327
vt 0.09575 0.11954
vt 0.10737 0.14349
vt 0.67648 0.17842
vt 0.43172 0.63631
vt 0.73374 0.58021
vt 0.54294 0.69950
vt 0.13432 0.17233
vt 0.44833 0.58491
vt 0.86541 0.68163
vt 0.32498 0.50380
vt 0.56298 0.51964
vt 0.46742 0.48659
vt 0.61484 0.29693
vt 0.79065 0.03394
vt 0.09138 0.11425
vt 0.31548 0.45232
vt 0.63140 0.33644
vt 0.05589 0.17264
vt 0.45519 0.61969
vt 0.21035 0.29768
vt 0.51592 0.43039
vt 0.14620 0.16649
vt 0.17374 0.64639
vt 0.54778 0.55689
vt 0.45549 0.46204
vt 0.09274 0.10880
vt 0.41527 0.65375
vt 0.21909 0.38995
vt 0.70900 0.30645
vt 0.37940 0.47341
vt 0.51277 0.47713
vt 0.40764 0.20941
vt 0.24985 0.54678
vt 0.55862 0.30829
vt 0.25904 0.46787
vt 0.28770 0.55020
vt 0.79319 0.04666
vt 0.43088 0.50685
vt 0.18986 0.82847
vt 0.40249 0.68913
vt 0.62739 0.28116
vt 0.47950 0.51485
vt 0.77265 0.05424
vt 0.26026 0.46804
vt 0.07070 0.17265
vt 0.44967 0.46945
vt 0.42249 0.48463
vt 0.38671 0.64374
vt 0.28939 0.95234
vt 0.60963 0.34862
vt 0.73944 0.26595
vt 0.81411 0.06050
vt 0.62757 0.28857
vt 0.05471 0.16460
vt 0.78179 0.03945
vt 0.09178 0.12250
vt 0.11004 0.46748
vt 0.09223 0.13475
vt 0.35518 0.36798
vt 0.29325 0.40774
vt 0.78723 0.03146
vt 0.50209 0.27189
vt 0.19000 0.08897
vt 0.62235 0.48491
vt 0.47703 0.59450
vt 0.57108 0.40029
vt 0.09517 0.10835
vt 0.06236 0.16550
vt 0.34706 0.37089
vt 0.51114 0.36761
vt 0.47040 0.48819
vt 0.09248 0.12939
vt 0.07295 0.16242
vt 0.78521 0.02836
vt 0.08054 0.38585
vt 0.37716 0.35832
vt 0.77803 0.23743
vt 0.34687 0.62479
vt 0.59971 0.26247
vt 0.64953 0.39362
vt 0.18802 0.70508
vt 0.06166 0.15794
vt 0.07178 0.17928
vt 0.64019 0.37247
vt 0.61970 0.29593
vt 0.10705 0.17104
vt 0.47793 0.42619
vt 0.74236 0.27281
vt 0.64506 0.30643
vt 0.46160 0.50853
vt 0.66513 0.34517
vt 0.77284 0.00983
vt 0.09276 0.14958
vt 0.05655 0.15218
vt 0.54549 0.41018
vt 0.48039 0.49830
vt 0.47041 0.48722
vt 0.41359 0.62705
vt 0.73248 0.75507
vt 0.32861 0.46940
vt 0.62597 0.16939
vt 0.61959 0.28819
vt 0.33464 0.57119
vt 0.78510 0.03870
vt 0.39226 0.40683
vt 0.35696 0.72692
vt 0.77286 0.00583
vt 0.66349 0.31556
vt 0.46762 0.47945
vt 0.05773 0.18438
vt 0.38769 0.50809
vt 0.57283 0.37422
vt 0.05150 0.16926
vt 0.09204 0.14162
vt 0.10141 0.16626
vt 0.68713 0.02922
vt 0.61921 0.28209
vt 0.53962 0.59090
vt 0.56021 0.38716
vt 0.43145 0.97747
vt 0.71206 0.27354
vt 0.10262 0.48133
vt 0.50935 0.28263
vt 0.52900 0.41094
vt 0.06377 0.19426
vt 0.42496 0.33779
vt 0.10313 0.46619
vt 0.72917 0.61012
vt 0.78492 0.02397
vt 0.74411 0.04794
vt 0.36723 0.57083
vt 0.08576 0.12102
vt 0.70113 0.43078
vt 0.63889 0.78533
vt 0.02199 0.36730
vt 0.44208 0.65204
vt 0.16329 0.54082
vt 0.63181 0.28772
vt 0.29189 0.24553
vt 0.29136 0.80016
vt 0.65295 0.40759
vt 0.77813 0.02559
vt 0.78864 0.02923
vt 0.17724 0.59819
vt 0.41744 0.36220
vt 0.35670 0.52540
vt 0.23499 0.58374
vt 0.09506 0.15765
vt 0.21425 0.42648
vt 0.32092 0.55839
vt 0.48815 0.43942
vt 0.63408 0.28114
vt 0.05704 0.15731
vt 0.77696 0.96401
vt 0.07096 0.17087
vt 0.79492 0.05638
vt 0.55253 0.76981
vt 0.06310 0.15079
vt 0.58712 0.36585
vt 0.29081 0.43693
vt 0.48858 0.58599
vt 0.54357 0.47250
vt 0.54402 0.58423
vt 0.06175 0.17967
vt 0.34021 0.42609
vt 0.27491 0.73983
vt 0.07020 0.14359
vt 0.68425 0.11639
vt 0.53870 0.48832
vt 0.48645 0.40553
vt 0.56836 0.70901
vt 0.59751 0.48921
vt 0.54744 0.45767
vt 0.58520 0.43448
vt 0.53368 0.42590
vt 0.08642 0.11635
vt 0.31685 0.53532
vt 0.06384 0.14361
vt 0.43868 0.44939
vt 0.66728 0.59304
vt 0.44501 0.59413
vt 0.06186 0.18750
vt 0.62609 0.36963
vt 0.42913 0.90638
vt 0.07179 0.15042
vt 0.12157 0.46096
vt 0.45401 0.09721
vt 0.79092 0.01915
vt 0.22304 0.36118
vt 0.32988 0.24927
vt 0.44588 0.59059
vt 0.67196 0.85429
vt 0.60695 0.25048
vt 0.43767 0.55608
vt 0.24471 0.54951
vt 0.06094 0.17183
vt 0.12712 0.49214
vt 0.17876 0.20594
vt 0.44492 0.44268
vt 0.60123 0.11785
vt 0.79295 0.01528
vt 0.75207 0.50531
vt 0.69363 0.42259
vt 0.23989 0.50149
vt 0.08684 0.14107
vt 0.79214 0.02467
vt 0.10317 0.47652
vt 0.53771 0.55268
vt 0.44363 0.65503
vt 0.42751 0.62933
vt 0.56354 0.34817
vt 0.07079 0.20108
vt 0.27514 0.42075
vt 0.66907 0.45406
vt 0.79414 0.03135
vt 0.68153 0.29126
vt 0.95018 0.71651
vt 0.68325 0.09993
vt 0.34334 0.63030
vt 0.18055 0.43494
vt 0.31711 0.63307
vt 0.53671 0.48498
vt 0.75325 0.17062
vt 0.79293 0.01093
vt 0.41726 0.60032
vt 0.74750 0.09562
vt 0.49110 0.49749
vt 0.60079 0.73104
vt 0.68689 0.87043
vt 0.25593 0.35928
vt 0.45564 0.78219
vt 0.41490 0.46349
vt 0.62696 0.27030
vt 0.60131 0.47459
vt 0.77356 0.02307
vt 0.06682 0.14889
vt 0.08535 0.12742
vt 0.17907 0.39735
vt 0.15922 0.09359
vt 0.06797 0.18085
vt 0.47037 0.42902
vt 0.61074 0.47003
vt 0.78527 0.01726
vt 0.58446 0.47734
vt 0.61190 0.05518
vt 0.42780 0.53236
vt 0.77968 0.03655
vt 0.06950 0.18679
vt 0.49715 0.57351
vt 0.08588 0.13582
vt 0.48756 0.60472
vt 0.63626 0.42161
vt 0.67080 0.39492
vt 0.15673 0.09766
vt 0.18463 0.11133
vt 0.60705 0.25742
vt 0.86952 0.51221
vt 0.21075 0.13124
vt 0.57750 0.68190
vt 0.70191 0.09703
vt 0.74275 0.45117
vt 0.89128 0.14452
vt 0.88043 0.10950
vt 0.63284 0.57525
vt 0.36082 0.75916
vt 0.80237 0.47684
vt 0.87102 0.01714
vt 0.51114 0.53908
vt 0.41043 0.14724
vt 0.61526 0.76002
vt 0.60743 0.24458
vt 0.15716 0.17283
vt 0.17056 0.13476
vt 0.18544 0.33293
vt 0.32079 0.06070
vt 0.71486 0.81801
vt 0.63247 0.55718
vt 0.85856 0.20561
vt 0.87953 0.12428
vt 0.17048 0.14228
vt 0.56736 0.74057
vt 0.58358 0.28234
vt 0.56148 0.74247
vt 0.47530 0.34252
vt 0.28419 0.08538
vt 0.25672 0.25854
vt 0.61145 0.07276
vt 0.42488 0.48849
vt 0.65381 0.45108
vt 0.75609 0.16921
vt 0.58510 0.35341
vt 0.55234 0.51595
vt 0.49753 0.08477
vt 0.75365 0.03621
vt 0.80532 0.80126
vt 0.60326 0.01316
vt 0.83415 0.65513
vt 0.16313 0.12123
vt 0.57056 0.72295
vt 0.19963 0.11803
vt 0.17206 0.14843
vt 0.60064 0.25840
vt 0.58598 0.42038
vt 0.67809 0.60196
vt 0.71788 0.43229
vt 0.45914 0.36890
vt 0.16496 0.16132
vt 0.33527 0.81857
vt 0.87303 0.00966
vt 0.66742 0.61158
vt 0.65863 0.12346
vt 0.15446 0.20204
vt 0.71314 0.70641
vt 0.33367 0.65920
vt 0.77015 0.54752
vt 0.16329 0.12764
vt 0.19793 0.78609
vt 0.46438 0.35038
vt 0.94471 0.11007
vt 0.30466 0.55864
vt 0.60925 0.25514
vt 0.55019 0.69055
vt 0.86323 0.15537
vt 0.88804 0.14833
vt 0.16419 0.10728
vt 0.36932 0.56936
vt 0.86621 0.01717
vt 0.16300 0.13577
vt 0.45188 0.51768
vt 0.52455 0.71806
vt 0.42768 0.84504
vt 0.50655 0.96922
vt 0.45736 0.44533
vt 0.84116 0.10802
vt 0.81500 0.57942
vt 0.88703 0.13764
vt 0.26850 0.76555
vt 0.66692 0.68624
vt 0.22341 0.18051
vt 0.15637 0.19451
vt 0.86438 0.01025
vt 0.87228 0.02215
vt 0.76598 0.45105
vt 0.87837 0.16417
vt 0.35916 0.74798
vt 0.16357 0.14262
vt 0.60184 0.26399
vt 0.88463 0.13354
vt 0.84781 0.14018
vt 0.17186 0.12120
vt 0.94488 0.10569
vt 0.40543 0.40983
vt 0.15770 0.18821
vt 0.72177 0.46444
vt 0.66481 0.73692
vt 0.51921 0.32679
vt 0.66645 0.81280
vt 0.73042 0.29644
vt 0.54729 0.44823
vt 0.57039 0.25856
vt 0.18800 0.19569
vt 0.64976 0.06389
vt 0.87980 0.17038
vt 0.49904 0.34898
vt 0.15547 0.17886
vt 0.64127 0.77300
vt 0.49695 0.26632
vt 0.87904 0.11229
vt 0.58750 0.71336
vt 0.29270 0.13849
vt 0.37252 0.35520
vt 0.59007 0.72399
vt 0.23786 0.76687
vt 0.44021 0.82679
vt 0.17358 0.17868
vt 0.58086 0.64444
vt 0.44067 0.67121
vt 0.89346 0.17101
vt 0.69249 0.78995
vt 0.17150 0.18719
vt 0.89728 0.12431
vt 0.45343 0.31668
vt 0.68024 0.76220
vt 0.45331 0.33607
vt 0.17911 0.11655
vt 0.87696 0.15064
vt 0.62202 0.28662
vt 0.39690 0.56828
vt 0.89196 0.16290
vt 0.33856 0.38815
vt 0.88649 0.10502
vt 0.61349 0.59344
vt 0.50670 0.58481
vt 0.23689 0.26119
vt 0.66480 0.41800
vt 0.72430 0.35198
vt 0.17024 0.19478
vt 0.23515 0.09575
vt 0.86235 0.12913
vt 0.44110 0.33424
vt 0.19873 0.10198
vt 0.73408 0.78643
vt 0.69226 0.40187
vt 0.85911 0.00828
vt 0.16468 0.17371
vt 0.10903 0.63692
vt 0.08609 0.63173
vt 0.27281 0.56461
vt 0.88665 0.11182
vt 0.93876 0.10348
vt 0.79173 0.47434
vt 0.89189 0.15799
vt 0.45470 0.49543
vt 0.81881 0.62197
vt 0.87275 0.12587
vt 0.88815 0.17588
vt 0.86340 0.15701
vt 0.38652 0.11952
vt 0.17185 0.20121
vt 0.66854 0.05647
vt 0.52296 0.29258
vt 0.16457 0.18048
vt 0.64106 0.19018
vt 0.59138 0.52955
vt 0.73410 0.89356
vt 0.42865 0.96655
vt 0.79812 0.47454
vt 0.40324 0.60986
vt 0.88566 0.17081
vt 0.65783 0.55861
vt 0.89547 0.13929
vt 0.74992 0.53631
vt 0.25327 0.31222
vt 0.31688 0.34229
vt 0.87756 0.12737
vt 0.61297 0.25182
vt 0.79902 0.79862
vt 0.79451 0.46679
vt 0.87651 0.12629
vt 0.44285 0.32902
vt 0.69398 0.79951
vt 0.89583 0.16094
vt 0.16402 0.18678
vt 0.41220 0.59664
vt 0.70731 0.45019
vt 0.89154 0.10429
vt 0.15777 0.14328
vt 0.88023 0.13242
vt 0.59614 0.78290
vt 0.88198 0.18616
vt 0.57557 0.64056
vt 0.87803 0.13887
vt 0.58726 0.52774
vt 0.32933 0.68594
vt 0.89422 0.12708
vt 0.65549 0.52983
vt 0.38058 0.66414
vt 0.89470 0.11862
vt 0.16302 0.19463
vt 0.28321 0.62248
vt 0.54464 0.40191
vt 0.19484 0.18837
vt 0.18646 0.16474
vt 0.68987 0.13561
vt 0.88716 0.13081
vt 0.88616 0.15503
vt 0.57128 0.83824
vt 0.66716 0.59687
vt 0.88759 0.12253
vt 0.15587 0.12937
vt 0.43980 0.11852
vt 0.89383 0.15600
vt 0.27440 0.65640
vt 0.16301 0.20124
vt 0.24865 0.14298
vt 0.89401 0.17700
vt 0.31356 0.59282
vt 0.67399 0.57319
vt 0.86542 0.13538
vt 0.78260 0.13345
vt 0.89759 0.02198
vt 0.71106 0.36057
vt 0.23749 0.20411
vt 0.88551 0.03169
vt 0.13661 0.13353
vt 0.55798 0.39624
vt 0.70554 0.05445
vt 0.12920 0.20079
vt 0.69663 0.30579
vt 0.85939 0.10270
vt 0.12906 0.17149
vt 0.12269 0.09261
vt 0.50717 0.76051
vt 0.66853 0.71782
vt 0.86158 0.10696
vt 0.88599 0.02355
vt 0.54605 0.26692
vt 0.87136 0.13164
vt 0.34273 0.79058
vt 0.12742 0.19440
vt 0.38664 0.15748
vt 0.13697 0.13049
vt 0.36826 0.71323
vt 0.86194 0.12743
vt 0.81597 0.45422
vt 0.19758 0.15154
vt 0.68210 0.73878
vt 0.88625 0.00928
vt 0.58249 0.49308
vt 0.37404 0.74951
vt 0.13810 0.21350
vt 0.15895 0.18338
vt 0.89091 0.01869
vt 0.12777 0.18663
vt 0.89749 0.11361
vt 0.44194 0.58636
vt 0.12828 0.15746
vt 0.62452 0.02841
vt 0.73668 0.35348
vt 0.65048 0.64905
vt 0.74814 0.48081
vt 0.19958 0.82909
vt 0.86509 0.14713
vt 0.86596 0.11789
vt 0.53761 0.53267
vt 0.25368 0.10937
vt 0.35981 0.41242
vt 0.12800 0.18011
vt 0.04997 0.61191
vt 0.88711 0.03781
vt 0.89946 0.09771
vt 0.49642 0.31772
vt 0.86534 0.14169
vt 0.26042 0.45153
vt 0.65958 0.78547
vt 0.36328 0.39835
vt 0.80083 0.23440
vt 0.12831 0.16628
vt 0.89356 0.03139
vt 0.76659 0.53216
vt 0.08894 0.58018
vt 0.61549 0.30345
vt 0.71690 0.42454
vt 0.43115 0.70012
vt 0.46359 0.48873
vt 0.45027 0.31979
vt 0.13547 0.17320
vt 0.23568 0.12621
vt 0.13840 0.20022
vt 0.13900 0.11509
vt 0.85833 0.56197
vt 0.68544 0.06452
vt 0.88365 0.01200
vt 0.46476 0.50075
vt 0.13466 0.19328
vt 0.13182 0.74390
vt 0.54803 0.31194
vt 0.65890 0.66654
vt 0.89221 0.02421
vt 0.68590 0.51052
vt 0.14160 0.15077
vt 0.89303 0.00970
vt 0.14309 0.11401
vt 0.12637 0.17519
vt 0.15333 0.12505
vt 0.13543 0.18744
vt 0.34676 0.61877
vt 0.88531 0.01759
vt 0.61172 0.85698
vt 0.40811 0.33700
vt 0.87104 0.14038
vt 0.46756 0.60800
vt 0.75287 0.43210
vt 0.15641 0.54615
vt 0.34167 0.74944
vt 0.62641 0.34272
vt 0.89356 0.04528
vt 0.18061 0.22656
vt 0.86431 0.15701
vt 0.77406 0.50308
vt 0.87203 0.11872
vt 0.89343 0.03767
vt 0.37023 0.61410
vt 0.89423 0.01608
vt 0.46344 0.34568
vt 0.13520 0.16650
vt 0.37082 0.66864
vt 0.63500 0.64553
vt 0.18782 0.13666
vt 0.55219 0.37681
vt 0.69739 0.53799
vt 0.16275 0.57168
vt 0.12851 0.26472
vt 0.10443 0.60486
vt 0.12963 0.16964
vt 0.35757 0.13686
vt 0.45691 0.74133
vt 0.14251 0.17339
vt 0.87145 0.15597
vt 0.73425 0.70141
vt 0.02157 0.63052
vt 0.57684 0.68251
vt 0.89893 0.12551
vt 0.44064 0.31364
vt 0.14212 0.20156
vt 0.46019 0.31080
vt 0.85242 0.13426
vt 0.36843 0.47866
vt 0.37030 0.59052
vt 0.22507 0.60534
vt 0.19203 0.11224
vt 0.58583 0.70715
vt 0.15691 0.26636
vt 0.44937 0.66391
vt 0.33175 0.39688
vt 0.18395 0.81432
vt 0.89228 0.09631
vt 0.79561 0.38570
vt 0.68446 0.52028
vt 0.17414 0.19220
vt 0.14243 0.10658
vt 0.76144 0.78638
vt 0.46354 0.57923
vt 0.89580 0.05047
vt 0.14155 0.19552
vt 0.49554 0.34766
vt 0.56837 0.70729
vt 0.85246 0.10401
vt 0.35239 0.74739
vt 0.56030 0.28373
vt 0.87168 0.10492
vt 0.01721 0.60127
vt 0.36146 0.57060
vt 0.15400 0.96463
vt 0.50199 0.25677
vt 0.87600 0.12595
vt 0.64371 0.69492
vt 0.14312 0.15712
vt 0.15034 0.18680
vt 0.14296 0.13308
vt 0.58227 0.63096
vt 0.49588 0.34189
vt 0.26687 0.47819
vt 0.83967 0.12188
vt 0.87825 0.02448
vt 0.84959 0.17921
vt 0.37874 0.53677
vt 0.77277 0.16042
vt 0.14952 0.17858
vt 0.59015 0.08452
vt 0.67857 0.56804
vt 0.14193 0.16530
vt 0.72119 0.23835
vt 0.87221 0.11123
vt 0.66784 0.41112
vt 0.14413 0.12272
vt 0.85373 0.14019
vt 0.51790 0.68616
vt 0.18760 0.17080
vt 0.12851 0.11432
vt 0.44169 0.30444
vt 0.56007 0.51320
vt 0.88096 0.03055
vt 0.52894 0.26776
vt 0.89776 0.07653
vt 0.85491 0.13396
vt 0.13829 0.84286
vt 0.47150 0.50723
vt 0.35994 0.63078
vt 0.12876 0.14446
vt 0.51103 0.43409
vt 0.14400 0.19299
vt 0.15082 0.10670
vt 0.64248 0.68478
vt 0.78618 0.16584
vt 0.39807 0.79723
vt 0.45393 0.31365
vt 0.14073 0.13400
vt 0.07628 0.56360
vt 0.56495 0.81350
vt 0.85694 0.13483
vt 0.54333 0.67328
vt 0.30243 0.41712
vt 0.35477 0.55543
vt 0.27136 0.48468
vt 0.12757 0.14990
vt 0.57362 0.73959
vt 0.37576 0.77848
vt 0.98714 0.36623
vt 0.87936 0.01710
vt 0.54484 0.28283
vt 0.14764 0.20311
vt 0.68804 0.33496
vt 0.34280 0.53756
vt 0.14974 0.11610
vt 0.85687 0.10543
vt 0.84532 0.16027
vt 0.14326 0.12913
vt 0.14926 0.17239
vt 0.75486 0.52043
vt 0.87648 0.00501
vt 0.12773 0.12947
vt 0.85622 0.11668
vt 0.59554 0.25853
vt 0.85721 0.14613
vt 0.32136 0.80957
vt 0.58743 0.82918
vt 0.44204 0.30977
vt 0.58899 0.77548
vt 0.57423 0.27009
vt 0.24825 0.23194
vt 0.21015 0.15101
vt 0.86757 0.10833
vt 0.79833 0.13805
vt 0.37919 0.44952
vt 0.83228 0.80912
vt 0.12823 0.13732
vt 0.61993 0.30454
vt 0.85760 0.13979
vt 0.86787 0.15924
vt 0.87883 0.00995
vt 0.85863 0.11083
vt 0.58010 0.36706
vt 0.03936 0.86863
vt 0.49517 0.33927
vt 0.44959 0.31656
vt 0.14333 0.18733
vt 0.20630 0.15603
vt 0.14452 0.14277
vt 0.28130 0.18039
vt 0.40014 0.13978
vt 0.61172 0.12116
vt 0.67036 0.25141
vt 0.70708 0.68694
vt 0.94375 0.16519
vt 0.92411 0.03817
vt 0.91695 0.00993
vt 0.51126 0.33141
vt 0.89227 0.06980
vt 0.44767 0.38483
vt 0.21022 0.21351
vt 0.50266 0.33922
vt 0.73182 0.86049
vt 0.87146 0.09067
vt 0.56379 0.62199
vt 0.20753 0.17262
vt 0.92917 0.18159
vt 0.91905 0.13253
vt 0.39315 0.38600
vt 0.62435 0.22651
vt 0.21863 0.52562
vt 0.71185 0.68979
vt 0.51453 0.31776
vt 0.81650 0.03189
vt 0.94373 0.17979
vt 0.51344 0.33551
vt 0.74853 0.20288
vt 0.92166 0.12086
vt 0.59791 0.34864
vt 0.64559 0.49565
vt 0.25357 0.33105
vt 0.94479 0.16962
vt 0.37626 0.65240
vt 0.87192 0.09737
vt 0.73289 0.18104
vt 0.50329 0.33339
vt 0.30814 0.27360
vt 0.85688 0.23218
vt 0.62679 0.16055
vt 0.92407 0.02394
vt 0.22235 0.48840
vt 0.66822 0.49208
vt 0.89010 0.08097
vt 0.09591 0.55917
vt 0.49553 0.64164
vt 0.91718 0.01724
vt 0.64842 0.28384
vt 0.36186 0.62428
vt 0.11614 0.57332
vt 0.87902 0.08293
vt 0.61545 0.14686
vt 0.88617 0.05410
vt 0.20905 0.15699
vt 0.21604 0.17977
vt 0.41647 0.38931
vt 0.62889 0.51803
vt 0.62464 0.25737
vt 0.88609 0.07631
vt 0.91539 0.04996
vt 0.63377 0.15532
vt 0.74690 0.41572
vt 0.87005 0.08463
vt 0.92403 0.03104
vt 0.86170 0.10134
vt 0.44906 0.37961
vt 0.87819 0.07711
vt 0.30670 0.13977
vt 0.21573 0.18775
vt 0.88721 0.05963
vt 0.22782 0.49284
vt 0.94415 0.19004
vt 0.51131 0.32720
vt 0.24386 0.51865
vt 0.49197 0.32920
vt 0.88734 0.06875
vt 0.21490 0.17250
vt 0.22668 0.47156
vt 0.73759 0.39399
vt 0.28714 0.57731
vt 0.71190 0.22547
vt 0.71796 0.44033
vt 0.86654 0.09572
vt 0.31306 0.51093
vt 0.54100 0.33840
vt 0.52032 0.38577
vt 0.92914 0.14885
vt 0.87666 0.07163
vt 0.92439 0.13914
vt 0.91709 0.03105
vt 0.87677 0.03105
vt 0.91386 0.63943
vt 0.51015 0.33245
vt 0.39600 0.45265
vt 0.66996 0.13387
vt 0.54044 0.48225
vt 0.59641 0.12155
vt 0.28883 0.47392
vt 0.92070 0.01817
vt 0.79648 0.13390
vt 0.89594 0.06785
vt 0.86452 0.08987
vt 0.44801 0.39190
vt 0.50396 0.34143
vt 0.95020 0.17187
vt 0.59797 0.76469
vt 0.79676 0.54138
vt 0.91724 0.02399
vt 0.10292 0.54551
vt 0.25013 0.52109
vt 0.20796 0.20202
vt 0.89622 0.09032
vt 0.33129 0.62076
vt 0.62908 0.22943
vt 0.89389 0.08284
vt 0.54786 0.65419
vt 0.87913 0.04640
vt 0.94527 0.17628
vt 0.90099 0.06311
vt 0.92297 0.12553
vt 0.21538 0.15767
vt 0.20888 0.18003
vt 0.51844 0.29686
vt 0.23670 0.51828
vt 0.80577 0.84842
vt 0.31992 0.13862
vt 0.73110 0.05773
vt 0.91717 0.11826
vt 0.47012 0.76526
vt 0.49509 0.34179
vt 0.87042 0.07329
vt 0.85365 0.11849
vt 0.58123 0.20713
vt 0.84941 0.09741
vt 0.50345 0.32583
vt 0.88474 0.06275
vt 0.90836 0.78068
vt 0.71210 0.44038
vt 0.20855 0.18742
vt 0.73675 0.17551
vt 0.90489 0.10263
vt 0.21550 0.16643
vt 0.53325 0.43019
vt 0.89291 0.07578
vt 0.91134 0.13604
vt 0.42059 0.57184
vt 0.95437 0.63363
vt 0.88273 0.07727
vt 0.61981 0.32657
vt 0.91479 0.11413
vt 0.53118 0.39358
vt 0.94725 0.18272
vt 0.92405 0.01030
vt 0.91257 0.04275
vt 0.61207 0.68706
vt 0.82773 0.64873
vt 0.87869 0.03889
vt 0.86339 0.07858
vt 0.08712 0.41641
vt 0.82260 0.33770
vt 0.64916 0.25427
vt 0.20061 0.28679
vt 0.73325 0.36516
vt 0.93020 0.17567
vt 0.59655 0.55800
vt 0.84237 0.10161
vt 0.93301 0.16907
vt 0.90924 0.03110
vt 0.79352 0.03401
vt 0.34482 0.43073
vt 0.88075 0.07478
vt 0.44843 0.48997
vt 0.89963 0.03112
vt 0.10292 0.53867
vt 0.75935 0.46403
vt 0.51633 0.32966
vt 0.70858 0.36088
vt 0.90857 0.02398
vt 0.89570 0.01172
vt 0.74346 0.40145
vt 0.85683 0.05665
vt 0.22809 0.58827
vt 0.85042 0.08337
vt 0.93158 0.16231
vt 0.88561 0.08359
vt 0.11353 0.28324
vt 0.09575 0.56642
vt 0.21356 0.15136
vt 0.26347 0.87210
vt 0.92198 0.10676
vt 0.85973 0.08880
vt 0.11340 0.31314
vt 0.93095 0.18135
vt 0.90863 0.10622
vt 0.89279 0.13312
vt 0.52750 0.35641
vt 0.85861 0.08221
vt 0.51694 0.32172
vt 0.51938 0.33449
vt 0.92424 0.11785
vt 0.20203 0.62268
vt 0.65292 0.22531
vt 0.90068 0.04543
vt 0.31739 0.48213
vt 0.50844 0.44159
vt 0.55254 0.74223
vt 0.85094 0.09067
vt 0.88696 0.09024
vt 0.91197 0.04342
vt 0.10689 0.28479
vt 0.13658 0.31371
vt 0.84975 0.06357
vt 0.02938 0.71690
vt 0.88334 0.11392
vt 0.70229 0.68241
vt 0.83544 0.64920
vt 0.60068 0.11450
vt 0.87690 0.12343
vt 0.18967 0.61204
vt 0.85869 0.07616
vt 0.08765 0.58361
vt 0.47350 0.52497
vt 0.51645 0.32118
vt 0.91053 0.03733
vt 0.49399 0.35682
vt 0.11332 0.29930
vt 0.90100 0.03869
vt 0.91631 0.15668
vt 0.23765 0.62846
vt 0.70179 0.54763
vt 0.88857 0.09609
vt 0.93991 0.17611
vt 0.85319 0.09512
vt 0.32861 0.44991
vt 0.17638 0.20313
vt 0.90106 0.01700
vt 0.66727 0.38968
vt 0.65881 0.42729
vt 0.20614 0.14355
vt 0.85543 0.13829
vt 0.20817 0.52128
vt 0.92646 0.37009
vt 0.46218 0.37331
vt 0.88394 0.03968
vt 0.85639 0.07148
vt 0.87799 0.05536
vt 0.75888 0.42527
vt 0.55669 0.48081
vt 0.09461 0.56468
vt 0.93179 0.17985
vt 0.91783 0.11105
vt 0.90124 0.02425
vt 0.89239 0.01560
vt 0.33883 0.22274
vt 0.93416 0.17753
vt 0.63766 0.26991
vt 0.13478 0.34793
vt 0.85583 0.08582
vt 0.66885 0.26536
vt 0.10640 0.31324
vt 0.68121 0.78222
vt 0.20823 0.14957
vt 0.79668 0.10797
vt 0.86426 0.08316
vt 0.93805 0.18485
vt 0.11310 0.29120
vt 0.70663 0.39036
vt 0.88563 0.04605
vt 0.40462 0.57110
vt 0.77365 0.05843
vt 0.90314 0.03098
vt 0.12431 0.27155
vt 0.93037 0.16202
vt 0.91011 0.01714
vt 0.59134 0.79712
vt 0.83661 0.65342
vt 0.18850 0.60447
vt 0.66870 0.22664
vt 0.92546 0.10970
vt 0.11324 0.29844
vt 0.82705 0.33425
vt 0.72406 0.39572
vt 0.64963 0.26112
vt 0.94053 0.18801
vt 0.69682 0.40238
vt 0.92946 0.16577
vt 0.90615 0.03956
vt 0.44249 0.69140
vt 0.64853 0.19861
vt 0.43212 0.69406
vt 0.47422 0.71226
vt 0.24920 0.67404
vt 0.89910 0.11379
vt 0.89262 0.09133
vt 0.85816 0.09097
vt 0.20816 0.70834
vt 0.22513 0.49972
vt 0.63395 0.26278
vt 0.67488 0.13699
vt 0.59865 0.58422
vt 0.87815 0.15852
vt 0.39473 0.57891
vt 0.91903 0.16894
vt 0.04155 0.62901
vt 0.64527 0.47604
vt 0.10619 0.29884
vt 0.47219 0.41908
vt 0.12606 0.20343
vt 0.87934 0.06827
vt 0.90995 0.05646
vt 0.51677 0.33230
vt 0.84071 0.13686
vt 0.78391 0.22737
vt 0.90342 0.11812
vt 0.42392 0.59227
vt 0.67255 0.12877
vt 0.47357 0.39822
vt 0.56191 0.35727
vt 0.93315 0.13067
vt 0.52733 0.32687
vt 0.53259 0.20810
vt 0.53084 0.35207
vt 0.85008 0.03157
vt 0.17946 0.15889
vt 0.18606 0.18651
vt 0.44290 0.10672
vt 0.91848 0.15222
vt 0.47564 0.51240
vt 0.84041 0.04631
vt 0.51410 0.62836
vt 0.20193 0.14190
vt 0.90150 0.14070
vt 0.91524 0.03386
vt 0.90848 0.12682
vt 0.93061 0.10468
vt 0.76251 0.02903
vt 0.94524 0.14850
vt 0.93795 0.12394
vt 0.46067 0.51881
vt 0.93991 0.15917
vt 0.90029 0.17006
vt 0.51998 0.32788
vt 0.87203 0.05408
vt 0.56548 0.32526
vt 0.92126 0.15688
vt 0.21632 0.72623
vt 0.90022 0.14581
vt 0.39384 0.34195
vt 0.85857 0.03018
vt 0.55136 0.33589
vt 0.33101 0.22407
vt 0.84842 0.02589
vt 0.76717 0.16974
vt 0.20096 0.15089
vt 0.90944 0.13262
vt 0.85112 0.07585
vt 0.66036 0.36294
vt 0.21639 0.72908
vt 0.76021 0.44855
vt 0.24298 0.54339
vt 0.90054 0.16375
vt 0.33118 0.40091
vt 0.87162 0.06208
vt 0.67257 0.14773
vt 0.85019 0.00982
vt 0.94347 0.14444
vt 0.92505 0.16452
vt 0.41889 0.44237
vt 0.93918 0.15324
vt 0.47059 0.59688
vt 0.93106 0.11179
vt 0.90897 0.17856
vt 0.18764 0.20137
vt 0.75743 0.13398
vt 0.52249 0.38762
vt 0.16183 0.55578
vt 0.86755 0.16799
vt 0.54146 0.35968
vt 0.94444 0.01080
vt 0.85118 0.04504
vt 0.85636 0.06120
vt 0.67448 0.15455
vt 0.88679 0.13162
vt 0.65087 0.10756
vt 0.33149 0.51293
vt 0.59186 0.41055
vt 0.64077 0.30540
vt 0.32606 0.61910
vt 0.19911 0.13518
vt 0.85061 0.01728
vt 0.90265 0.15505
vt 0.71206 0.28726
vt 0.87299 0.06783
vt 0.92365 0.17038
vt 0.15127 0.53180
vt 0.72913 0.36596
vt 0.18630 0.19429
vt 0.84997 0.03922
vt 0.93236 0.11697
vt 0.85803 0.06183
vt 0.83018 0.32279
vt 0.63339 0.24832
vt 0.90012 0.13422
vt 0.90968 0.18507
vt 0.45170 0.21790
vt 0.28495 0.46775
vt 0.45726 0.77124
vt 0.26858 0.20844
vt 0.85141 0.02335
vt 0.85656 0.03267
vt 0.93627 0.10613
vt 0.90839 0.16113
vt 0.86593 0.05933
vt 0.93688 0.09805
vt 0.77413 0.41511
vt 0.69544 0.83030
vt 0.91936 0.16917
vt 0.63558 0.13931
vt 0.89658 0.13231
vt 0.32815 0.83532
vt 0.19296 0.13530
vt 0.22066 0.73059
vt 0.93889 0.13118
vt 0.18731 0.16557
vt 0.09547 0.53820
vt 0.23253 0.77220
vt 0.94265 0.05070
vt 0.17932 0.18021
vt 0.90110 0.17933
vt 0.86477 0.05392
vt 0.90747 0.16968
vt 0.74746 0.16132
vt 0.73056 0.41279
vt 0.37194 0.47716
vt 0.83691 0.36981
vt 0.71334 0.31150
vt 0.56754 0.45387
vt 0.28709 0.46957
vt 0.19246 0.12807
vt 0.90721 0.14006
vt 0.93792 0.12756
vt 0.85721 0.01066
vt 0.89520 0.13288
vt 0.17881 0.18674
vt 0.18723 0.15718
vt 0.91746 0.16200
vt 0.03520 0.61567
vt 0.73095 0.45075
vt 0.27291 0.74144
vt 0.49563 0.27535
vt 0.13050 0.61219
vt 0.52377 0.32685
vt 0.59361 0.20892
vt 0.41632 0.10959
vt 0.67326 0.12367
vt 0.93209 0.04078
vt 0.75788 0.53584
vt 0.88764 0.12559
vt 0.33537 0.46430
vt 0.90217 0.18285
vt 0.43969 0.36383
vt 0.57011 0.30838
vt 0.59281 0.43237
vt 0.17706 0.19452
vt 0.86980 0.13059
vt 0.43380 0.23245
vt 0.85731 0.04684
vt 0.78593 0.17213
vt 0.17773 0.59186
vt 0.74716 0.46120
vt 0.19373 0.15145
vt 0.11317 0.55691
vt 0.93796 0.11171
vt 0.84646 0.05692
vt 0.26928 0.44320
vt 0.52606 0.33399
vt 0.89722 0.16846
vt 0.63691 0.38440
vt 0.85804 0.01698
vt 0.70380 0.16414
vt 0.90447 0.05631
vt 0.72053 0.35397
vt 0.93922 0.13824
vt 0.18052 0.20117
vt 0.53724 0.31477
vt 0.65103 0.69955
vt 0.90302 0.17693
vt 0.36333 0.17737
vt 0.93788 0.11951
vt 0.85162 0.06089
vt 0.92451 0.15646
vt 0.40342 0.44320
vt 0.62252 0.96432
vt 0.18659 0.13698
vt 0.47381 0.08201
vt 0.29458 0.43913
vt 0.08979 0.55267
vt 0.87091 0.07016
vt 0.66941 0.37902
vt 0.87236 0.03116
vt 0.62565 0.41979
vt 0.19507 0.24548
vt 0.19475 0.16610
vt 0.83894 0.24230
vt 0.91533 0.15019
vt 0.52609 0.34704
vt 0.55336 0.13285
vt 0.93426 0.04564
vt 0.58572 0.61405
vt 0.31599 0.40005
vt 0.92034 0.13753
vt 0.64497 0.72515
vt 0.92346 0.14836
vt 0.68794 0.18236
vt 0.94464 0.09117
vt 0.61788 0.14188
vt 0.67387 0.24224
vt 0.25386 0.47845
vt 0.15580 0.52383
vt 0.48224 0.39243
vt 0.18694 0.12778
vt 0.72241 0.29071
vt 0.70200 0.06709
vt 0.37454 0.71672
vt 0.08109 0.62576
vt 0.30727 0.32882
vt 0.94447 0.13351
vt 0.04662 0.61625
vt 0.23034 0.78399
vt 0.19389 0.15786
vt 0.87115 0.02633
vt 0.93142 0.01697
vt 0.93798 0.04518
vt 0.17870 0.11541
vt 0.43731 0.35452
vt 0.67813 0.76683
vt 0.63779 0.32476
vt 0.33502 0.55280
vt 0.91411 0.17004
vt 0.75362 0.14532
vt 0.81663 0.11019
vt 0.80282 0.55228
vt 0.93144 0.14610
vt 0.84927 0.04751
vt 0.20173 0.20142
vt 0.85825 0.05195
vt 0.47933 0.45959
vt 0.92183 0.14161
vt 0.62464 0.64600
vt 0.09510 0.54472
vt 0.59551 0.66201
vt 0.45320 0.25991
vt 0.94519 0.09705
vt 0.62061 0.09484
vt 0.52976 0.08917
vt 0.20185 0.18057
vt 0.17540 0.16787
vt 0.17988 0.12038
vt 0.92681 0.12640
vt 0.94542 0.11847
vt 0.54078 0.33123
vt 0.86461 0.04683
vt 0.18646 0.14949
vt 0.83187 0.21999
vt 0.87300 0.04549
vt 0.90625 0.05407
vt 0.49547 0.27771
vt 0.60724 0.83608
vt 0.43161 0.31534
vt 0.85896 0.08092
vt 0.79087 0.04254
vt 0.94559 0.14016
vt 0.77457 0.06770
vt 0.93060 0.13404
vt 0.44688 0.09145
vt 0.18676 0.14354
vt 0.82464 0.14677
vt 0.31957 0.50755
vt 0.85452 0.05591
vt 0.19286 0.17326
vt 0.94504 0.11337
vt 0.23143 0.37624
vt 0.93114 0.01003
vt 0.94652 0.14505
vt 0.69061 0.05271
vt 0.93765 0.03113
vt 0.92420 0.19042
vt 0.60024 0.42811
vt 0.93487 0.06325
vt 0.71990 0.46262
vt 0.90950 0.15522
vt 0.86246 0.01797
vt 0.65658 0.63791
vt 0.64358 0.30460
vt 0.70636 0.22259
vt 0.55565 0.31956
vt 0.91363 0.19015
vt 0.90082 0.15015
vt 0.94693 0.13107
vt 0.87675 0.09186
vt 0.93098 0.03812
vt 0.93758 0.14080
vt 0.44107 0.34981
vt 0.71543 0.29880
vt 0.29163 0.96228
vt 0.67820 0.04358
vt 0.20107 0.17323
vt 0.22299 0.17542
vt 0.86535 0.02407
vt 0.37140 0.37437
vt 0.91352 0.12935
vt 0.17995 0.12803
vt 0.75983 0.23803
vt 0.93760 0.14712
vt 0.60807 0.28572
vt 0.59506 0.55565
vt 0.63084 0.65847
vt 0.68686 0.35698
vt 0.81944 0.08658
vt 0.94470 0.12584
vt 0.31183 0.55168
vt 0.55037 0.44961
vt 0.94578 0.16146
vt 0.75761 0.45124
vt 0.52621 0.38521
vt 0.41239 0.44120
vt 0.86429 0.03126
vt 0.22965 0.96667
vt 0.69228 0.64132
vt 0.52395 0.48558
vt 0.18071 0.13332
vt 0.91515 0.13308
vt 0.86571 0.06852
vt 0.67228 0.13457
vt 0.54868 0.41087
vt 0.54689 0.31289
vt 0.93665 0.01747
vt 0.79622 0.27054
vt 0.91816 0.14010
vt 0.87772 0.21693
vt 0.69970 0.17427
vt 0.19925 0.21549
vt 0.64781 0.23919
vt 0.90382 0.15208
vt 0.87248 0.08263
vt 0.86921 0.02286
vt 0.93184 0.02479
vt 0.71286 0.04478
vt 0.08815 0.54560
vt 0.85336 0.04054
vt 0.20166 0.15861
vt 0.48215 0.27105
vt 0.90604 0.11556
vt 0.18062 0.14277
vt 0.68304 0.43741
vt 0.91622 0.17753
vt 0.73453 0.46029
vt 0.14447 0.60471
vt 0.93107 0.03120
vt 0.87196 0.07593
vt 0.91554 0.18444
vt 0.36786 0.91282
vt 0.93696 0.00987
vt 0.86397 0.06323
vt 0.77501 0.31740
vt 0.86631 0.04347
vt 0.71950 0.13863
vt 0.30719 0.51400
vt 0.66538 0.12042
vt 0.90648 0.15778
vt 0.87000 0.04838
vt 0.09601 0.55222
vt 0.26577 0.49762
vt 0.44306 0.75453
vt 0.17943 0.15043
vt 0.94010 0.15692
vt 0.17749 0.68169
vt 0.18477 0.12261
vt 0.20142 0.16583
vt 0.19353 0.19441
vt 0.42105 0.07448
vt 0.41275 0.04690
vt 0.47961 0.55498
vt 0.38293 0.87295
vt 0.67057 0.63919
vt 0.32682 0.01751
vt 0.40861 0.11744
vt 0.12315 0.73945
vt 0.55050 0.25472
vt 0.71632 0.59905
vt 0.21286 0.68930
vt 0.57004 0.17852
vt 0.32966 0.14535
vt 0.59397 0.13079
vt 0.40194 0.12449
vt 0.76189 0.63427
vt 0.27196 0.62708
vt 0.31279 0.44432
vt 0.39890 0.09655
vt 0.61494 0.43591
vt 0.37556 0.40677
vt 0.32418 0.10063
vt 0.56934 0.44203
vt 0.12724 0.32714
vt 0.34080 0.11215
vt 0.66724 0.58021
vt 0.58082 0.27666
vt 0.51091 0.49535
vt 0.28802 0.65230
vt 0.42034 0.07045
vt 0.32607 0.02551
vt 0.61348 0.34137
vt 0.62744 0.74522
vt 0.40126 0.12900
vt 0.12728 0.33412
vt 0.27221 0.76910
vt 0.13597 0.36826
vt 0.54692 0.54187
vt 0.56848 0.44548
vt 0.34387 0.10480
vt 0.65759 0.80823
vt 0.63922 0.32470
vt 0.61708 0.45285
vt 0.35370 0.10943
vt 0.39116 0.56237
vt 0.63525 0.54335
vt 0.53324 0.48831
vt 0.32600 0.10508
vt 0.51007 0.51293
vt 0.40128 0.10467
vt 0.50126 0.64911
vt 0.68504 0.76063
vt 0.84185 0.62651
vt 0.23331 0.69942
vt 0.79816 0.77009
vt 0.55474 0.42465
vt 0.45332 0.18845
vt 0.56955 0.55810
vt 0.16566 0.34513
vt 0.32547 0.03313
vt 0.38380 0.40950
vt 0.33488 0.09403
vt 0.27718 0.77683
vt 0.65384 0.56534
vt 0.41337 0.05351
vt 0.45227 0.61945
vt 0.40376 0.70677
vt 0.54933 0.46444
vt 0.26046 0.61281
vt 0.40135 0.11213
vt 0.60554 0.10578
vt 0.40894 0.28428
vt 0.36774 0.11199
vt 0.54361 0.47941
vt 0.32542 0.11188
vt 0.57518 0.17327
vt 0.26596 0.38324
vt 0.17874 0.37838
vt 0.35692 0.08910
vt 0.47872 0.89407
vt 0.36897 0.14571
vt 0.49579 0.90061
vt 0.67405 0.89230
vt 0.38072 0.58734
vt 0.27288 0.76533
vt 0.39922 0.13335
vt 0.59497 0.22718
vt 0.61629 0.33355
vt 0.32706 0.03895
vt 0.53537 0.70740
vt 0.51450 0.57218
vt 0.25017 0.80918
vt 0.42112 0.08065
vt 0.41362 0.06095
vt 0.58135 0.08373
vt 0.46688 0.46906
vt 0.57787 0.50258
vt 0.20105 0.40127
vt 0.36381 0.15376
vt 0.35629 0.40750
vt 0.56424 0.50651
vt 0.16534 0.30135
vt 0.53446 0.49071
vt 0.19630 0.34192
vt 0.60451 0.71211
vt 0.32754 0.11747
vt 0.44344 0.75794
vt 0.72748 0.72168
vt 0.41319 0.06761
vt 0.61219 0.16969
vt 0.54717 0.63953
vt 0.76424 0.60444
vt 0.90779 0.67608
vt 0.40595 0.09650
vt 0.54651 0.41790
vt 0.34711 0.11094
vt 0.41079 0.12375
vt 0.55344 0.30600
vt 0.16188 0.37663
vt 0.36624 0.09675
vt 0.64021 0.31758
vt 0.14913 0.34673
vt 0.87943 0.08890
vt 0.64940 0.41371
vt 0.13398 0.33427
vt 0.40593 0.12093
vt 0.42884 0.45999
vt 0.34898 0.70645
vt 0.51259 0.39411
vt 0.63336 0.65226
vt 0.67782 0.72258
vt 0.57224 0.40425
vt 0.35882 0.40846
vt 0.33441 0.10558
vt 0.48022 0.50258
vt 0.23853 0.60223
vt 0.21036 0.68834
vt 0.42035 0.04674
vt 0.44740 0.47345
vt 0.41341 0.07486
vt 0.32514 0.08618
vt 0.37472 0.45453
vt 0.33946 0.68981
vt 0.27076 0.10509
vt 0.39059 0.69303
vt 0.35114 0.56851
vt 0.39820 0.11398
vt 0.34127 0.09702
vt 0.57054 0.86033
vt 0.12940 0.36247
vt 0.55390 0.52944
vt 0.51610 0.47861
vt 0.39661 0.07342
vt 0.40578 0.10396
vt 0.43687 0.68455
vt 0.72335 0.62844
vt 0.35764 0.67502
vt 0.52945 0.39857
vt 0.41297 0.08228
vt 0.28524 0.63312
vt 0.48861 0.60384
vt 0.94509 0.68202
vt 0.13275 0.74654
vt 0.55224 0.05466
vt 0.40886 0.13908
vt 0.32411 0.04153
vt 0.05069 0.76390
vt 0.36489 0.66963
vt 0.25513 0.68194
vt 0.48979 0.61372
vt 0.50584 0.44916
vt 0.49173 0.30739
vt 0.54780 0.44423
vt 0.14195 0.32039
vt 0.42116 0.58467
vt 0.68013 0.42984
vt 0.49892 0.60579
vt 0.36219 0.14791
vt 0.41301 0.08874
vt 0.48017 0.68285
vt 0.14000 0.31397
vt 0.43061 0.72042
vt 0.41975 0.66492
vt 0.39804 0.10619
vt 0.32973 0.01759
vt 0.26121 0.33225
vt 0.57645 0.16774
vt 0.72832 0.62799
vt 0.41296 0.11899
vt 0.42048 0.05371
vt 0.33269 0.09786
vt 0.25514 0.64080
vt 0.50251 0.41359
vt 0.34403 0.11605
vt 0.57508 0.43440
vt 0.61359 0.61239
vt 0.38466 0.58172
vt 0.45684 0.15321
vt 0.22420 0.42912
vt 0.14088 0.34297
vt 0.36259 0.69372
vt 0.32471 0.14797
vt 0.12380 0.33702
vt 0.54470 0.57850
vt 0.40674 0.06780
vt 0.44755 0.42884
vt 0.46371 0.24842
vt 0.59185 0.39139
vt 0.64477 0.31324
vt 0.41306 0.12774
vt 0.34075 0.08270
vt 0.69605 0.79861
vt 0.55876 0.51155
vt 0.39333 0.47771
vt 0.46269 0.62520
vt 0.25098 0.39112
vt 0.52247 0.34656
vt 0.45673 0.37530
vt 0.48699 0.46912
vt 0.37464 0.40853
vt 0.33190 0.09372
vt 0.36996 0.52093
vt 0.35568 0.14648
vt 0.62902 0.17109
vt 0.34067 0.01829
vt 0.60809 0.11638
vt 0.41965 0.12576
vt 0.39943 0.04671
vt 0.59169 0.70041
vt 0.45088 0.67823
vt 0.56838 0.17486
vt 0.32735 0.10126
vt 0.72244 0.50574
vt 0.71163 0.72654
vt 0.41989 0.11965
vt 0.46391 0.34661
vt 0.41088 0.45417
vt 0.62857 0.78304
vt 0.40692 0.07511
vt 0.61387 0.70550
vt 0.24399 0.91523
vt 0.33972 0.09020
vt 0.69479 0.63183
vt 0.57995 0.37397
vt 0.77237 0.75635
vt 0.44310 0.57733
vt 0.35734 0.66174
vt 0.63977 0.02576
vt 0.12036 0.35605
vt 0.40984 0.36146
vt 0.26206 0.80105
vt 0.36427 0.58994
vt 0.34015 0.02564
vt 0.56887 0.58388
vt 0.36192 0.13464
vt 0.33424 0.12402
vt 0.56939 0.91031
vt 0.69384 0.03473
vt 0.60123 0.39260
vt 0.41348 0.13834
vt 0.44962 0.45508
vt 0.21248 0.73132
vt 0.62493 0.76455
vt 0.39930 0.05365
vt 0.48800 0.65843
vt 0.12128 0.36229
vt 0.85681 0.77191
vt 0.35134 0.04151
vt 0.49472 0.41340
vt 0.54517 0.64867
vt 0.80020 0.74567
vt 0.60253 0.53073
vt 0.49548 0.39451
vt 0.62865 0.12475
vt 0.46520 0.49111
vt 0.17534 0.41281
vt 0.60034 0.15298
vt 0.41409 0.10551
vt 0.63949 0.32908
vt 0.40639 0.08181
vt 0.37916 0.66730
vt 0.57361 0.46337
vt 0.39942 0.06032
vt 0.45178 0.45556
vt 0.54218 0.24278
vt 0.33294 0.01164
vt 0.63476 0.69802
vt 0.33996 0.03963
vt 0.63803 0.78300
vt 0.86059 0.65440
vt 0.41310 0.13419
vt 0.51909 0.49784
vt 0.61282 0.11258
vt 0.11978 0.36952
vt 0.32206 0.10758
vt 0.40632 0.08881
vt 0.57854 0.48063
vt 0.26369 0.75461
vt 0.73952 0.37311
vt 0.87413 0.66148
vt 0.50078 0.64067
vt 0.53318 0.64627
vt 0.39559 0.69023
vt 0.48414 0.41483
vt 0.44840 0.68167
vt 0.66103 0.43411
vt 0.34602 0.12186
vt 0.38367 0.55534
vt 0.40032 0.14327
vt 0.33845 0.11477
vt 0.42129 0.41107
vt 0.69388 0.45132
vt 0.52430 0.45318
vt 0.44814 0.58331
vt 0.13819 0.37030
vt 0.58525 0.25389
vt 0.60701 0.13945
vt 0.42118 0.68121
vt 0.92703 0.66719
vt 0.39946 0.06513
vt 0.33293 0.01815
vt 0.40655 0.04669
vt 0.59289 0.57390
vt 0.51832 0.19340
vt 0.20490 0.35293
vt 0.34017 0.11982
vt 0.50721 0.42536
vt 0.41378 0.11957
vt 0.41462 0.56844
vt 0.56852 0.76640
vt 0.40438 0.15047
vt 0.60278 0.35746
vt 0.59253 0.11682
vt 0.56370 0.49410
vt 0.33337 0.08256
vt 0.59685 0.89773
vt 0.33169 0.08237
vt 0.33292 0.02542
vt 0.33992 0.12757
vt 0.49738 0.49491
vt 0.39972 0.07493
vt 0.41488 0.12524
vt 0.55956 0.06867
vt 0.59522 0.36735
vt 0.61850 0.36648
vt 0.33328 0.08949
vt 0.42061 0.09723
vt 0.59547 0.39557
vt 0.43503 0.61563
vt 0.59300 0.50860
vt 0.37470 0.69071
vt 0.69480 0.56273
vt 0.56449 0.61777
vt 0.61753 0.13108
vt 0.33382 0.82278
vt 0.41799 0.47573
vt 0.27297 0.38474
vt 0.81077 0.65313
vt 0.38822 0.66922
vt 0.42049 0.11293
vt 0.40662 0.05406
vt 0.40528 0.52648
vt 0.63108 0.33433
vt 0.55454 0.16881
vt 0.39484 0.91973
vt 0.41391 0.19900
vt 0.33147 0.10786
vt 0.59564 0.20156
vt 0.39901 0.08291
vt 0.62316 0.74518
vt 0.86536 0.92586
vt 0.60574 0.41878
vt 0.53699 0.40049
vt 0.58527 0.15680
vt 0.49373 0.80236
vt 0.33300 0.03267
vt 0.69285 0.59314
vt 0.67705 0.67873
vt 0.59767 0.47376
vt 0.55072 0.40998
vt 0.55157 0.40201
vt 0.21774 0.73358
vt 0.54228 0.63207
vt 0.41156 0.78160
vt 0.73268 0.28602
vt 0.90598 0.78471
vt 0.73025 0.66889
vt 0.30464 0.47275
vt 0.33344 0.07606
vt 0.66469 0.37655
vt 0.33351 0.11256
vt 0.40601 0.06104
vt 0.42075 0.10503
vt 0.22973 0.40853
vt 0.26641 0.24750
vt 0.61286 0.11740
vt 0.36693 0.16271
vt 0.55960 0.39598
vt 0.55176 0.44701
vt 0.56980 0.14596
vt 0.62681 0.38300
vt 0.67485 0.66703
vt 0.39963 0.08859
vt 0.33149 0.46061
vt 0.53899 0.48114
vt 0.58379 0.46809
vt 0.33251 0.03977
vt 0.33990 0.01160
vt 0.16406 0.36219
vt 0.12036 0.29831
vt 0.36891 0.11961
vt 0.50321 0.45473
vt 0.35267 0.09037
vt 0.56511 0.46957
vt 0.74608 0.59245
vt 0.38523 0.10476
vt 0.60087 0.24974
vt 0.31524 0.06359
vt 0.36239 0.12717
vt 0.29146 0.18220
vt 0.39209 0.06074
vt 0.34717 0.12725
vt 0.38180 0.10416
vt 0.35402 0.02558
vt 0.48573 0.78997
vt 0.51975 0.63970
vt 0.47626 0.58126
vt 0.48854 0.26016
vt 0.53883 0.60314
vt 0.39076 0.09365
vt 0.34074 0.19883
vt 0.38460 0.11336
vt 0.12099 0.30679
vt 0.37087 0.13054
vt 0.31326 0.75665
vt 0.37833 0.61848
vt 0.65890 0.61214
vt 0.38748 0.09598
vt 0.22153 0.30702
vt 0.36036 0.06246
vt 0.58518 0.56073
vt 0.44527 0.44176
vt 0.17339 0.40381
vt 0.57258 0.49992
vt 0.44083 0.81473
vt 0.37063 0.12500
vt 0.25633 0.71263
vt 0.16318 0.36954
vt 0.57410 0.11457
vt 0.34004 0.14174
vt 0.51568 0.71692
vt 0.36156 0.10587
vt 0.42229 0.57317
vt 0.35382 0.03980
vt 0.53160 0.84861
vt 0.12101 0.31366
vt 0.34721 0.01179
vt 0.37938 0.61022
vt 0.44052 0.15573
vt 0.51029 0.14855
vt 0.38460 0.09772
vt 0.61739 0.77161
vt 0.59631 0.71501
vt 0.15053 0.34612
vt 0.72787 0.56438
vt 0.62176 0.69914
vt 0.62002 0.21441
vt 0.48807 0.77237
vt 0.32911 0.71058
vt 0.61989 0.11920
vt 0.36231 0.11307
vt 0.47116 0.51432
vt 0.63497 0.72058
vt 0.35390 0.03257
vt 0.16192 0.35588
vt 0.35102 0.75390
vt 0.38402 0.09434
vt 0.36985 0.61706
vt 0.62590 0.11452
vt 0.66021 0.49284
vt 0.56427 0.81986
vt 0.36444 0.58016
vt 0.34783 0.14223
vt 0.39148 0.54163
vt 0.51328 0.81747
vt 0.53164 0.72346
vt 0.62046 0.81044
vt 0.62662 0.33430
vt 0.14329 0.33248
vt 0.12019 0.32004
vt 0.37687 0.14426
vt 0.89828 0.70442
vt 0.35069 0.13395
vt 0.34712 0.02554
vt 0.53547 0.55175
vt 0.35239 0.12863
vt 0.30021 0.48376
vt 0.37060 0.11639
vt 0.41566 0.78633
vt 0.39297 0.08967
vt 0.25389 0.36924
vt 0.48409 0.49008
vt 0.31098 0.08451
vt 0.96705 0.56724
vt 0.51136 0.48099
vt 0.34432 0.09703
vt 0.41458 0.81525
vt 0.48769 0.56534
vt 0.33192 0.12737
vt 0.36805 0.12712
vt 0.37742 0.11249
vt 0.25908 0.48409
vt 0.65988 0.70750
vt 0.39627 0.52090
vt 0.61930 0.53689
vt 0.39283 0.08141
vt 0.34485 0.08543
vt 0.15350 0.36785
vt 0.51438 0.46481
vt 0.57940 0.72130
vt 0.57584 0.41112
vt 0.46144 0.52277
vt 0.44758 0.48971
vt 0.17585 0.38557
vt 0.62835 0.36567
vt 0.15119 0.34175
vt 0.35400 0.14918
vt 0.34006 0.49924
vt 0.34534 0.08339
vt 0.37622 0.10555
vt 0.50800 0.93352
vt 0.59468 0.55775
vt 0.38522 0.11855
vt 0.66753 0.58616
vt 0.14833 0.32767
vt 0.61590 0.73005
vt 0.53531 0.39681
vt 0.67861 0.67889
vt 0.36651 0.10630
vt 0.53198 0.31163
vt 0.35408 0.14121
vt 0.35402 0.01163
vt 0.83909 0.73089
vt 0.35560 0.15373
vt 0.32272 0.54521
vt 0.67802 0.48841
vt 0.39027 0.15184
vt 0.54694 0.61160
vt 0.37834 0.16116
vt 0.31781 0.16319
vt 0.34686 0.03955
vt 0.11798 0.29252
vt 0.71738 0.72328
vt 0.39176 0.07475
vt 0.35459 0.13394
vt 0.59500 0.52999
vt 0.64123 0.64271
vt 0.36382 0.53593
vt 0.37745 0.09694
vt 0.55986 0.79372
vt 0.22355 0.33748
vt 0.36843 0.11273
vt 0.15537 0.35495
vt 0.26763 0.49187
vt 0.50783 0.72041
vt 0.62680 0.12029
vt 0.39141 0.06850
vt 0.52051 0.70514
vt 0.33305 0.13397
vt 0.36953 0.13362
vt 0.34679 0.03263
vt 0.62091 0.12440
vt 0.68787 0.65960
vt 0.37764 0.08963
vt 0.42399 0.63437
vt 0.40785 0.72453
vt 0.16419 0.35306
vt 0.63325 0.72474
vt 0.57739 0.49932
vt 0.50408 0.58172
vt 0.73045 0.70674
vt 0.52803 0.57716
vt 0.31373 0.14150
vt 0.64973 0.67044
vt 0.41677 0.70316
vt 0.14075 0.33474
vt 0.40651 0.76216
vt 0.44821 0.36702
vt 0.39727 0.85444
vt 0.38746 0.08697
vt 0.69215 0.61002
vt 0.48032 0.15091
vt 0.53609 0.61398
vt 0.19511 0.34273
vt 0.37753 0.05324
vt 0.37452 0.64505
vt 0.27851 0.30117
vt 0.44457 0.54901
vt 0.46943 0.43460
vt 0.65680 0.57412
vt 0.36116 0.15462
vt 0.36213 0.01119
vt 0.16454 0.34726
vt 0.32484 0.12088
vt 0.37901 0.08772
vt 0.79165 0.82011
vt 0.34810 0.10298
vt 0.33630 0.68151
vt 0.83339 0.70378
vt 0.37097 0.68202
vt 0.36164 0.12165
vt 0.15557 0.32955
vt 0.13353 0.30738
vt 0.14740 0.34905
vt 0.34451 0.48713
vt 0.14165 0.32751
vt 0.82863 0.86373
vt 0.36182 0.14131
vt 0.37428 0.63025
vt 0.38728 0.08148
vt 0.67898 0.67108
vt 0.81049 0.69619
vt 0.52713 0.55461
vt 0.37758 0.06049
vt 0.39762 0.09008
vt 0.38557 0.07489
vt 0.37655 0.04661
vt 0.61115 0.47194
vt 0.96233 0.71956
vt 0.49256 0.21859
vt 0.15025 0.34942
vt 0.52102 0.24588
vt 0.33748 0.17796
vt 0.38745 0.72714
vt 0.42862 0.73478
vt 0.68817 0.79274
vt 0.14843 0.37049
vt 0.34777 0.12018
vt 0.61647 0.23737
vt 0.83063 0.58464
vt 0.14175 0.34067
vt 0.36910 0.01858
vt 0.14623 0.30966
vt 0.55621 0.52397
vt 0.35539 0.62425
vt 0.37431 0.07628
vt 0.26945 0.81493
vt 0.62063 0.82111
vt 0.39210 0.11967
vt 0.15539 0.37788
vt 0.07199 0.75415
vt 0.33443 0.84259
vt 0.39287 0.12613
vt 0.38441 0.06818
vt 0.37174 0.02765
vt 0.43988 0.69677
vt 0.15478 0.31127
vt 0.39449 0.09743
vt 0.26422 0.67447
vt 0.23510 0.78829
vt 0.34695 0.09743
vt 0.32134 0.13358
vt 0.58376 0.87383
vt 0.45211 0.47542
vt 0.31268 0.09637
vt 0.37447 0.49329
vt 0.53991 0.45932
vt 0.81015 0.79872
vt 0.22772 0.37863
vt 0.78178 0.76375
vt 0.63366 0.84341
vt 0.19743 0.33618
vt 0.14656 0.33605
vt 0.34657 0.10649
vt 0.38529 0.06052
vt 0.12557 0.30164
vt 0.43560 0.24929
vt 0.16223 0.33644
vt 0.40791 0.10961
vt 0.21482 0.78244
vt 0.37869 0.57370
vt 0.36098 0.03260
vt 0.35670 0.11180
vt 0.38384 0.08196
vt 0.72374 0.57651
vt 0.14141 0.36390
vt 0.57014 0.40047
vt 0.39593 0.59259
vt 0.12741 0.30545
vt 0.21505 0.35219
vt 0.91899 0.74337
vt 0.50632 0.49337
vt 0.37618 0.45121
vt 0.21069 0.35187
vt 0.45168 0.11366
vt 0.34703 0.11178
vt 0.55473 0.43662
vt 0.34010 0.71670
vt 0.44239 0.74211
vt 0.38545 0.05351
vt 0.39955 0.30953
vt 0.36108 0.03967
vt 0.35492 0.10515
vt 0.38482 0.09035
vt 0.42319 0.79427
vt 0.39249 0.11297
vt 0.49105 0.22253
vt 0.37658 0.02162
vt 0.37184 0.70275
vt 0.12732 0.31305
vt 0.19574 0.33505
vt 0.51155 0.63679
vt 0.79949 0.73196
vt 0.39201 0.09979
vt 0.38790 0.08743
vt 0.30264 0.38691
vt 0.33204 0.69989
vt 0.14752 0.34377
vt 0.93516 0.78037
vt 0.35451 0.11879
vt 0.14168 0.36951
vt 0.28931 0.54812
vt 0.93047 0.70782
vt 0.59171 0.71888
vt 0.55201 0.65573
vt 0.14084 0.36303
vt 0.57730 0.59446
vt 0.24172 0.96992
vt 0.48659 0.88813
vt 0.37836 0.14231
vt 0.71354 0.80430
vt 0.36423 0.56483
vt 0.36102 0.02559
vt 0.43577 0.60977
vt 0.35430 0.09752
vt 0.38552 0.04664
vt 0.37929 0.07413
vt 0.33270 0.09366
vt 0.12727 0.31949
vt 0.36965 0.77762
vt 0.93529 0.68403
vt 0.14832 0.68819
vt 0.49335 0.52510
vt 0.36284 0.05355
vt 0.50106 0.34004
vt 0.49748 0.73289
vt 0.36630 0.06256
vt 0.47795 0.63383
vt 0.39243 0.06755
vt 0.26476 0.77599
vt 0.36200 0.08953
vt 0.51009 0.34485
vt 0.41747 0.34615
vt 0.11493 0.26250
vt 0.58612 0.68336
vt 0.36070 0.08254
vt 0.40135 0.02706
vt 0.22401 0.45978
vt 0.38453 0.03339
vt 0.21200 0.36730
vt 0.38495 0.02587
vt 0.56855 0.58213
vt 0.26297 0.54394
vt 0.36198 0.07456
vt 0.48764 0.36828
vt 0.99582 0.90640
vt 0.35973 0.64250
vt 0.36272 0.66120
vt 0.39266 0.67247
vt 0.16781 0.34334
vt 0.42492 0.64788
vt 0.36214 0.04721
vt 0.38636 0.13701
vt 0.39574 0.07147
vt 0.77914 0.57836
vt 0.62442 0.50968
vt 0.36189 0.06866
vt 0.37997 0.59947
vt 0.39024 0.12934
vt 0.43888 0.13250
vt 0.17216 0.75329
vt 0.18613 0.36992
vt 0.36897 0.05291
vt 0.37282 0.16508
vt 0.40969 0.06074
vt 0.16950 0.35330
vt 0.78435 0.69839
vt 0.36807 0.08873
vt 0.21648 0.80720
vt 0.35909 0.05552
vt 0.44336 0.12685
vt 0.42076 0.08833
vt 0.90930 0.69435
vt 0.76171 0.73036
vt 0.51672 0.72623
vt 0.18710 0.36317
vt 0.37017 0.08236
vt 0.17139 0.34838
vt 0.28659 0.54678
vt 0.36830 0.07503
vt 0.38918 0.13974
vt 0.61014 0.60689
vt 0.62469 0.76700
vt 0.34426 0.12546
vt 0.36883 0.04603
vt 0.71521 0.63111
vt 0.18492 0.35804
vt 0.41189 0.80013
vt 0.39128 0.03242
vt 0.96561 0.55645
vt 0.58970 0.67442
vt 0.36908 0.06782
vt 0.40732 0.36703
vt 0.43790 0.18386
vt 0.54579 0.43449
vt 0.17875 0.37669
vt 0.39279 0.08426
vt 0.51721 0.22302
vt 0.47386 0.83606
vt 0.50625 0.14252
vt 0.57775 0.78434
vt 0.29734 0.51805
vt 0.29973 0.65116
vt 0.39624 0.02277
vt 0.51163 0.38433
vt 0.67899 0.69288
vt 0.17954 0.36924
vt 0.38530 0.12658
vt 0.74418 0.79581
vt 0.18039 0.36288
vt 0.38368 0.12197
vt 0.35624 0.09368
vt 0.49433 0.58725
vt 0.37095 0.10488
vt 0.80403 0.73346
vt 0.52114 0.57752
vt 0.34692 0.04740
vt 0.21691 0.59726
vt 0.36474 0.53420
vt 0.67684 0.48023
vt 0.50859 0.58995
vt 0.57895 0.72652
vt 0.38188 0.15280
vt 0.17844 0.35617
vt 0.31435 0.50644
vt 0.43472 0.61080
vt 0.35871 0.06719
vt 0.31207 0.62149
vt 0.35416 0.05539
vt 0.36628 0.08433
vt 0.37828 0.13606
vt 0.17749 0.35135
vt 0.18637 0.37714
vt 0.48029 0.38774
vt 0.34674 0.05164
vt 0.36209 0.13571
vt 0.41005 0.14285
vt 0.38479 0.13158
vt 0.37365 0.11483
vt 0.67751 0.81964
vt 0.39996 0.71071
vt 0.65639 0.66133
vt 0.83454 0.62421
vt 0.39255 0.03966
vt 0.55428 0.69315
vt 0.25678 0.08024
vt 0.37465 0.12487
vt 0.17221 0.36191
vt 0.61118 0.57369
vt 0.28394 0.99484
vt 0.46552 0.13038
vt 0.30576 0.50802
vt 0.63273 0.71913
vt 0.46735 0.68940
vt 0.47655 0.71076
vt 0.39591 0.05656
vt 0.36595 0.10128
vt 0.35454 0.04760
vt 0.37680 0.12717
vt 0.17179 0.36978
vt 0.33531 0.51544
vt 0.28357 0.31162
vt 0.37176 0.11074
vt 0.75510 0.49504
vt 0.38098 0.67148
vt 0.35458 0.08254
vt 0.34722 0.05549
vt 0.37815 0.13202
vt 0.48529 0.37037
vt 0.41787 0.38010
vt 0.53490 0.71042
vt 0.12528 0.89887
vt 0.53334 0.33620
vt 0.39172 0.03758
vt 0.33493 0.54374
vt 0.35535 0.08799
vt 0.36878 0.38417
vt 0.17122 0.35702
vt 0.38241 0.13968
vt 0.35404 0.05199
vt 0.38791 0.02915
vt 0.38143 0.12886
vt 0.71400 0.53774
vt 0.45406 0.65036
vt 0.41741 0.72175
vt 0.70116 0.76718
vt 0.33495 0.07284
vt 0.59057 0.73215
vt 0.40580 0.01850
vt 0.33394 0.04460
vt 0.40099 0.71615
vt 0.51230 0.58927
vt 0.19445 0.37818
vt 0.55888 0.41989
vt 0.33316 0.06754
vt 0.47687 0.21036
vt 0.63030 0.47959
vt 0.46940 0.74309
vt 0.44975 0.49372
vt 0.39805 0.61153
vt 0.49624 0.62755
vt 0.35513 0.08528
vt 0.56679 0.54308
vt 0.50928 0.78494
vt 0.56316 0.53549
vt 0.22974 0.88881
vt 0.54000 0.75792
vt 0.71818 0.66824
vt 0.58515 0.60732
vt 0.55348 0.44361
vt 0.35072 0.08342
vt 0.55137 0.66067
vt 0.45367 0.30158
vt 0.44764 0.52072
vt 0.39965 0.01136
vt 0.34034 0.74997
vt 0.58348 0.60588
vt 0.33953 0.05414
vt 0.37769 0.06919
vt 0.86297 0.90139
vt 0.34724 0.94696
vt 0.34889 0.81760
vt 0.37785 0.07646
vt 0.89112 0.65597
vt 0.65375 0.84846
vt 0.33999 0.04629
vt 0.58593 0.68442
vt 0.21787 0.34781
vt 0.32566 0.10462
vt 0.75752 0.64862
vt 0.52495 0.62491
vt 0.65077 0.62024
vt 0.72240 0.76848
vt 0.63529 0.68019
vt 0.41736 0.24615
vt 0.37784 0.14641
vt 0.92713 0.65460
vt 0.41221 0.08253
vt 0.43629 0.74003
vt 0.36152 0.05574
vt 0.51810 0.24020
vt 0.34509 0.08220
vt 0.58957 0.73060
vt 0.39383 0.02872
vt 0.46238 0.66135
vt 0.75281 0.79564
vt 0.20504 0.61748
vt 0.60011 0.69190
vt 0.32673 0.56246
vt 0.39459 0.18905
vt 0.49711 0.58217
vt 0.39971 0.03246
vt 0.34131 0.05166
vt 0.26794 0.88724
vt 0.45844 0.66641
vt 0.40699 0.01195
vt 0.33331 0.05398
vt 0.33900 0.58998
vt 0.48015 0.64795
vt 0.39987 0.03963
vt 0.60777 0.39567
vt 0.75478 0.52986
vt 0.45055 0.16721
vt 0.38425 0.63664
vt 0.95451 0.68136
vt 0.36135 0.09842
vt 0.48537 0.58671
vt 0.48278 0.74183
vt 0.21491 0.66380
vt 0.33285 0.17061
vt 0.99035 0.12170
vt 0.32569 0.04726
vt 0.39069 0.53158
vt 0.32632 0.06099
vt 0.67052 0.49189
vt 0.26251 0.64183
vt 0.43936 0.26257
vt 0.25629 0.80293
vt 0.41354 0.58981
vt 0.50731 0.66110
vt 0.60630 0.34878
vt 0.36588 0.49421
vt 0.76958 0.21060
vt 0.53416 0.46241
vt 0.32654 0.05302
vt 0.43261 0.70000
vt 0.41358 0.01051
vt 0.19770 0.37281
vt 0.41871 0.30832
vt 0.38968 0.80036
vt 0.72791 0.76478
vt 0.44458 0.58375
vt 0.33491 0.38185
vt 0.41788 0.00543
vt 0.46998 0.01626
vt 0.88909 0.68617
vt 0.72453 0.63665
vt 0.54737 0.68184
vt 0.66675 0.53850
vt 0.32743 0.06588
vt 0.38936 0.14672
vt 0.41225 0.02584
vt 0.52218 0.50863
vt 0.39827 0.14102
vt 0.31387 0.72451
vt 0.40746 0.25983
vt 0.19146 0.36477
vt 0.42222 0.68450
vt 0.80681 0.73024
vt 0.51224 0.71619
vt 0.41794 0.00946
vt 0.48170 0.24313
vt 0.63183 0.77918
vt 0.56065 0.67776
vt 0.71536 0.74435
vt 0.41347 0.03957
vt 0.40471 0.69825
vt 0.19274 0.37096
vt 0.55594 0.63871
vt 0.61928 0.57863
vt 0.58665 0.64503
vt 0.65304 0.63381
vt 0.55576 0.35245
vt 0.50139 0.63691
vt 0.62621 0.29195
vt 0.60296 0.85891
vt 0.47710 0.55568
vt 0.51009 0.38568
vt 0.52269 0.95450
vt 0.23963 0.39862
vt 0.43320 0.03326
vt 0.46177 0.57556
vt 0.51051 0.30832
vt 0.13814 0.80545
vt 0.52553 0.51057
vt 0.53874 0.46338
vt 0.50540 0.67538
vt 0.05370 0.68040
vt 0.73359 0.60750
vt 0.42215 0.48772
vt 0.29955 0.52837
vt 0.41818 0.80654
vt 0.46623 0.51013
vt 0.61975 0.65245
vt 0.43448 0.03985
vt 0.35382 0.38685
vt 0.05562 0.23764
vt 0.11000 0.61463
vt 0.64017 0.27259
vt 0.58549 0.51858
vt 0.40695 0.67780
vt 0.35393 0.40133
vt 0.57125 0.73236
vt 0.53268 0.33764
vt 0.55174 0.53063
vt 0.65773 0.42864
vt 0.10995 0.24286
vt 0.31975 0.59591
vt 0.30104 0.62243
vt 0.14178 0.62619
vt 0.64788 0.25626
vt 0.64192 0.36648
vt 0.53980 0.69152
vt 0.05543 0.65665
vt 0.44461 0.67268
vt 0.84874 0.51819
vt 0.35201 0.49835
vt 0.80604 0.49085
vt 0.62017 0.27913
vt 0.69742 0.80259
vt 0.00288 0.27009
vt 0.63760 0.30980
vt 0.27804 0.43955
vt 0.36080 0.61243
vt 0.51514 0.66894
vt 0.37856 0.65189
vt 0.34225 0.47595
vt 0.51353 0.50461
vt 0.60346 0.69311
vt 0.71289 0.38182
vt 0.72135 0.40987
vt 0.08112 0.24188
vt 0.59803 0.49889
vt 0.48707 0.35795
vt 0.52774 0.31030
vt 0.50850 0.36892
vt 0.47943 0.66619
vt 0.54557 0.60872
vt 0.40624 0.56363
vt 0.43087 0.53980
vt 0.64262 0.77606
vt 0.69519 0.54871
vt 0.40325 0.05213
vt 0.34140 0.55141
vt 0.30112 0.62257
vt 0.22095 0.32061
vt 0.47247 0.69786
vt 0.78683 0.18862
vt 0.62642 0.27368
vt 0.40244 0.67722
vt 0.37041 0.39717
vt 0.38027 0.10929
vt 0.28802 0.56272
vt 0.37702 0.42888
vt 0.51065 0.76093
vt 0.36103 0.38956
vt 0.64151 0.28390
vt 0.57358 0.57291
vt 0.53279 0.53136
vt 0.05143 0.23330
vt 0.50954 0.59867
vt 0.02292 0.67346
vt 0.55994 0.50743
vt 0.68505 0.66044
vt 0.01217 0.64955
vt 0.56942 0.63227
vt 0.73779 0.72851
vt 0.48809 0.63833
vt 0.76606 0.74029
vt 0.57413 0.70199
vt 0.44314 0.03754
vt 0.32012 0.48928
vt 0.46413 0.69103
vt 0.91292 0.57227
vt 0.42461 0.68225
vt 0.11491 0.90959
vt 0.33196 0.37287
vt 0.50541 0.44709
vt 0.64389 0.44532
vt 0.49967 0.63670
vt 0.43944 0.03339
vt 0.78866 0.71496
vt 0.74870 0.62566
vt 0.76790 0.47182
vt 0.40917 0.68287
vt 0.36300 0.60326
vt 0.44075 0.39942
vt 0.35546 0.48097
vt 0.01425 0.66205
vt 0.59411 0.83254
vt 0.49406 0.44271
vt 0.52061 0.54594
vt 0.59406 0.44683
vt 0.58606 0.38412
vt 0.02844 0.65458
vt 0.41576 0.28744
vt 0.95073 0.89762
vt 0.77890 0.71383
vt 0.57759 0.71874
vt 0.53226 0.63203
vt 0.34815 0.51054
vt 0.70119 0.88427
vt 0.46878 0.53373
vt 0.84339 0.77927
vt 0.56022 0.44541
vt 0.32785 0.46224
vt 0.10132 0.48510
vt 0.41470 0.58395
vt 0.45406 0.58466
vt 0.86562 0.54060
vt 0.60380 0.73011
vt 0.74831 0.85295
vt 0.24794 0.59558
vt 0.59373 0.49422
vt 0.68256 0.55741
vt 0.68637 0.50479
vt 0.20778 0.50206
vt 0.44743 0.57515
vt 0.61383 0.29010
vt 0.47280 0.43777
vt 0.42463 0.65463
vt 0.53458 0.78798
vt 0.43975 0.40807
vt 0.44832 0.47925
vt 0.64024 0.61118
vt 0.06773 0.62656
vt 0.46707 0.36594
vt 0.44048 0.04064
vt 0.41360 0.51717
vt 0.88269 0.57810
vt 0.45853 0.70427
vt 0.69849 0.31373
vt 0.38070 0.66716
vt 0.56024 0.18332
vt 0.86416 0.55663
vt 0.03101 0.65845
vt 0.59175 0.73755
vt 0.42348 0.67811
vt 0.21297 0.55383
vt 0.50665 0.47803
vt 0.52587 0.65726
vt 0.65245 0.35338
vt 0.42938 0.80539
vt 0.31191 0.72054
vt 0.33817 0.43057
vt 0.58969 0.32965
vt 0.61804 0.46045
vt 0.77595 0.66530
vt 0.44124 0.28840
vt 0.84937 0.59881
vt 0.65914 0.70096
vt 0.36441 0.50569
vt 0.34816 0.50952
vt 0.60868 0.68391
vt 0.13708 0.25454
vt 0.26034 0.92580
vt 0.34663 0.17802
vt 0.70979 0.60041
vt 0.32446 0.45354
vt 0.95927 0.94550
vt 0.66941 0.63315
vt 0.61298 0.01941
vt 0.61036 0.46055
vt 0.69151 0.65974
vt 0.71477 0.42661
vt 0.71757 0.64945
vt 0.58143 0.59925
vt 0.53504 0.06775
vt 0.51251 0.26618
vt 0.58170 0.45847
vt 0.87316 0.53876
vt 0.66040 0.48407
vt 0.32149 0.58601
vt 0.66359 0.44638
vt 0.09533 0.23517
vt 0.63111 0.23017
vt 0.44304 0.86382
vt 0.41286 0.54665
vt 0.48058 0.34155
vt 0.63428 0.97037
vt 0.66812 0.38819
vt 0.50322 0.20743
vt 0.63819 0.42263
vt 0.68248 0.59911
vt 0.35481 0.53284
vt 0.54900 0.55213
vt 0.70272 0.28145
vt 0.46663 0.63127
vt 0.21685 0.37271
vt 0.76074 0.27970
vt 0.66961 0.82315
vt 0.64656 0.53834
vt 0.67249 0.82253
vt 0.24618 0.78596
vt 0.56528 0.68520
vt 0.39075 0.50231
vt 0.72788 0.28421
vt 0.30956 0.39497
vt 0.80770 0.38906
vt 0.58830 0.44010
vt 0.40167 0.59472
vt 0.72928 0.42121
vt 0.68797 0.39954
vt 0.35626 0.35982
vt 0.63585 0.68491
vt 0.32691 0.35078
vt 0.78756 0.37865
vt 0.54367 0.41932
vt 0.68936 0.44118
vt 0.25970 0.07701
vt 0.82605 0.40090
vt 0.14582 0.61731
vt 0.83625 0.53755
vt 0.81399 0.66089
vt 0.37278 0.49685
vt 0.55045 0.32369
vt 0.88744 0.57189
vt 0.73999 0.44523
vt 0.49925 0.59704
vt 0.50022 0.41321
vt 0.30264 0.67696
vt 0.33307 0.39864
vt 0.48848 0.37948
vt 0.47410 0.31992
vt 0.61392 0.37119
vt 0.40498 0.33266
vt 0.53821 0.66914
vt 0.67976 0.83802
vt 0.61217 0.39779
vt 0.46465 0.63611
vt 0.43087 0.89292
vt 0.75423 0.31097
vt 0.67335 0.83682
vt 0.85602 0.58627
vt 0.05395 0.88340
vt 0.31513 0.58612
vt 0.63223 0.73011
vt 0.17089 0.23295
vt 0.49687 0.24710
vt 0.65920 0.65756
vt 0.31446 0.41755
vt 0.81848 0.92676
vt 0.63041 0.55070
vt 0.46233 0.68494
vt 0.31294 0.52332
vt 0.05579 0.86414
vt 0.30488 0.82891
vt 0.76284 0.29945
vt 0.26921 0.19643
vt 0.63029 0.62546
vt 0.72457 0.41643
vt 0.85809 0.54251
vt 0.34064 0.55323
vt 0.43430 0.88824
vt 0.53246 0.84269
vt 0.69203 0.17867
vt 0.59874 0.71009
vt 0.34570 0.39608
vt 0.56742 0.54979
vt 0.44995 0.78042
vt 0.42988 0.30463
vt 0.64083 0.53195
vt 0.54243 0.46497
vt 0.24733 0.28866
vt 0.42780 0.85694
vt 0.46512 0.28200
vt 0.62731 0.73024
vt 0.06726 0.57213
vt 0.63736 0.52492
vt 0.41614 0.72244
vt 0.29803 0.59591
vt 0.40950 0.52780
vt 0.65831 0.99001
vt 0.67446 0.35620
vt 0.73101 0.58240
vt 0.75708 0.85632
vt 0.73472 0.33469
vt 0.30462 0.58297
vt 0.39422 0.38229
vt 0.53288 0.71455
vt 0.88098 0.99922
vt 0.61197 0.65725
vt 0.67707 0.33972
vt 0.70552 0.47403
vt 0.39067 0.60261
vt 0.53277 0.37561
vt 0.64557 0.86388
vt 0.34392 0.56987
vt 0.68285 0.67631
vt 0.41168 0.56619
vt 0.90578 0.56065
vt 0.29935 0.41430
vt 0.53615 0.64994
vt 0.19343 0.85863
vt 0.67590 0.50729
vt 0.41330 0.49173
vt 0.60500 0.68264
vt 0.27740 0.54366
vt 0.53458 0.53207
vt 0.44178 0.64485
vt 0.26671 0.44733
vt 0.60549 0.31056
vt 0.83682 0.53362
vt 0.51240 0.32544
vt 0.20786 0.77017
vt 0.34992 0.87727
vt 0.50635 0.65039
vt 0.42192 0.36966
vt 0.62248 0.62824
vt 0.71931 0.60583
vt 0.48416 0.37693
vt 0.45938 0.44607
vt 0.67020 0.44589
vt 0.76895 0.27628
vt 0.36011 0.95231
vt 0.43613 0.86930
vt 0.25645 0.77293
vt 0.64590 0.35791
vt 0.72154 0.45337
vt 0.64121 0.72277
vt 0.74393 0.38489
vt 0.38628 0.34313
vt 0.89785 0.55995
vt 0.32118 0.40355
vt 0.33720 0.56473
vt 0.46440 0.49917
vt 0.65588 0.55153
vt 0.58713 0.77968
vt 0.64124 0.33042
vt 0.88534 0.55739
vt 0.46244 0.49617
vt 0.66538 0.82257
vt 0.60235 0.45706
vt 0.61533 0.27825
vt 0.59750 0.72080
vt 0.35490 0.59879
vt 0.55793 0.66000
vt 0.51205 0.66613
vt 0.68003 0.90204
vt 0.29470 0.86194
vt 0.76237 0.29031
vt 0.44333 0.61715
vt 0.69182 0.32115
vt 0.10448 0.37032
vt 0.67397 0.57898
vt 0.51245 0.46701
vt 0.85867 0.52073
vt 0.71850 0.83498
vt 0.76350 0.64461
vt 0.58356 0.72757
vt 0.71437 0.62530
vt 0.60033 0.42343
vt 0.83958 0.75589
vt 0.51327 0.48239
vt 0.31054 0.82071
vt 0.47701 0.46639
vt 0.40493 0.30999
vt 0.48663 0.47516
vt 0.36855 0.81046
vt 0.82379 0.77083
vt 0.23873 0.73393
vt 0.76898 0.81774
vt 0.81055 0.67359
vt 0.68961 0.65170
vt 0.34005 0.54151
vt 0.51462 0.77961
vt 0.38718 0.46989
vt 0.61310 0.54234
vt 0.60995 0.32782
vt 0.35696 0.58534
vt 0.56122 0.30533
vt 0.62493 0.56442
vt 0.75073 0.49185
vt 0.62994 0.60582
vt 0.55973 0.75999
vt 0.28996 0.53844
vt 0.49405 0.75720
vt 0.47577 0.54804
vt 0.20786 0.77165
vt 0.41952 0.51200
vt 0.87373 0.54555
vt 0.50119 0.82472
vt 0.87766 0.54756
vt 0.33790 0.57621
vt 0.52859 0.74795
vt 0.61859 0.66043
vt 0.32172 0.87823
vt 0.13334 0.80924
vt 0.49420 0.64792
vt 0.52372 0.32736
vt 0.42673 0.83579
vt 0.68614 0.77487
vt 0.36842 0.37078
vt 0.66606 0.28640
vt 0.32103 0.64529
vt 0.31173 0.40183
vt 0.66422 0.63277
vt 0.00278 0.73334
vt 0.60075 0.73486
vt 0.57992 0.38183
vt 0.53839 0.35303
vt 0.78869 0.71328
vt 0.15148 0.85041
vt 0.88852 0.85925
vt 0.13451 0.61070
vt 0.65935 0.55434
vt 0.32703 0.58046
vt 0.49502 0.69686
vt 0.54546 0.33968
vt 0.68939 0.39764
vt 0.51658 0.63701
vt 0.58908 0.74264
vt 0.68332 0.23972
vt 0.56865 0.31490
vt 0.59972 0.57234
vt 0.68352 0.66035
vt 0.16517 0.81501
vt 0.58118 0.64357
vt 0.31676 0.57098
vt 0.84168 0.67903
vt 0.61718 0.48056
vt 0.40384 0.50759
vt 0.29749 0.41758
vt 0.52343 0.52973
vt 0.85047 0.58349
vt 0.32726 0.43637
vt 0.67238 0.56617
vt 0.79559 0.69869
vt 0.61976 0.67137
vt 0.68519 0.69402
vt 0.79463 0.51330
vt 0.61452 0.39276
vt 0.65124 0.81077
vt 0.47893 0.62361
vt 0.62073 0.75990
vt 0.44579 0.46426
vt 0.58043 0.47935
vt 0.69127 0.88594
vt 0.88941 0.55297
vt 0.58744 0.65191
vt 0.58318 0.91091
vt 0.32689 0.39543
vt 0.37370 0.83615
vt 0.56232 0.63648
vt 0.94556 0.89599
vt 0.57146 0.63086
vt 0.93224 0.85681
vt 0.68417 0.66305
vt 0.16097 0.25672
vt 0.42974 0.88397
vt 0.61243 0.01529
vt 0.88190 0.54624
vt 0.69671 0.29104
vt 0.45344 0.56008
vt 0.64631 0.71535
vt 0.54694 0.62273
vt 0.64920 0.58021
vt 0.69122 0.91465
vt 0.37762 0.66394
vt 0.65731 0.87098
vt 0.34205 0.40570
vt 0.22082 0.22768
vt 0.43263 0.05120
vt 0.64120 0.32156
vt 0.36224 0.58084
vt 0.34428 0.84967
vt 0.51582 0.49160
vt 0.20778 0.92588
vt 0.45861 0.72929
vt 0.83052 0.83381
vt 0.33476 0.39965
vt 0.45121 0.06056
vt 0.39252 0.75907
vt 0.77582 0.73035
vt 0.20701 0.84459
vt 0.50647 0.60057
vt 0.42729 0.33230
vt 0.35131 0.40177
vt 0.40569 0.20893
vt 0.57347 0.38886
vt 0.64320 0.36440
vt 0.54962 0.41293
vt 0.41248 0.50279
vt 0.41046 0.05422
vt 0.81005 0.23957
vt 0.42831 0.09740
vt 0.35332 0.42373
vt 0.60660 0.44346
vt 0.26795 0.44646
vt 0.66947 0.71474
vt 0.62117 0.52542
vt 0.50712 0.36353
vt 0.79067 0.79834
vt 0.38118 0.54269
vt 0.09105 0.72161
vt 0.24796 0.76501
vt 0.57769 0.49257
vt 0.65664 0.71531
vt 0.72427 0.59747
vt 0.24704 0.82277
vt 0.64982 0.42832
vt 0.45946 0.42842
vt 0.39421 0.76995
vt 0.44106 0.04662
vt 0.40351 0.44258
vt 0.59279 0.46513
vt 0.42816 0.11146
vt 0.49018 0.26378
vt 0.77022 0.71704
vt 0.75258 0.57064
vt 0.54237 0.59437
vt 0.44772 0.04578
vt 0.38160 0.21065
vt 0.63498 0.15795
vt 0.63350 0.74003
vt 0.58029 0.86923
vt 0.76351 0.71521
vt 0.49225 0.74177
vt 0.66002 0.33274
vt 0.42698 0.10621
vt 0.54358 0.47402
vt 0.41631 0.70117
vt 0.42561 0.66532
vt 0.73337 0.85175
vt 0.76922 0.86461
vt 0.45405 0.84382
vt 0.62377 0.66287
vt 0.54223 0.80456
vt 0.23808 0.66112
vt 0.39560 0.86518
vt 0.62953 0.54772
vt 0.43871 0.10512
vt 0.16393 0.75073
vt 0.41386 0.49694
vt 0.50107 0.40059
vt 0.30465 0.29412
vt 0.42600 0.50675
vt 0.41823 0.81248
vt 0.57334 0.28184
vt 0.44116 0.07968
vt 0.82674 0.57730
vt 0.53584 0.84006
vt 0.50310 0.25871
vt 0.03830 0.25783
vt 0.20467 0.94388
vt 0.71721 0.51873
vt 0.11272 0.75647
vt 0.33523 0.47755
vt 0.34133 0.68832
vt 0.51241 0.47054
vt 0.39922 0.48335
vt 0.81992 0.64689
vt 0.42292 0.29272
vt 0.51550 0.53007
vt 0.42633 0.11881
vt 0.51459 0.53507
vt 0.43488 0.24557
vt 0.63975 0.30849
vt 0.59806 0.34796
vt 0.44220 0.06994
vt 0.64209 0.15373
vt 0.69836 0.69142
vt 0.55423 0.59258
vt 0.44286 0.75611
vt 0.47016 0.57441
vt 0.68532 0.42317
vt 0.45989 0.85539
vt 0.64284 0.75967
vt 0.44831 0.07625
vt 0.43215 0.09813
vt 0.43523 0.23543
vt 0.57760 0.80470
vt 0.59457 0.73067
vt 0.24926 0.68746
vt 0.73892 0.63607
vt 0.42855 0.61607
vt 0.46050 0.11520
vt 0.85972 0.53790
vt 0.61136 0.65972
vt 0.68680 0.19177
vt 0.44700 0.06758
vt 0.53449 0.40304
vt 0.03852 0.25004
vt 0.46417 0.42088
vt 0.27024 0.73366
vt 0.51100 0.26162
vt 0.45562 0.88932
vt 0.25450 0.80988
vt 0.04278 0.25711
vt 0.63831 0.45622
vt 0.82466 0.52782
vt 0.43456 0.08146
vt 0.53134 0.30930
vt 0.20012 0.74114
vt 0.17218 0.73433
vt 0.15786 0.41340
vt 0.70699 0.64015
vt 0.53325 0.39864
vt 0.51969 0.52834
vt 0.27788 0.28881
vt 0.49937 0.56325
vt 0.40905 0.60160
vt 0.73789 0.60852
vt 0.52461 0.55739
vt 0.44056 0.15173
vt 0.97884 0.79019
vt 0.28707 0.29472
vt 0.61325 0.27192
vt 0.42394 0.47918
vt 0.76961 0.63513
vt 0.41813 0.39719
vt 0.63117 0.61014
vt 0.53680 0.68262
vt 0.50484 0.52567
vt 0.34272 0.27141
vt 0.26499 0.63176
vt 0.41500 0.26025
vt 0.63585 0.62620
vt 0.52066 0.52353
vt 0.32360 0.64929
vt 0.47899 0.58127
vt 0.26411 0.53119
vt 0.48380 0.43316
vt 0.41616 0.35427
vt 0.86990 0.63016
vt 0.67223 0.60383
vt 0.43471 0.06766
vt 0.42842 0.06037
vt 0.32149 0.40040
vt 0.75000 0.65407
vt 0.08440 0.25221
vt 0.45692 0.67989
vt 0.54205 0.58051
vt 0.51750 0.47936
vt 0.44399 0.25819
vt 0.71305 0.68297
vt 0.72902 0.41148
vt 0.51425 0.41588
vt 0.71777 0.71630
vt 0.50908 0.49960
vt 0.35820 0.59172
vt 0.43441 0.07475
vt 0.35192 0.57368
vt 0.29057 0.33279
vt 0.42735 0.05354
vt 0.41077 0.80655
vt 0.68393 0.37136
vt 0.54881 0.48454
vt 0.36931 0.40881
vt 0.52145 0.50950
vt 0.46065 0.58895
vt 0.00386 0.90098
vt 0.71815 0.71908
vt 0.50505 0.30423
vt 0.53335 0.60642
vt 0.37489 0.08469
vt 0.34977 0.75403
vt 0.55586 0.35985
vt 0.34369 0.40648
vt 0.52717 0.39990
vt 0.29597 0.60087
vt 0.64731 0.59148
vt 0.67409 0.62141
vt 0.04485 0.23617
vt 0.42754 0.07505
vt 0.53737 0.39869
vt 0.44031 0.89060
vt 0.43447 0.06062
vt 0.31884 0.67380
vt 0.59516 0.42684
vt 0.68228 0.67099
vt 0.58666 0.77610
vt 0.26216 0.20429
vt 0.23534 0.76027
vt 0.37373 0.49979
vt 0.48056 0.52783
vt 0.74926 0.51920
vt 0.62315 0.79756
vt 0.56600 0.50035
vt 0.52083 0.40230
vt 0.16742 0.87446
vt 0.50348 0.16141
vt 0.75425 0.71637
vt 0.39219 0.72914
vt 0.51438 0.50452
vt 0.04460 0.24503
vt 0.53411 0.31279
vt 0.47380 0.40967
vt 0.42607 0.09109
vt 0.50232 0.57094
vt 0.63409 0.64406
vt 0.60730 0.55866
vt 0.62169 0.50664
vt 0.62066 0.67561
vt 0.63166 0.66116
vt 0.82052 0.56161
vt 0.43562 0.59788
vt 0.33341 0.48240
vt 0.41886 0.05574
vt 0.66659 0.44306
vt 0.42872 0.08202
vt 0.37576 0.57887
vt 0.35069 0.57620
vt 0.45177 0.57490
vt 0.39444 0.29946
vt 0.47698 0.40664
vt 0.45080 0.46040
vt 0.24272 0.76785
vt 0.47925 0.73559
vt 0.53042 0.67363
vt 0.44566 0.23521
vt 0.49252 0.57082
vt 0.41521 0.49218
vt 0.05121 0.23932
vt 0.39630 0.27399
vt 0.78916 0.76933
vt 0.47581 0.38392
vt 0.46049 0.55615
vt 0.39274 0.83986
vt 0.16120 0.83780
vt 0.53339 0.47516
vt 0.48624 0.43788
vt 0.56127 0.64637
vt 0.50431 0.46211
vt 0.02714 0.64457
vt 0.12768 0.90598
vt 0.36646 0.52860
vt 0.32855 0.57686
vt 0.96929 0.88787
vt 0.59903 0.86087
vt 0.15594 0.82692
vt 0.34509 0.55122
vt 0.33320 0.74720
vt 0.30161 0.67394
vt 0.36052 0.78489
vt 0.20723 0.79377
vt 0.44528 0.83468
vt 0.25312 0.80140
vt 0.48221 0.79072
vt 0.68841 0.58713
vt 0.05807 0.46721
vt 0.48201 0.76289
vt 0.20924 0.45022
vt 0.09188 0.92548
vt 0.12791 0.90294
vt 0.79339 0.84339
vt 0.90828 0.78335
vt 0.33439 0.80493
vt 0.29824 0.92186
vt 0.46577 0.88865
vt 0.49305 0.83414
vt 0.50469 0.69497
vt 0.39509 0.70669
vt 0.20682 0.75972
vt 0.35089 0.93037
vt 0.35935 0.34491
vt 0.82974 0.39669
vt 0.53383 0.00892
vt 0.48903 0.81495
vt 0.46997 0.56597
vt 0.45078 0.82931
vt 0.72115 0.94979
vt 0.81833 0.79943
vt 0.67016 0.30969
vt 0.53329 0.16919
vt 0.59428 0.59933
vt 0.65960 0.27760
vt 0.45259 0.75167
vt 0.25676 0.32525
vt 0.77003 0.52943
vt 0.57721 0.11296
vt 0.30655 0.63984
vt 0.40230 0.77431
vt 0.55298 0.62533
vt 0.31038 0.77851
vt 0.28609 0.84607
vt 0.38875 0.76441
vt 0.49602 0.74216
vt 0.72632 0.82997
vt 0.89230 0.96057
vt 0.75422 0.49879
vt 0.36731 0.78502
vt 0.59219 0.62403
vt 0.27206 0.78566
vt 0.71019 0.40921
vt 0.35960 0.49434
vt 0.42221 0.63667
vt 0.02471 0.90935
vt 0.46405 0.91173
vt 0.74533 0.88330
vt 0.38402 0.79769
vt 0.73737 0.94954
vt 0.62462 0.55160
vt 0.39002 0.84173
vt 0.71943 0.75669
vt 0.45324 0.86280
vt 0.65232 0.61092
vt 0.40633 0.79586
vt 0.48289 0.31401
vt 0.57065 0.52426
vt 0.40258 0.45586
vt 0.72424 0.78237
vt 0.52926 0.65783
vt 0.42937 0.58055
vt 0.66502 0.99654
vt 0.42802 0.43173
vt 0.45835 0.47009
vt 0.58928 0.61558
vt 0.39110 0.76652
vt 0.49656 0.86446
vt 0.59604 0.63525
vt 0.47519 0.84585
vt 0.51177 0.58035
vt 0.35799 0.95318
vt 0.53331 0.30514
vt 0.43627 0.79926
vt 0.54055 0.83900
vt 0.41439 0.73169
vt 0.53143 0.97330
vt 0.07004 0.84794
vt 0.50755 0.83721
vt 0.57640 0.75629
vt 0.65429 0.97415
vt 0.67833 0.76927
vt 0.66585 0.86683
vt 0.67878 0.73256
vt 0.77932 0.53296
vt 0.52889 0.78086
vt 0.78636 0.54356
vt 0.70264 0.69639
vt 0.43676 0.99402
vt 0.53415 0.68062
vt 0.74137 0.75570
vt 0.50375 0.47980
vt 0.42657 0.88266
vt 0.43793 0.60597
vt 0.73013 0.24051
vt 0.36329 0.92240
vt 0.44852 0.36748
vt 0.17091 0.81233
vt 0.52252 0.75918
vt 0.40577 0.79818
vt 0.42499 0.87790
vt 0.48355 0.54727
vt 0.54455 0.65695
vt 0.39704 0.79003
vt 0.29230 0.47621
vt 0.55842 0.82218
vt 0.71081 0.59778
vt 0.62714 0.80450
vt 0.32956 0.79537
vt 0.37878 0.83958
vt 0.39283 0.70956
vt 0.39653 0.78522
vt 0.69552 0.83991
vt 0.57094 0.72837
vt 0.50147 0.57868
vt 0.56044 0.72693
vt 0.31363 0.73287
vt 0.39160 0.75892
vt 0.28516 0.80563
vt 0.70680 0.42957
vt 0.58761 0.63815
vt 0.34761 0.72213
vt 0.37494 0.93947
vt 0.55275 0.73791
vt 0.99908 0.76744
vt 0.58980 0.80441
vt 0.56819 0.69837
vt 0.67348 0.61247
vt 0.42201 0.72384
vt 0.27561 0.86499
vt 0.41854 0.73384
vt 0.39978 0.80914
vt 0.54025 0.92600
vt 0.79703 0.84661
vt 0.27545 0.67753
vt 0.55362 0.52352
vt 0.71633 0.67082
vt 0.73394 0.74920
vt 0.30442 0.43255
vt 0.63078 0.79937
vt 0.49658 0.83138
vt 0.15605 0.84423
vt 0.67659 0.71062
vt 0.60222 0.80884
vt 0.09376 0.65513
vt 0.49162 0.85105
vt 0.44097 0.47593
vt 0.57179 0.78551
vt 0.70698 0.69238
vt 0.17371 0.56759
vt 0.59194 0.81578
vt 0.10581 0.94952
vt 0.37045 0.91666
vt 0.68053 0.74259
vt 0.65744 0.72988
vt 0.39948 0.28853
vt 0.59143 0.77629
vt 0.57502 0.54912
vt 0.49955 0.66349
vt 0.70517 0.86527
vt 0.61278 0.17451
vt 0.52145 0.66340
vt 0.87748 0.66688
vt 0.45570 0.72369
vt 0.11943 0.81432
vt 0.63430 0.84748
vt 0.54218 0.96541
vt 0.50575 0.83937
vt 0.43080 0.71809
vt 0.67698 0.88106
vt 0.49728 0.85959
vt 0.44645 0.43063
vt 0.50391 0.55550
vt 0.36126 0.79991
vt 0.70615 0.79480
vt 0.00729 0.88250
vt 0.79662 0.55981
vt 0.58144 0.91117
vt 0.38222 0.57054
vt 0.18652 0.89301
vt 0.28761 0.73678
vt 0.00192 0.87585
vt 0.68299 0.72304
vt 0.51737 0.65318
vt 0.31607 0.49062
vt 0.36565 0.62667
vt 0.30780 0.69560
vt 0.19453 0.64237
vt 0.45021 0.79016
vt 0.57594 0.56317
vt 0.22902 0.66600
vt 0.32058 0.69050
vt 0.49829 0.73125
vt 0.27047 0.69580
vt 0.43430 0.78448
vt 0.42671 0.66802
vt 0.60072 0.73561
vt 0.50903 0.64473
vt 0.34467 0.72660
vt 0.58231 0.65670
vt 0.38057 0.71204
vt 0.50936 0.60247
vt 0.42939 0.84186
vt 0.42490 0.64055
vt 0.61072 0.17362
vt 0.73155 0.60755
vt 0.64234 0.43788
vt 0.17189 0.48657
vt 0.27631 0.56808
vt 0.25036 0.71208
vt 0.02287 0.55045
vt 0.48363 0.56952
vt 0.05779 0.58577
vt 0.68326 0.48055
vt 0.52708 0.60470
vt 0.38769 0.85609
vt 0.63166 0.63703
vt 0.43374 0.74286
vt 0.55904 0.54495
vt 0.62745 0.88099
vt 0.56449 0.56782
vt 0.22525 0.77527
vt 0.40990 0.77787
vt 0.67390 0.62933
vt 0.76445 0.48731
vt 0.73296 0.60388
vt 0.71051 0.44485
vt 0.25927 0.71738
vt 0.73909 0.66752
vt 0.09094 0.66374
vt 0.54081 0.57974
vt 0.73846 0.68786
vt 0.76501 0.73431
vt 0.60645 0.72737
vt 0.69876 0.46456
vt 0.25149 0.72323
vt 0.44750 0.75183
vt 0.62353 0.81138
vt 0.67855 0.53329
vt 0.62109 0.59277
vt 0.73011 0.73350
vt 0.36892 0.55747
vt 0.54186 0.78846
vt 0.62386 0.53470
vt 0.44131 0.66771
vt 0.42052 0.70403
vt 0.31985 0.66866
vt 0.53278 0.64582
vt 0.50148 0.40823
vt 0.50523 0.73120
vt 0.47823 0.28873
vt 0.62552 0.80238
vt 0.63660 0.56820
vt 0.62334 0.63041
vt 0.54695 0.31661
vt 0.04584 0.57366
vt 0.76602 0.76452
vt 0.46100 0.83177
vt 0.77003 0.76234
vt 0.34997 0.16263
vt 0.49006 0.85067
vt 0.72121 0.53674
vt 0.95841 0.10079
vt 0.63216 0.70619
vt 0.42926 0.34191
vt 0.59930 0.70237
vt 0.04758 0.72164
vt 0.24097 0.91689
vt 0.48576 0.47328
vt 0.25058 0.67625
vt 0.32791 0.79100
vt 0.23693 0.84232
vt 0.62430 0.84507
vt 0.22696 0.74223
vt 0.46278 0.84359
vt 0.63446 0.49709
vt 0.31109 0.88961
vt 0.38113 0.64252
vt 0.57355 0.54211
vt 0.37414 0.52117
vt 0.28678 0.93098
vt 0.67875 0.76616
vt 0.67683 0.59692
vt 0.60166 0.97799
vt 0.52608 0.67213
vt 0.48408 0.77960
vt 0.53898 0.58075
vt 0.57275 0.53150
vt 0.56112 0.73163
vt 0.23023 0.56257
vt 0.71658 0.91871
vt 0.24748 0.69490
vt 0.42462 0.78563
vt 0.18883 0.53688
vt 0.06277 0.71762
vt 0.06209 0.17800
vt 0.15846 0.60552
vt 0.44517 0.65455
vt 0.43371 0.53329
vt 0.23464 0.91852
vt 0.20232 0.14389
vt 0.12715 0.60893
vt 0.31768 0.86862
vt 0.57866 0.60389
vt 0.14121 0.64953
vt 0.36479 0.78651
vt 0.25973 0.97537
vt 0.26598 0.76065
vt 0.39676 0.61776
vt 0.05090 0.34527
vt 0.24659 0.48105
vt 0.61477 0.51266
vt 0.37558 0.62028
vt 0.56466 0.23881
vt 0.31807 0.70189
vt 0.14600 0.72200
vt 0.22877 0.62522
vt 0.58548 0.40643
vt 0.34331 0.99304
vt 0.50383 0.55331
vt 0.54135 0.65885
vt 0.54853 0.60756
vt 0.43331 0.65749
vt 0.41631 0.54884
vt 0.69637 0.60005
vt 0.63697 0.55438
vt 0.64880 0.67279
vt 0.16545 0.57464
vt 0.14421 0.78586
vt 0.36869 0.53192
vt 0.08759 0.84542
vt 0.30275 0.35998
vt 0.65334 0.28783
vt 0.35310 0.91887
vt 0.55331 0.05771
vt 0.61235 0.28775
vt 0.69486 0.40203
vt 0.51536 0.76374
vt 0.32441 0.18479
vt 0.92032 0.78318
vt 0.39935 0.46556
vt 0.44307 0.15850
vt 0.40396 0.28923
vt 0.54438 0.43399
vt 0.59540 0.15832
vt 0.40838 0.47694
vt 0.30142 0.68101
vt 0.68576 0.36205
vt 0.16354 0.78751
vt 0.46497 0.28828
vt 0.62221 0.78418
vt 0.60837 0.81580
vt 0.41870 0.76764
vt 0.24137 0.64566
vt 0.35151 0.62710
vt 0.73475 0.51070
vt 0.53704 0.00865
vt 0.28864 0.53632
vt 0.56019 0.80185
vt 0.35835 0.70149
vt 0.18646 0.69751
vt 0.35029 0.78529
vt 0.70031 0.62586
vt 0.26585 0.69568
vt 0.31335 0.64327
vt 0.57735 0.76040
vt 0.22626 0.76722
vt 0.48476 0.74382
vt 0.25088 0.71942
vt 0.15003 0.78391
vt 0.38995 0.69583
vt 0.57637 0.76653
vt 0.22639 0.91932
vt 0.47735 0.03966
vt 0.00194 0.24505
vt 0.10450 0.82421
vt 0.50218 0.12150
vt 0.34929 0.64293
vt 0.31997 0.73793
vt 0.50516 0.50940
vt 0.57231 0.67441
vt 0.32752 0.74741
vt 0.77644 0.89196
vt 0.89123 0.66434
vt 0.64660 0.30117
vt 0.64403 0.28414
vt 0.46763 0.79735
vt 0.27270 0.47477
vt 0.19162 0.69035
vt 0.38788 0.75066
vt 0.54867 0.04629
vt 0.20774 0.98937
vt 0.67429 0.36939
vt 0.64093 0.84170
vt 0.57118 0.79830
vt 0.56091 0.94988
vt 0.64580 0.30629
vt 0.69793 0.41480
vt 0.28920 0.72625
vt 0.37813 0.70992
vt 0.59761 0.55057
vt 0.34179 0.55631
vt 0.57167 0.36064
vt 0.70756 0.65859
vt 0.55157 0.04634
vt 0.17605 0.56875
vt 0.31547 0.54725
vt 0.27466 0.56084
vt 0.05899 0.67388
vt 0.58802 0.39816
vt 0.53301 0.44787
vt 0.79034 0.55733
vt 0.50990 0.42166
vt 0.74047 0.50172
vt 0.45499 0.70979
vt 0.37424 0.36775
vt 0.65046 0.29750
vt 0.21372 0.58154
vt 0.47116 0.65241
vt 0.67688 0.12979
vt 0.07848 0.81941
vt 0.64728 0.28311
vt 0.20818 0.68818
vt 0.32262 0.55548
vt 0.39066 0.29499
vt 0.84491 0.48534
vt 0.49035 0.69551
vt 0.50448 0.75834
vt 0.43124 0.59747
vt 0.33300 0.68230
vt 0.17584 0.77422
vt 0.48741 0.81269
vt 0.34382 0.67285
vt 0.63518 0.64241
vt 0.46592 0.51783
vt 0.67138 0.35722
vt 0.32358 0.68634
vt 0.43812 0.75382
vt 0.21490 0.82581
vt 0.15988 0.66417
vt 0.73981 0.55759
vt 0.40022 0.73753
vt 0.77842 0.48365
vt 0.01625 0.70606
vt 0.61052 0.57044
vt 0.65150 0.74501
vt 0.56142 0.57288
vt 0.46604 0.66227
vt 0.66469 0.57425
vt 0.25309 0.73006
vt 0.57371 0.61093
vt 0.73452 0.36654
vt 0.76599 0.65813
vt 0.13302 0.64606
vt 0.61625 0.71225
vt 0.72210 0.73051
vt 0.31470 0.20092
vt 0.37686 0.54590
vt 0.24686 0.57180
vt 0.23370 0.62398
vt 0.61025 0.58739
vt 0.26843 0.81173
vt 0.70333 0.59042
vt 0.40839 0.51014
vt 0.38281 0.33656
vt 0.25218 0.59709
vt 0.32695 0.73307
vt 0.63984 0.71241
vt 0.86699 0.64638
vt 0.61932 0.57112
vt 0.51128 0.31955
vt 0.67931 0.57927
vt 0.61938 0.70925
vt 0.64819 0.54476
vt 0.45276 0.42197
vt 0.42634 0.62904
vt 0.72574 0.63767
vt 0.47865 0.78574
vt 0.79455 0.63889
vt 0.65485 0.41635
vt 0.69744 0.55629
vt 0.68885 0.76150
vt 0.57611 0.68693
vt 0.43341 0.25470
vt 0.23321 0.63103
vt 0.30664 0.43606
vt 0.59098 0.69707
vt 0.69851 0.66021
vt 0.57190 0.48053
vt 0.38338 0.31565
vt 0.76098 0.63594
vt 0.67724 0.48745
vt 0.50808 0.64731
vt 0.33306 0.36941
vt 0.58602 0.32880
vt 0.63634 0.66805
vt 0.66009 0.21571
vt 0.85974 0.95932
vt 0.46524 0.59946
vt 0.33132 0.64128
vt 0.70444 0.58774
vt 0.61225 0.61547
vt 0.53438 0.74161
vt 0.72294 0.42165
vt 0.54308 0.69074
vt 0.67462 0.70169
vt 0.52747 0.69210
vt 0.34543 0.88071
vt 0.55944 0.83096
vt 0.55100 0.44815
vt 0.47149 0.59578
vt 0.43908 0.62179
vt 0.57283 0.68807
vt 0.49103 0.75685
vt 0.50220 0.69863
vt 0.49167 0.47902
vt 0.45808 0.80908
vt 0.46349 0.48463
vt 0.36972 0.65263
vt 0.72144 0.67777
vt 0.38993 0.26110
vt 0.55859 0.49946
vt 0.72775 0.87221
vt 0.69831 0.67717
vt 0.63927 0.68310
vt 0.52143 0.59383
vt 0.66515 0.38747
vt 0.49016 0.68011
vt 0.61617 0.26603
vt 0.41656 0.59966
vt 0.43286 0.83534
vt 0.53909 0.81283
vt 0.64178 0.30752
vt 0.63643 0.29417
vt 0.50372 0.82289
vt 0.64159 0.42693
vt 0.75687 0.79475
vt 0.43889 0.72672
vt 0.31602 0.80578
vt 0.54135 0.68659
vt 0.75368 0.42621
vt 0.82080 0.57765
vt 0.75394 0.63116
vt 0.58698 0.36032
vt 0.40843 0.83797
vt 0.84866 0.83871
vt 0.81222 0.49023
vt 0.71755 0.42655
vt 0.56296 0.33106
vt 0.67207 0.49843
vt 0.26300 0.18237
vt 0.32648 0.74619
vt 0.73517 0.42379
vt 0.76730 0.49205
vt 0.54626 0.28684
vt 0.40567 0.52986
vt 0.70526 0.46207
vt 0.57148 0.83100
vt 0.74949 0.43415
vt 0.23096 0.12405
vt 0.78968 0.58905
vt 0.84437 0.90857
vt 0.80252 0.70449
vt 0.35483 0.74332
vt 0.60554 0.34471
vt 0.61181 0.51951
vt 0.63256 0.73595
vt 0.11393 0.64468
vt 0.81069 0.51125
vt 0.52910 0.74191
vt 0.84651 0.62622
vt 0.57106 0.20251
vt 0.57042 0.74117
vt 0.70523 0.40393
vt 0.52136 0.37533
vt 0.29660 0.70790
vt 0.77674 0.64424
vt 0.71740 0.45056
vt 0.44585 0.60631
vt 0.64998 0.62134
vt 0.26560 0.72624
vt 0.93144 0.64877
vt 0.74514 0.51111
vt 0.61268 0.36852
vt 0.51438 0.28522
vt 0.52734 0.72103
vt 0.64519 0.43293
vt 0.54028 0.30060
vt 0.52138 0.66450
vt 0.72670 0.73545
vt 0.93009 0.65166
vt 0.78238 0.46269
vt 0.44096 0.29076
vt 0.46286 0.65386
vt 0.45895 0.89405
vt 0.64831 0.58153
vt 0.49453 0.50413
vt 0.48914 0.70390
vt 0.47636 0.51715
vt 0.56393 0.67311
vt 0.45046 0.79200
vt 0.47099 0.46098
vt 0.42060 0.83121
vt 0.57830 0.73683
vt 0.80357 0.48016
vt 0.71355 0.78683
vt 0.65552 0.57178
vt 0.53364 0.33597
vt 0.45827 0.35664
vt 0.30827 0.50270
vt 0.46823 0.77924
vt 0.64657 0.87859
vt 0.59131 0.73164
vt 0.05897 0.59435
vt 0.55448 0.26215
vt 0.36580 0.77830
vt 0.59746 0.69825
vt 0.80750 0.47536
vt 0.81790 0.65562
vt 0.42164 0.75869
vt 0.44070 0.29902
vt 0.78798 0.61969
vt 0.41548 0.70904
vt 0.54591 0.76406
vt 0.78753 0.65082
vt 0.48007 0.38279
vt 0.83652 0.47594
vt 0.48408 0.65895
vt 0.32367 0.79027
vt 0.71979 0.74751
vt 0.82615 0.64340
vt 0.51050 0.71616
vt 0.41793 0.71172
vt 0.21353 0.65417
vt 0.61053 0.71965
vt 0.03281 0.56437
vt 0.41977 0.54438
vt 0.07078 0.61172
vt 0.74247 0.64060
vt 0.49759 0.82496
vt 0.46050 0.81378
vt 0.67058 0.62534
vt 0.33557 0.65068
vt 0.23661 0.66235
vt 0.47100 0.78087
vt 0.25526 0.76695
vt 0.22933 0.95498
vt 0.21999 0.56437
vt 0.72446 0.82066
vt 0.43112 0.78533
vt 0.38198 0.75218
vt 0.41206 0.77096
vt 0.75211 0.69288
vt 0.79466 0.61042
vt 0.64079 0.72006
vt 0.34230 0.30570
vt 0.34306 0.81432
vt 0.70691 0.66498
vt 0.40566 0.72787
vt 0.59028 0.36991
vt 0.50920 0.79673
vt 0.74980 0.76136
vt 0.55410 0.29080
vt 0.74760 0.55138
vt 0.53608 0.63693
vt 0.68474 0.65257
vt 0.43940 0.28562
vt 0.30941 0.68107
vt 0.55437 0.26492
vt 0.86429 0.48043
vt 0.44069 0.81060
vt 0.34666 0.75003
vt 0.55835 0.79957
vt 0.75660 0.65819
vt 0.69346 0.63577
vt 0.82771 0.60755
vt 0.64757 0.64257
vt 0.70185 0.65142
vt 0.51167 0.32994
vt 0.69056 0.68957
vt 0.83665 0.73926
vt 0.36987 0.64673
vt 0.16033 0.52352
vt 0.48242 0.79382
vt 0.47458 0.96046
vt 0.62089 0.35579
vt 0.39508 0.76912
vt 0.59828 0.72498
vt 0.44787 0.72242
vt 0.38804 0.58475
vt 0.65333 0.67325
vt 0.51708 0.63980
vt 0.92228 0.67681
vt 0.83156 0.83858
vt 0.77612 0.47504
vt 0.78767 0.82771
vt 0.21643 0.76549
vt 0.47050 0.38373
vt 0.51324 0.72619
vt 0.67885 0.65771
vt 0.50089 0.62522
vt 0.62099 0.74025
vt 0.51787 0.89575
vt 0.99499 0.86064
vt 0.80824 0.47945
vt 0.34275 0.80286
vt 0.56266 0.26385
vt 0.73024 0.58992
vt 0.42707 0.60846
vt 0.51347 0.69517
vt 0.48894 0.72064
vt 0.26064 0.80696
vt 0.17347 0.72971
vt 0.37216 0.73341
vt 0.00473 0.67099
vt 0.57131 0.32487
vt 0.49761 0.33000
vt 0.70081 0.57622
vt 0.29304 0.75127
vt 0.48753 0.29838
vt 0.32777 0.82129
vt 0.71897 0.75215
vt 0.71106 0.59378
vt 0.71140 0.88929
vt 0.84253 0.48679
vt 0.69293 0.57249
vt 0.63366 0.67375
vt 0.85874 0.46720
vt 0.83972 0.49359
vt 0.95469 0.00895
vt 0.62339 0.57894
vt 0.55532 0.45970
vt 0.84605 0.47375
vt 0.62525 0.70597
vt 0.42135 0.71998
vt 0.56431 0.30716
vt 0.27693 0.76567
vt 0.40207 0.77189
vt 0.61674 0.79791
vt 0.43931 0.26734
vt 0.34425 0.81949
vt 0.48409 0.60519
vt 0.38596 0.41969
vt 0.50252 0.73700
vt 0.83115 0.44798
vt 0.72961 0.35020
vt 0.10585 0.64539
vt 0.68778 0.47002
vt 0.38375 0.69603
vt 0.44441 0.77421
vt 0.60798 0.68330
vt 0.46466 0.27478
vt 0.80250 0.60186
vt 0.62681 0.67641
vt 0.36470 0.77283
vt 0.58691 0.31280
vt 0.54834 0.25704
vt 0.70029 0.63699
vt 0.57873 0.75282
vt 0.86282 0.47001
vt 0.54618 0.41059
vt 0.52756 0.27109
vt 0.57610 0.55849
vt 0.65224 0.66029
vt 0.17943 0.70494
vt 0.48147 0.26051
vt 0.14579 0.86782
vt 0.53065 0.78976
vt 0.84214 0.43899
vt 0.31184 0.30462
vt 0.59526 0.69202
vt 0.67817 0.43309
vt 0.56064 0.69798
vt 0.51214 0.78175
vt 0.48522 0.36218
vt 0.02620 0.68598
vt 0.69468 0.63781
vt 0.41164 0.42064
vt 0.80039 0.75481
vt 0.69121 0.55969
vt 0.38110 0.71737
vt 0.57603 0.43882
vt 0.49147 0.26352
vt 0.22906 0.70234
vt 0.61964 0.42314
vt 0.59878 0.64252
vt 0.30765 0.58635
vt 0.56747 0.30872
vt 0.86216 0.46740
vt 0.24964 0.77612
vt 0.24853 0.49029
vt 0.52878 0.63575
vt 0.62062 0.94918
vt 0.30947 0.64386
vt 0.85989 0.80693
vt 0.25777 0.76464
vt 0.44733 0.44435
vt 0.78932 0.70354
vt 0.33441 0.89082
vt 0.24397 0.85161
vt 0.73839 0.92043
vt 0.67026 0.78052
vt 0.88699 0.78193
vt 0.58332 0.61859
vt 0.33879 0.57104
vt 0.22145 0.82408
vt 0.56529 0.82049
vt 0.82407 0.66424
vt 0.56072 0.61836
vt 0.73505 0.73779
vt 0.39328 0.78132
vt 0.40005 0.77021
vt 0.45109 0.34513
vt 0.66271 0.04309
vt 0.70598 0.89453
vt 0.76819 0.46984
vt 0.30821 0.80444
vt 0.31639 0.91059
vt 0.26998 0.73229
vt 0.70378 0.70343
vt 0.41084 0.59219
vt 0.37307 0.87336
vt 0.12127 0.69982
vt 0.43856 0.73215
vt 0.40031 0.81410
vt 0.75909 0.62246
vt 0.61475 0.83779
vt 0.45811 0.83067
vt 0.55312 0.78171
vt 0.39825 0.76504
vt 0.55861 0.54419
vt 0.64481 0.56420
vt 0.72600 0.85985
vt 0.11916 0.69840
vt 0.35072 0.95649
vt 0.00319 0.79335
vt 0.49347 0.45654
vt 0.45761 0.78066
vt 0.38453 0.81506
vt 0.18141 0.71341
vt 0.38589 0.59427
vt 0.44969 0.82987
vt 0.38615 0.60801
vt 0.48444 0.77429
vt 0.81100 0.58617
vt 0.44832 0.82395
vt 0.68859 0.81596
vt 0.44827 0.81891
vt 0.79657 0.76996
vt 0.82113 0.56677
vt 0.51264 0.80067
vt 0.36476 0.76761
vt 0.20660 0.79209
vt 0.43038 0.82159
vt 0.72576 0.48978
vt 0.38719 0.72594
vt 0.59784 0.58520
vt 0.60413 0.74381
vt 0.71219 0.57349
vt 0.36238 0.85025
vt 0.63038 0.39278
vt 0.56761 0.61683
vt 0.58501 0.63323
vt 0.29883 0.86006
vt 0.31653 0.81483
vt 0.48922 0.78165
vt 0.46406 0.24433
vt 0.97864 0.02931
vt 0.45731 0.36756
vt 0.31264 0.75740
vt 0.38204 0.78172
vt 0.33774 0.59108
vt 0.48222 0.80861
vt 0.45745 0.60296
vt 0.65672 0.57383
vt 0.20577 0.84242
vt 0.30425 0.79201
vt 0.62253 0.94906
vt 0.72343 0.55307
vt 0.54664 0.67161
vt 0.81381 0.57793
vt 0.63920 0.29375
vt 0.41057 0.83577
vt 0.72586 0.81007
vt 0.61474 0.53995
vt 0.32173 0.82726
vt 0.51585 0.55643
vt 0.88718 0.80502
vt 0.53120 0.55959
vt 0.50987 0.75596
vt 0.59138 0.59847
vt 0.80060 0.52841
vt 0.39573 0.87848
vt 0.96043 0.91431
vt 0.24315 0.19254
vt 0.61865 0.75791
vt 0.30133 0.65447
vt 0.31929 0.79554
vt 0.57825 0.51409
vt 0.46651 0.55738
vt 0.30295 0.56909
vt 0.25134 0.83527
vt 0.54933 0.77614
vt 0.26548 0.64738
vt 0.31771 0.74114
vt 0.52595 0.59357
vt 0.53413 0.51642
vt 0.52185 0.44978
vt 0.56754 0.59588
vt 0.77977 0.80402
vt 0.40159 0.41815
vt 0.82449 0.75094
vt 0.67595 0.58868
vt 0.67791 0.59536
vt 0.88254 0.57229
vt 0.33337 0.45542
vt 0.71551 0.36962
vt 0.70652 0.58134
vt 0.36457 0.69822
vt 0.59539 0.60992
vt 0.47337 0.36680
vt 0.45490 0.88383
vt 0.27651 0.70764
vt 0.13863 0.42302
vt 0.50245 0.79838
vt 0.65824 0.65219
vt 0.79234 0.70477
vt 0.77216 0.82834
vt 0.37951 0.75583
vt 0.63755 0.66172
vt 0.26820 0.62829
vt 0.40091 0.73523
vt 0.39557 0.77896
vt 0.65666 0.65393
vt 0.27706 0.57414
vt 0.17219 0.78141
vt 0.59439 0.46360
vt 0.53531 0.77321
vt 0.39681 0.79015
vt 0.60873 0.74026
vt 0.55357 0.59385
vt 0.69921 0.50614
vt 0.62823 0.66646
vt 0.31221 0.83665
vt 0.42182 0.36102
vt 0.77354 0.80807
vt 0.60838 0.64537
vt 0.63889 0.73056
vt 0.25808 0.66220
vt 0.91031 0.79498
vt 0.60182 0.50688
vt 0.79901 0.79561
vt 0.55142 0.63774
vt 0.83513 0.56465
vt 0.62672 0.72820
vt 0.76594 0.71106
vt 0.69552 0.80529
vt 0.63451 0.81531
vt 0.51999 0.41803
vt 0.36917 0.73152
vt 0.56633 0.67219
vt 0.62529 0.51977
vt 0.22094 0.64761
vt 0.46964 0.96969
vt 0.46614 0.75437
vt 0.90790 0.76184
vt 0.88619 0.57240
vt 0.64608 0.38355
vt 0.53200 0.50260
vt 0.69812 0.59315
vt 0.37300 0.63759
vt 0.75616 0.60032
vt 0.64854 0.51188
vt 0.59986 0.68458
vt 0.97875 0.41423
vt 0.21049 0.28168
vt 0.97742 0.41256
vt 0.77180 0.97670
vt 0.69222 0.80434
vt 0.64760 0.50309
vt 0.29566 0.53458
vt 0.56985 0.60700
vt 0.59275 0.46554
vt 0.36747 0.43411
vt 0.52240 0.49354
vt 0.52847 0.60585
vt 0.36167 0.42763
vt 0.24441 0.58909
vt 0.19797 0.43057
vt 0.65670 0.50728
vt 0.76359 0.37602
vt 0.60717 0.73935
vt 0.03288 0.70072
vt 0.57854 0.49978
vt 0.51764 0.61720
vt 0.60201 0.52090
vt 0.46102 0.66054
vt 0.80356 0.56998
vt 0.00727 0.69410
vt 0.39425 0.57958
vt 0.73001 0.57397
vt 0.55167 0.86966
vt 0.67993 0.63855
vt 0.65185 0.50999
vt 0.54821 0.44284
vt 0.41420 0.59973
vt 0.79698 0.56864
vt 0.41951 0.57212
vt 0.86600 0.56553
vt 0.54602 0.86901
vt 0.01392 0.70128
vt 0.58935 0.53981
vt 0.51105 0.92030
vt 0.18487 0.66416
vt 0.35734 0.63357
vt 0.40694 0.77932
vt 0.55747 0.78059
vt 0.01163 0.69679
vt 0.35252 0.73658
vt 0.53768 0.61523
vt 0.88323 0.54234
vt 0.33433 0.73179
vt 0.38015 0.49611
vt 0.62655 0.63898
vt 0.67066 0.68965
vt 0.76911 0.61897
vt 0.14570 0.76781
usemtl casca
f 1/1 467/467 510/510
f 1/1 510/510 467/467
f 1/1 1134/1134 1067/1067
f 2/2 116/116 17/17
f 2/2 476/476 116/116
f 2/2 476/476 461/461
f 3/3 75/75 164/164
f 3/3 222/222 201/201
f 3/3 222/222 251/251
f 4/4 2209/2209 78/78
f 5/5 14/14 1105/1105
f 5/5 58/58 14/14
f 5/5 129/129 77/77
f 6/6 498/498 226/226
f 6/6 534/534 691/691
f 7/7 230/230 47/47
f 9/9 591/591 528/528
f 9/9 1088/1088 1102/1102
f 9/9 1102/1102 591/591
f 11/11 23/23 69/69
f 11/11 69/69 268/268
f 11/11 1046/1046 23/23
f 13/13 146/146 229/229
f 13/13 229/229 376/376
f 13/13 244/244 188/188
f 13/13 376/376 244/244
f 15/15 33/33 89/89
f 15/15 1078/1078 95/95
f 15/15 1091/1091 1078/1078
f 15/15 1114/1114 1091/1091
f 16/16 160/160 1138/1138
f 16/16 1088/1088 9/9
f 16/16 1138/1138 1088/1088
f 17/17 92/92 205/205
f 17/17 205/205 491/491
f 17/17 476/476 2/2
f 17/17 491/491 476/476
f 18/18 34/34 222/222
f 18/18 207/207 34/34
f 18/18 222/222 207/207
f 19/19 73/73 110/110
f 19/19 102/102 73/73
f 19/19 2180/2180 102/102
f 20/20 82/82 444/444
f 20/20 111/111 195/195
f 20/20 195/195 82/82
f 21/21 24/24 248/248
f 21/21 156/156 98/98
f 21/21 159/159 208/208
f 24/24 208/208 46/46
f 25/25 50/50 125/125
f 25/25 101/101 50/50
f 25/25 112/112 10/10
f 25/25 179/179 196/196
f 25/25 196/196 101/101
f 25/25 220/220 273/273
f 25/25 273/273 179/179
f 26/26 126/126 49/49
f 26/26 2237/2237 2156/2156
f 27/27 79/79 166/166
f 27/27 166/166 212/212
f 27/27 212/212 234/234
f 28/28 325/325 520/520
f 28/28 520/520 3978/3978
f 28/28 3978/3978 3871/3871
f 29/29 424/424 445/445
f 30/30 293/293 161/161
f 31/31 61/61 119/119
f 31/31 458/458 528/528
f 31/31 591/591 1135/1135
f 32/32 45/45 240/240
f 32/32 129/129 45/45
f 32/32 240/240 268/268
f 34/34 269/269 251/251
f 34/34 269/269 3894/3894
f 34/34 3894/3894 3972/3972
f 34/34 3972/3972 59/59
f 35/35 52/52 110/110
f 35/35 2166/2166 2125/2125
f 36/36 157/157 184/184
f 37/37 117/117 105/105
f 37/37 167/167 219/219
f 38/38 169/169 243/243
f 38/38 169/169 349/349
f 38/38 243/243 84/84
f 38/38 349/349 169/169
f 38/38 521/521 349/349
f 39/39 22/22 91/91
f 39/39 91/91 106/106
f 39/39 532/532 483/483
f 40/40 126/126 246/246
f 40/40 197/197 246/246
f 41/41 177/177 228/228
f 41/41 242/242 56/56
f 41/41 937/937 242/242
f 41/41 1143/1143 228/228
f 42/42 53/53 262/262
f 42/42 92/92 116/116
f 43/43 21/21 98/98
f 43/43 98/98 523/523
f 43/43 517/517 76/76
f 44/44 136/136 254/254
f 45/45 5/5 1105/1105
f 45/45 129/129 77/77
f 45/45 1105/1105 240/240
f 46/46 73/73 102/102
f 46/46 102/102 115/115
f 46/46 115/115 24/24
f 47/47 30/30 124/124
f 47/47 124/124 216/216
f 47/47 191/191 7/7
f 47/47 216/216 191/191
f 48/48 27/27 234/234
f 48/48 103/103 86/86
f 48/48 518/518 27/27
f 49/49 100/100 471/471
f 49/49 126/126 100/100
f 50/50 101/101 417/417
f 50/50 417/417 125/125
f 51/51 141/141 151/151
f 51/51 151/151 141/141
f 52/52 2125/2125 2180/2180
f 52/52 2180/2180 19/19
f 53/53 42/42 116/116
f 55/55 106/106 127/127
f 56/56 80/80 41/41
f 58/58 33/33 95/95
f 58/58 95/95 14/14
f 58/58 137/137 33/33
f 59/59 269/269 34/34
f 59/59 3870/3870 253/253
f 59/59 3959/3959 4074/4074
f 60/60 117/117 37/37
f 61/61 31/31 1135/1135
f 61/61 1114/1114 15/15
f 61/61 1135/1135 1114/1114
f 62/62 36/36 256/256
f 63/63 68/68 188/188
f 63/63 238/238 68/68
f 64/64 9/9 528/528
f 66/66 146/146 13/13
f 67/67 81/81 1045/1045
f 67/67 1045/1045 117/117
f 67/67 1140/1140 8/8
f 69/69 11/11 268/268
f 69/69 23/23 85/85
f 69/69 36/36 184/184
f 69/69 184/184 11/11
f 70/70 339/339 150/150
f 72/72 112/112 266/266
f 72/72 266/266 10/10
f 73/73 46/46 208/208
f 74/74 417/417 420/420
f 75/75 90/90 145/145
f 76/76 21/21 43/43
f 77/77 5/5 45/45
f 77/77 58/58 5/5
f 79/79 27/27 502/502
f 79/79 130/130 209/209
f 79/79 261/261 166/166
f 79/79 413/413 130/130
f 79/79 502/502 413/413
f 80/80 56/56 242/242
f 80/80 99/99 183/183
f 80/80 183/183 171/171
f 81/81 67/67 8/8
f 82/82 71/71 523/523
f 82/82 134/134 423/423
f 82/82 400/400 71/71
f 83/83 635/635 1018/1018
f 84/84 154/154 202/202
f 84/84 202/202 4/4
f 85/85 23/23 1046/1046
f 86/86 74/74 420/420
f 86/86 103/103 255/255
f 86/86 255/255 74/74
f 86/86 420/420 473/473
f 86/86 518/518 48/48
f 87/87 187/187 198/198
f 87/87 198/198 149/149
f 88/88 4056/4056 408/408
f 90/90 3/3 12/12
f 90/90 12/12 1063/1063
f 90/90 75/75 3/3
f 91/91 22/22 483/483
f 91/91 385/385 106/106
f 92/92 149/149 205/205
f 93/93 41/41 80/80
f 93/93 80/80 148/148
f 93/93 120/120 148/148
f 93/93 148/148 120/120
f 95/95 33/33 15/15
f 95/95 1096/1096 14/14
f 96/96 30/30 161/161
f 96/96 216/216 124/124
f 96/96 1999/1999 2017/2017
f 96/96 2017/2017 216/216
f 96/96 2163/2163 1999/1999
f 97/97 129/129 32/32
f 97/97 157/157 233/233
f 97/97 184/184 157/157
f 98/98 429/429 440/440
f 98/98 440/440 523/523
f 99/99 80/80 195/195
f 101/101 50/50 125/125
f 101/101 196/196 179/179
f 101/101 428/428 417/417
f 102/102 2215/2215 115/115
f 103/103 234/234 255/255
f 104/104 198/198 187/187
f 105/105 117/117 1075/1075
f 106/106 55/55 39/39
f 106/106 140/140 155/155
f 106/106 155/155 140/140
f 106/106 370/370 453/453
f 106/106 385/385 155/155
f 106/106 453/453 127/127
f 107/107 130/130 1038/1038
f 107/107 983/983 37/37
f 108/108 4/4 2068/2068
f 108/108 197/197 126/126
f 108/108 2068/2068 182/182
f 109/109 6/6 226/226
f 109/109 123/123 1106/1106
f 109/109 194/194 123/123
f 109/109 226/226 194/194
f 109/109 1106/1106 534/534
f 110/110 52/52 19/19
f 110/110 73/73 165/165
f 110/110 122/122 35/35
f 111/111 20/20 444/444
f 112/112 72/72 10/10
f 112/112 305/305 232/232
f 113/113 373/373 163/163
f 114/114 65/65 259/259
f 114/114 259/259 65/65
f 115/115 139/139 193/193
f 115/115 193/193 248/248
f 115/115 248/248 24/24
f 116/116 92/92 17/17
f 116/116 476/476 461/461
f 116/116 1122/1122 53/53
f 117/117 1057/1057 1075/1075
f 118/118 54/54 506/506
f 119/119 15/15 89/89
f 119/119 61/61 15/15
f 119/119 442/442 458/458
f 119/119 458/458 31/31
f 120/120 104/104 187/187
f 120/120 177/177 148/148
f 120/120 177/177 187/187
f 120/120 289/289 104/104
f 120/120 295/295 480/480
f 120/120 480/480 289/289
f 120/120 480/480 295/295
f 121/121 85/85 1046/1046
f 121/121 203/203 85/85
f 122/122 146/146 185/185
f 123/123 180/180 441/441
f 124/124 30/30 96/96
f 125/125 50/50 101/101
f 125/125 112/112 25/25
f 125/125 466/466 112/112
f 126/126 26/26 108/108
f 126/126 40/40 100/100
f 129/129 5/5 77/77
f 129/129 58/58 77/77
f 129/129 97/97 233/233
f 129/129 210/210 189/189
f 129/129 233/233 210/210
f 129/129 240/240 45/45
f 130/130 413/413 463/463
f 130/130 463/463 640/640
f 131/131 4/4 78/78
f 131/131 38/38 84/84
f 131/131 84/84 4/4
f 132/132 242/242 1012/1012
f 132/132 327/327 257/257
f 132/132 352/352 327/327
f 133/133 170/170 244/244
f 133/133 221/221 218/218
f 133/133 244/244 323/323
f 134/134 257/257 327/327
f 134/134 327/327 351/351
f 135/135 160/160 212/212
f 135/135 212/212 252/252
f 136/136 44/44 254/254
f 136/136 298/298 392/392
f 136/136 392/392 298/298
f 137/137 153/153 33/33
f 137/137 210/210 189/189
f 137/137 344/344 153/153
f 138/138 230/230 217/217
f 138/138 266/266 324/324
f 139/139 115/115 2014/2014
f 139/139 2014/2014 270/270
f 140/140 106/106 155/155
f 140/140 194/194 176/176
f 140/140 370/370 106/106
f 141/141 204/204 151/151
f 141/141 204/204 223/223
f 142/142 92/92 42/42
f 142/142 187/187 92/92
f 143/143 2041/2041 2105/2105
f 143/143 2615/2615 3883/3883
f 144/144 162/162 206/206
f 144/144 956/956 162/162
f 144/144 970/970 956/956
f 145/145 90/90 774/774
f 145/145 164/164 75/75
f 145/145 774/774 90/90
f 145/145 774/774 940/940
f 145/145 940/940 164/164
f 146/146 110/110 165/165
f 146/146 122/122 110/110
f 146/146 165/165 213/213
f 147/147 199/199 261/261
f 147/147 209/209 219/219
f 147/147 219/219 209/209
f 147/147 963/963 897/897
f 148/148 80/80 171/171
f 148/148 337/337 120/120
f 149/149 92/92 87/87
f 152/152 230/230 138/138
f 154/154 28/28 3871/3871
f 155/155 237/237 267/267
f 155/155 267/267 140/140
f 156/156 21/21 248/248
f 156/156 181/181 98/98
f 158/158 169/169 349/349
f 158/158 176/176 226/226
f 158/158 226/226 335/335
f 159/159 21/21 76/76
f 159/159 76/76 94/94
f 160/160 135/135 973/973
f 160/160 175/175 234/234
f 160/160 234/234 212/212
f 160/160 973/973 1130/1130
f 160/160 1130/1130 1138/1138
f 161/161 354/354 367/367
f 161/161 2087/2087 96/96
f 162/162 177/177 206/206
f 162/162 177/177 228/228
f 162/162 228/228 177/177
f 163/163 238/238 113/113
f 163/163 1916/1916 1995/1995
f 164/164 222/222 3/3
f 164/164 940/940 981/981
f 165/165 73/73 190/190
f 166/166 261/261 212/212
f 167/167 37/37 105/105
f 169/169 38/38 349/349
f 169/169 158/158 358/358
f 169/169 225/225 243/243
f 170/170 133/133 218/218
f 170/170 188/188 244/244
f 171/171 183/183 277/277
f 171/171 277/277 320/320
f 171/171 320/320 148/148
f 172/172 40/40 246/246
f 172/172 246/246 88/88
f 172/172 408/408 360/360
f 173/173 168/168 220/220
f 173/173 191/191 247/247
f 174/174 385/385 155/155
f 175/175 16/16 9/9
f 175/175 160/160 16/16
f 176/176 194/194 226/226
f 176/176 245/245 140/140
f 176/176 389/389 328/328
f 177/177 41/41 93/93
f 177/177 93/93 148/148
f 177/177 187/187 206/206
f 178/178 210/210 233/233
f 178/178 233/233 306/306
f 179/179 241/241 260/260
f 179/179 273/273 220/220
f 180/180 123/123 194/194
f 180/180 235/235 279/279
f 180/180 267/267 237/237
f 180/180 326/326 387/387
f 182/182 197/197 108/108
f 182/182 2068/2068 197/197
f 183/183 99/99 195/195
f 183/183 111/111 277/277
f 185/185 35/35 122/122
f 185/185 68/68 238/238
f 185/185 188/188 68/68
f 187/187 87/87 92/92
f 187/187 142/142 262/262
f 187/187 177/177 120/120
f 188/188 66/66 13/13
f 188/188 146/146 66/66
f 188/188 185/185 146/146
f 188/188 218/218 63/63
f 189/189 210/210 129/129
f 189/189 381/381 383/383
f 189/189 383/383 137/137
f 190/190 159/159 239/239
f 190/190 208/208 159/159
f 191/191 128/128 230/230
f 191/191 173/173 128/128
f 191/191 216/216 272/272
f 191/191 272/272 247/247
f 193/193 139/139 248/248
f 194/194 140/140 267/267
f 194/194 267/267 180/180
f 195/195 111/111 183/183
f 195/195 134/134 82/82
f 195/195 242/242 132/132
f 196/196 101/101 179/179
f 196/196 179/179 260/260
f 196/196 356/356 101/101
f 197/197 246/246 126/126
f 197/197 2041/2041 143/143
f 197/197 2068/2068 2041/2041
f 198/198 104/104 289/289
f 198/198 263/263 205/205
f 198/198 289/289 353/353
f 201/201 12/12 3/3
f 201/201 1009/1009 939/939
f 202/202 3953/3953 2521/2521
f 203/203 186/186 283/283
f 203/203 256/256 85/85
f 203/203 283/283 256/256
f 204/204 141/141 151/151
f 205/205 149/149 198/198
f 205/205 323/323 278/278
f 206/206 187/187 262/262
f 206/206 192/192 144/144
f 207/207 3/3 57/57
f 207/207 57/57 269/269
f 207/207 269/269 34/34
f 208/208 24/24 21/21
f 208/208 190/190 73/73
f 209/209 147/147 261/261
f 209/209 167/167 147/147
f 209/209 261/261 79/79
f 210/210 58/58 129/129
f 210/210 137/137 58/58
f 210/210 178/178 189/189
f 211/211 168/168 247/247
f 211/211 220/220 168/168
f 211/211 1984/1984 241/241
f 213/213 165/165 190/190
f 213/213 190/190 239/239
f 213/213 229/229 146/146
f 213/213 376/376 229/229
f 214/214 242/242 195/195
f 215/215 940/940 774/774
f 215/215 1009/1009 940/940
f 217/217 230/230 128/128
f 218/218 188/188 170/170
f 219/219 107/107 37/37
f 219/219 130/130 107/107
f 219/219 167/167 209/209
f 219/219 209/209 130/130
f 220/220 10/10 128/128
f 220/220 25/25 10/10
f 220/220 128/128 173/173
f 222/222 3/3 207/207
f 222/222 981/981 201/201
f 223/223 204/204 141/141
f 224/224 40/40 172/172
f 224/224 100/100 40/40
f 224/224 291/291 100/100
f 225/225 169/169 282/282
f 226/226 176/176 245/245
f 226/226 245/245 176/176
f 226/226 292/292 335/335
f 227/227 139/139 270/270
f 227/227 156/156 248/248
f 227/227 181/181 156/156
f 227/227 270/270 181/181
f 228/228 1143/1143 41/41
f 230/230 7/7 191/191
f 231/231 88/88 246/246
f 231/231 143/143 3930/3930
f 231/231 3912/3912 88/88
f 233/233 157/157 36/36
f 234/234 103/103 48/48
f 235/235 155/155 174/174
f 235/235 174/174 346/346
f 235/235 180/180 155/155
f 235/235 291/291 279/279
f 235/235 346/346 291/291
f 237/237 155/155 180/180
f 238/238 35/35 185/185
f 238/238 63/63 113/113
f 238/238 163/163 1995/1995
f 238/238 1995/1995 2053/2053
f 238/238 2053/2053 35/35
f 239/239 159/159 368/368
f 239/239 368/368 395/395
f 240/240 129/129 45/45
f 241/241 179/179 220/220
f 241/241 220/220 211/211
f 242/242 195/195 80/80
f 242/242 214/214 195/195
f 243/243 28/28 154/154
f 243/243 154/154 84/84
f 243/243 325/325 28/28
f 244/244 369/369 357/357
f 245/245 176/176 328/328
f 246/246 143/143 231/231
f 246/246 197/197 40/40
f 246/246 197/197 143/143
f 247/247 168/168 173/173
f 247/247 272/272 1971/1971
f 247/247 2009/2009 211/211
f 247/247 2028/2028 2009/2009
f 248/248 139/139 227/227
f 249/249 47/47 230/230
f 249/249 230/230 286/286
f 250/250 271/271 936/936
f 250/250 921/921 995/995
f 250/250 921/921 1979/1979
f 251/251 57/57 3/3
f 251/251 222/222 34/34
f 252/252 147/147 897/897
f 252/252 199/199 147/147
f 252/252 261/261 199/199
f 252/252 935/935 135/135
f 253/253 269/269 59/59
f 253/253 3915/3915 269/269
f 254/254 298/298 136/136
f 255/255 9/9 258/258
f 255/255 175/175 9/9
f 255/255 234/234 175/175
f 255/255 258/258 74/74
f 256/256 36/36 69/69
f 256/256 69/69 85/85
f 256/256 283/283 527/527
f 256/256 527/527 62/62
f 257/257 134/134 195/195
f 257/257 195/195 132/132
f 258/258 9/9 64/64
f 258/258 64/64 458/458
f 258/258 466/466 74/74
f 260/260 356/356 196/196
f 261/261 252/252 212/212
f 262/262 142/142 42/42
f 262/262 192/192 206/206
f 262/262 236/236 925/925
f 263/263 133/133 323/323
f 263/263 198/198 353/353
f 263/263 323/323 205/205
f 263/263 353/353 133/133
f 264/264 30/30 47/47
f 264/264 47/47 249/249
f 264/264 249/249 332/332
f 264/264 526/526 30/30
f 266/266 112/112 232/232
f 266/266 128/128 10/10
f 266/266 138/138 217/217
f 266/266 217/217 128/128
f 266/266 232/232 324/324
f 268/268 11/11 184/184
f 268/268 97/97 32/32
f 268/268 184/184 97/97
f 268/268 240/240 942/942
f 268/268 942/942 927/927
f 269/269 57/57 251/251
f 269/269 3915/3915 3894/3894
f 270/270 378/378 181/181
f 270/270 1793/1793 331/331
f 271/271 1894/1894 936/936
f 274/274 260/260 1955/1955
f 274/274 1378/1378 879/879
f 274/274 1927/1927 1378/1378
f 275/275 297/297 495/495
f 275/275 495/495 297/297
f 276/276 296/296 837/837
f 277/277 111/111 444/444
f 277/277 311/311 363/363
f 277/277 363/363 399/399
f 277/277 386/386 311/311
f 277/277 399/399 320/320
f 278/278 323/323 491/491
f 279/279 224/224 172/172
f 279/279 326/326 180/180
f 279/279 326/326 355/355
f 280/280 3725/3725 3801/3801
f 280/280 3801/3801 462/462
f 280/280 3801/3801 3809/3809
f 281/281 499/499 1841/1841
f 282/282 169/169 358/358
f 282/282 243/243 225/225
f 282/282 325/325 243/243
f 283/283 186/186 388/388
f 284/284 1918/1918 1779/1779
f 285/285 218/218 221/221
f 285/285 221/221 299/299
f 285/285 525/525 218/218
f 286/286 230/230 383/383
f 287/287 391/391 1779/1779
f 288/288 372/372 302/302
f 288/288 486/486 372/372
f 289/289 198/198 295/295
f 289/289 480/480 295/295
f 290/290 326/326 397/397
f 290/290 397/397 340/340
f 290/290 529/529 304/304
f 291/291 224/224 279/279
f 291/291 346/346 471/471
f 291/291 471/471 100/100
f 292/292 226/226 498/498
f 293/293 30/30 526/526
f 294/294 322/322 482/482
f 294/294 482/482 322/322
f 294/294 482/482 804/804
f 295/295 198/198 289/289
f 295/295 337/337 480/480
f 295/295 343/343 285/285
f 295/295 353/353 289/289
f 295/295 480/480 343/343
f 296/296 333/333 799/799
f 298/298 254/254 392/392
f 298/298 288/288 350/350
f 298/298 288/288 372/372
f 298/298 392/392 254/254
f 299/299 221/221 353/353
f 300/300 281/281 1841/1841
f 300/300 414/414 499/499
f 300/300 499/499 281/281
f 300/300 1841/1841 1823/1823
f 301/301 1907/1907 393/393
f 302/302 288/288 486/486
f 303/303 382/382 3809/3809
f 303/303 3809/3809 382/382
f 304/304 497/497 290/290
f 304/304 785/785 497/497
f 305/305 409/409 324/324
f 306/306 233/233 508/508
f 306/306 381/381 178/178
f 307/307 342/342 394/394
f 307/307 475/475 342/342
f 307/307 487/487 475/475
f 309/309 274/274 879/879
f 309/309 371/371 274/274
f 310/310 378/378 331/331
f 310/310 384/384 308/308
f 310/310 516/516 378/378
f 311/311 516/516 478/478
f 311/311 531/531 516/516
f 312/312 488/488 318/318
f 315/315 30/30 526/526
f 315/315 293/293 526/526
f 315/315 332/332 383/383
f 315/315 381/381 487/487
f 315/315 526/526 30/30
f 315/315 526/526 264/264
f 316/316 298/298 392/392
f 316/316 392/392 298/298
f 317/317 529/529 512/512
f 317/317 3542/3542 754/754
f 319/319 336/336 522/522
f 319/319 481/481 522/522
f 321/321 342/342 432/432
f 321/321 432/432 514/514
f 323/323 278/278 491/491
f 323/323 357/357 430/430
f 324/324 232/232 305/305
f 324/324 345/345 138/138
f 325/325 282/282 390/390
f 325/325 348/348 520/520
f 326/326 279/279 355/355
f 326/326 355/355 387/387
f 328/328 349/349 477/477
f 328/328 370/370 245/245
f 328/328 407/407 370/370
f 328/328 477/477 407/407
f 329/329 533/533 507/507
f 330/330 532/532 412/412
f 331/331 1793/1793 1860/1860
f 332/332 249/249 286/286
f 332/332 286/286 383/383
f 332/332 315/315 264/264
f 333/333 296/296 374/374
f 333/333 327/327 352/352
f 333/333 359/359 327/327
f 334/334 317/317 512/512
f 334/334 403/403 366/366
f 334/334 754/754 317/317
f 334/334 3554/3554 754/754
f 334/334 3554/3554 3776/3776
f 335/335 292/292 348/348
f 335/335 358/358 158/158
f 336/336 283/283 388/388
f 336/336 319/319 500/500
f 336/336 388/388 319/319
f 336/336 500/500 514/514
f 337/337 148/148 320/320
f 337/337 320/320 399/399
f 337/337 399/399 380/380
f 337/337 480/480 120/120
f 338/338 351/351 359/359
f 338/338 359/359 517/517
f 338/338 517/517 351/351
f 339/339 70/70 150/150
f 340/340 529/529 290/290
f 341/341 398/398 418/418
f 341/341 418/418 398/398
f 343/343 380/380 459/459
f 343/343 459/459 456/456
f 343/343 525/525 285/285
f 344/344 137/137 383/383
f 344/344 138/138 345/345
f 344/344 152/152 138/138
f 344/344 230/230 152/152
f 344/344 345/345 153/153
f 344/344 383/383 230/230
f 345/345 33/33 153/153
f 345/345 324/324 409/409
f 345/345 409/409 33/33
f 346/346 174/174 385/385
f 346/346 370/370 504/504
f 346/346 504/504 471/471
f 347/347 435/435 414/414
f 347/347 456/456 459/459
f 347/347 459/459 380/380
f 348/348 292/292 422/422
f 348/348 390/390 335/335
f 348/348 403/403 520/520
f 349/349 328/328 389/389
f 349/349 389/389 158/158
f 350/350 288/288 298/298
f 352/352 1012/1012 799/799
f 353/353 221/221 133/133
f 353/353 285/285 299/299
f 353/353 295/295 285/285
f 355/355 290/290 427/427
f 355/355 326/326 290/290
f 355/355 387/387 427/427
f 355/355 427/427 387/387
f 356/356 260/260 274/274
f 357/357 323/323 244/244
f 357/357 369/369 430/430
f 358/358 335/335 282/282
f 359/359 351/351 327/327
f 359/359 434/434 517/517
f 359/359 448/448 368/368
f 360/360 279/279 172/172
f 360/360 326/326 279/279
f 361/361 369/369 436/436
f 361/361 406/406 369/369
f 361/361 524/524 406/406
f 362/362 308/308 384/384
f 362/362 425/425 478/478
f 362/362 478/478 308/308
f 363/363 311/311 489/489
f 363/363 489/489 438/438
f 364/364 301/301 393/393
f 364/364 393/393 301/301
f 365/365 379/379 470/470
f 365/365 402/402 1826/1826
f 365/365 470/470 402/402
f 365/365 1826/1826 379/379
f 366/366 422/422 860/860
f 366/366 736/736 334/334
f 367/367 161/161 293/293
f 367/367 293/293 307/307
f 367/367 354/354 161/161
f 367/367 394/394 1779/1779
f 368/368 159/159 517/517
f 369/369 244/244 376/376
f 370/370 140/140 245/245
f 370/370 407/407 504/504
f 371/371 309/309 879/879
f 371/371 356/356 274/274
f 372/372 288/288 298/298
f 372/372 288/288 302/302
f 372/372 486/486 288/288
f 373/373 300/300 1823/1823
f 373/373 347/347 300/300
f 373/373 446/446 525/525
f 373/373 525/525 347/347
f 373/373 1823/1823 1916/1916
f 373/373 1916/1916 163/163
f 374/374 296/296 448/448
f 374/374 359/359 333/333
f 374/374 448/448 359/359
f 375/375 410/410 371/371
f 376/376 213/213 395/395
f 376/376 229/229 395/395
f 376/376 395/395 229/229
f 376/376 395/395 465/465
f 376/376 436/436 369/369
f 378/378 270/270 331/331
f 378/378 429/429 181/181
f 379/379 321/321 314/314
f 379/379 391/391 321/321
f 379/379 1785/1785 391/391
f 380/380 343/343 337/337
f 380/380 414/414 435/435
f 381/381 189/189 178/178
f 381/381 306/306 508/508
f 381/381 315/315 383/383
f 382/382 280/280 3809/3809
f 382/382 3809/3809 280/280
f 382/382 3814/3814 280/280
f 382/382 3814/3814 3787/3787
f 384/384 310/310 331/331
f 384/384 331/331 1860/1860
f 385/385 174/174 155/155
f 385/385 464/464 346/346
f 386/386 277/277 444/444
f 386/386 444/444 311/311
f 387/387 355/355 427/427
f 387/387 427/427 441/441
f 389/389 176/176 158/158
f 390/390 282/282 335/335
f 390/390 348/348 325/325
f 391/391 287/287 342/342
f 391/391 287/287 394/394
f 391/391 342/342 321/321
f 392/392 136/136 298/298
f 392/392 254/254 136/136
f 394/394 287/287 391/391
f 394/394 342/342 287/287
f 394/394 367/367 307/307
f 395/395 213/213 239/239
f 395/395 448/448 465/465
f 396/396 490/490 783/783
f 396/396 796/796 532/532
f 397/397 326/326 360/360
f 397/397 360/360 340/340
f 398/398 455/455 418/418
f 400/400 43/43 523/523
f 400/400 517/517 43/43
f 400/400 523/523 71/71
f 401/401 421/421 474/474
f 401/401 474/474 486/486
f 401/401 486/486 421/421
f 401/401 513/513 426/426
f 402/402 419/419 1753/1753
f 402/402 593/593 419/419
f 403/403 334/334 512/512
f 403/403 348/348 422/422
f 403/403 422/422 366/366
f 403/403 512/512 3749/3749
f 404/404 425/425 1662/1662
f 404/404 478/478 425/425
f 404/404 519/519 438/438
f 404/404 1662/1662 1681/1681
f 404/404 1681/1681 519/519
f 405/405 711/711 645/645
f 406/406 361/361 430/430
f 406/406 369/369 430/430
f 407/407 349/349 521/521
f 407/407 469/469 496/496
f 407/407 477/477 349/349
f 407/407 496/496 504/504
f 408/408 172/172 88/88
f 408/408 340/340 360/360
f 408/408 529/529 340/340
f 409/409 89/89 33/33
f 409/409 119/119 89/89
f 409/409 305/305 442/442
f 410/410 375/375 468/468
f 410/410 468/468 473/473
f 410/410 473/473 428/428
f 411/411 364/364 1650/1650
f 412/412 385/385 91/91
f 412/412 464/464 385/385
f 412/412 483/483 330/330
f 414/414 300/300 435/435
f 414/414 380/380 399/399
f 414/414 399/399 363/363
f 415/415 433/433 313/313
f 416/416 493/493 437/437
f 417/417 74/74 466/466
f 417/417 466/466 125/125
f 419/419 593/593 1753/1753
f 420/420 417/417 473/473
f 421/421 405/405 474/474
f 421/421 479/479 405/405
f 421/421 486/486 474/474
f 422/422 292/292 498/498
f 422/422 585/585 860/860
f 423/423 134/134 351/351
f 423/423 351/351 517/517
f 423/423 400/400 82/82
f 424/424 29/29 445/445
f 425/425 362/362 1662/1662
f 428/428 101/101 356/356
f 428/428 356/356 371/371
f 428/428 371/371 410/410
f 428/428 473/473 417/417
f 429/429 98/98 181/181
f 429/429 378/378 440/440
f 430/430 278/278 323/323
f 430/430 361/361 406/406
f 430/430 369/369 406/406
f 430/430 494/494 447/447
f 431/431 381/381 508/508
f 431/431 487/487 381/381
f 431/431 508/508 527/527
f 431/431 527/527 487/487
f 432/432 283/283 336/336
f 432/432 342/342 457/457
f 432/432 457/457 492/492
f 433/433 415/415 313/313
f 434/434 359/359 368/368
f 434/434 368/368 517/517
f 435/435 300/300 347/347
f 435/435 347/347 380/380
f 435/435 347/347 414/414
f 436/436 376/376 361/361
f 438/438 414/414 363/363
f 438/438 489/489 404/404
f 439/439 447/447 494/494
f 439/439 491/491 447/447
f 439/439 494/494 461/461
f 440/440 378/378 516/516
f 441/441 180/180 387/387
f 441/441 427/427 589/589
f 442/442 119/119 409/409
f 443/443 505/505 469/469
f 443/443 521/521 131/131
f 444/444 82/82 523/523
f 444/444 516/516 531/531
f 444/444 523/523 472/472
f 444/444 531/531 311/311
f 446/446 373/373 113/113
f 447/447 430/430 491/491
f 447/447 491/491 430/430
f 448/448 276/276 465/465
f 448/448 296/296 276/276
f 448/448 395/395 368/368
f 449/449 450/450 501/501
f 450/450 449/449 503/503
f 450/450 3727/3727 3725/3725
f 451/451 305/305 112/112
f 452/452 329/329 377/377
f 452/452 377/377 329/329
f 453/453 370/370 346/346
f 455/455 398/398 418/418
f 456/456 525/525 343/343
f 457/457 487/487 527/527
f 457/457 527/527 492/492
f 458/458 64/64 528/528
f 458/458 305/305 466/466
f 458/458 442/442 305/305
f 460/460 1701/1701 1716/1716
f 461/461 476/476 2/2
f 461/461 494/494 696/696
f 464/464 453/453 346/346
f 465/465 361/361 376/376
f 465/465 524/524 361/361
f 466/466 258/258 458/458
f 466/466 305/305 451/451
f 466/466 451/451 112/112
f 468/468 375/375 746/746
f 468/468 454/454 518/518
f 468/468 666/666 454/454
f 469/469 505/505 496/496
f 469/469 521/521 443/443
f 470/470 379/379 314/314
f 470/470 522/522 402/402
f 471/471 504/504 515/515
f 471/471 515/515 49/49
f 473/473 468/468 518/518
f 474/474 405/405 421/421
f 475/475 457/457 342/342
f 476/476 439/439 461/461
f 476/476 491/491 439/439
f 478/478 404/404 489/489
f 478/478 516/516 308/308
f 479/479 421/421 405/405
f 480/480 337/337 295/295
f 480/480 337/337 343/343
f 481/481 402/402 522/522
f 481/481 593/593 402/402
f 482/482 294/294 804/804
f 483/483 22/22 39/39
f 483/483 396/396 330/330
f 483/483 412/412 91/91
f 483/483 490/490 396/396
f 484/484 5027/5027 5034/5034
f 484/484 5034/5034 5016/5016
f 485/485 5016/5016 484/484
f 486/486 288/288 302/302
f 487/487 293/293 315/315
f 487/487 307/307 293/293
f 487/487 457/457 475/475
f 488/488 312/312 318/318
f 489/489 311/311 478/478
f 490/490 575/575 783/783
f 491/491 205/205 278/278
f 491/491 278/278 430/430
f 491/491 430/430 447/447
f 491/491 439/439 447/447
f 491/491 447/447 439/439
f 492/492 283/283 432/432
f 493/493 416/416 437/437
f 494/494 430/430 509/509
f 494/494 509/509 615/615
f 494/494 615/615 549/549
f 496/496 1701/1701 460/460
f 497/497 427/427 290/290
f 497/497 589/589 427/427
f 498/498 6/6 691/691
f 499/499 414/414 438/438
f 499/499 519/519 1757/1757
f 499/499 1757/1757 1841/1841
f 500/500 319/319 522/522
f 500/500 522/522 321/321
f 501/501 450/450 503/503
f 501/501 503/503 449/449
f 502/502 518/518 454/454
f 502/502 604/604 413/413
f 504/504 460/460 515/515
f 504/504 496/496 460/460
f 505/505 1653/1653 1667/1667
f 505/505 1667/1667 496/496
f 506/506 54/54 118/118
f 508/508 233/233 36/36
f 509/509 430/430 406/406
f 511/511 55/55 127/127
f 511/511 127/127 453/453
f 511/511 453/453 464/464
f 511/511 464/464 532/532
f 511/511 532/532 55/55
f 512/512 3753/3753 334/334
f 513/513 401/401 426/426
f 514/514 432/432 336/336
f 514/514 500/500 321/321
f 515/515 1659/1659 49/49
f 516/516 310/310 308/308
f 516/516 444/444 472/472
f 516/516 472/472 523/523
f 516/516 523/523 440/440
f 517/517 94/94 76/76
f 517/517 159/159 94/94
f 517/517 400/400 423/423
f 518/518 86/86 473/473
f 518/518 502/502 27/27
f 519/519 499/499 438/438
f 519/519 1698/1698 1757/1757
f 520/520 403/403 3749/3749
f 520/520 3749/3749 3978/3978
f 521/521 38/38 131/131
f 521/521 469/469 407/407
f 522/522 314/314 321/321
f 522/522 336/336 319/319
f 522/522 470/470 314/314
f 524/524 465/465 276/276
f 524/524 509/509 406/406
f 525/525 63/63 218/218
f 525/525 113/113 63/63
f 525/525 446/446 113/113
f 525/525 456/456 347/347
f 527/527 36/36 62/62
f 527/527 283/283 492/492
f 527/527 508/508 36/36
f 528/528 591/591 31/31
f 529/529 317/317 304/304
f 529/529 408/408 3739/3739
f 530/530 3727/3727 450/450
f 532/532 39/39 55/55
f 532/532 330/330 396/396
f 532/532 464/464 412/412
f 532/532 796/796 547/547
f 533/533 329/329 452/452
f 533/533 329/329 507/507
f 533/533 452/452 329/329
f 534/534 6/6 109/109
f 535/535 567/567 835/835
f 535/535 817/817 873/873
f 536/536 865/865 599/599
f 536/536 1044/1044 1067/1067
f 538/538 812/812 700/700
f 538/538 1100/1100 570/570
f 540/540 562/562 682/682
f 540/540 649/649 661/661
f 540/540 649/649 765/765
f 540/540 697/697 682/682
f 541/541 698/698 555/555
f 542/542 713/713 604/604
f 542/542 855/855 564/564
f 542/542 878/878 855/855
f 543/543 655/655 638/638
f 544/544 622/622 698/698
f 544/544 842/842 815/815
f 545/545 647/647 1077/1077
f 545/545 1077/1077 1135/1135
f 545/545 1102/1102 647/647
f 545/545 1135/1135 1102/1102
f 546/546 700/700 753/753
f 546/546 753/753 794/794
f 546/546 1141/1141 1051/1051
f 547/547 483/483 532/532
f 547/547 490/490 483/483
f 547/547 575/575 490/490
f 547/547 627/627 575/575
f 548/548 1012/1012 1097/1097
f 550/550 592/592 644/644
f 550/550 644/644 894/894
f 550/550 894/894 802/802
f 551/551 561/561 662/662
f 552/552 578/578 1093/1093
f 552/552 1093/1093 1049/1049
f 553/553 620/620 1607/1607
f 553/553 704/704 620/620
f 554/554 1094/1094 1039/1039
f 555/555 622/622 602/602
f 555/555 677/677 541/541
f 556/556 648/648 722/722
f 556/556 710/710 586/586
f 557/557 659/659 1060/1060
f 558/558 624/624 688/688
f 558/558 674/674 1031/1031
f 558/558 1031/1031 1117/1117
f 558/558 1117/1117 624/624
f 558/558 3687/3687 674/674
f 559/559 631/631 723/723
f 560/560 952/952 782/782
f 561/561 551/551 637/637
f 561/561 872/872 771/771
f 562/562 540/540 661/661
f 564/564 668/668 542/542
f 565/565 123/123 441/441
f 565/565 589/589 692/692
f 566/566 544/544 815/815
f 566/566 727/727 660/660
f 567/567 535/535 665/665
f 567/567 665/665 535/535
f 568/568 535/535 835/835
f 568/568 618/618 817/817
f 568/568 817/817 535/535
f 568/568 835/835 816/816
f 568/568 1053/1053 3369/3369
f 568/568 3369/3369 3646/3646
f 568/568 3609/3609 618/618
f 569/569 639/639 764/764
f 569/569 764/764 833/833
f 569/569 833/833 1120/1120
f 570/570 643/643 663/663
f 570/570 643/643 1026/1026
f 570/570 663/663 538/538
f 570/570 1026/1026 643/643
f 570/570 1100/1100 643/643
f 571/571 593/593 594/594
f 571/571 673/673 593/593
f 572/572 653/653 553/553
f 572/572 1592/1592 1501/1501
f 573/573 610/610 689/689
f 574/574 1064/1064 1111/1111
f 574/574 3360/3360 3673/3673
f 574/574 3673/3673 3712/3712
f 575/575 1070/1070 783/783
f 576/576 830/830 857/857
f 576/576 857/857 856/856
f 578/578 552/552 1093/1093
f 580/580 554/554 1094/1094
f 580/580 1094/1094 867/867
f 581/581 722/722 648/648
f 582/582 649/649 1036/1036
f 582/582 884/884 649/649
f 582/582 1036/1036 1139/1139
f 582/582 1139/1139 884/884
f 583/583 616/616 893/893
f 583/583 862/862 844/844
f 585/585 422/422 691/691
f 585/585 691/691 614/614
f 586/586 611/611 1144/1144
f 586/586 710/710 685/685
f 587/587 745/745 868/868
f 587/587 868/868 745/745
f 588/588 674/674 606/606
f 588/588 706/706 674/674
f 588/588 3617/3617 606/606
f 588/588 3617/3617 719/719
f 589/589 565/565 441/441
f 590/590 509/509 524/524
f 590/590 524/524 276/276
f 592/592 676/676 644/644
f 592/592 749/749 676/676
f 594/594 593/593 669/669
f 594/594 673/673 571/571
f 595/595 624/624 694/694
f 595/595 688/688 624/624
f 595/595 694/694 684/684
f 596/596 1141/1141 546/546
f 596/596 1597/1597 753/753
f 597/597 562/562 661/661
f 597/597 661/661 574/574
f 598/598 636/636 720/720
f 598/598 712/712 3665/3665
f 598/598 3584/3584 852/852
f 598/598 3622/3622 3584/3584
f 600/600 555/555 677/677
f 602/602 622/622 698/698
f 602/602 677/677 555/555
f 603/603 681/681 1111/1111
f 603/603 1111/1111 665/665
f 604/604 454/454 666/666
f 604/604 502/502 454/454
f 604/604 713/713 413/413
f 604/604 878/878 542/542
f 607/607 580/580 823/823
f 607/607 617/617 807/807
f 607/607 823/823 617/617
f 608/608 843/843 764/764
f 608/608 872/872 3523/3523
f 609/609 646/646 716/716
f 609/609 678/678 539/539
f 609/609 733/733 801/801
f 609/609 801/801 678/678
f 610/610 573/573 822/822
f 611/611 586/586 685/685
f 612/612 684/684 805/805
f 612/612 805/805 917/917
f 613/613 683/683 704/704
f 613/613 757/757 683/683
f 614/614 657/657 825/825
f 614/614 691/691 657/657
f 615/615 509/509 590/590
f 615/615 590/590 730/730
f 616/616 687/687 785/785
f 616/616 844/844 827/827
f 617/617 914/914 909/909
f 618/618 568/568 3646/3646
f 618/618 3609/3609 568/568
f 619/619 649/649 540/540
f 621/621 864/864 653/653
f 622/622 555/555 698/698
f 622/622 698/698 641/641
f 622/622 758/758 770/770
f 623/623 1118/1118 1570/1570
f 623/623 1487/1487 1570/1570
f 624/624 1117/1117 1016/1016
f 625/625 883/883 1092/1092
f 626/626 741/741 656/656
f 627/627 547/547 670/670
f 627/627 670/670 883/883
f 627/627 1070/1070 575/575
f 628/628 653/653 759/759
f 628/628 784/784 704/704
f 629/629 565/565 692/692
f 629/629 792/792 776/776
f 630/630 621/621 702/702
f 630/630 702/702 1550/1550
f 630/630 859/859 1620/1620
f 632/632 579/579 605/605
f 632/632 579/579 689/689
f 632/632 605/605 579/579
f 632/632 610/610 573/573
f 633/633 558/558 688/688
f 633/633 3710/3710 688/688
f 634/634 577/577 793/793
f 634/634 577/577 1017/1017
f 634/634 876/876 577/577
f 636/636 598/598 852/852
f 637/637 551/551 1120/1120
f 637/637 588/588 561/561
f 637/637 706/706 588/588
f 638/638 482/482 804/804
f 638/638 655/655 543/543
f 639/639 662/662 764/764
f 640/640 463/463 713/713
f 640/640 542/542 668/668
f 641/641 544/544 660/660
f 641/641 698/698 544/544
f 642/642 608/608 3678/3678
f 642/642 1028/1028 709/709
f 642/642 3678/3678 3631/3631
f 643/643 1100/1100 1026/1026
f 644/644 676/676 894/894
f 645/645 711/711 405/405
f 646/646 539/539 609/609
f 646/646 609/609 539/539
f 646/646 609/609 716/716
f 647/647 654/654 750/750
f 647/647 1015/1015 654/654
f 648/648 556/556 581/581
f 649/649 540/540 765/765
f 649/649 765/765 540/540
f 649/649 765/765 661/661
f 649/649 1119/1119 1036/1036
f 650/650 1400/1400 1620/1620
f 650/650 1620/1620 859/859
f 652/652 609/609 539/539
f 652/652 678/678 733/733
f 652/652 733/733 609/609
f 653/653 572/572 702/702
f 653/653 628/628 553/553
f 653/653 702/702 621/621
f 653/653 739/739 759/759
f 654/654 1015/1015 750/750
f 656/656 726/726 626/626
f 657/657 565/565 629/629
f 657/657 629/629 776/776
f 657/657 691/691 534/534
f 657/657 776/776 825/825
f 658/658 587/587 868/868
f 660/660 544/544 566/566
f 660/660 703/703 1063/1063
f 660/660 727/727 703/703
f 660/660 758/758 641/641
f 660/660 1014/1014 727/727
f 661/661 686/686 574/574
f 661/661 765/765 732/732
f 662/662 561/561 872/872
f 662/662 569/569 551/551
f 662/662 608/608 764/764
f 662/662 639/639 569/569
f 662/662 764/764 872/872
f 662/662 872/872 608/608
f 663/663 643/643 1026/1026
f 663/663 1026/1026 596/596
f 665/665 567/567 535/535
f 665/665 681/681 603/603
f 665/665 816/816 567/567
f 665/665 1011/1011 734/734
f 670/670 547/547 796/796
f 670/670 796/796 882/882
f 670/670 883/883 627/627
f 671/671 761/761 1502/1502
f 671/671 1502/1502 761/761
f 671/671 1502/1502 1492/1492
f 672/672 2516/2516 2647/2647
f 672/672 2643/2643 2516/2516
f 672/672 2647/2647 2643/2643
f 672/672 3319/3319 3293/3293
f 673/673 1547/1547 1609/1609
f 673/673 1609/1609 1497/1497
f 674/674 1023/1023 1031/1031
f 674/674 3617/3617 606/606
f 675/675 837/837 577/577
f 676/676 820/820 836/836
f 676/676 836/836 820/820
f 676/676 1092/1092 1107/1107
f 677/677 602/602 698/698
f 677/677 664/664 600/600
f 677/677 698/698 541/541
f 677/677 737/737 789/789
f 677/677 789/789 737/737
f 678/678 652/652 539/539
f 678/678 801/801 733/733
f 679/679 1487/1487 695/695
f 679/679 1506/1506 1487/1487
f 680/680 116/116 461/461
f 680/680 461/461 696/696
f 681/681 665/665 535/535
f 681/681 699/699 3638/3638
f 681/681 3652/3652 3396/3396
f 682/682 562/562 597/597
f 682/682 597/597 3712/3712
f 682/682 3712/3712 697/697
f 683/683 601/601 704/704
f 683/683 757/757 841/841
f 684/684 1016/1016 805/805
f 685/685 768/768 1453/1453
f 685/685 1453/1453 1511/1511
f 686/686 661/661 732/732
f 686/686 705/705 1064/1064
f 686/686 732/732 661/661
f 686/686 798/798 705/705
f 686/686 1064/1064 574/574
f 687/687 497/497 785/785
f 687/687 589/589 497/497
f 687/687 616/616 589/589
f 688/688 595/595 708/708
f 688/688 3683/3683 633/633
f 689/689 579/579 632/632
f 689/689 610/610 632/632
f 689/689 632/632 573/573
f 690/690 578/578 1079/1079
f 691/691 422/422 498/498
f 692/692 589/589 616/616
f 692/692 616/616 717/717
f 692/692 792/792 629/629
f 693/693 552/552 1049/1049
f 693/693 1049/1049 552/552
f 694/694 624/624 1016/1016
f 694/694 1016/1016 684/684
f 695/695 623/623 1487/1487
f 695/695 1425/1425 679/679
f 695/695 1487/1487 623/623
f 695/695 1487/1487 1425/1425
f 696/696 494/494 549/549
f 696/696 549/549 800/800
f 696/696 809/809 849/849
f 697/697 540/540 682/682
f 697/697 619/619 540/540
f 697/697 3635/3635 619/619
f 698/698 622/622 544/544
f 698/698 622/622 770/770
f 699/699 535/535 873/873
f 699/699 681/681 535/535
f 699/699 795/795 752/752
f 699/699 795/795 3638/3638
f 700/700 546/546 667/667
f 700/700 667/667 749/749
f 700/700 802/802 538/538
f 701/701 585/585 614/614
f 701/701 614/614 720/720
f 701/701 860/860 585/585
f 703/703 90/90 1063/1063
f 703/703 145/145 90/90
f 704/704 553/553 628/628
f 704/704 601/601 620/620
f 704/704 869/869 613/613
f 705/705 798/798 1011/1011
f 706/706 637/637 1073/1073
f 706/706 1023/1023 674/674
f 706/706 1073/1073 1023/1023
f 707/707 584/584 1092/1092
f 708/708 595/595 684/684
f 708/708 1085/1085 1027/1027
f 709/709 608/608 642/642
f 709/709 907/907 826/826
f 710/710 768/768 685/685
f 711/711 405/405 645/645
f 713/713 463/463 413/413
f 713/713 542/542 640/640
f 714/714 482/482 638/638
f 717/717 616/616 844/844
f 717/717 792/792 692/692
f 717/717 838/838 792/792
f 718/718 468/468 746/746
f 718/718 604/604 666/666
f 718/718 666/666 468/468
f 719/719 748/748 588/588
f 719/719 3617/3617 3559/3559
f 720/720 636/636 701/701
f 720/720 840/840 598/598
f 721/721 808/808 839/839
f 722/722 581/581 786/786
f 722/722 710/710 556/556
f 722/722 810/810 791/791
f 723/723 631/631 1065/1065
f 723/723 844/844 559/559
f 723/723 1065/1065 1002/1002
f 724/724 793/793 1017/1017
f 724/724 843/843 949/949
f 724/724 1017/1017 947/947
f 725/725 831/831 759/759
f 725/725 948/948 788/788
f 726/726 741/741 626/626
f 727/727 774/774 703/703
f 728/728 967/967 885/885
f 729/729 647/647 750/750
f 729/729 750/750 877/877
f 729/729 1006/1006 647/647
f 730/730 590/590 751/751
f 731/731 760/760 1007/1007
f 732/732 686/686 661/661
f 732/732 798/798 686/686
f 732/732 838/838 798/798
f 732/732 863/863 941/941
f 732/732 941/941 838/838
f 735/735 855/855 813/813
f 736/736 860/860 852/852
f 736/736 3554/3554 334/334
f 738/738 905/905 762/762
f 739/739 780/780 814/814
f 740/740 625/625 1092/1092
f 740/740 627/627 883/883
f 740/740 883/883 625/625
f 740/740 1008/1008 1070/1070
f 740/740 1070/1070 627/627
f 741/741 656/656 4966/4966
f 741/741 726/726 656/656
f 741/741 4966/4966 656/656
f 742/742 711/711 808/808
f 742/742 808/808 711/711
f 743/743 778/778 1381/1381
f 744/744 780/780 946/946
f 744/744 814/814 780/780
f 744/744 962/962 725/725
f 746/746 375/375 371/371
f 746/746 854/854 718/718
f 747/747 766/766 819/819
f 748/748 561/561 588/588
f 748/748 719/719 3564/3564
f 748/748 872/872 561/561
f 748/748 3564/3564 3572/3572
f 749/749 592/592 802/802
f 749/749 667/667 988/988
f 749/749 988/988 955/955
f 751/751 590/590 837/837
f 751/751 837/837 675/675
f 751/751 847/847 730/730
f 751/751 876/876 793/793
f 752/752 870/870 3559/3559
f 753/753 538/538 875/875
f 753/753 663/663 596/596
f 753/753 812/812 538/538
f 753/753 875/875 663/663
f 754/754 785/785 317/317
f 755/755 870/870 752/752
f 755/755 873/873 3541/3541
f 755/755 3541/3541 870/870
f 756/756 664/664 677/677
f 756/756 677/677 874/874
f 756/756 779/779 664/664
f 757/757 564/564 855/855
f 757/757 855/855 735/735
f 758/758 622/622 641/641
f 758/758 660/660 727/727
f 759/759 739/739 814/814
f 759/759 814/814 725/725
f 760/760 787/787 992/992
f 763/763 717/717 844/844
f 763/763 723/723 834/834
f 763/763 834/834 717/717
f 763/763 844/844 723/723
f 764/764 843/843 724/724
f 765/765 649/649 540/540
f 767/767 546/546 794/794
f 767/767 1465/1465 546/546
f 769/769 668/668 869/869
f 769/769 788/788 983/983
f 769/769 869/869 788/788
f 769/769 1038/1038 668/668
f 770/770 758/758 842/842
f 770/770 842/842 698/698
f 772/772 1072/1072 1000/1000
f 773/773 979/979 563/563
f 774/774 145/145 703/703
f 774/774 727/727 960/960
f 774/774 1009/1009 215/215
f 775/775 846/846 856/856
f 777/777 680/680 849/849
f 778/778 878/878 824/824
f 778/778 1454/1454 1381/1381
f 779/779 790/790 664/664
f 779/779 850/850 790/790
f 779/779 874/874 850/850
f 780/780 739/739 864/864
f 783/783 899/899 883/883
f 783/783 1070/1070 899/899
f 784/784 628/628 759/759
f 784/784 759/759 831/831
f 784/784 831/831 892/892
f 784/784 892/892 704/704
f 785/785 304/304 317/317
f 785/785 754/754 3542/3542
f 786/786 871/871 890/890
f 786/786 890/890 806/806
f 786/786 1382/1382 810/810
f 787/787 821/821 793/793
f 787/787 975/975 992/992
f 788/788 831/831 725/725
f 788/788 1004/1004 725/725
f 790/790 600/600 664/664
f 790/790 617/617 600/600
f 791/791 710/710 722/722
f 791/791 768/768 710/710
f 791/791 866/866 768/768
f 792/792 838/838 863/863
f 792/792 887/887 776/776
f 793/793 577/577 634/634
f 793/793 876/876 634/634
f 793/793 949/949 787/787
f 794/794 1477/1477 767/767
f 795/795 699/699 752/752
f 795/795 699/699 873/873
f 795/795 873/873 752/752
f 795/795 3566/3566 3587/3587
f 796/796 396/396 783/783
f 796/796 783/783 882/882
f 797/797 636/636 852/852
f 797/797 701/701 636/636
f 799/799 333/333 352/352
f 799/799 811/811 296/296
f 799/799 837/837 811/811
f 799/799 1012/1012 548/548
f 800/800 549/549 615/615
f 801/801 733/733 895/895
f 801/801 4942/4942 4961/4961
f 801/801 4942/4942 4973/4973
f 801/801 4961/4961 4942/4942
f 801/801 4973/4973 733/733
f 802/802 592/592 550/550
f 802/802 700/700 749/749
f 802/802 932/932 988/988
f 802/802 1100/1100 538/538
f 803/803 840/840 887/887
f 804/804 482/482 714/714
f 804/804 714/714 638/638
f 805/805 773/773 881/881
f 807/807 617/617 790/790
f 807/807 617/617 909/909
f 807/807 790/790 850/850
f 807/807 850/850 909/909
f 807/807 909/909 607/607
f 809/809 615/615 730/730
f 809/809 696/696 800/800
f 809/809 730/730 760/760
f 809/809 760/760 849/849
f 809/809 800/800 615/615
f 810/810 722/722 786/786
f 811/811 837/837 296/296
f 812/812 753/753 700/700
f 813/813 743/743 1428/1428
f 814/814 744/744 725/725
f 815/815 727/727 566/566
f 815/815 758/758 842/842
f 815/815 842/842 727/727
f 816/816 537/537 568/568
f 816/816 665/665 734/734
f 816/816 1002/1002 537/537
f 818/818 762/762 848/848
f 819/819 766/766 747/747
f 820/820 707/707 676/676
f 821/821 751/751 793/793
f 821/821 787/787 847/847
f 821/821 847/847 751/751
f 822/822 536/536 1067/1067
f 822/822 1067/1067 599/599
f 823/823 580/580 867/867
f 823/823 607/607 867/867
f 823/823 617/617 914/914
f 823/823 867/867 607/607
f 823/823 867/867 914/914
f 824/824 718/718 854/854
f 824/824 878/878 718/718
f 824/824 1454/1454 778/778
f 825/825 720/720 614/614
f 825/825 776/776 887/887
f 828/828 679/679 1425/1425
f 829/829 564/564 757/757
f 829/829 613/613 869/869
f 829/829 757/757 613/613
f 829/829 869/869 564/564
f 830/830 576/576 857/857
f 832/832 895/895 733/733
f 833/833 724/724 947/947
f 833/833 764/764 724/724
f 834/834 723/723 1002/1002
f 834/834 734/734 1011/1011
f 834/834 838/838 717/717
f 834/834 1002/1002 734/734
f 835/835 567/567 816/816
f 836/836 676/676 749/749
f 836/836 820/820 676/676
f 836/836 894/894 989/989
f 836/836 898/898 932/932
f 836/836 932/932 894/894
f 837/837 548/548 577/577
f 837/837 590/590 276/276
f 837/837 799/799 548/548
f 838/838 834/834 978/978
f 838/838 978/978 798/798
f 839/839 808/808 721/721
f 840/840 712/712 598/598
f 840/840 720/720 887/887
f 840/840 1052/1052 712/712
f 841/841 601/601 683/683
f 841/841 735/735 813/813
f 841/841 757/757 735/735
f 841/841 813/813 1407/1407
f 841/841 1407/1407 1576/1576
f 841/841 1576/1576 601/601
f 842/842 544/544 698/698
f 842/842 698/698 758/758
f 842/842 758/758 698/698
f 842/842 758/758 727/727
f 842/842 758/758 770/770
f 842/842 758/758 815/815
f 842/842 770/770 758/758
f 843/843 608/608 709/709
f 843/843 709/709 826/826
f 843/843 826/826 907/907
f 844/844 616/616 583/583
f 844/844 616/616 827/827
f 847/847 760/760 730/730
f 847/847 787/787 760/760
f 848/848 864/864 621/621
f 849/849 680/680 696/696
f 849/849 731/731 889/889
f 849/849 760/760 731/731
f 850/850 555/555 600/600
f 850/850 600/600 617/617
f 850/850 617/617 807/807
f 850/850 807/807 909/909
f 850/850 874/874 555/555
f 853/853 750/750 772/772
f 854/854 879/879 1404/1404
f 855/855 743/743 813/813
f 855/855 778/778 743/743
f 855/855 878/878 778/778
f 856/856 846/846 775/775
f 857/857 576/576 856/856
f 858/858 679/679 828/828
f 858/858 1412/1412 679/679
f 859/859 1400/1400 650/650
f 860/860 701/701 797/797
f 860/860 736/736 366/366
f 860/860 797/797 852/852
f 861/861 845/845 924/924
f 861/861 911/911 845/845
f 861/861 911/911 886/886
f 862/862 559/559 844/844
f 862/862 893/893 3565/3565
f 862/862 3565/3565 3641/3641
f 862/862 3641/3641 559/559
f 863/863 954/954 887/887
f 864/864 739/739 653/653
f 864/864 762/762 780/780
f 864/864 848/848 762/762
f 865/865 536/536 822/822
f 865/865 573/573 610/610
f 865/865 610/610 822/822
f 865/865 822/822 573/573
f 865/865 822/822 599/599
f 866/866 791/791 810/810
f 866/866 810/810 888/888
f 866/866 859/859 1396/1396
f 867/867 1094/1094 938/938
f 868/868 587/587 658/658
f 869/869 668/668 564/564
f 869/869 892/892 788/788
f 870/870 3541/3541 3572/3572
f 871/871 786/786 581/581
f 872/872 561/561 771/771
f 872/872 748/748 851/851
f 872/872 764/764 662/662
f 872/872 851/851 3523/3523
f 873/873 755/755 752/752
f 873/873 817/817 618/618
f 873/873 3571/3571 3541/3541
f 873/873 3609/3609 3571/3571
f 874/874 677/677 555/555
f 874/874 779/779 756/756
f 875/875 538/538 663/663
f 876/876 675/675 577/577
f 876/876 751/751 675/675
f 878/878 604/604 718/718
f 879/879 746/746 371/371
f 879/879 854/854 746/746
f 879/879 1390/1390 1404/1404
f 880/880 781/781 4948/4948
f 880/880 4948/4948 781/781
f 881/881 917/917 805/805
f 882/882 783/783 883/883
f 882/882 883/883 670/670
f 883/883 670/670 627/627
f 884/884 765/765 649/649
f 884/884 928/928 954/954
f 884/884 954/954 765/765
f 886/886 773/773 805/805
f 886/886 861/861 924/924
f 886/886 911/911 861/861
f 886/886 924/924 773/773
f 887/887 720/720 825/825
f 887/887 792/792 863/863
f 887/887 928/928 803/803
f 888/888 810/810 1382/1382
f 888/888 1382/1382 1400/1400
f 888/888 1400/1400 866/866
f 889/889 777/777 849/849
f 889/889 911/911 977/977
f 890/890 871/871 581/581
f 891/891 780/780 762/762
f 891/891 946/946 780/780
f 892/892 831/831 788/788
f 892/892 869/869 704/704
f 893/893 616/616 785/785
f 893/893 785/785 3565/3565
f 893/893 862/862 583/583
f 894/894 836/836 989/989
f 894/894 932/932 802/802
f 894/894 989/989 836/836
f 895/895 832/832 4942/4942
f 895/895 4942/4942 801/801
f 897/897 972/972 958/958
f 897/897 1005/1005 935/935
f 899/899 1070/1070 1107/1107
f 899/899 1092/1092 883/883
f 900/900 3483/3483 3487/3487
f 901/901 646/646 896/896
f 901/901 846/846 896/896
f 901/901 896/896 646/646
f 901/901 896/896 846/846
f 901/901 896/896 1074/1074
f 901/901 1074/1074 896/896
f 902/902 915/915 999/999
f 902/902 987/987 915/915
f 902/902 3493/3493 987/987
f 903/903 889/889 1007/1007
f 903/903 998/998 924/924
f 903/903 1007/1007 931/931
f 904/904 240/240 1105/1105
f 905/905 891/891 762/762
f 906/906 228/228 162/162
f 906/906 1136/1136 1076/1076
f 906/906 1143/1143 228/228
f 907/907 826/826 843/843
f 907/907 843/843 826/826
f 910/910 921/921 950/950
f 911/911 805/805 966/966
f 911/911 845/845 861/861
f 911/911 861/861 845/845
f 911/911 886/886 805/805
f 911/911 889/889 845/845
f 911/911 966/966 977/977
f 913/913 968/968 3436/3436
f 913/913 3464/3464 3367/3367
f 914/914 617/617 823/823
f 914/914 961/961 1115/1115
f 914/914 1021/1021 1056/1056
f 914/914 1094/1094 1115/1115
f 914/914 1115/1115 909/909
f 915/915 1089/1089 999/999
f 917/917 773/773 965/965
f 917/917 881/881 773/773
f 917/917 1061/1061 1001/1001
f 917/917 1085/1085 612/612
f 919/919 933/933 1133/1133
f 919/919 982/982 933/933
f 919/919 997/997 982/982
f 920/920 993/993 1261/1261
f 921/921 250/250 995/995
f 921/921 1327/1327 1979/1979
f 922/922 927/927 994/994
f 924/924 845/845 889/889
f 924/924 889/889 903/903
f 925/925 985/985 262/262
f 927/927 11/11 268/268
f 927/927 922/922 1046/1046
f 927/927 1046/1046 11/11
f 928/928 884/884 1139/1139
f 928/928 887/887 954/954
f 929/929 971/971 1039/1039
f 930/930 1013/1013 1122/1122
f 930/930 1016/1016 1062/1062
f 930/930 1062/1062 1132/1132
f 931/931 943/943 1028/1028
f 933/933 1032/1032 1133/1133
f 934/934 236/236 262/262
f 934/934 262/262 53/53
f 934/934 925/925 236/236
f 934/934 985/985 925/925
f 935/935 252/252 897/897
f 936/936 921/921 995/995
f 936/936 995/995 250/250
f 936/936 1314/1314 921/921
f 937/937 1012/1012 242/242
f 937/937 1143/1143 926/926
f 938/938 914/914 867/867
f 938/938 1115/1115 914/914
f 939/939 12/12 201/201
f 939/939 1009/1009 1063/1063
f 940/940 201/201 981/981
f 940/940 1009/1009 201/201
f 941/941 863/863 838/838
f 942/942 240/240 904/904
f 942/942 994/994 927/927
f 943/943 907/907 1028/1028
f 943/943 975/975 907/907
f 944/944 958/958 1029/1029
f 946/946 891/891 905/905
f 946/946 962/962 744/744
f 946/946 1127/1127 962/962
f 947/947 1087/1087 1037/1037
f 947/947 1120/1120 833/833
f 948/948 725/725 962/962
f 948/948 1095/1095 1004/1004
f 949/949 793/793 724/724
f 949/949 843/843 907/907
f 949/949 975/975 787/787
f 950/950 921/921 910/910
f 950/950 1059/1059 1131/1131
f 950/950 1080/1080 995/995
f 950/950 1080/1080 1131/1131
f 950/950 1131/1131 1128/1128
f 951/951 942/942 904/904
f 951/951 994/994 942/942
f 951/951 1105/1105 1033/1033
f 952/952 560/560 782/782
f 954/954 732/732 765/765
f 954/954 863/863 732/732
f 955/955 836/836 749/749
f 955/955 898/898 836/836
f 955/955 988/988 898/898
f 956/956 906/906 162/162
f 957/957 916/916 905/905
f 958/958 972/972 1043/1043
f 958/958 1029/1029 908/908
f 958/958 1086/1086 1005/1005
f 960/960 660/660 1063/1063
f 960/960 727/727 1014/1014
f 960/960 1063/1063 1009/1009
f 961/961 1056/1056 914/914
f 961/961 1094/1094 1115/1115
f 963/963 147/147 167/167
f 963/963 167/167 912/912
f 963/963 912/912 897/897
f 964/964 1019/1019 1020/1020
f 964/964 1020/1020 951/951
f 965/965 1061/1061 917/917
f 966/966 805/805 1016/1016
f 966/966 930/930 977/977
f 967/967 728/728 885/885
f 968/968 913/913 923/923
f 968/968 990/990 3473/3473
f 969/969 903/903 931/931
f 969/969 931/931 1042/1042
f 969/969 1042/1042 1123/1123
f 969/969 1083/1083 1123/1123
f 970/970 144/144 985/985
f 970/970 956/956 1136/1136
f 970/970 1124/1124 1136/1136
f 970/970 1136/1136 956/956
f 971/971 950/950 1128/1128
f 972/972 897/897 1048/1048
f 973/973 135/135 935/935
f 974/974 918/918 959/959
f 974/974 959/959 918/918
f 975/975 943/943 992/992
f 975/975 949/949 907/907
f 976/976 772/772 1000/1000
f 976/976 1054/1054 908/908
f 977/977 680/680 777/777
f 977/977 777/777 889/889
f 977/977 1050/1050 680/680
f 977/977 1050/1050 1099/1099
f 979/979 773/773 998/998
f 979/979 1083/1083 1101/1101
f 980/980 803/803 928/928
f 980/980 840/840 803/803
f 981/981 222/222 164/164
f 983/983 107/107 1038/1038
f 983/983 1095/1095 37/37
f 984/984 1043/1043 972/972
f 985/985 144/144 192/192
f 985/985 192/192 262/262
f 986/986 1182/1182 1103/1103
f 988/988 932/932 898/898
f 988/988 1051/1051 1100/1100
f 989/989 820/820 836/836
f 989/989 894/894 676/676
f 989/989 1070/1070 1008/1008
f 990/990 923/923 1034/1034
f 990/990 968/968 923/923
f 990/990 1034/1034 1109/1109
f 990/990 1069/1069 3473/3473
f 991/991 1006/1006 997/997
f 992/992 943/943 931/931
f 994/994 945/945 922/922
f 994/994 951/951 1020/1020
f 994/994 1020/1020 1137/1137
f 994/994 1137/1137 945/945
f 995/995 921/921 250/250
f 995/995 921/921 950/950
f 995/995 950/950 921/921
f 995/995 1131/1131 950/950
f 996/996 1041/1041 1082/1082
f 997/997 919/919 991/991
f 998/998 773/773 924/924
f 998/998 903/903 969/969
f 998/998 969/969 1083/1083
f 999/999 1052/1052 1071/1071
f 999/999 1071/1071 902/902
f 1000/1000 1072/1072 1054/1054
f 1001/1001 990/990 1085/1085
f 1001/1001 1061/1061 1069/1069
f 1001/1001 1085/1085 917/917
f 1002/1002 816/816 734/734
f 1002/1002 1065/1065 537/537
f 1003/1003 908/908 944/944
f 1004/1004 788/788 725/725
f 1004/1004 788/788 948/948
f 1004/1004 983/983 788/788
f 1005/1005 897/897 958/958
f 1005/1005 908/908 1054/1054
f 1005/1005 973/973 935/935
f 1005/1005 1086/1086 908/908
f 1005/1005 1130/1130 973/973
f 1007/1007 760/760 992/992
f 1007/1007 889/889 731/731
f 1007/1007 992/992 931/931
f 1008/1008 707/707 820/820
f 1008/1008 820/820 989/989
f 1008/1008 1092/1092 707/707
f 1009/1009 774/774 960/960
f 1010/1010 1084/1084 1030/1030
f 1011/1011 665/665 1064/1064
f 1011/1011 798/798 978/978
f 1011/1011 978/978 834/834
f 1012/1012 352/352 132/132
f 1013/1013 934/934 1122/1122
f 1013/1013 985/985 934/934
f 1014/1014 660/660 960/960
f 1015/1015 772/772 750/750
f 1015/1015 1102/1102 1088/1088
f 1016/1016 930/930 966/966
f 1016/1016 1117/1117 1062/1062
f 1017/1017 577/577 1110/1110
f 1017/1017 793/793 634/634
f 1017/1017 1087/1087 947/947
f 1017/1017 1110/1110 1037/1037
f 1018/1018 635/635 83/83
f 1019/1019 1032/1032 1020/1020
f 1019/1019 1033/1033 1096/1096
f 1019/1019 1133/1133 1032/1032
f 1022/1022 946/946 905/905
f 1024/1024 1139/1139 1119/1119
f 1025/1025 1094/1094 1039/1039
f 1026/1026 643/643 663/663
f 1026/1026 663/663 643/643
f 1027/1027 1085/1085 1034/1034
f 1028/1028 907/907 709/709
f 1029/1029 944/944 908/908
f 1029/1029 958/958 944/944
f 1031/1031 1062/1062 1117/1117
f 1033/1033 964/964 951/951
f 1033/1033 1019/1019 964/964
f 1034/1034 923/923 913/913
f 1034/1034 1085/1085 1109/1109
f 1035/1035 681/681 3396/3396
f 1035/1035 1111/1111 681/681
f 1037/1037 926/926 906/906
f 1037/1037 937/937 926/926
f 1037/1037 1097/1097 937/937
f 1038/1038 130/130 640/640
f 1038/1038 640/640 668/668
f 1038/1038 769/769 983/983
f 1039/1039 1094/1094 1112/1112
f 1039/1039 1112/1112 554/554
f 1039/1039 1112/1112 929/929
f 1040/1040 977/977 930/930
f 1040/1040 1099/1099 977/977
f 1040/1040 1122/1122 1099/1099
f 1042/1042 642/642 3400/3400
f 1042/1042 931/931 1028/1028
f 1042/1042 1028/1028 642/642
f 1043/1043 1029/1029 958/958
f 1044/1044 536/536 599/599
f 1045/1045 1057/1057 117/117
f 1047/1047 584/584 1092/1092
f 1047/1047 1092/1092 584/584
f 1048/1048 897/897 912/912
f 1048/1048 984/984 972/972
f 1048/1048 1126/1126 1068/1068
f 1049/1049 552/552 693/693
f 1049/1049 693/693 552/552
f 1049/1049 1093/1093 552/552
f 1049/1049 1193/1193 1257/1257
f 1050/1050 116/116 680/680
f 1051/1051 667/667 1141/1141
f 1051/1051 988/988 667/667
f 1051/1051 1026/1026 1100/1100
f 1051/1051 1141/1141 546/546
f 1051/1051 1141/1141 1026/1026
f 1052/1052 840/840 980/980
f 1052/1052 980/980 1071/1071
f 1053/1053 568/568 1065/1065
f 1053/1053 1065/1065 568/568
f 1053/1053 3369/3369 568/568
f 1054/1054 976/976 1000/1000
f 1054/1054 1072/1072 1130/1130
f 1055/1055 1076/1076 1136/1136
f 1055/1055 1120/1120 1076/1076
f 1056/1056 961/961 914/914
f 1056/1056 1021/1021 914/914
f 1057/1057 1126/1126 1075/1075
f 1058/1058 991/991 919/919
f 1058/1058 1006/1006 991/991
f 1058/1058 1114/1114 1135/1135
f 1058/1058 1135/1135 1077/1077
f 1059/1059 929/929 1112/1112
f 1059/1059 950/950 971/971
f 1059/1059 971/971 929/929
f 1059/1059 1112/1112 1128/1128
f 1060/1060 896/896 1074/1074
f 1061/1061 965/965 1121/1121
f 1061/1061 1121/1121 3428/3428
f 1061/1061 3411/3411 3428/3428
f 1061/1061 3428/3428 1069/1069
f 1062/1062 1013/1013 1132/1132
f 1062/1062 1031/1031 1013/1013
f 1063/1063 12/12 939/939
f 1064/1064 665/665 1111/1111
f 1064/1064 705/705 1011/1011
f 1065/1065 559/559 3351/3351
f 1065/1065 568/568 537/537
f 1065/1065 631/631 559/559
f 1066/1066 1022/1022 905/905
f 1067/1067 1044/1044 599/599
f 1068/1068 1126/1126 1057/1057
f 1069/1069 990/990 1001/1001
f 1070/1070 989/989 1107/1107
f 1071/1071 980/980 928/928
f 1071/1071 1081/1081 902/902
f 1071/1071 1139/1139 1081/1081
f 1072/1072 772/772 1015/1015
f 1072/1072 1015/1015 1088/1088
f 1073/1073 637/637 1120/1120
f 1073/1073 1055/1055 1124/1124
f 1073/1073 1120/1120 1055/1055
f 1073/1073 1124/1124 1023/1023
f 1074/1074 896/896 1060/1060
f 1075/1075 167/167 105/105
f 1075/1075 912/912 167/167
f 1075/1075 1048/1048 912/912
f 1075/1075 1126/1126 1048/1048
f 1076/1076 1037/1037 906/906
f 1076/1076 1120/1120 1037/1037
f 1077/1077 647/647 1006/1006
f 1077/1077 1006/1006 1058/1058
f 1079/1079 578/578 690/690
f 1080/1080 950/950 995/995
f 1081/1081 1024/1024 3409/3409
f 1081/1081 3359/3359 3493/3493
f 1081/1081 3409/3409 3359/3359
f 1081/1081 3493/3493 902/902
f 1082/1082 1041/1041 996/996
f 1083/1083 969/969 1123/1123
f 1083/1083 979/979 998/998
f 1083/1083 1123/1123 3388/3388
f 1083/1083 3342/3342 1101/1101
f 1084/1084 1010/1010 1030/1030
f 1085/1085 684/684 612/612
f 1085/1085 708/708 684/684
f 1086/1086 958/958 908/908
f 1087/1087 1017/1017 1037/1037
f 1089/1089 712/712 1052/1052
f 1089/1089 915/915 3455/3455
f 1089/1089 1052/1052 999/999
f 1089/1089 3422/3422 712/712
f 1090/1090 1137/1137 1020/1020
f 1091/1091 1114/1114 1133/1133
f 1092/1092 584/584 707/707
f 1092/1092 676/676 707/707
f 1092/1092 1008/1008 740/740
f 1094/1094 554/554 580/580
f 1094/1094 580/580 607/607
f 1094/1094 914/914 1115/1115
f 1094/1094 1025/1025 1039/1039
f 1094/1094 1115/1115 938/938
f 1095/1095 60/60 37/37
f 1095/1095 67/67 117/117
f 1095/1095 117/117 60/60
f 1095/1095 948/948 1140/1140
f 1095/1095 983/983 1004/1004
f 1096/1096 95/95 1078/1078
f 1096/1096 1078/1078 1133/1133
f 1097/1097 1012/1012 937/937
f 1098/1098 985/985 1013/1013
f 1098/1098 1013/1013 1031/1031
f 1098/1098 1023/1023 1104/1104
f 1098/1098 1031/1031 1023/1023
f 1099/1099 1050/1050 977/977
f 1099/1099 1122/1122 1050/1050
f 1100/1100 802/802 988/988
f 1101/1101 563/563 979/979
f 1101/1101 3342/3342 3418/3418
f 1102/1102 1015/1015 647/647
f 1104/1104 970/970 985/985
f 1104/1104 985/985 1098/1098
f 1104/1104 1023/1023 1124/1124
f 1105/1105 14/14 1096/1096
f 1105/1105 904/904 942/942
f 1105/1105 942/942 904/904
f 1105/1105 951/951 904/904
f 1105/1105 1096/1096 1033/1033
f 1106/1106 123/123 565/565
f 1106/1106 565/565 657/657
f 1106/1106 657/657 534/534
f 1107/1107 989/989 676/676
f 1107/1107 1092/1092 899/899
f 1108/1108 919/919 1133/1133
f 1108/1108 1058/1058 919/919
f 1109/1109 1085/1085 990/990
f 1110/1110 548/548 1097/1097
f 1110/1110 577/577 548/548
f 1110/1110 1097/1097 1037/1037
f 1111/1111 1035/1035 3353/3353
f 1112/1112 1094/1094 554/554
f 1113/1113 1032/1032 933/933
f 1113/1113 1125/1125 1032/1032
f 1115/1115 607/607 909/909
f 1115/1115 961/961 914/914
f 1115/1115 1094/1094 607/607
f 1115/1115 1094/1094 961/961
f 1116/1116 557/557 1060/1060
f 1116/1116 659/659 557/557
f 1116/1116 1060/1060 659/659
f 1118/1118 623/623 1160/1160
f 1118/1118 1160/1160 623/623
f 1118/1118 1160/1160 1570/1570
f 1119/1119 649/649 619/619
f 1119/1119 1139/1139 1036/1036
f 1119/1119 3409/3409 1024/1024
f 1120/1120 551/551 569/569
f 1120/1120 947/947 1037/1037
f 1121/1121 563/563 3670/3670
f 1121/1121 773/773 563/563
f 1121/1121 965/965 773/773
f 1122/1122 116/116 1050/1050
f 1122/1122 934/934 53/53
f 1122/1122 1040/1040 930/930
f 1123/1123 3388/3388 3391/3391
f 1124/1124 970/970 1104/1104
f 1124/1124 1055/1055 1136/1136
f 1127/1127 81/81 1140/1140
f 1127/1127 946/946 1022/1022
f 1127/1127 948/948 962/962
f 1127/1127 1140/1140 948/948
f 1128/1128 1039/1039 971/971
f 1128/1128 1112/1112 1039/1039
f 1130/1130 1005/1005 1054/1054
f 1131/1131 995/995 950/950
f 1131/1131 1059/1059 1128/1128
f 1131/1131 1080/1080 950/950
f 1132/1132 1013/1013 930/930
f 1133/1133 1019/1019 1096/1096
f 1133/1133 1058/1058 1108/1108
f 1133/1133 1078/1078 1091/1091
f 1133/1133 1114/1114 1058/1058
f 1134/1134 1/1 1067/1067
f 1135/1135 591/591 1102/1102
f 1136/1136 906/906 956/956
f 1138/1138 1072/1072 1088/1088
f 1138/1138 1130/1130 1072/1072
f 1139/1139 1024/1024 1081/1081
f 1139/1139 1071/1071 928/928
f 1140/1140 67/67 1095/1095
f 1140/1140 81/81 8/8
f 1141/1141 596/596 1026/1026
f 1141/1141 667/667 546/546
f 1143/1143 906/906 926/926
f 1143/1143 937/937 41/41
f 1144/1144 1129/1129 586/586
f 1145/1145 1159/1159 1308/1308
f 1145/1145 1563/1563 1159/1159
f 1146/1146 1167/1167 1250/1250
f 1146/1146 1250/1250 1192/1192
f 1147/1147 1166/1166 1212/1212
f 1147/1147 1198/1198 1221/1221
f 1147/1147 1212/1212 1160/1160
f 1149/1149 1235/1235 1222/1222
f 1149/1149 1346/1346 1358/1358
f 1149/1149 1358/1358 1346/1346
f 1150/1150 1209/1209 2200/2200
f 1150/1150 1241/1241 1209/1209
f 1151/1151 1290/1290 1208/1208
f 1151/1151 1301/1301 1335/1335
f 1151/1151 2243/2243 1233/1233
f 1152/1152 1168/1168 1214/1214
f 1152/1152 1214/1214 1168/1168
f 1152/1152 1226/1226 1214/1214
f 1153/1153 1224/1224 1258/1258
f 1154/1154 1156/1156 1259/1259
f 1154/1154 1320/1320 1196/1196
f 1156/1156 1154/1154 1225/1225
f 1156/1156 1225/1225 1174/1174
f 1156/1156 1272/1272 1285/1285
f 1157/1157 1232/1232 1580/1580
f 1159/1159 1288/1288 1164/1164
f 1159/1159 1563/1563 1585/1585
f 1160/1160 1118/1118 623/623
f 1160/1160 1210/1210 1221/1221
f 1160/1160 1212/1212 1228/1228
f 1160/1160 1221/1221 1147/1147
f 1161/1161 1178/1178 1339/1339
f 1161/1161 1192/1192 1237/1237
f 1161/1161 1237/1237 1223/1223
f 1162/1162 1539/1539 1255/1255
f 1163/1163 1148/1148 1206/1206
f 1163/1163 2250/2250 1148/1148
f 1164/1164 1288/1288 1275/1275
f 1165/1165 1150/1150 2272/2272
f 1166/1166 1147/1147 1221/1221
f 1167/1167 1146/1146 1246/1246
f 1167/1167 1246/1246 1274/1274
f 1167/1167 1290/1290 1351/1351
f 1167/1167 1351/1351 1422/1422
f 1167/1167 1351/1351 1567/1567
f 1167/1167 1422/1422 1351/1351
f 1167/1167 1567/1567 1525/1525
f 1168/1168 1226/1226 1152/1152
f 1168/1168 1362/1362 1966/1966
f 1168/1168 1966/1966 1321/1321
f 1170/1170 1218/1218 1236/1236
f 1171/1171 1142/1142 1193/1193
f 1171/1171 1193/1193 1142/1142
f 1173/1173 1220/1220 1242/1242
f 1174/1174 1154/1154 1196/1196
f 1174/1174 1196/1196 1249/1249
f 1174/1174 1272/1272 1156/1156
f 1174/1174 1512/1512 1564/1564
f 1175/1175 1288/1288 1159/1159
f 1175/1175 1585/1585 1602/1602
f 1176/1176 1589/1589 1162/1162
f 1177/1177 1150/1150 3291/3291
f 1177/1177 1241/1241 1150/1150
f 1178/1178 1161/1161 1223/1223
f 1180/1180 1153/1153 1299/1299
f 1180/1180 1224/1224 1153/1153
f 1180/1180 1521/1521 1224/1224
f 1181/1181 1228/1228 1245/1245
f 1182/1182 986/986 1103/1103
f 1182/1182 1186/1186 1200/1200
f 1182/1182 1200/1200 1186/1186
f 1184/1184 1199/1199 1591/1591
f 1184/1184 1495/1495 1252/1252
f 1184/1184 1582/1582 1495/1495
f 1185/1185 1527/1527 1572/1572
f 1185/1185 1527/1527 1606/1606
f 1188/1188 1229/1229 1164/1164
f 1188/1188 1275/1275 1206/1206
f 1189/1189 1154/1154 1259/1259
f 1190/1190 1260/1260 1618/1618
f 1190/1190 1267/1267 1324/1324
f 1190/1190 1373/1373 1618/1618
f 1190/1190 1601/1601 1176/1176
f 1190/1190 1618/1618 1373/1373
f 1190/1190 1618/1618 1601/1601
f 1191/1191 1170/1170 1236/1236
f 1191/1191 1251/1251 1323/1323
f 1191/1191 1323/1323 2294/2294
f 1191/1191 2273/2273 1170/1170
f 1192/1192 1161/1161 1146/1146
f 1192/1192 1250/1250 1594/1594
f 1193/1193 1049/1049 1142/1142
f 1193/1193 1142/1142 1257/1257
f 1194/1194 1266/1266 1357/1357
f 1195/1195 996/996 1082/1082
f 1195/1195 1082/1082 996/996
f 1196/1196 4828/4828 4886/4886
f 1196/1196 4842/4842 4828/4828
f 1196/1196 4886/4886 1249/1249
f 1197/1197 1176/1176 1284/1284
f 1197/1197 1267/1267 1176/1176
f 1197/1197 1334/1334 1267/1267
f 1198/1198 1147/1147 1221/1221
f 1198/1198 1147/1147 1244/1244
f 1198/1198 1244/1244 1147/1147
f 1199/1199 1217/1217 1157/1157
f 1199/1199 1611/1611 1591/1591
f 1201/1201 1161/1161 1354/1354
f 1201/1201 1286/1286 1248/1248
f 1201/1201 1313/1313 1161/1161
f 1201/1201 1354/1354 1286/1286
f 1202/1202 1184/1184 1540/1540
f 1202/1202 1510/1510 1496/1496
f 1203/1203 1154/1154 1189/1189
f 1203/1203 1174/1174 1249/1249
f 1203/1203 1249/1249 4881/4881
f 1203/1203 1512/1512 1174/1174
f 1205/1205 1500/1500 1513/1513
f 1205/1205 1513/1513 1500/1500
f 1206/1206 1218/1218 1163/1163
f 1207/1207 1216/1216 1357/1357
f 1207/1207 1357/1357 1266/1266
f 1208/1208 1290/1290 1274/1274
f 1208/1208 1311/1311 1254/1254
f 1209/1209 2092/2092 2200/2200
f 1210/1210 1155/1155 1221/1221
f 1210/1210 1160/1160 1228/1228
f 1211/1211 1246/1246 1146/1146
f 1213/1213 1307/1307 1489/1489
f 1213/1213 1340/1340 1356/1356
f 1213/1213 1356/1356 1307/1307
f 1214/1214 1168/1168 1152/1152
f 1214/1214 1226/1226 1307/1307
f 1214/1214 1362/1362 1168/1168
f 1218/1218 1170/1170 1163/1163
f 1219/1219 1344/1344 1277/1277
f 1220/1220 1173/1173 1242/1242
f 1220/1220 1278/1278 1173/1173
f 1221/1221 1155/1155 1166/1166
f 1221/1221 1584/1584 1147/1147
f 1222/1222 1158/1158 1235/1235
f 1222/1222 1235/1235 1158/1158
f 1223/1223 1172/1172 1558/1558
f 1223/1223 1339/1339 1178/1178
f 1225/1225 1154/1154 1174/1174
f 1226/1226 1168/1168 1355/1355
f 1226/1226 1238/1238 1338/1338
f 1227/1227 1244/1244 1548/1548
f 1228/1228 1155/1155 1210/1210
f 1228/1228 1160/1160 1245/1245
f 1228/1228 1166/1166 1155/1155
f 1228/1228 1181/1181 1245/1245
f 1228/1228 1212/1212 1166/1166
f 1228/1228 1245/1245 1160/1160
f 1228/1228 1245/1245 1363/1363
f 1229/1229 1215/1215 1365/1365
f 1229/1229 1308/1308 1164/1164
f 1230/1230 1510/1510 1202/1202
f 1231/1231 1217/1217 1199/1199
f 1231/1231 1294/1294 2061/2061
f 1232/1232 1157/1157 2228/2228
f 1233/1233 1301/1301 1151/1151
f 1235/1235 1149/1149 1222/1222
f 1236/1236 1337/1337 1251/1251
f 1237/1237 1172/1172 1223/1223
f 1237/1237 1192/1192 1172/1172
f 1238/1238 1226/1226 1305/1305
f 1239/1239 1325/1325 1169/1169
f 1239/1239 1329/1329 1258/1258
f 1240/1240 1188/1188 1206/1206
f 1240/1240 1206/1206 1148/1148
f 1240/1240 1229/1229 1188/1188
f 1240/1240 2153/2153 1229/1229
f 1240/1240 2177/2177 2153/2153
f 1240/1240 2231/2231 2177/2177
f 1241/1241 1300/1300 1209/1209
f 1241/1241 2033/2033 1300/1300
f 1241/1241 2172/2172 2033/2033
f 1242/1242 1193/1193 1257/1257
f 1242/1242 1257/1257 1193/1193
f 1243/1243 1230/1230 1349/1349
f 1243/1243 1510/1510 1230/1230
f 1244/1244 1179/1179 1198/1198
f 1244/1244 1198/1198 1179/1179
f 1244/1244 1198/1198 1584/1584
f 1244/1244 1227/1227 1198/1198
f 1244/1244 1584/1584 1548/1548
f 1245/1245 1228/1228 1292/1292
f 1245/1245 1228/1228 1363/1363
f 1245/1245 1292/1292 1228/1228
f 1245/1245 1304/1304 1347/1347
f 1245/1245 1347/1347 1363/1363
f 1246/1246 1211/1211 1326/1326
f 1247/1247 1303/1303 1262/1262
f 1248/1248 1233/1233 2214/2214
f 1249/1249 4898/4898 4881/4881
f 1251/1251 1191/1191 1236/1236
f 1251/1251 1337/1337 1324/1324
f 1252/1252 1199/1199 1184/1184
f 1252/1252 1231/1231 1199/1199
f 1252/1252 1310/1310 1231/1231
f 1252/1252 1495/1495 1310/1310
f 1254/1254 1311/1311 2222/2222
f 1254/1254 2222/2222 1208/1208
f 1255/1255 1243/1243 1312/1312
f 1255/1255 1529/1529 1243/1243
f 1255/1255 1539/1539 1529/1529
f 1256/1256 1185/1185 1572/1572
f 1256/1256 1194/1194 1266/1266
f 1256/1256 1266/1266 1194/1194
f 1256/1256 1500/1500 1527/1527
f 1256/1256 1527/1527 1185/1185
f 1256/1256 1527/1527 1500/1500
f 1256/1256 1572/1572 1527/1527
f 1257/1257 1142/1142 1049/1049
f 1258/1258 1224/1224 1521/1521
f 1258/1258 1299/1299 1153/1153
f 1258/1258 1521/1521 1544/1544
f 1259/1259 1156/1156 1322/1322
f 1259/1259 1203/1203 1189/1189
f 1259/1259 1395/1395 1531/1531
f 1260/1260 1324/1324 1373/1373
f 1261/1261 993/993 920/920
f 1264/1264 1298/1298 1331/1331
f 1264/1264 1331/1331 1298/1298
f 1265/1265 2063/2063 2047/2047
f 1266/1266 1194/1194 1357/1357
f 1266/1266 1207/1207 1357/1357
f 1266/1266 1357/1357 1207/1207
f 1267/1267 1190/1190 1176/1176
f 1267/1267 1251/1251 1324/1324
f 1268/1268 1279/1279 1340/1340
f 1268/1268 1980/1980 1279/1279
f 1269/1269 3228/3228 1282/1282
f 1270/1270 1265/1265 1312/1312
f 1270/1270 2083/2083 2063/2063
f 1274/1274 1290/1290 1167/1167
f 1274/1274 1311/1311 1246/1246
f 1275/1275 1175/1175 1602/1602
f 1275/1275 1188/1188 1164/1164
f 1275/1275 1602/1602 1455/1455
f 1276/1276 1345/1345 1348/1348
f 1278/1278 1220/1220 1173/1173
f 1278/1278 1341/1341 1434/1434
f 1278/1278 1434/1434 1341/1341
f 1279/1279 1362/1362 1302/1302
f 1279/1279 1980/1980 1332/1332
f 1280/1280 1262/1262 1318/1318
f 1280/1280 1318/1318 1262/1262
f 1281/1281 1299/1299 1359/1359
f 1281/1281 1336/1336 1932/1932
f 1281/1281 2084/2084 2232/2232
f 1281/1281 2232/2232 1180/1180
f 1282/1282 3233/3233 1269/1269
f 1283/1283 1304/1304 1347/1347
f 1284/1284 1295/1295 1352/1352
f 1285/1285 1322/1322 1156/1156
f 1285/1285 1436/1436 1475/1475
f 1285/1285 1470/1470 1395/1395
f 1286/1286 1233/1233 1248/1248
f 1286/1286 1354/1354 1328/1328
f 1287/1287 1270/1270 1333/1333
f 1287/1287 1349/1349 1364/1364
f 1288/1288 1175/1175 1275/1275
f 1289/1289 1169/1169 1325/1325
f 1289/1289 1238/1238 1305/1305
f 1289/1289 1239/1239 1169/1169
f 1291/1291 1229/1229 1308/1308
f 1291/1291 1308/1308 1365/1365
f 1292/1292 1245/1245 1363/1363
f 1293/1293 1335/1335 1301/1301
f 1294/1294 1310/1310 2061/2061
f 1295/1295 1162/1162 1312/1312
f 1295/1295 1176/1176 1162/1162
f 1295/1295 1284/1284 1176/1176
f 1296/1296 1263/1263 1350/1350
f 1296/1296 1350/1350 1263/1263
f 1297/1297 1223/1223 1482/1482
f 1297/1297 1273/1273 1339/1339
f 1297/1297 1339/1339 1223/1223
f 1299/1299 1258/1258 1329/1329
f 1299/1299 1281/1281 1180/1180
f 1299/1299 1329/1329 1348/1348
f 1300/1300 1954/1954 2030/2030
f 1300/1300 1961/1961 1954/1954
f 1300/1300 2033/2033 1961/1961
f 1300/1300 2092/2092 1209/1209
f 1301/1301 1233/1233 1286/1286
f 1303/1303 1247/1247 1262/1262
f 1304/1304 1245/1245 1292/1292
f 1304/1304 1292/1292 1347/1347
f 1304/1304 1433/1433 1393/1393
f 1305/1305 1355/1355 1289/1289
f 1306/1306 1366/1366 1268/1268
f 1307/1307 1226/1226 1342/1342
f 1307/1307 1342/1342 1461/1461
f 1307/1307 1461/1461 1469/1469
f 1307/1307 1469/1469 1489/1489
f 1308/1308 1159/1159 1164/1164
f 1308/1308 1215/1215 953/953
f 1308/1308 1229/1229 1365/1365
f 1309/1309 1442/1442 2103/2103
f 1309/1309 2103/2103 2083/2083
f 1310/1310 1294/1294 1231/1231
f 1310/1310 1495/1495 1439/1439
f 1311/1311 1208/1208 1274/1274
f 1311/1311 1274/1274 1246/1246
f 1311/1311 1326/1326 1963/1963
f 1311/1311 1963/1963 1326/1326
f 1311/1311 1963/1963 2072/2072
f 1311/1311 2072/2072 1963/1963
f 1312/1312 1162/1162 1255/1255
f 1312/1312 1243/1243 1333/1333
f 1312/1312 1295/1295 1352/1352
f 1312/1312 1333/1333 1270/1270
f 1312/1312 1352/1352 1295/1295
f 1313/1313 1146/1146 1161/1161
f 1313/1313 1201/1201 2133/2133
f 1313/1313 1326/1326 1146/1146
f 1314/1314 1327/1327 921/921
f 1315/1315 1331/1331 1384/1384
f 1315/1315 1397/1397 1331/1331
f 1317/1317 1286/1286 1328/1328
f 1317/1317 1293/1293 1301/1301
f 1317/1317 1301/1301 1286/1286
f 1317/1317 1470/1470 1293/1293
f 1319/1319 1306/1306 1268/1268
f 1320/1320 4842/4842 1196/1196
f 1321/1321 1355/1355 1168/1168
f 1323/1323 1251/1251 1267/1267
f 1323/1323 1267/1267 1334/1334
f 1324/1324 1260/1260 1190/1190
f 1325/1325 1238/1238 1289/1289
f 1325/1325 1338/1338 1238/1238
f 1326/1326 1211/1211 1146/1146
f 1326/1326 1311/1311 1246/1246
f 1328/1328 1273/1273 1343/1343
f 1328/1328 1343/1343 1368/1368
f 1328/1328 1368/1368 1395/1395
f 1328/1328 1395/1395 1317/1317
f 1329/1329 1239/1239 1289/1289
f 1329/1329 1289/1289 1345/1345
f 1329/1329 1345/1345 1276/1276
f 1330/1330 1290/1290 1335/1335
f 1330/1330 1293/1293 1475/1475
f 1330/1330 1351/1351 1290/1290
f 1330/1330 1422/1422 1351/1351
f 1330/1330 1475/1475 1422/1422
f 1332/1332 2010/2010 1362/1362
f 1333/1333 1243/1243 1349/1349
f 1334/1334 1197/1197 1284/1284
f 1334/1334 1267/1267 1323/1323
f 1334/1334 1323/1323 1267/1267
f 1334/1334 1970/1970 1943/1943
f 1335/1335 1290/1290 1151/1151
f 1335/1335 1293/1293 1330/1330
f 1337/1337 1391/1391 1324/1324
f 1337/1337 1401/1401 1391/1391
f 1338/1338 1325/1325 1461/1461
f 1338/1338 1342/1342 1226/1226
f 1338/1338 1461/1461 1342/1342
f 1339/1339 1273/1273 1354/1354
f 1339/1339 1354/1354 1161/1161
f 1340/1340 1213/1213 1234/1234
f 1340/1340 1234/1234 1253/1253
f 1340/1340 1253/1253 1319/1319
f 1340/1340 1279/1279 1356/1356
f 1340/1340 1319/1319 1268/1268
f 1343/1343 1273/1273 1297/1297
f 1344/1344 1183/1183 1277/1277
f 1344/1344 1204/1204 1219/1219
f 1344/1344 1219/1219 1204/1204
f 1344/1344 1219/1219 1277/1277
f 1344/1344 1277/1277 1183/1183
f 1345/1345 1271/1271 1348/1348
f 1345/1345 1289/1289 1355/1355
f 1347/1347 1245/1245 1304/1304
f 1347/1347 1304/1304 1245/1245
f 1347/1347 1393/1393 1283/1283
f 1348/1348 1329/1329 1276/1276
f 1348/1348 1405/1405 1359/1359
f 1348/1348 2002/2002 1405/1405
f 1348/1348 2002/2002 1933/1933
f 1349/1349 1202/1202 1364/1364
f 1349/1349 1230/1230 1202/1202
f 1349/1349 1287/1287 1333/1333
f 1352/1352 1265/1265 2047/2047
f 1352/1352 1312/1312 1265/1265
f 1352/1352 1334/1334 1284/1284
f 1353/1353 1218/1218 1360/1360
f 1353/1353 1236/1236 1218/1218
f 1353/1353 1337/1337 1236/1236
f 1354/1354 1273/1273 1328/1328
f 1355/1355 1305/1305 1226/1226
f 1356/1356 1214/1214 1307/1307
f 1356/1356 1279/1279 1302/1302
f 1356/1356 1302/1302 1362/1362
f 1357/1357 1216/1216 1207/1207
f 1358/1358 1316/1316 1481/1481
f 1359/1359 1299/1299 1348/1348
f 1359/1359 1336/1336 1281/1281
f 1359/1359 1379/1379 1336/1336
f 1359/1359 1405/1405 1912/1912
f 1360/1360 1206/1206 1275/1275
f 1360/1360 1218/1218 1206/1206
f 1360/1360 1416/1416 1353/1353
f 1361/1361 1310/1310 1439/1439
f 1361/1361 1378/1378 1927/1927
f 1361/1361 1439/1439 1378/1378
f 1361/1361 1955/1955 1310/1310
f 1362/1362 1214/1214 1356/1356
f 1362/1362 1279/1279 1332/1332
f 1362/1362 2010/2010 2217/2217
f 1363/1363 1347/1347 1292/1292
f 1364/1364 1202/1202 1377/1377
f 1364/1364 1309/1309 1287/1287
f 1365/1365 1215/1215 1308/1308
f 1365/1365 1229/1229 1291/1291
f 1365/1365 1308/1308 1229/1229
f 1366/1366 2079/2079 2106/2106
f 1367/1367 1477/1477 1410/1410
f 1367/1367 1566/1566 1477/1477
f 1368/1368 1343/1343 1415/1415
f 1368/1368 1415/1415 1484/1484
f 1368/1368 1541/1541 1395/1395
f 1369/1369 1394/1394 1609/1609
f 1369/1369 1423/1423 1461/1461
f 1369/1369 1609/1609 1423/1423
f 1370/1370 1325/1325 1471/1471
f 1370/1370 1394/1394 1369/1369
f 1371/1371 1855/1855 1449/1449
f 1373/1373 1324/1324 1391/1391
f 1373/1373 1451/1451 1528/1528
f 1373/1373 1528/1528 1618/1618
f 1373/1373 1618/1618 1260/1260
f 1374/1374 1535/1535 1553/1553
f 1374/1374 1553/1553 1776/1776
f 1375/1375 1392/1392 1530/1530
f 1375/1375 1530/1530 1549/1549
f 1377/1377 1202/1202 1540/1540
f 1377/1377 1452/1452 1442/1442
f 1378/1378 1445/1445 1390/1390
f 1379/1379 1359/1359 1912/1912
f 1380/1380 1385/1385 1556/1556
f 1380/1380 1586/1586 1385/1385
f 1380/1380 1931/1931 1586/1586
f 1381/1381 1402/1402 1437/1437
f 1381/1381 1428/1428 743/743
f 1381/1381 1437/1437 1476/1476
f 1381/1381 1454/1454 1418/1418
f 1383/1383 1341/1341 1434/1434
f 1383/1383 1434/1434 1341/1341
f 1384/1384 1397/1397 1315/1315
f 1385/1385 1586/1586 1612/1612
f 1386/1386 1403/1403 1458/1458
f 1386/1386 1449/1449 1458/1458
f 1386/1386 1458/1458 1449/1449
f 1387/1387 1567/1567 1480/1480
f 1388/1388 1325/1325 1370/1370
f 1388/1388 1369/1369 1461/1461
f 1388/1388 1370/1370 1369/1369
f 1388/1388 1461/1461 1325/1325
f 1389/1389 1554/1554 1466/1466
f 1390/1390 879/879 1378/1378
f 1391/1391 1401/1401 1479/1479
f 1391/1391 1438/1438 1619/1619
f 1391/1391 1451/1451 1373/1373
f 1391/1391 1479/1479 1438/1438
f 1392/1392 1588/1588 1530/1530
f 1393/1393 1283/1283 1465/1465
f 1393/1393 1304/1304 1283/1283
f 1393/1393 1347/1347 1304/1304
f 1393/1393 1465/1465 1283/1283
f 1395/1395 1259/1259 1322/1322
f 1395/1395 1322/1322 1285/1285
f 1395/1395 1470/1470 1317/1317
f 1396/1396 630/630 1550/1550
f 1396/1396 859/859 630/630
f 1396/1396 1453/1453 866/866
f 1396/1396 1550/1550 1453/1453
f 1397/1397 1384/1384 1331/1331
f 1398/1398 1452/1452 1377/1377
f 1398/1398 1611/1611 1443/1443
f 1399/1399 1411/1411 4804/4804
f 1400/1400 859/859 866/866
f 1401/1401 1337/1337 1353/1353
f 1402/1402 1381/1381 1418/1418
f 1402/1402 1417/1417 1605/1605
f 1403/1403 1449/1449 1474/1474
f 1404/1404 824/824 854/854
f 1404/1404 1390/1390 1445/1445
f 1404/1404 1418/1418 824/824
f 1407/1407 1468/1468 1503/1503
f 1409/1409 1478/1478 1543/1543
f 1410/1410 1444/1444 1367/1367
f 1410/1410 1599/1599 1552/1552
f 1411/1411 1399/1399 1450/1450
f 1411/1411 1399/1399 1480/1480
f 1411/1411 1463/1463 4771/4771
f 1411/1411 1480/1480 1399/1399
f 1411/1411 4732/4732 4780/4780
f 1411/1411 4780/4780 1432/1432
f 1411/1411 4780/4780 4804/4804
f 1411/1411 4804/4804 4780/4780
f 1412/1412 1425/1425 1487/1487
f 1412/1412 1487/1487 1506/1506
f 1412/1412 1506/1506 679/679
f 1413/1413 1609/1609 1595/1595
f 1414/1414 1394/1394 1471/1471
f 1414/1414 1593/1593 1394/1394
f 1416/1416 1401/1401 1353/1353
f 1416/1416 1588/1588 1479/1479
f 1417/1417 1402/1402 1605/1605
f 1418/1418 1404/1404 1456/1456
f 1418/1418 1454/1454 824/824
f 1419/1419 1569/1569 1491/1491
f 1420/1420 1429/1429 1374/1374
f 1420/1420 1863/1863 1887/1887
f 1420/1420 1887/1887 1467/1467
f 1421/1421 1493/1493 1932/1932
f 1421/1421 1507/1507 1731/1731
f 1422/1422 1564/1564 1494/1494
f 1423/1423 1413/1413 1469/1469
f 1423/1423 1469/1469 1461/1461
f 1423/1423 1609/1609 1413/1413
f 1424/1424 1875/1875 1954/1954
f 1424/1424 1954/1954 1961/1961
f 1425/1425 1412/1412 1907/1907
f 1426/1426 1473/1473 1464/1464
f 1426/1426 1923/1923 1473/1473
f 1427/1427 1385/1385 1612/1612
f 1427/1427 1593/1593 1414/1414
f 1428/1428 1381/1381 1476/1476
f 1428/1428 1407/1407 813/813
f 1428/1428 1476/1476 1468/1468
f 1429/1429 1792/1792 1449/1449
f 1430/1430 1376/1376 1608/1608
f 1430/1430 1387/1387 1376/1376
f 1430/1430 1525/1525 1387/1387
f 1430/1430 1608/1608 1376/1376
f 1431/1431 1498/1498 1840/1840
f 1431/1431 1838/1838 1498/1498
f 1432/1432 1376/1376 1387/1387
f 1432/1432 1463/1463 1411/1411
f 1432/1432 4774/4774 1447/1447
f 1432/1432 4780/4780 4774/4774
f 1433/1433 1304/1304 1393/1393
f 1435/1435 1406/1406 1834/1834
f 1436/1436 1272/1272 1616/1616
f 1436/1436 1285/1285 1272/1272
f 1437/1437 1402/1402 1605/1605
f 1437/1437 1488/1488 1476/1476
f 1438/1438 1451/1451 1619/1619
f 1438/1438 1479/1479 1619/1619
f 1438/1438 1485/1485 1503/1503
f 1439/1439 1445/1445 1378/1378
f 1439/1439 1515/1515 1445/1445
f 1440/1440 1501/1501 1546/1546
f 1440/1440 1511/1511 1620/1620
f 1440/1440 1546/1546 1511/1511
f 1440/1440 1620/1620 1501/1501
f 1442/1442 1309/1309 1364/1364
f 1442/1442 1364/1364 1377/1377
f 1444/1444 1483/1483 1552/1552
f 1445/1445 1456/1456 1404/1404
f 1446/1446 1519/1519 1537/1537
f 1446/1446 1537/1537 1462/1462
f 1446/1446 1537/1537 1519/1519
f 1447/1447 1376/1376 1432/1432
f 1449/1449 1374/1374 1429/1429
f 1449/1449 1386/1386 1374/1374
f 1449/1449 1403/1403 1386/1386
f 1449/1449 1792/1792 1871/1871
f 1449/1449 1871/1871 1371/1371
f 1450/1450 1441/1441 4787/4787
f 1450/1450 1463/1463 1411/1411
f 1450/1450 4775/4775 1441/1441
f 1450/1450 4775/4775 4771/4771
f 1450/1450 4787/4787 4632/4632
f 1451/1451 1391/1391 1619/1619
f 1451/1451 1438/1438 1503/1503
f 1451/1451 1503/1503 1528/1528
f 1452/1452 1398/1398 1474/1474
f 1452/1452 1474/1474 1798/1798
f 1452/1452 1788/1788 1442/1442
f 1452/1452 1798/1798 1788/1788
f 1453/1453 768/768 866/866
f 1453/1453 1620/1620 1511/1511
f 1455/1455 1360/1360 1275/1275
f 1455/1455 1416/1416 1360/1360
f 1455/1455 1602/1602 1416/1416
f 1456/1456 1402/1402 1418/1418
f 1456/1456 1445/1445 1617/1617
f 1456/1456 1617/1617 1402/1402
f 1457/1457 1509/1509 1187/1187
f 1458/1458 1398/1398 1443/1443
f 1460/1460 1419/1419 1447/1447
f 1460/1460 1522/1522 1569/1569
f 1460/1460 1569/1569 1419/1419
f 1462/1462 1537/1537 1478/1478
f 1462/1462 1543/1543 1478/1478
f 1463/1463 1432/1432 1411/1411
f 1464/1464 1558/1558 1635/1635
f 1464/1464 1820/1820 1923/1923
f 1464/1464 1923/1923 1426/1426
f 1465/1465 1477/1477 1566/1566
f 1466/1466 1554/1554 1389/1389
f 1467/1467 1472/1472 1420/1420
f 1467/1467 1750/1750 1514/1514
f 1468/1468 1407/1407 1428/1428
f 1468/1468 1528/1528 1503/1503
f 1469/1469 1413/1413 1587/1587
f 1469/1469 1587/1587 1489/1489
f 1470/1470 1285/1285 1293/1293
f 1471/1471 1325/1325 1239/1239
f 1471/1471 1394/1394 1370/1370
f 1471/1471 1427/1427 1414/1414
f 1471/1471 1544/1544 1427/1427
f 1472/1472 1429/1429 1420/1420
f 1472/1472 1467/1467 1846/1846
f 1472/1472 1846/1846 1429/1429
f 1473/1473 1376/1376 1447/1447
f 1473/1473 1419/1419 1491/1491
f 1473/1473 1430/1430 1376/1376
f 1473/1473 1447/1447 1419/1419
f 1473/1473 1491/1491 1558/1558
f 1474/1474 1398/1398 1458/1458
f 1474/1474 1449/1449 1855/1855
f 1474/1474 1458/1458 1403/1403
f 1474/1474 1855/1855 1798/1798
f 1475/1475 1293/1293 1285/1285
f 1475/1475 1616/1616 1564/1564
f 1476/1476 1488/1488 1542/1542
f 1476/1476 1542/1542 1468/1468
f 1477/1477 753/753 1448/1448
f 1477/1477 794/794 753/753
f 1477/1477 1448/1448 1410/1410
f 1477/1477 1465/1465 767/767
f 1478/1478 1409/1409 1543/1543
f 1478/1478 1537/1537 1462/1462
f 1479/1479 1401/1401 1416/1416
f 1479/1479 1485/1485 1438/1438
f 1479/1479 1549/1549 1485/1485
f 1480/1480 1411/1411 1432/1432
f 1480/1480 1432/1432 1387/1387
f 1480/1480 1494/1494 1411/1411
f 1480/1480 1567/1567 1422/1422
f 1481/1481 1316/1316 1358/1358
f 1482/1482 1223/1223 1491/1491
f 1482/1482 1343/1343 1297/1297
f 1482/1482 1415/1415 1343/1343
f 1482/1482 1484/1484 1415/1415
f 1482/1482 1569/1569 1484/1484
f 1483/1483 1444/1444 1410/1410
f 1484/1484 1541/1541 1368/1368
f 1486/1486 1546/1546 1588/1588
f 1486/1486 1588/1588 1416/1416
f 1487/1487 623/623 1570/1570
f 1488/1488 1437/1437 1605/1605
f 1489/1489 1234/1234 1213/1213
f 1489/1489 1536/1536 1234/1234
f 1491/1491 1223/1223 1558/1558
f 1492/1492 1198/1198 1227/1227
f 1492/1492 1227/1227 1548/1548
f 1492/1492 1502/1502 1227/1227
f 1492/1492 1578/1578 1198/1198
f 1493/1493 1421/1421 1859/1859
f 1493/1493 1581/1581 1565/1565
f 1493/1493 1859/1859 1760/1760
f 1494/1494 1480/1480 1422/1422
f 1494/1494 4732/4732 1411/1411
f 1496/1496 1184/1184 1202/1202
f 1496/1496 1495/1495 1582/1582
f 1498/1498 1675/1675 1840/1840
f 1500/1500 1256/1256 1527/1527
f 1500/1500 1527/1527 1256/1256
f 1500/1500 1573/1573 1513/1513
f 1501/1501 702/702 572/572
f 1501/1501 1550/1550 702/702
f 1501/1501 1620/1620 1550/1550
f 1502/1502 671/671 1492/1492
f 1502/1502 1492/1492 1227/1227
f 1503/1503 1560/1560 1576/1576
f 1504/1504 1490/1490 1577/1577
f 1504/1504 1557/1557 1577/1577
f 1505/1505 1444/1444 1552/1552
f 1505/1505 1552/1552 1561/1561
f 1505/1505 1561/1561 1444/1444
f 1507/1507 1421/1421 1493/1493
f 1507/1507 1493/1493 1565/1565
f 1507/1507 1516/1516 1534/1534
f 1507/1507 1534/1534 1734/1734
f 1507/1507 1565/1565 1516/1516
f 1508/1508 1499/1499 1579/1579
f 1508/1508 1579/1579 1499/1499
f 1509/1509 1457/1457 1187/1187
f 1510/1510 1243/1243 1529/1529
f 1510/1510 1495/1495 1496/1496
f 1510/1510 1515/1515 1495/1495
f 1513/1513 1573/1573 1500/1500
f 1514/1514 1822/1822 1467/1467
f 1515/1515 1439/1439 1495/1495
f 1515/1515 1617/1617 1445/1445
f 1516/1516 1498/1498 1581/1581
f 1516/1516 1532/1532 1615/1615
f 1516/1516 1565/1565 1581/1581
f 1516/1516 1581/1581 1498/1498
f 1516/1516 1723/1723 1532/1532
f 1516/1516 1749/1749 1723/1723
f 1517/1517 1367/1367 1410/1410
f 1517/1517 1410/1410 1448/1448
f 1517/1517 1448/1448 1597/1597
f 1518/1518 593/593 1586/1586
f 1518/1518 1753/1753 593/593
f 1520/1520 1600/1600 1754/1754
f 1520/1520 1763/1763 1555/1555
f 1520/1520 1767/1767 1720/1720
f 1521/1521 1556/1556 1544/1544
f 1521/1521 1654/1654 1556/1556
f 1522/1522 1574/1574 1569/1569
f 1524/1524 651/651 1523/1523
f 1524/1524 1523/1523 651/651
f 1525/1525 1250/1250 1167/1167
f 1525/1525 1594/1594 1250/1250
f 1526/1526 1750/1750 1767/1767
f 1527/1527 1552/1552 1599/1599
f 1527/1527 1561/1561 1599/1599
f 1527/1527 1599/1599 1552/1552
f 1528/1528 1542/1542 1618/1618
f 1530/1530 1501/1501 1592/1592
f 1530/1530 1592/1592 1549/1549
f 1531/1531 1395/1395 1541/1541
f 1531/1531 1541/1541 1590/1590
f 1531/1531 1564/1564 1259/1259
f 1533/1533 3044/3044 3114/3114
f 1533/1533 3114/3114 1575/1575
f 1534/1534 1516/1516 1615/1615
f 1534/1534 1532/1532 1615/1615
f 1534/1534 1600/1600 1615/1615
f 1534/1534 1615/1615 1532/1532
f 1534/1534 1615/1615 1600/1600
f 1535/1535 1232/1232 2150/2150
f 1535/1535 1374/1374 1386/1386
f 1535/1535 1386/1386 1580/1580
f 1535/1535 2150/2150 2119/2119
f 1537/1537 1446/1446 1462/1462
f 1537/1537 1462/1462 1478/1478
f 1537/1537 1478/1478 1462/1462
f 1538/1538 1767/1767 1520/1520
f 1539/1539 1488/1488 1605/1605
f 1539/1539 1605/1605 1529/1529
f 1540/1540 1184/1184 1591/1591
f 1540/1540 1398/1398 1377/1377
f 1540/1540 1611/1611 1398/1398
f 1541/1541 1574/1574 1590/1590
f 1542/1542 1488/1488 1601/1601
f 1542/1542 1528/1528 1468/1468
f 1543/1543 1462/1462 1478/1478
f 1544/1544 1239/1239 1258/1258
f 1544/1544 1471/1471 1239/1239
f 1545/1545 689/689 715/715
f 1545/1545 715/715 689/689
f 1546/1546 1501/1501 1530/1530
f 1546/1546 1530/1530 1588/1588
f 1548/1548 1578/1578 1492/1492
f 1548/1548 1584/1584 1198/1198
f 1549/1549 1479/1479 1375/1375
f 1549/1549 1592/1592 1607/1607
f 1550/1550 1620/1620 1453/1453
f 1551/1551 1494/1494 1598/1598
f 1551/1551 1613/1613 4695/4695
f 1551/1551 4732/4732 1494/1494
f 1554/1554 1559/1559 1389/1389
f 1555/1555 1534/1534 1600/1600
f 1555/1555 1734/1734 1534/1534
f 1555/1555 1763/1763 1734/1734
f 1556/1556 1385/1385 1427/1427
f 1556/1556 1427/1427 1603/1603
f 1556/1556 1603/1603 1544/1544
f 1556/1556 1654/1654 1684/1684
f 1556/1556 1684/1684 1931/1931
f 1556/1556 1931/1931 1380/1380
f 1557/1557 1504/1504 1577/1577
f 1558/1558 1172/1172 1608/1608
f 1558/1558 1430/1430 1849/1849
f 1558/1558 1464/1464 1473/1473
f 1559/1559 1459/1459 1545/1545
f 1559/1559 1545/1545 1459/1459
f 1559/1559 1554/1554 1389/1389
f 1560/1560 620/620 601/601
f 1560/1560 1485/1485 1549/1549
f 1560/1560 1503/1503 1485/1485
f 1560/1560 1549/1549 1607/1607
f 1560/1560 1607/1607 620/620
f 1561/1561 1367/1367 1444/1444
f 1561/1561 1527/1527 1599/1599
f 1561/1561 1599/1599 1367/1367
f 1562/1562 1515/1515 1510/1510
f 1563/1563 611/611 685/685
f 1563/1563 685/685 1511/1511
f 1564/1564 1203/1203 1259/1259
f 1564/1564 1422/1422 1475/1475
f 1564/1564 1512/1512 1203/1203
f 1564/1564 1616/1616 1174/1174
f 1566/1566 546/546 1465/1465
f 1566/1566 596/596 546/546
f 1566/1566 1367/1367 1517/1517
f 1566/1566 1517/1517 1597/1597
f 1566/1566 1597/1597 596/596
f 1567/1567 1351/1351 1422/1422
f 1567/1567 1387/1387 1525/1525
f 1568/1568 1375/1375 1479/1479
f 1569/1569 1482/1482 1491/1491
f 1570/1570 1160/1160 623/623
f 1571/1571 673/673 1497/1497
f 1571/1571 1394/1394 673/673
f 1571/1571 1497/1497 1609/1609
f 1571/1571 1609/1609 1394/1394
f 1574/1574 1484/1484 1569/1569
f 1574/1574 1522/1522 4747/4747
f 1574/1574 1541/1541 1484/1484
f 1574/1574 4747/4747 4710/4710
f 1576/1576 1407/1407 1503/1503
f 1576/1576 1560/1560 601/601
f 1577/1577 1490/1490 1504/1504
f 1578/1578 1198/1198 1596/1596
f 1578/1578 1596/1596 1198/1198
f 1580/1580 1199/1199 1157/1157
f 1580/1580 1232/1232 1535/1535
f 1580/1580 1386/1386 1458/1458
f 1580/1580 1458/1458 1443/1443
f 1580/1580 1611/1611 1199/1199
f 1581/1581 1493/1493 1675/1675
f 1581/1581 1498/1498 1516/1516
f 1581/1581 1675/1675 1498/1498
f 1582/1582 1184/1184 1496/1496
f 1583/1583 1372/1372 1408/1408
f 1583/1583 1408/1408 1614/1614
f 1584/1584 1221/1221 1147/1147
f 1585/1585 1175/1175 1159/1159
f 1585/1585 1511/1511 1546/1546
f 1585/1585 1563/1563 1511/1511
f 1586/1586 593/593 1612/1612
f 1586/1586 1753/1753 1518/1518
f 1588/1588 1375/1375 1568/1568
f 1588/1588 1392/1392 1375/1375
f 1588/1588 1568/1568 1479/1479
f 1589/1589 1176/1176 1601/1601
f 1589/1589 1488/1488 1539/1539
f 1589/1589 1539/1539 1162/1162
f 1589/1589 1601/1601 1488/1488
f 1592/1592 572/572 553/553
f 1593/1593 593/593 673/673
f 1593/1593 673/673 1394/1394
f 1594/1594 1172/1172 1192/1192
f 1594/1594 1608/1608 1172/1172
f 1595/1595 1609/1609 1547/1547
f 1596/1596 1548/1548 1198/1198
f 1596/1596 1578/1578 1548/1548
f 1597/1597 1448/1448 753/753
f 1598/1598 1494/1494 1564/1564
f 1598/1598 1531/1531 1551/1551
f 1598/1598 1564/1564 1531/1531
f 1599/1599 1410/1410 1367/1367
f 1599/1599 1410/1410 1552/1552
f 1599/1599 1483/1483 1410/1410
f 1599/1599 1552/1552 1483/1483
f 1599/1599 1561/1561 1552/1552
f 1600/1600 1520/1520 1555/1555
f 1602/1602 1486/1486 1416/1416
f 1602/1602 1546/1546 1486/1486
f 1602/1602 1585/1585 1546/1546
f 1603/1603 1427/1427 1544/1544
f 1604/1604 1180/1180 1654/1654
f 1604/1604 1521/1521 1180/1180
f 1605/1605 1402/1402 1617/1617
f 1606/1606 1527/1527 1185/1185
f 1607/1607 1592/1592 553/553
f 1608/1608 1430/1430 1558/1558
f 1608/1608 1525/1525 1430/1430
f 1608/1608 1594/1594 1525/1525
f 1610/1610 1489/1489 1536/1536
f 1611/1611 1540/1540 1591/1591
f 1611/1611 1580/1580 1443/1443
f 1612/1612 593/593 1593/1593
f 1612/1612 1593/1593 1427/1427
f 1613/1613 1531/1531 1590/1590
f 1613/1613 1551/1551 1531/1531
f 1614/1614 1372/1372 1583/1583
f 1614/1614 1408/1408 1372/1372
f 1615/1615 1532/1532 1723/1723
f 1615/1615 1723/1723 1632/1632
f 1616/1616 1272/1272 1174/1174
f 1616/1616 1475/1475 1436/1436
f 1617/1617 1510/1510 1529/1529
f 1617/1617 1515/1515 1562/1562
f 1617/1617 1529/1529 1605/1605
f 1617/1617 1562/1562 1510/1510
f 1618/1618 1542/1542 1601/1601
f 1619/1619 1479/1479 1438/1438
f 1622/1622 1659/1659 1701/1701
f 1622/1622 1659/1659 1716/1716
f 1622/1622 1935/1935 1714/1714
f 1623/1623 1677/1677 1768/1768
f 1623/1623 1926/1926 1677/1677
f 1624/1624 1693/1693 1762/1762
f 1624/1624 1703/1703 1693/1693
f 1624/1624 1867/1867 2236/2236
f 1627/1627 1644/1644 1889/1889
f 1627/1627 1872/1872 1893/1893
f 1627/1627 1893/1893 1666/1666
f 1628/1628 1842/1842 1818/1818
f 1629/1629 1520/1520 1720/1720
f 1629/1629 1695/1695 1763/1763
f 1629/1629 1720/1720 1767/1767
f 1629/1629 1763/1763 1520/1520
f 1630/1630 1844/1844 1705/1705
f 1630/1630 2254/2254 1844/1844
f 1631/1631 1651/1651 1879/1879
f 1631/1631 1758/1758 1699/1699
f 1633/1633 1650/1650 1725/1725
f 1633/1633 2229/2229 2170/2170
f 1634/1634 1647/1647 2264/2264
f 1635/1635 1558/1558 1849/1849
f 1635/1635 1849/1849 1464/1464
f 1636/1636 1674/1674 1696/1696
f 1636/1636 1687/1687 2298/2298
f 1636/1636 1741/1741 1674/1674
f 1637/1637 1869/1869 1884/1884
f 1637/1637 1884/1884 1903/1903
f 1637/1637 1903/1903 1691/1691
f 1638/1638 1739/1739 1658/1658
f 1638/1638 1764/1764 1739/1739
f 1638/1638 2251/2251 2258/2258
f 1640/1640 1657/1657 1715/1715
f 1640/1640 1715/1715 1729/1729
f 1640/1640 1719/1719 1657/1657
f 1640/1640 1862/1862 1679/1679
f 1641/1641 1743/1743 1866/1866
f 1641/1641 1860/1860 1728/1728
f 1641/1641 1866/1866 1924/1924
f 1641/1641 1924/1924 1866/1866
f 1642/1642 1624/1624 1742/1742
f 1642/1642 1742/1742 1867/1867
f 1642/1642 1867/1867 1624/1624
f 1643/1643 1657/1657 1694/1694
f 1643/1643 1692/1692 1795/1795
f 1643/1643 1795/1795 1817/1817
f 1644/1644 2261/2261 1889/1889
f 1645/1645 1637/1637 1737/1737
f 1645/1645 1737/1737 1851/1851
f 1645/1645 1869/1869 1637/1637
f 1646/1646 1628/1628 1818/1818
f 1647/1647 1634/1634 2219/2219
f 1647/1647 1670/1670 2264/2264
f 1647/1647 1827/1827 1670/1670
f 1647/1647 2084/2084 1827/1827
f 1647/1647 2219/2219 2232/2232
f 1648/1648 1658/1658 1739/1739
f 1648/1648 1819/1819 1747/1747
f 1649/1649 1622/1622 1701/1701
f 1649/1649 1821/1821 1622/1622
f 1649/1649 1917/1917 1821/1821
f 1650/1650 364/364 411/411
f 1650/1650 1633/1633 1725/1725
f 1651/1651 1730/1730 2265/2265
f 1651/1651 1824/1824 1778/1778
f 1652/1652 1892/1892 1874/1874
f 1653/1653 1630/1630 1705/1705
f 1653/1653 1722/1722 1630/1630
f 1654/1654 1180/1180 2232/2232
f 1654/1654 1521/1521 1604/1604
f 1654/1654 1634/1634 1702/1702
f 1655/1655 1626/1626 1773/1773
f 1655/1655 1915/1915 1732/1732
f 1656/1656 1600/1600 1615/1615
f 1656/1656 1615/1615 1632/1632
f 1656/1656 1723/1723 1712/1712
f 1656/1656 1754/1754 1600/1600
f 1657/1657 1643/1643 1715/1715
f 1657/1657 1719/1719 1694/1694
f 1658/1658 1747/1747 1886/1886
f 1658/1658 1953/1953 2230/2230
f 1658/1658 2230/2230 2251/2251
f 1659/1659 460/460 1716/1716
f 1659/1659 515/515 460/460
f 1659/1659 2223/2223 2237/2237
f 1660/1660 1666/1666 1727/1727
f 1660/1660 1683/1683 2266/2266
f 1660/1660 1727/1727 1683/1683
f 1660/1660 2266/2266 1718/1718
f 1661/1661 1729/1729 1911/1911
f 1661/1661 1732/1732 1801/1801
f 1661/1661 1801/1801 1729/1729
f 1662/1662 362/362 1936/1936
f 1662/1662 1860/1860 1924/1924
f 1662/1662 1936/1936 1860/1860
f 1663/1663 1734/1734 1763/1763
f 1663/1663 1763/1763 1678/1678
f 1664/1664 2070/2070 2277/2277
f 1664/1664 2116/2116 1717/1717
f 1665/1665 1735/1735 2248/2248
f 1665/1665 2248/2248 1756/1756
f 1665/1665 4679/4679 2147/2147
f 1666/1666 1660/1660 1718/1718
f 1666/1666 1718/1718 1772/1772
f 1666/1666 1772/1772 1627/1627
f 1667/1667 1653/1653 1705/1705
f 1667/1667 1705/1705 1780/1780
f 1668/1668 1685/1685 1765/1765
f 1669/1669 1704/1704 1690/1690
f 1669/1669 1743/1743 1728/1728
f 1670/1670 1804/1804 1686/1686
f 1671/1671 1724/1724 1737/1737
f 1671/1671 2374/2374 2126/2126
f 1671/1671 2903/2903 2374/2374
f 1672/1672 1755/1755 1689/1689
f 1673/1673 1881/1881 1973/1973
f 1674/1674 1688/1688 1899/1899
f 1675/1675 1902/1902 1840/1840
f 1676/1676 1775/1775 2248/2248
f 1676/1676 1835/1835 1775/1775
f 1677/1677 1733/1733 1780/1780
f 1677/1677 1780/1780 1768/1768
f 1678/1678 1695/1695 1928/1928
f 1678/1678 1763/1763 1695/1695
f 1678/1678 1790/1790 1686/1686
f 1678/1678 1928/1928 1790/1790
f 1679/1679 1929/1929 1640/1640
f 1680/1680 1621/1621 2961/2961
f 1680/1680 1637/1637 1700/1700
f 1680/1680 1671/1671 1737/1737
f 1680/1680 1700/1700 1759/1759
f 1680/1680 1759/1759 1621/1621
f 1680/1680 1771/1771 1637/1637
f 1681/1681 1796/1796 1698/1698
f 1681/1681 1901/1901 1796/1796
f 1682/1682 1634/1634 2264/2264
f 1682/1682 2264/2264 1751/1751
f 1683/1683 1709/1709 1773/1773
f 1683/1683 1727/1727 1709/1709
f 1683/1683 1773/1773 1626/1626
f 1685/1685 1668/1668 1896/1896
f 1685/1685 1723/1723 1749/1749
f 1685/1685 1842/1842 1628/1628
f 1685/1685 1896/1896 1717/1717
f 1686/1686 1790/1790 1707/1707
f 1686/1686 2264/2264 1670/1670
f 1687/1687 1673/1673 2270/2270
f 1688/1688 1674/1674 1741/1741
f 1688/1688 1758/1758 1631/1631
f 1688/1688 1879/1879 1899/1899
f 1690/1690 1704/1704 2138/2138
f 1690/1690 2138/2138 2291/2291
f 1690/1690 2277/2277 1669/1669
f 1692/1692 1643/1643 1694/1694
f 1692/1692 1694/1694 1754/1754
f 1692/1692 1712/1712 1795/1795
f 1692/1692 1754/1754 1712/1712
f 1694/1694 1520/1520 1754/1754
f 1694/1694 1538/1538 1520/1520
f 1695/1695 1629/1629 1767/1767
f 1696/1696 1761/1761 1636/1636
f 1697/1697 1717/1717 2144/2144
f 1697/1697 1789/1789 1717/1717
f 1697/1697 2144/2144 2057/2057
f 1698/1698 519/519 1681/1681
f 1699/1699 2121/2121 1730/1730
f 1700/1700 1637/1637 1691/1691
f 1701/1701 496/496 1667/1667
f 1701/1701 1878/1878 1780/1780
f 1701/1701 1917/1917 1649/1649
f 1702/1702 1684/1684 1654/1654
f 1703/1703 2137/2137 1693/1693
f 1705/1705 1926/1926 1768/1768
f 1706/1706 2132/2132 1847/1847
f 1707/1707 1928/1928 2012/2012
f 1708/1708 1638/1638 2258/2258
f 1708/1708 1764/1764 1638/1638
f 1708/1708 2132/2132 2162/2162
f 1708/1708 2162/2162 2130/2130
f 1708/1708 2193/2193 1764/1764
f 1708/1708 2258/2258 2167/2167
f 1709/1709 1727/1727 1797/1797
f 1709/1709 1787/1787 1773/1773
f 1709/1709 1797/1797 1787/1787
f 1710/1710 1553/1553 1535/1535
f 1710/1710 1776/1776 1553/1553
f 1712/1712 1628/1628 1646/1646
f 1712/1712 1646/1646 1930/1930
f 1712/1712 1723/1723 1628/1628
f 1712/1712 1754/1754 1656/1656
f 1713/1713 2976/2976 1770/1770
f 1713/1713 2976/2976 3033/3033
f 1714/1714 1659/1659 1622/1622
f 1714/1714 1935/1935 1908/1908
f 1715/1715 1643/1643 1937/1937
f 1716/1716 1659/1659 1622/1622
f 1716/1716 1701/1701 1659/1659
f 1718/1718 2151/2151 1772/1772
f 1718/1718 2266/2266 2151/2151
f 1719/1719 1526/1526 1538/1538
f 1719/1719 1538/1538 1694/1694
f 1719/1719 1750/1750 1526/1526
f 1719/1719 1822/1822 1514/1514
f 1719/1719 1929/1929 1822/1822
f 1721/1721 1684/1684 1702/1702
f 1721/1721 1702/1702 1634/1634
f 1721/1721 1914/1914 1684/1684
f 1722/1722 131/131 2139/2139
f 1722/1722 443/443 131/131
f 1722/1722 505/505 443/443
f 1722/1722 1653/1653 505/505
f 1722/1722 2139/2139 2254/2254
f 1722/1722 2254/2254 1630/1630
f 1723/1723 1656/1656 1632/1632
f 1723/1723 1685/1685 1628/1628
f 1724/1724 1652/1652 1737/1737
f 1726/1726 1659/1659 1714/1714
f 1726/1726 1714/1714 1908/1908
f 1726/1726 1908/1908 2011/2011
f 1726/1726 2011/2011 2118/2118
f 1726/1726 2118/2118 2237/2237
f 1727/1727 1666/1666 1797/1797
f 1728/1728 1704/1704 1669/1669
f 1728/1728 1860/1860 1793/1793
f 1728/1728 2044/2044 2169/2169
f 1728/1728 2138/2138 1704/1704
f 1728/1728 2169/2169 2138/2138
f 1729/1729 1801/1801 1862/1862
f 1729/1729 1862/1862 1640/1640
f 1730/1730 1631/1631 1699/1699
f 1730/1730 1651/1651 1631/1631
f 1730/1730 2121/2121 2164/2164
f 1731/1731 1507/1507 1734/1734
f 1731/1731 1932/1932 1421/1421
f 1732/1732 1661/1661 2137/2137
f 1732/1732 1915/1915 1801/1801
f 1732/1732 2088/2088 1655/1655
f 1733/1733 1917/1917 1780/1780
f 1734/1734 1804/1804 1827/1827
f 1734/1734 1827/1827 1913/1913
f 1734/1734 1913/1913 1731/1731
f 1735/1735 1665/1665 2248/2248
f 1735/1735 1676/1676 1775/1775
f 1735/1735 1676/1676 2248/2248
f 1735/1735 1775/1775 1676/1676
f 1735/1735 2147/2147 1676/1676
f 1735/1735 2147/2147 4650/4650
f 1735/1735 2248/2248 2147/2147
f 1736/1736 1776/1776 2198/2198
f 1736/1736 1800/1800 1672/1672
f 1736/1736 1962/1962 1865/1865
f 1737/1737 1652/1652 1874/1874
f 1738/1738 1679/1679 1862/1862
f 1738/1738 1828/1828 1929/1929
f 1738/1738 1929/1929 1679/1679
f 1739/1739 1972/1972 2178/2178
f 1740/1740 1673/1673 1687/1687
f 1740/1740 1687/1687 1761/1761
f 1740/1740 1761/1761 1829/1829
f 1740/1740 1829/1829 1854/1854
f 1740/1740 1881/1881 1673/1673
f 1741/1741 1758/1758 1688/1688
f 1741/1741 2175/2175 1758/1758
f 1743/1743 1641/1641 1728/1728
f 1743/1743 1669/1669 2296/2296
f 1743/1743 1782/1782 1857/1857
f 1743/1743 2091/2091 1857/1857
f 1743/1743 2296/2296 2197/2197
f 1744/1744 1633/1633 2170/2170
f 1744/1744 2170/2170 1633/1633
f 1744/1744 2281/2281 1633/1633
f 1746/1746 1627/1627 1772/1772
f 1746/1746 1644/1644 1627/1627
f 1746/1746 2202/2202 2190/2190
f 1746/1746 2261/2261 1644/1644
f 1747/1747 1658/1658 1648/1648
f 1748/1748 1774/1774 1888/1888
f 1749/1749 1498/1498 1765/1765
f 1749/1749 1516/1516 1498/1498
f 1749/1749 1765/1765 1685/1685
f 1750/1750 1672/1672 1767/1767
f 1750/1750 1719/1719 1514/1514
f 1751/1751 1634/1634 1682/1682
f 1751/1751 1721/1721 1634/1634
f 1751/1751 1816/1816 1721/1721
f 1751/1751 1839/1839 1816/1816
f 1751/1751 2189/2189 1777/1777
f 1751/1751 2264/2264 2279/2279
f 1752/1752 1770/1770 2976/2976
f 1753/1753 1586/1586 1931/1931
f 1755/1755 1767/1767 1689/1689
f 1755/1755 1883/1883 1695/1695
f 1756/1756 1665/1665 2168/2168
f 1756/1756 2248/2248 2168/2168
f 1757/1757 1698/1698 1796/1796
f 1759/1759 1700/1700 1691/1691
f 1759/1759 1745/1745 3006/3006
f 1760/1760 1675/1675 1493/1493
f 1761/1761 1687/1687 1636/1636
f 1762/1762 1693/1693 1823/1823
f 1762/1762 1742/1742 1624/1624
f 1764/1764 2193/2193 2130/2130
f 1765/1765 1498/1498 1838/1838
f 1765/1765 1838/1838 1896/1896
f 1765/1765 1896/1896 1668/1668
f 1766/1766 4672/4672 4682/4682
f 1767/1767 1538/1538 1526/1526
f 1767/1767 1672/1672 1689/1689
f 1767/1767 1755/1755 1695/1695
f 1768/1768 1780/1780 1705/1705
f 1768/1768 1926/1926 1623/1623
f 1769/1769 1870/1870 1837/1837
f 1770/1770 1752/1752 2976/2976
f 1770/1770 1921/1921 1853/1853
f 1770/1770 2976/2976 1713/1713
f 1771/1771 1680/1680 1737/1737
f 1771/1771 1737/1737 1637/1637
f 1773/1773 1738/1738 1655/1655
f 1773/1773 1787/1787 1843/1843
f 1774/1774 1639/1639 2249/2249
f 1774/1774 2249/2249 1639/1639
f 1774/1774 2249/2249 2187/2187
f 1775/1775 1835/1835 1735/1735
f 1776/1776 1420/1420 1374/1374
f 1776/1776 1710/1710 2119/2119
f 1777/1777 1839/1839 1751/1751
f 1778/1778 1876/1876 1651/1651
f 1778/1778 2025/2025 1876/1876
f 1779/1779 391/391 1918/1918
f 1779/1779 394/394 287/287
f 1779/1779 1831/1831 2109/2109
f 1779/1779 1918/1918 284/284
f 1779/1779 1975/1975 2109/2109
f 1779/1779 2109/2109 367/367
f 1779/1779 2109/2109 1831/1831
f 1780/1780 1878/1878 1667/1667
f 1781/1781 1811/1811 1876/1876
f 1781/1781 2025/2025 2094/2094
f 1781/1781 2624/2624 2789/2789
f 1781/1781 2755/2755 1811/1811
f 1782/1782 1743/1743 1857/1857
f 1783/1783 2275/2275 2280/2280
f 1783/1783 2280/2280 1812/1812
f 1784/1784 1748/1748 1888/1888
f 1784/1784 1834/1834 1894/1894
f 1784/1784 1880/1880 1888/1888
f 1784/1784 1888/1888 1748/1748
f 1784/1784 1909/1909 1834/1834
f 1785/1785 1816/1816 1918/1918
f 1787/1787 1792/1792 1890/1890
f 1787/1787 1890/1890 1792/1792
f 1787/1787 1906/1906 1843/1843
f 1788/1788 2103/2103 1442/1442
f 1789/1789 1685/1685 1717/1717
f 1789/1789 1697/1697 2057/2057
f 1789/1789 2057/2057 2081/2081
f 1790/1790 1928/1928 1707/1707
f 1793/1793 270/270 2044/2044
f 1793/1793 2044/2044 1728/1728
f 1794/1794 1900/1900 2021/2021
f 1794/1794 2011/2011 1900/1900
f 1794/1794 2021/2021 1978/1978
f 1794/1794 2082/2082 1844/1844
f 1795/1795 1930/1930 1818/1818
f 1795/1795 1937/1937 1817/1817
f 1797/1797 1666/1666 1893/1893
f 1797/1797 1871/1871 1787/1787
f 1798/1798 1474/1474 1855/1855
f 1798/1798 1855/1855 1474/1474
f 1799/1799 1782/1782 2052/2052
f 1799/1799 1901/1901 1782/1782
f 1799/1799 1904/1904 1796/1796
f 1799/1799 2034/2034 2015/2015
f 1802/1802 1785/1785 379/379
f 1803/1803 1847/1847 2110/2110
f 1803/1803 1892/1892 1847/1847
f 1803/1803 1986/1986 1905/1905
f 1804/1804 1663/1663 1678/1678
f 1804/1804 1678/1678 1686/1686
f 1804/1804 1734/1734 1663/1663
f 1805/1805 1696/1696 1925/1925
f 1805/1805 1761/1761 1696/1696
f 1805/1805 1885/1885 1829/1829
f 1806/1806 1664/1664 1717/1717
f 1806/1806 1896/1896 1868/1868
f 1807/1807 1881/1881 1740/1740
f 1808/1808 1891/1891 1791/1791
f 1810/1810 1914/1914 1721/1721
f 1811/1811 1879/1879 1876/1876
f 1812/1812 2206/2206 1884/1884
f 1812/1812 2280/2280 2206/2206
f 1813/1813 1675/1675 1760/1760
f 1813/1813 1760/1760 1859/1859
f 1814/1814 1747/1747 1769/1769
f 1814/1814 1769/1769 1837/1837
f 1814/1814 1837/1837 1912/1912
f 1814/1814 1912/1912 1933/1933
f 1814/1814 1933/1933 1953/1953
f 1815/1815 1844/1844 1926/1926
f 1816/1816 1785/1785 1802/1802
f 1816/1816 1802/1802 1877/1877
f 1816/1816 1810/1810 1721/1721
f 1816/1816 1877/1877 1810/1810
f 1817/1817 1937/1937 1643/1643
f 1818/1818 1930/1930 1646/1646
f 1818/1818 2095/2095 1795/1795
f 1819/1819 1833/1833 1870/1870
f 1819/1819 1870/1870 1747/1747
f 1819/1819 1882/1882 1972/1972
f 1820/1820 1464/1464 1849/1849
f 1820/1820 1849/1849 1934/1934
f 1821/1821 1836/1836 1622/1622
f 1821/1821 1917/1917 1733/1733
f 1821/1821 2136/2136 2097/2097
f 1822/1822 1906/1906 1846/1846
f 1823/1823 1693/1693 1916/1916
f 1823/1823 1742/1742 1762/1762
f 1824/1824 1651/1651 1778/1778
f 1826/1826 365/365 379/379
f 1826/1826 379/379 365/365
f 1826/1826 402/402 1753/1753
f 1826/1826 1802/1802 379/379
f 1827/1827 1804/1804 1670/1670
f 1827/1827 1850/1850 1932/1932
f 1828/1828 1738/1738 1843/1843
f 1829/1829 1761/1761 1805/1805
f 1830/1830 1811/1811 2755/2755
f 1830/1830 1925/1925 1899/1899
f 1830/1830 2732/2732 2709/2709
f 1832/1832 1835/1835 1910/1910
f 1832/1832 1923/1923 1820/1820
f 1832/1832 1923/1923 2066/2066
f 1832/1832 2066/2066 1923/1923
f 1832/1832 2147/2147 1735/1735
f 1833/1833 1809/1809 1902/1902
f 1833/1833 1819/1819 1990/1990
f 1833/1833 1898/1898 1809/1809
f 1834/1834 1406/1406 1435/1435
f 1834/1834 1406/1406 1894/1894
f 1834/1834 1894/1894 1406/1406
f 1834/1834 1909/1909 1958/1958
f 1835/1835 1676/1676 1934/1934
f 1835/1835 1832/1832 1735/1735
f 1835/1835 1849/1849 1910/1910
f 1836/1836 1821/1821 2074/2074
f 1836/1836 1908/1908 1935/1935
f 1836/1836 2021/2021 1908/1908
f 1837/1837 1675/1675 1813/1813
f 1838/1838 1431/1431 1868/1868
f 1839/1839 1777/1777 2189/2189
f 1839/1839 1918/1918 1816/1816
f 1839/1839 1975/1975 1864/1864
f 1841/1841 1742/1742 1823/1823
f 1841/1841 1856/1856 1742/1742
f 1842/1842 1685/1685 1789/1789
f 1842/1842 1789/1789 2081/2081
f 1842/1842 2081/2081 1818/1818
f 1843/1843 1738/1738 1773/1773
f 1844/1844 1630/1630 2089/2089
f 1844/1844 2067/2067 1794/1794
f 1844/1844 2067/2067 2089/2089
f 1844/1844 2089/2089 2067/2067
f 1845/1845 1805/1805 1925/1925
f 1845/1845 1925/1925 1830/1830
f 1845/1845 2709/2709 1885/1885
f 1846/1846 1467/1467 1822/1822
f 1846/1846 1792/1792 1429/1429
f 1847/1847 1892/1892 1920/1920
f 1847/1847 2162/2162 1706/1706
f 1847/1847 2233/2233 2162/2162
f 1848/1848 1958/1958 1909/1909
f 1849/1849 1430/1430 1473/1473
f 1849/1849 1835/1835 1895/1895
f 1850/1850 2084/2084 1932/1932
f 1851/1851 1737/1737 1874/1874
f 1851/1851 1874/1874 1869/1869
f 1852/1852 1826/1826 1753/1753
f 1852/1852 1931/1931 1826/1826
f 1852/1852 1931/1931 1914/1914
f 1855/1855 1371/1371 1871/1871
f 1855/1855 1872/1872 1798/1798
f 1856/1856 1757/1757 1796/1796
f 1856/1856 1796/1796 1867/1867
f 1856/1856 1841/1841 1757/1757
f 1856/1856 1867/1867 1742/1742
f 1857/1857 1782/1782 1743/1743
f 1857/1857 2052/2052 1782/1782
f 1858/1858 1950/1950 1881/1881
f 1859/1859 1837/1837 1813/1813
f 1859/1859 1912/1912 1837/1837
f 1859/1859 1932/1932 1379/1379
f 1860/1860 1936/1936 384/384
f 1862/1862 1801/1801 1738/1738
f 1863/1863 1420/1420 1776/1776
f 1863/1863 1776/1776 1887/1887
f 1864/1864 1779/1779 1918/1918
f 1864/1864 1918/1918 1839/1839
f 1864/1864 1975/1975 1779/1779
f 1865/1865 1672/1672 1800/1800
f 1865/1865 1755/1755 1672/1672
f 1865/1865 1800/1800 1736/1736
f 1865/1865 1883/1883 1755/1755
f 1865/1865 1962/1962 1883/1883
f 1866/1866 1641/1641 1924/1924
f 1866/1866 1743/1743 1782/1782
f 1866/1866 1860/1860 1641/1641
f 1867/1867 1796/1796 1904/1904
f 1867/1867 1976/1976 2236/2236
f 1868/1868 1431/1431 1875/1875
f 1868/1868 1896/1896 1838/1838
f 1869/1869 1645/1645 1851/1851
f 1869/1869 1783/1783 1812/1812
f 1869/1869 1812/1812 1884/1884
f 1869/1869 1922/1922 1783/1783
f 1870/1870 1675/1675 1837/1837
f 1870/1870 1769/1769 1747/1747
f 1870/1870 1833/1833 1902/1902
f 1870/1870 1902/1902 1675/1675
f 1871/1871 1797/1797 1855/1855
f 1871/1871 1890/1890 1787/1787
f 1872/1872 1627/1627 1889/1889
f 1872/1872 1855/1855 1893/1893
f 1873/1873 1748/1748 1888/1888
f 1873/1873 1774/1774 1748/1748
f 1874/1874 1786/1786 1922/1922
f 1874/1874 1803/1803 1786/1786
f 1874/1874 1922/1922 1869/1869
f 1875/1875 1424/1424 1868/1868
f 1875/1875 1431/1431 1840/1840
f 1875/1875 1840/1840 1902/1902
f 1875/1875 1898/1898 1990/1990
f 1876/1876 1879/1879 1651/1651
f 1876/1876 2025/2025 2094/2094
f 1876/1876 2094/2094 1781/1781
f 1877/1877 1802/1802 1826/1826
f 1877/1877 1826/1826 1914/1914
f 1877/1877 1914/1914 1810/1810
f 1878/1878 1701/1701 1667/1667
f 1879/1879 1688/1688 1631/1631
f 1879/1879 1811/1811 1830/1830
f 1879/1879 1830/1830 1899/1899
f 1880/1880 1784/1784 1894/1894
f 1881/1881 1858/1858 1973/1973
f 1881/1881 1950/1950 1858/1858
f 1882/1882 1648/1648 1739/1739
f 1882/1882 1739/1739 2178/2178
f 1882/1882 1819/1819 1648/1648
f 1882/1882 2178/2178 1972/1972
f 1883/1883 1928/1928 1695/1695
f 1885/1885 1805/1805 1845/1845
f 1886/1886 1747/1747 1814/1814
f 1886/1886 1814/1814 1953/1953
f 1887/1887 1672/1672 1750/1750
f 1887/1887 1736/1736 1672/1672
f 1887/1887 1750/1750 1467/1467
f 1887/1887 1776/1776 1736/1736
f 1888/1888 1774/1774 1873/1873
f 1888/1888 1909/1909 1784/1784
f 1889/1889 1788/1788 1798/1798
f 1889/1889 1798/1798 1872/1872
f 1889/1889 2103/2103 1788/1788
f 1890/1890 1792/1792 1846/1846
f 1890/1890 1871/1871 1792/1792
f 1890/1890 1906/1906 1787/1787
f 1891/1891 1808/1808 1791/1791
f 1892/1892 1652/1652 2242/2242
f 1892/1892 1803/1803 1874/1874
f 1893/1893 1855/1855 1797/1797
f 1894/1894 271/271 1958/1958
f 1894/1894 1314/1314 936/936
f 1894/1894 1888/1888 1880/1880
f 1894/1894 1958/1958 1848/1848
f 1895/1895 1835/1835 1934/1934
f 1895/1895 1934/1934 1849/1849
f 1896/1896 1806/1806 1717/1717
f 1897/1897 1825/1825 1921/1921
f 1897/1897 1921/1921 1989/1989
f 1898/1898 1875/1875 1809/1809
f 1899/1899 1925/1925 1674/1674
f 1900/1900 1908/1908 2021/2021
f 1901/1901 1681/1681 1924/1924
f 1901/1901 1799/1799 1796/1796
f 1901/1901 1924/1924 1782/1782
f 1902/1902 1809/1809 1875/1875
f 1904/1904 1799/1799 2015/2015
f 1904/1904 2015/2015 1867/1867
f 1905/1905 1922/1922 1803/1803
f 1906/1906 1822/1822 1929/1929
f 1906/1906 1846/1846 1929/1929
f 1906/1906 1890/1890 1846/1846
f 1906/1906 1929/1929 1843/1843
f 1907/1907 301/301 393/393
f 1907/1907 858/858 1919/1919
f 1907/1907 1412/1412 858/858
f 1909/1909 1888/1888 1894/1894
f 1909/1909 1894/1894 1848/1848
f 1910/1910 1473/1473 1923/1923
f 1910/1910 1849/1849 1473/1473
f 1910/1910 1923/1923 1832/1832
f 1911/1911 1715/1715 1937/1937
f 1911/1911 1729/1729 1715/1715
f 1912/1912 1859/1859 1379/1379
f 1914/1914 1826/1826 1852/1852
f 1915/1915 1655/1655 1738/1738
f 1915/1915 1738/1738 1801/1801
f 1916/1916 1693/1693 2292/2292
f 1917/1917 1701/1701 1780/1780
f 1918/1918 391/391 1785/1785
f 1919/1919 828/828 1425/1425
f 1919/1919 858/858 828/828
f 1919/1919 1425/1425 1907/1907
f 1920/1920 1892/1892 1959/1959
f 1920/1920 1988/1988 1847/1847
f 1921/1921 1770/1770 1853/1853
f 1921/1921 1825/1825 1897/1897
f 1921/1921 1897/1897 1989/1989
f 1922/1922 1786/1786 1803/1803
f 1924/1924 1681/1681 1662/1662
f 1924/1924 1860/1860 1866/1866
f 1924/1924 1866/1866 1782/1782
f 1925/1925 1696/1696 1674/1674
f 1926/1926 1705/1705 1844/1844
f 1926/1926 1844/1844 1815/1815
f 1926/1926 1844/1844 2082/2082
f 1927/1927 274/274 1955/1955
f 1928/1928 1883/1883 1982/1982
f 1929/1929 1719/1719 1640/1640
f 1929/1929 1828/1828 1843/1843
f 1929/1929 1846/1846 1906/1906
f 1930/1930 1795/1795 1712/1712
f 1931/1931 1684/1684 1914/1914
f 1931/1931 1852/1852 1753/1753
f 1931/1931 1852/1852 1826/1826
f 1932/1932 1336/1336 1379/1379
f 1932/1932 1493/1493 1421/1421
f 1932/1932 1731/1731 1913/1913
f 1932/1932 1859/1859 1421/1421
f 1932/1932 1913/1913 1827/1827
f 1933/1933 1814/1814 1837/1837
f 1933/1933 1837/1837 1814/1814
f 1933/1933 1912/1912 1405/1405
f 1934/1934 1676/1676 2147/2147
f 1934/1934 1832/1832 1820/1820
f 1935/1935 1622/1622 1836/1836
f 1936/1936 362/362 384/384
f 1937/1937 1795/1795 2071/2071
f 1938/1938 1972/1972 2193/2193
f 1939/1939 2005/2005 2071/2071
f 1940/1940 1983/1983 2046/2046
f 1940/1940 2286/2286 2418/2418
f 1940/1940 2418/2418 2593/2593
f 1941/1941 1969/1969 2241/2241
f 1941/1941 2095/2095 1969/1969
f 1941/1941 2180/2180 2104/2104
f 1941/1941 2241/2241 2180/2180
f 1942/1942 216/216 2017/2017
f 1942/1942 272/272 216/216
f 1942/1942 1968/1968 1948/1948
f 1942/1942 1971/1971 272/272
f 1942/1942 2017/2017 2093/2093
f 1943/1943 1323/1323 1334/1334
f 1944/1944 2083/2083 2016/2016
f 1944/1944 2299/2299 2227/2227
f 1945/1945 2196/2196 2321/2321
f 1946/1946 2132/2132 2289/2289
f 1946/1946 2289/2289 2124/2124
f 1947/1947 2045/2045 2055/2055
f 1947/1947 2055/2055 2020/2020
f 1947/1947 2197/2197 2296/2296
f 1948/1948 1968/1968 2228/2228
f 1948/1948 2028/2028 1942/1942
f 1948/1948 2211/2211 2098/2098
f 1949/1949 200/200 265/265
f 1949/1949 265/265 200/200
f 1950/1950 1973/1973 1858/1858
f 1951/1951 1321/1321 1966/1966
f 1951/1951 1966/1966 2048/2048
f 1951/1951 2022/2022 1321/1321
f 1951/1951 2059/2059 2038/2038
f 1952/1952 2185/2185 2100/2100
f 1953/1953 1658/1658 1886/1886
f 1953/1953 1933/1933 2062/2062
f 1953/1953 2038/2038 1974/1974
f 1953/1953 2062/2062 1974/1974
f 1953/1953 2062/2062 2038/2038
f 1955/1955 260/260 1984/1984
f 1955/1955 1361/1361 1927/1927
f 1956/1956 1985/1985 2221/2221
f 1957/1957 1972/1972 2060/2060
f 1957/1957 2060/2060 2239/2239
f 1957/1957 2108/2108 1972/1972
f 1958/1958 250/250 1979/1979
f 1958/1958 271/271 250/250
f 1958/1958 1314/1314 1894/1894
f 1958/1958 1327/1327 1314/1314
f 1958/1958 1894/1894 1834/1834
f 1958/1958 1979/1979 1327/1327
f 1959/1959 1988/1988 1920/1920
f 1960/1960 1268/1268 2106/2106
f 1960/1960 1980/1980 1268/1268
f 1961/1961 1868/1868 1424/1424
f 1961/1961 1981/1981 2070/2070
f 1962/1962 1982/1982 1883/1883
f 1963/1963 1311/1311 2072/2072
f 1963/1963 2006/2006 2069/2069
f 1963/1963 2222/2222 1311/1311
f 1964/1964 1946/1946 2096/2096
f 1964/1964 2110/2110 1946/1946
f 1965/1965 1977/1977 2068/2068
f 1966/1966 2048/2048 1951/1951
f 1967/1967 2047/2047 1944/1944
f 1967/1967 2111/2111 2047/2047
f 1967/1967 2227/2227 2245/2245
f 1968/1968 1942/1942 2029/2029
f 1968/1968 2029/2029 2093/2093
f 1969/1969 2004/2004 2215/2215
f 1969/1969 2081/2081 2057/2057
f 1971/1971 1942/1942 2028/2028
f 1972/1972 1739/1739 1764/1764
f 1972/1972 1764/1764 2193/2193
f 1972/1972 1938/1938 2060/2060
f 1972/1972 2042/2042 2060/2060
f 1972/1972 2108/2108 2077/2077
f 1973/1973 1950/1950 2107/2107
f 1973/1973 2270/2270 1673/1673
f 1974/1974 2038/2038 1996/1996
f 1974/1974 2230/2230 1953/1953
f 1974/1974 2251/2251 2230/2230
f 1975/1975 1839/1839 2189/2189
f 1975/1975 2019/2019 2109/2109
f 1976/1976 1867/1867 2015/2015
f 1976/1976 2015/2015 2123/2123
f 1976/1976 2076/2076 2236/2236
f 1976/1976 2123/2123 2183/2183
f 1977/1977 1965/1965 2561/2561
f 1978/1978 1994/1994 2054/2054
f 1978/1978 2054/2054 1794/1794
f 1978/1978 2101/2101 2274/2274
f 1978/1978 2274/2274 1994/1994
f 1980/1980 1960/1960 2050/2050
f 1980/1980 2010/2010 1332/1332
f 1980/1980 2050/2050 2031/2031
f 1981/1981 1961/1961 2033/2033
f 1981/1981 2033/2033 2055/2055
f 1981/1981 2055/2055 2045/2045
f 1982/1982 1962/1962 2049/2049
f 1983/1983 2548/2548 2001/2001
f 1984/1984 260/260 241/241
f 1984/1984 1310/1310 1955/1955
f 1985/1985 2191/2191 2221/2221
f 1986/1986 1803/1803 2110/2110
f 1986/1986 1922/1922 1905/1905
f 1986/1986 1964/1964 2096/2096
f 1986/1986 2065/2065 2013/2013
f 1986/1986 2096/2096 2065/2065
f 1987/1987 1352/1352 2047/2047
f 1988/1988 1959/1959 2295/2295
f 1988/1988 2295/2295 1956/1956
f 1990/1990 1898/1898 1833/1833
f 1990/1990 1954/1954 1875/1875
f 1990/1990 2077/2077 2018/2018
f 1990/1990 2092/2092 1954/1954
f 1991/1991 2023/2023 2280/2280
f 1991/1991 2050/2050 2106/2106
f 1991/1991 2079/2079 2023/2023
f 1991/1991 2158/2158 2050/2050
f 1991/1991 2275/2275 2158/2158
f 1992/1992 2016/2016 2103/2103
f 1992/1992 2261/2261 2299/2299
f 1993/1993 2038/2038 2062/2062
f 1994/1994 1997/1997 2082/2082
f 1996/1996 2059/2059 2048/2048
f 1996/1996 2258/2258 1974/1974
f 1997/1997 1994/1994 2080/2080
f 1997/1997 2235/2235 1926/1926
f 1998/1998 2240/2240 2160/2160
f 1998/1998 2256/2256 1952/1952
f 1998/1998 2282/2282 2256/2256
f 1999/1999 2086/2086 2017/2017
f 2000/2000 2049/2049 2165/2165
f 2000/2000 2087/2087 2109/2109
f 2001/2001 2051/2051 1983/1983
f 2001/2001 2075/2075 2051/2051
f 2001/2001 2548/2548 2024/2024
f 2002/2002 1348/1348 1933/1933
f 2002/2002 1933/1933 1405/1405
f 2003/2003 2021/2021 2074/2074
f 2003/2003 2101/2101 2021/2021
f 2003/2003 2213/2213 2006/2006
f 2004/2004 1969/1969 2057/2057
f 2004/2004 2014/2014 2215/2215
f 2004/2004 2057/2057 2144/2144
f 2004/2004 2144/2144 2268/2268
f 2004/2004 2268/2268 2014/2014
f 2004/2004 2268/2268 2057/2057
f 2005/2005 1911/1911 1937/1937
f 2005/2005 1937/1937 2026/2026
f 2005/2005 1937/1937 2071/2071
f 2005/2005 1939/1939 2056/2056
f 2005/2005 2026/2026 1911/1911
f 2006/2006 2072/2072 2099/2099
f 2006/2006 2186/2186 2069/2069
f 2006/2006 2253/2253 2003/2003
f 2007/2007 202/202 2521/2521
f 2007/2007 2068/2068 202/202
f 2007/2007 2521/2521 2661/2661
f 2008/2008 2040/2040 1950/1950
f 2008/2008 2040/2040 2107/2107
f 2008/2008 2107/2107 2040/2040
f 2009/2009 1948/1948 2098/2098
f 2009/2009 1984/1984 211/211
f 2009/2009 2061/2061 1984/1984
f 2009/2009 2098/2098 2061/2061
f 2010/2010 1980/1980 2031/2031
f 2010/2010 2263/2263 2217/2217
f 2011/2011 1908/1908 1900/1900
f 2011/2011 2067/2067 2118/2118
f 2012/2012 1928/1928 1982/1982
f 2013/2013 1783/1783 1922/1922
f 2013/2013 1922/1922 1986/1986
f 2013/2013 2036/2036 2158/2158
f 2013/2013 2065/2065 2036/2036
f 2013/2013 2158/2158 2275/2275
f 2013/2013 2275/2275 1783/1783
f 2014/2014 2044/2044 270/270
f 2014/2014 2268/2268 2044/2044
f 2015/2015 2284/2284 2123/2123
f 2016/2016 1992/1992 2299/2299
f 2018/2018 2077/2077 2108/2108
f 2018/2018 2108/2108 1990/1990
f 2019/2019 1975/1975 2252/2252
f 2019/2019 2283/2283 2000/2000
f 2020/2020 2134/2134 2259/2259
f 2021/2021 1836/1836 2074/2074
f 2021/2021 2101/2101 1978/1978
f 2022/2022 1355/1355 1321/1321
f 2022/2022 2038/2038 1355/1355
f 2024/2024 2037/2037 1952/1952
f 2024/2024 2100/2100 2001/2001
f 2024/2024 2548/2548 2502/2502
f 2025/2025 2128/2128 2094/2094
f 2026/2026 1661/1661 1911/1911
f 2026/2026 1937/1937 2005/2005
f 2026/2026 2287/2287 1661/1661
f 2027/2027 2222/2222 1963/1963
f 2028/2028 247/247 1971/1971
f 2028/2028 1948/1948 2009/2009
f 2029/2029 1942/1942 2093/2093
f 2030/2030 1954/1954 2092/2092
f 2030/2030 2092/2092 1300/1300
f 2032/2032 1982/1982 2049/2049
f 2034/2034 1799/1799 2052/2052
f 2034/2034 2052/2052 2259/2259
f 2034/2034 2259/2259 2284/2284
f 2035/2035 2155/2155 2293/2293
f 2036/2036 2065/2065 2158/2158
f 2037/2037 1998/1998 1952/1952
f 2037/2037 2024/2024 2502/2502
f 2037/2037 2078/2078 1998/1998
f 2038/2038 1993/1993 1355/1355
f 2038/2038 2022/2022 1951/1951
f 2039/2039 2005/2005 2056/2056
f 2039/2039 2026/2026 2005/2005
f 2039/2039 2143/2143 2115/2115
f 2039/2039 2287/2287 2026/2026
f 2040/2040 2058/2058 2140/2140
f 2040/2040 2107/2107 1950/1950
f 2041/2041 1977/1977 2561/2561
f 2041/2041 2068/2068 1977/1977
f 2041/2041 2561/2561 2681/2681
f 2042/2042 2060/2060 1938/1938
f 2042/2042 2191/2191 2146/2146
f 2042/2042 2193/2193 2221/2221
f 2042/2042 2221/2221 2102/2102
f 2043/2043 1943/1943 1970/1970
f 2043/2043 1970/1970 2111/2111
f 2045/2045 1947/1947 2070/2070
f 2046/2046 2208/2208 2286/2286
f 2046/2046 2286/2286 1940/1940
f 2047/2047 2111/2111 2145/2145
f 2047/2047 2145/2145 1987/1987
f 2048/2048 1966/1966 1951/1951
f 2048/2048 1966/1966 2217/2217
f 2048/2048 2217/2217 2263/2263
f 2048/2048 2289/2289 1996/1996
f 2049/2049 2181/2181 2290/2290
f 2049/2049 2283/2283 2032/2032
f 2049/2049 2290/2290 2181/2181
f 2050/2050 1960/1960 2106/2106
f 2051/2051 2046/2046 1983/1983
f 2052/2052 1857/1857 2091/2091
f 2052/2052 2091/2091 2197/2197
f 2053/2053 2143/2143 2125/2125
f 2053/2053 2166/2166 35/35
f 2054/2054 1861/1861 1978/1978
f 2054/2054 1978/1978 1861/1861
f 2055/2055 2033/2033 2172/2172
f 2056/2056 1939/1939 2104/2104
f 2056/2056 2143/2143 2039/2039
f 2057/2057 2268/2268 2004/2004
f 2059/2059 1951/1951 2048/2048
f 2059/2059 1996/1996 2038/2038
f 2060/2060 2042/2042 1972/1972
f 2060/2060 2042/2042 2239/2239
f 2061/2061 1310/1310 1984/1984
f 2061/2061 2098/2098 1231/1231
f 2062/2062 1271/1271 1345/1345
f 2062/2062 1345/1345 1355/1355
f 2062/2062 1348/1348 1271/1271
f 2062/2062 1355/1355 1993/1993
f 2062/2062 1933/1933 2002/2002
f 2062/2062 1953/1953 1974/1974
f 2062/2062 2002/2002 1348/1348
f 2063/2063 1265/1265 1270/1270
f 2063/2063 1944/1944 2047/2047
f 2063/2063 2083/2083 1944/1944
f 2064/2064 1943/1943 2043/2043
f 2064/2064 2122/2122 2149/2149
f 2064/2064 2294/2294 1943/1943
f 2065/2065 2031/2031 2050/2050
f 2067/2067 2011/2011 1794/1794
f 2067/2067 2089/2089 2276/2276
f 2067/2067 2276/2276 2118/2118
f 2068/2068 4/4 202/202
f 2068/2068 2583/2583 1965/1965
f 2068/2068 2661/2661 2583/2583
f 2069/2069 2171/2171 2085/2085
f 2069/2069 2186/2186 2171/2171
f 2070/2070 1664/1664 1806/1806
f 2070/2070 1806/1806 1868/1868
f 2070/2070 1868/1868 1961/1961
f 2070/2070 1947/1947 2296/2296
f 2070/2070 1981/1981 2045/2045
f 2071/2071 1795/1795 2095/2095
f 2072/2072 1311/1311 1326/1326
f 2072/2072 1313/1313 2099/2099
f 2072/2072 1326/1326 1313/1313
f 2072/2072 2006/2006 1963/1963
f 2073/2073 2101/2101 2003/2003
f 2074/2074 1821/1821 2097/2097
f 2074/2074 2213/2213 2003/2003
f 2075/2075 2001/2001 2100/2100
f 2075/2075 2024/2024 2100/2100
f 2075/2075 2100/2100 2024/2024
f 2075/2075 2205/2205 2051/2051
f 2076/2076 1976/1976 2183/2183
f 2076/2076 2046/2046 2152/2152
f 2077/2077 1819/1819 1972/1972
f 2077/2077 1990/1990 1819/1819
f 2078/2078 2240/2240 2656/2656
f 2078/2078 2656/2656 2240/2240
f 2079/2079 1991/1991 2106/2106
f 2080/2080 1994/1994 2154/2154
f 2080/2080 2171/2171 2235/2235
f 2081/2081 1969/1969 2095/2095
f 2081/2081 2095/2095 1818/1818
f 2082/2082 1794/1794 2054/2054
f 2082/2082 1997/1997 1926/1926
f 2082/2082 2054/2054 1994/1994
f 2083/2083 1270/1270 1287/1287
f 2083/2083 1287/1287 1309/1309
f 2084/2084 1281/1281 1932/1932
f 2084/2084 1647/1647 2232/2232
f 2084/2084 1850/1850 1827/1827
f 2085/2085 1963/1963 2069/2069
f 2085/2085 2027/2027 1963/1963
f 2085/2085 2080/2080 2154/2154
f 2085/2085 2154/2154 2222/2222
f 2085/2085 2171/2171 2080/2080
f 2085/2085 2222/2222 2027/2027
f 2086/2086 2049/2049 2181/2181
f 2086/2086 2165/2165 2049/2049
f 2087/2087 161/161 367/367
f 2087/2087 2000/2000 2165/2165
f 2087/2087 2086/2086 1999/1999
f 2087/2087 2165/2165 2086/2086
f 2088/2088 2236/2236 2255/2255
f 2088/2088 2255/2255 1655/1655
f 2089/2089 1630/1630 2254/2254
f 2090/2090 2107/2107 2195/2195
f 2090/2090 2149/2149 1973/1973
f 2093/2093 2017/2017 2086/2086
f 2093/2093 2269/2269 1968/1968
f 2094/2094 2025/2025 1781/1781
f 2094/2094 2240/2240 2078/2078
f 2094/2094 2624/2624 1781/1781
f 2095/2095 1939/1939 2071/2071
f 2095/2095 1941/1941 2104/2104
f 2095/2095 2104/2104 1939/1939
f 2096/2096 1946/1946 2124/2124
f 2096/2096 2031/2031 2065/2065
f 2096/2096 2031/2031 2210/2210
f 2096/2096 2048/2048 2210/2210
f 2096/2096 2124/2124 2048/2048
f 2096/2096 2210/2210 2031/2031
f 2096/2096 2210/2210 2065/2065
f 2097/2097 2213/2213 2074/2074
f 2100/2100 2024/2024 1952/1952
f 2102/2102 2191/2191 2042/2042
f 2102/2102 2221/2221 2191/2191
f 2103/2103 1889/1889 1992/1992
f 2103/2103 2016/2016 2083/2083
f 2105/2105 2041/2041 2681/2681
f 2106/2106 1268/1268 1366/1366
f 2107/2107 2090/2090 1973/1973
f 2108/2108 1957/1957 2239/2239
f 2108/2108 2092/2092 1990/1990
f 2108/2108 2179/2179 2200/2200
f 2108/2108 2200/2200 2092/2092
f 2109/2109 2019/2019 2000/2000
f 2109/2109 2087/2087 367/367
f 2110/2110 1847/1847 2132/2132
f 2110/2110 1964/1964 1986/1986
f 2111/2111 1967/1967 2245/2245
f 2111/2111 1970/1970 1987/1987
f 2111/2111 1987/1987 2145/2145
f 2113/2113 2107/2107 2040/2040
f 2113/2113 2195/2195 2107/2107
f 2113/2113 2250/2250 2273/2273
f 2114/2114 2142/2142 2238/2238
f 2115/2115 1995/1995 2292/2292
f 2115/2115 2053/2053 1995/1995
f 2115/2115 2143/2143 2053/2053
f 2115/2115 2287/2287 2039/2039
f 2116/2116 1664/1664 2291/2291
f 2116/2116 2291/2291 2268/2268
f 2117/2117 1686/1686 1707/1707
f 2117/2117 1707/1707 2012/2012
f 2117/2117 1982/1982 2283/2283
f 2117/2117 2012/2012 1982/1982
f 2117/2117 2283/2283 2252/2252
f 2119/2119 1710/1710 1535/1535
f 2119/2119 2246/2246 2269/2269
f 2119/2119 2269/2269 2198/2198
f 2120/2120 2073/2073 2253/2253
f 2120/2120 2101/2101 2073/2073
f 2120/2120 2141/2141 2253/2253
f 2120/2120 2207/2207 2274/2274
f 2120/2120 2243/2243 2207/2207
f 2121/2121 1699/1699 2201/2201
f 2121/2121 2299/2299 2261/2261
f 2122/2122 2043/2043 2111/2111
f 2122/2122 2064/2064 2043/2043
f 2122/2122 2199/2199 2298/2298
f 2122/2122 2226/2226 2298/2298
f 2123/2123 2225/2225 2267/2267
f 2123/2123 2284/2284 2225/2225
f 2125/2125 52/52 35/35
f 2125/2125 2056/2056 2104/2104
f 2125/2125 2143/2143 2056/2056
f 2126/2126 1652/1652 1724/1724
f 2126/2126 1724/1724 1671/1671
f 2127/2127 2046/2046 2051/2051
f 2127/2127 2051/2051 2205/2205
f 2127/2127 2152/2152 2046/2046
f 2127/2127 2205/2205 2220/2220
f 2128/2128 2240/2240 2094/2094
f 2128/2128 2265/2265 2282/2282
f 2128/2128 2282/2282 1998/1998
f 2130/2130 2162/2162 2233/2233
f 2132/2132 1708/1708 2167/2167
f 2132/2132 1946/1946 2110/2110
f 2133/2133 2006/2006 2099/2099
f 2133/2133 2099/2099 1313/1313
f 2133/2133 2141/2141 2253/2253
f 2133/2133 2214/2214 2141/2141
f 2134/2134 2020/2020 2055/2055
f 2134/2134 2055/2055 2172/2172
f 2134/2134 2172/2172 2238/2238
f 2134/2134 2238/2238 2142/2142
f 2135/2135 2146/2146 2191/2191
f 2135/2135 2173/2173 2239/2239
f 2135/2135 2191/2191 2260/2260
f 2135/2135 2312/2312 2378/2378
f 2135/2135 2356/2356 2173/2173
f 2135/2135 2378/2378 2356/2356
f 2136/2136 1677/1677 2262/2262
f 2136/2136 1733/1733 1677/1677
f 2136/2136 1821/1821 1733/1733
f 2136/2136 2213/2213 2097/2097
f 2137/2137 1703/1703 2157/2157
f 2137/2137 2157/2157 1732/1732
f 2137/2137 2292/2292 1693/1693
f 2139/2139 78/78 2209/2209
f 2139/2139 131/131 78/78
f 2140/2140 2113/2113 2040/2040
f 2140/2140 2250/2250 2113/2113
f 2140/2140 2297/2297 2231/2231
f 2141/2141 2120/2120 2253/2253
f 2141/2141 2214/2214 2243/2243
f 2141/2141 2243/2243 2120/2120
f 2142/2142 2114/2114 2359/2359
f 2142/2142 2257/2257 2134/2134
f 2142/2142 2259/2259 2257/2257
f 2142/2142 2330/2330 2192/2192
f 2144/2144 1717/1717 2116/2116
f 2144/2144 2116/2116 2268/2268
f 2146/2146 2135/2135 2218/2218
f 2146/2146 2218/2218 2239/2239
f 2146/2146 2239/2239 2042/2042
f 2147/2147 1832/1832 1934/1934
f 2149/2149 2090/2090 2064/2064
f 2149/2149 2122/2122 2270/2270
f 2150/2150 1232/1232 2228/2228
f 2152/2152 2127/2127 2255/2255
f 2154/2154 1994/1994 2244/2244
f 2154/2154 2244/2244 2274/2274
f 2156/2156 4/4 108/108
f 2156/2156 108/108 26/26
f 2157/2157 1703/1703 1624/1624
f 2157/2157 2088/2088 1732/1732
f 2157/2157 2236/2236 2088/2088
f 2158/2158 2065/2065 2050/2050
f 2159/2159 1652/1652 2126/2126
f 2159/2159 2196/2196 2295/2295
f 2159/2159 2242/2242 1652/1652
f 2159/2159 2321/2321 2196/2196
f 2159/2159 2347/2347 2321/2321
f 2160/2160 2128/2128 1998/1998
f 2162/2162 2132/2132 1706/1706
f 2163/2163 96/96 2087/2087
f 2163/2163 2087/2087 1999/1999
f 2164/2164 2121/2121 2261/2261
f 2164/2164 2261/2261 1746/1746
f 2166/2166 2053/2053 2125/2125
f 2168/2168 1665/1665 1756/1756
f 2168/2168 2248/2248 4564/4564
f 2168/2168 4562/4562 1756/1756
f 2168/2168 4564/4564 4581/4581
f 2168/2168 4581/4581 4562/4562
f 2169/2169 2268/2268 2291/2291
f 2169/2169 2291/2291 2138/2138
f 2170/2170 2229/2229 1633/1633
f 2172/2172 1177/1177 2238/2238
f 2172/2172 1241/1241 1177/1177
f 2173/2173 1165/1165 2272/2272
f 2173/2173 2356/2356 672/672
f 2175/2175 1741/1741 1636/1636
f 2175/2175 2201/2201 1758/1758
f 2175/2175 2245/2245 2201/2201
f 2176/2176 1334/1334 1352/1352
f 2176/2176 1352/1352 1987/1987
f 2176/2176 1970/1970 1334/1334
f 2176/2176 1987/1987 1970/1970
f 2179/2179 1150/1150 2200/2200
f 2179/2179 2239/2239 2272/2272
f 2180/2180 2125/2125 2104/2104
f 2180/2180 2241/2241 102/102
f 2181/2181 2093/2093 2086/2086
f 2181/2181 2184/2184 2285/2285
f 2182/2182 2064/2064 2090/2090
f 2182/2182 2195/2195 2273/2273
f 2182/2182 2294/2294 2064/2064
f 2183/2183 2123/2123 2267/2267
f 2183/2183 2208/2208 2076/2076
f 2184/2184 1736/1736 2198/2198
f 2184/2184 1962/1962 1736/1736
f 2184/2184 2181/2181 2290/2290
f 2184/2184 2290/2290 1962/1962
f 2185/2185 1952/1952 2256/2256
f 2185/2185 2256/2256 2266/2266
f 2185/2185 2266/2266 2278/2278
f 2185/2185 2278/2278 2205/2205
f 2186/2186 2213/2213 2262/2262
f 2188/2188 1983/1983 2051/2051
f 2188/2188 2051/2051 1983/1983
f 2189/2189 1751/1751 2279/2279
f 2190/2190 1730/1730 2164/2164
f 2190/2190 2164/2164 1746/1746
f 2190/2190 2202/2202 2265/2265
f 2191/2191 2203/2203 2288/2288
f 2192/2192 2259/2259 2142/2142
f 2192/2192 2284/2284 2259/2259
f 2192/2192 2330/2330 2204/2204
f 2193/2193 1708/1708 2130/2130
f 2193/2193 1764/1764 2130/2130
f 2193/2193 2042/2042 1938/1938
f 2193/2193 2130/2130 2221/2221
f 2194/2194 2135/2135 2260/2260
f 2194/2194 2312/2312 2135/2135
f 2195/2195 2113/2113 2273/2273
f 2195/2195 2182/2182 2090/2090
f 2196/2196 1945/1945 2288/2288
f 2196/2196 2288/2288 1956/1956
f 2197/2197 1947/1947 2257/2257
f 2197/2197 2091/2091 1743/1743
f 2197/2197 2257/2257 2052/2052
f 2198/2198 1776/1776 2119/2119
f 2198/2198 2269/2269 2184/2184
f 2199/2199 2122/2122 2111/2111
f 2201/2201 1699/1699 1758/1758
f 2201/2201 2227/2227 2121/2121
f 2202/2202 1746/1746 1772/1772
f 2202/2202 1772/1772 2151/2151
f 2202/2202 2151/2151 2256/2256
f 2202/2202 2256/2256 2282/2282
f 2203/2203 1956/1956 2288/2288
f 2203/2203 1985/1985 1956/1956
f 2203/2203 2191/2191 1985/1985
f 2204/2204 2284/2284 2192/2192
f 2204/2204 2305/2305 2225/2225
f 2205/2205 2075/2075 2100/2100
f 2205/2205 2100/2100 2185/2185
f 2205/2205 2278/2278 2266/2266
f 2207/2207 1151/1151 1208/1208
f 2208/2208 2046/2046 2076/2076
f 2208/2208 2076/2076 2183/2183
f 2208/2208 2183/2183 2076/2076
f 2209/2209 4/4 2156/2156
f 2209/2209 2156/2156 2237/2237
f 2209/2209 2254/2254 2139/2139
f 2210/2210 2010/2010 2031/2031
f 2210/2210 2031/2031 2096/2096
f 2210/2210 2048/2048 2263/2263
f 2210/2210 2096/2096 2065/2065
f 2211/2211 1217/1217 1231/1231
f 2211/2211 1231/1231 2098/2098
f 2211/2211 1948/1948 2228/2228
f 2212/2212 2131/2131 2161/2161
f 2212/2212 2161/2161 2131/2131
f 2213/2213 2186/2186 2006/2006
f 2214/2214 1201/1201 1248/1248
f 2214/2214 1233/1233 2243/2243
f 2214/2214 2133/2133 1201/1201
f 2215/2215 2004/2004 2014/2014
f 2215/2215 2014/2014 115/115
f 2215/2215 2014/2014 2004/2004
f 2215/2215 2241/2241 1969/1969
f 2216/2216 2206/2206 2280/2280
f 2216/2216 2280/2280 2023/2023
f 2217/2217 1966/1966 1362/1362
f 2218/2218 2135/2135 2239/2239
f 2220/2220 1626/1626 1655/1655
f 2220/2220 1655/1655 2255/2255
f 2220/2220 2255/2255 2127/2127
f 2220/2220 2278/2278 1626/1626
f 2221/2221 2130/2130 2233/2233
f 2222/2222 2154/2154 2274/2274
f 2222/2222 2207/2207 1208/1208
f 2222/2222 2274/2274 2207/2207
f 2223/2223 1659/1659 1726/1726
f 2223/2223 1659/1659 2237/2237
f 2223/2223 1726/1726 2237/2237
f 2224/2224 2148/2148 2112/2112
f 2224/2224 2247/2247 2148/2148
f 2225/2225 2284/2284 2204/2204
f 2225/2225 2305/2305 2484/2484
f 2225/2225 2484/2484 2443/2443
f 2226/2226 1636/1636 2298/2298
f 2226/2226 2122/2122 2199/2199
f 2226/2226 2175/2175 1636/1636
f 2226/2226 2199/2199 2245/2245
f 2226/2226 2245/2245 2175/2175
f 2227/2227 1967/1967 1944/1944
f 2227/2227 2299/2299 2121/2121
f 2228/2228 1157/1157 1217/1217
f 2228/2228 1217/1217 2211/2211
f 2228/2228 1968/1968 2246/2246
f 2228/2228 2119/2119 2150/2150
f 2231/2231 1148/1148 2250/2250
f 2231/2231 1240/1240 1148/1148
f 2231/2231 2250/2250 2140/2140
f 2232/2232 1634/1634 1654/1654
f 2232/2232 2219/2219 1634/1634
f 2233/2233 1847/1847 1988/1988
f 2233/2233 1956/1956 2221/2221
f 2233/2233 1988/1988 1956/1956
f 2234/2234 2129/2129 2174/2174
f 2234/2234 2174/2174 2129/2129
f 2235/2235 1677/1677 1926/1926
f 2235/2235 1997/1997 2080/2080
f 2235/2235 2171/2171 2186/2186
f 2235/2235 2186/2186 2262/2262
f 2235/2235 2262/2262 1677/1677
f 2236/2236 2157/2157 1624/1624
f 2237/2237 26/26 49/49
f 2237/2237 49/49 1659/1659
f 2237/2237 1659/1659 2223/2223
f 2237/2237 2118/2118 2209/2209
f 2238/2238 1177/1177 3291/3291
f 2238/2238 2388/2388 2114/2114
f 2239/2239 2173/2173 2272/2272
f 2239/2239 2179/2179 2108/2108
f 2240/2240 1998/1998 2078/2078
f 2240/2240 2078/2078 2037/2037
f 2240/2240 2078/2078 2656/2656
f 2240/2240 2128/2128 2160/2160
f 2240/2240 2474/2474 2656/2656
f 2240/2240 2656/2656 2078/2078
f 2240/2240 2656/2656 2474/2474
f 2241/2241 2215/2215 102/102
f 2242/2242 1625/1625 1652/1652
f 2242/2242 1652/1652 1625/1625
f 2242/2242 1959/1959 1892/1892
f 2242/2242 2159/2159 2295/2295
f 2243/2243 1151/1151 2207/2207
f 2245/2245 2199/2199 2111/2111
f 2245/2245 2227/2227 2201/2201
f 2246/2246 2119/2119 2228/2228
f 2247/2247 2112/2112 2148/2148
f 2247/2247 2224/2224 2112/2112
f 2248/2248 1665/1665 2147/2147
f 2248/2248 1775/1775 1735/1735
f 2249/2249 1774/1774 2187/2187
f 2251/2251 1638/1638 1658/1658
f 2252/2252 1975/1975 2189/2189
f 2252/2252 2283/2283 2019/2019
f 2253/2253 2006/2006 2133/2133
f 2253/2253 2073/2073 2003/2003
f 2253/2253 2141/2141 2120/2120
f 2254/2254 1630/1630 1844/1844
f 2254/2254 2209/2209 2276/2276
f 2255/2255 2076/2076 2152/2152
f 2255/2255 2236/2236 2076/2076
f 2256/2256 2151/2151 2266/2266
f 2257/2257 1947/1947 2020/2020
f 2257/2257 2259/2259 2052/2052
f 2257/2257 2259/2259 2134/2134
f 2258/2258 1996/1996 2289/2289
f 2258/2258 2251/2251 1974/1974
f 2259/2259 2257/2257 2020/2020
f 2260/2260 2191/2191 2288/2288
f 2261/2261 1992/1992 1889/1889
f 2262/2262 2213/2213 2136/2136
f 2263/2263 2010/2010 2210/2210
f 2264/2264 1686/1686 2279/2279
f 2265/2265 1730/1730 2190/2190
f 2265/2265 1778/1778 1651/1651
f 2265/2265 2025/2025 1778/1778
f 2265/2265 2128/2128 2025/2025
f 2266/2266 2278/2278 2205/2205
f 2268/2268 2169/2169 2044/2044
f 2269/2269 2093/2093 2181/2181
f 2269/2269 2246/2246 1968/1968
f 2270/2270 1973/1973 2149/2149
f 2270/2270 2122/2122 2298/2298
f 2271/2271 2422/2422 2931/2931
f 2272/2272 1150/1150 2179/2179
f 2273/2273 1163/1163 1170/1170
f 2273/2273 2250/2250 1163/1163
f 2273/2273 2294/2294 2182/2182
f 2274/2274 2101/2101 2120/2120
f 2274/2274 2244/2244 1994/1994
f 2276/2276 2089/2089 2254/2254
f 2276/2276 2209/2209 2118/2118
f 2277/2277 2291/2291 1664/1664
f 2277/2277 2296/2296 1669/1669
f 2278/2278 1683/1683 1626/1626
f 2278/2278 2220/2220 2205/2205
f 2278/2278 2266/2266 1683/1683
f 2279/2279 1686/1686 2117/2117
f 2279/2279 2117/2117 2252/2252
f 2279/2279 2252/2252 2189/2189
f 2280/2280 2275/2275 1991/1991
f 2281/2281 1744/1744 1633/1633
f 2282/2282 2265/2265 2202/2202
f 2283/2283 1982/1982 2032/2032
f 2283/2283 2049/2049 2000/2000
f 2284/2284 2015/2015 2034/2034
f 2285/2285 2184/2184 2269/2269
f 2285/2285 2269/2269 2181/2181
f 2286/2286 2183/2183 2267/2267
f 2286/2286 2208/2208 2183/2183
f 2286/2286 2267/2267 2443/2443
f 2287/2287 2137/2137 1661/1661
f 2288/2288 2415/2415 2260/2260
f 2289/2289 2048/2048 2124/2124
f 2289/2289 2132/2132 2167/2167
f 2289/2289 2167/2167 2258/2258
f 2290/2290 2049/2049 1962/1962
f 2290/2290 2181/2181 2049/2049
f 2291/2291 2277/2277 1690/1690
f 2292/2292 1995/1995 1916/1916
f 2292/2292 2137/2137 2287/2287
f 2292/2292 2287/2287 2115/2115
f 2293/2293 2155/2155 2035/2035
f 2294/2294 1323/1323 1943/1943
f 2294/2294 2273/2273 1191/1191
f 2295/2295 1959/1959 2242/2242
f 2295/2295 1988/1988 2233/2233
f 2295/2295 2196/2196 1956/1956
f 2295/2295 2233/2233 1988/1988
f 2296/2296 2277/2277 2070/2070
f 2297/2297 2177/2177 2231/2231
f 2298/2298 1687/1687 2270/2270
f 2298/2298 2199/2199 2122/2122
f 2299/2299 1944/1944 2016/2016
f 2301/2301 2660/2660 2364/2364
f 2301/2301 3238/3238 2621/2621
f 2301/2301 3335/3335 3238/3238
f 2302/2302 2365/2365 2410/2410
f 2302/2302 2399/2399 2432/2432
f 2302/2302 2432/2432 2519/2519
f 2302/2302 2438/2438 2320/2320
f 2302/2302 2519/2519 2655/2655
f 2302/2302 2655/2655 2365/2365
f 2303/2303 2375/2375 2394/2394
f 2303/2303 2404/2404 2905/2905
f 2303/2303 2457/2457 2331/2331
f 2303/2303 2486/2486 2375/2375
f 2303/2303 2905/2905 2404/2404
f 2304/2304 2429/2429 2987/2987
f 2304/2304 2487/2487 3970/3970
f 2304/2304 2987/2987 2991/2991
f 2304/2304 3970/3970 4081/4081
f 2304/2304 4059/4059 2344/2344
f 2306/2306 2488/2488 2425/2425
f 2307/2307 2366/2366 2466/2466
f 2307/2307 3963/3963 2479/2479
f 2307/2307 4077/4077 3963/3963
f 2308/2308 2653/2653 2584/2584
f 2310/2310 2326/2326 4534/4534
f 2310/2310 2427/2427 2395/2395
f 2310/2310 2436/2436 2463/2463
f 2310/2310 2460/2460 2427/2427
f 2310/2310 2463/2463 2460/2460
f 2310/2310 4534/4534 4519/4519
f 2311/2311 2379/2379 2664/2664
f 2311/2311 2394/2394 2375/2375
f 2311/2311 2530/2530 2394/2394
f 2312/2312 2194/2194 2260/2260
f 2313/2313 2332/2332 2652/2652
f 2314/2314 2385/2385 2416/2416
f 2314/2314 2948/2948 2952/2952
f 2314/2314 2952/2952 2385/2385
f 2315/2315 2570/2570 2685/2685
f 2315/2315 2602/2602 2570/2570
f 2316/2316 2368/2368 2459/2459
f 2316/2316 2441/2441 2639/2639
f 2316/2316 2491/2491 2368/2368
f 2316/2316 2698/2698 2518/2518
f 2317/2317 2376/2376 2693/2693
f 2317/2317 2603/2603 2575/2575
f 2318/2318 2349/2349 2453/2453
f 2318/2318 2413/2413 2702/2702
f 2318/2318 2799/2799 2957/2957
f 2318/2318 2957/2957 3013/3013
f 2318/2318 3013/3013 2483/2483
f 2319/2319 2384/2384 2444/2444
f 2319/2319 2444/2444 2384/2384
f 2319/2319 2444/2444 2580/2580
f 2319/2319 4491/4491 2384/2384
f 2320/2320 2399/2399 2302/2302
f 2321/2321 2531/2531 2606/2606
f 2322/2322 2367/2367 2704/2704
f 2322/2322 2400/2400 2494/2494
f 2323/2323 2624/2624 2334/2334
f 2323/2323 3038/3038 2789/2789
f 2324/2324 2690/2690 2609/2609
f 2324/2324 2995/2995 2339/2339
f 2326/2326 2310/2310 2395/2395
f 2327/2327 2350/2350 3030/3030
f 2327/2327 3023/3023 2767/2767
f 2327/2327 3030/3030 2350/2350
f 2328/2328 2414/2414 2445/2445
f 2328/2328 2536/2536 2561/2561
f 2328/2328 2561/2561 2583/2583
f 2329/2329 2408/2408 2300/2300
f 2329/2329 4051/4051 2408/2408
f 2330/2330 2142/2142 2359/2359
f 2330/2330 2305/2305 2204/2204
f 2331/2331 2404/2404 2303/2303
f 2331/2331 2423/2423 2404/2404
f 2331/2331 2457/2457 2345/2345
f 2332/2332 2516/2516 2357/2357
f 2332/2332 2537/2537 2652/2652
f 2333/2333 2425/2425 2446/2446
f 2334/2334 2401/2401 2323/2323
f 2334/2334 2424/2424 2401/2401
f 2334/2334 2499/2499 2424/2424
f 2334/2334 2624/2624 2656/2656
f 2334/2334 2656/2656 2376/2376
f 2336/2336 2575/2575 2421/2421
f 2338/2338 2322/2322 2704/2704
f 2338/2338 2704/2704 2676/2676
f 2339/2339 2973/2973 2906/2906
f 2339/2339 2995/2995 2973/2973
f 2340/2340 2325/2325 3309/3309
f 2340/2340 2426/2426 2325/2325
f 2340/2340 3309/3309 3297/3297
f 2341/2341 2680/2680 2578/2578
f 2342/2342 2357/2357 2643/2643
f 2342/2342 2543/2543 2678/2678
f 2344/2344 2454/2454 2429/2429
f 2344/2344 2991/2991 2987/2987
f 2345/2345 2457/2457 2683/2683
f 2346/2346 2373/2373 2676/2676
f 2346/2346 2451/2451 2373/2373
f 2346/2346 2572/2572 2451/2451
f 2346/2346 2704/2704 2572/2572
f 2347/2347 2159/2159 2374/2374
f 2347/2347 2374/2374 2666/2666
f 2347/2347 2433/2433 2606/2606
f 2347/2347 2531/2531 2321/2321
f 2348/2348 2325/2325 2402/2402
f 2348/2348 2701/2701 2325/2325
f 2348/2348 3286/3286 2701/2701
f 2349/2349 2318/2318 2483/2483
f 2349/2349 2369/2369 2488/2488
f 2349/2349 2446/2446 2369/2369
f 2349/2349 2483/2483 2446/2446
f 2349/2349 2488/2488 2453/2453
f 2350/2350 2382/2382 3012/3012
f 2350/2350 3012/3012 3030/3030
f 2351/2351 2697/2697 2481/2481
f 2352/2352 2426/2426 3324/3324
f 2352/2352 3324/3324 3287/3287
f 2352/2352 4031/4031 4048/4048
f 2353/2353 2328/2328 2471/2471
f 2353/2353 2653/2653 2536/2536
f 2354/2354 3250/3250 2544/2544
f 2354/2354 3333/3333 3339/3339
f 2354/2354 3339/3339 3250/3250
f 2354/2354 3339/3339 3333/3333
f 2355/2355 2316/2316 2639/2639
f 2355/2355 2367/2367 2494/2494
f 2355/2355 2431/2431 2472/2472
f 2355/2355 2518/2518 2698/2698
f 2355/2355 2639/2639 2367/2367
f 2355/2355 2698/2698 2316/2316
f 2355/2355 2698/2698 2518/2518
f 2356/2356 2688/2688 3214/3214
f 2356/2356 3319/3319 672/672
f 2357/2357 2342/2342 2678/2678
f 2358/2358 2377/2377 3020/3020
f 2358/2358 2498/2498 2377/2377
f 2358/2358 2575/2575 2336/2336
f 2358/2358 3020/3020 3025/3025
f 2360/2360 2506/2506 2646/2646
f 2360/2360 2646/2646 4058/4058
f 2362/2362 4020/4020 2391/2391
f 2362/2362 4045/4045 2344/2344
f 2363/2363 2342/2342 2417/2417
f 2363/2363 2430/2430 2342/2342
f 2363/2363 2495/2495 2430/2430
f 2364/2364 2437/2437 2301/2301
f 2364/2364 2660/2660 2393/2393
f 2365/2365 2441/2441 2459/2459
f 2365/2365 2682/2682 2441/2441
f 2366/2366 2307/2307 2479/2479
f 2366/2366 2500/2500 2466/2466
f 2366/2366 3966/3966 4077/4077
f 2367/2367 2322/2322 2494/2494
f 2367/2367 2612/2612 2704/2704
f 2367/2367 2639/2639 2612/2612
f 2368/2368 2679/2679 2610/2610
f 2368/2368 3985/3985 2459/2459
f 2370/2370 2363/2363 2495/2495
f 2370/2370 2409/2409 2430/2430
f 2370/2370 2576/2576 2699/2699
f 2370/2370 2699/2699 2616/2616
f 2371/2371 2998/2998 3008/3008
f 2371/2371 3008/3008 2998/2998
f 2372/2372 2339/2339 2419/2419
f 2372/2372 2447/2447 2339/2339
f 2374/2374 2159/2159 2126/2126
f 2376/2376 2317/2317 2499/2499
f 2376/2376 2499/2499 2334/2334
f 2376/2376 2687/2687 2507/2507
f 2377/2377 2498/2498 2515/2515
f 2377/2377 2515/2515 2614/2614
f 2377/2377 2614/2614 3020/3020
f 2379/2379 2311/2311 2605/2605
f 2379/2379 2345/2345 2683/2683
f 2379/2379 2528/2528 2345/2345
f 2379/2379 2605/2605 2528/2528
f 2379/2379 2683/2683 2664/2664
f 2381/2381 2947/2947 2460/2460
f 2381/2381 3042/3042 2947/2947
f 2381/2381 3042/3042 2985/2985
f 2382/2382 2407/2407 3012/3012
f 2382/2382 2909/2909 2407/2407
f 2382/2382 3012/3012 2909/2909
f 2383/2383 2496/2496 2456/2456
f 2384/2384 2319/2319 2618/2618
f 2384/2384 2580/2580 2444/2444
f 2384/2384 2703/2703 2580/2580
f 2384/2384 4526/4526 2703/2703
f 2385/2385 2952/2952 3113/3113
f 2385/2385 3113/3113 3323/3323
f 2385/2385 3323/3323 2497/2497
f 2386/2386 2463/2463 2689/2689
f 2386/2386 2689/2689 2396/2396
f 2387/2387 2535/2535 2667/2667
f 2388/2388 2359/2359 2114/2114
f 2388/2388 2465/2465 3291/3291
f 2388/2388 2706/2706 2675/2675
f 2389/2389 2335/2335 2442/2442
f 2389/2389 4043/4043 2366/2366
f 2390/2390 2309/2309 2986/2986
f 2390/2390 2986/2986 3024/3024
f 2392/2392 2300/2300 2439/2439
f 2392/2392 2439/2439 2458/2458
f 2392/2392 2458/2458 2478/2478
f 2392/2392 2478/2478 4058/4058
f 2392/2392 4034/4034 2300/2300
f 2392/2392 4058/4058 4070/4070
f 2392/2392 4070/4070 4034/4034
f 2393/2393 2660/2660 2691/2691
f 2393/2393 2691/2691 2408/2408
f 2395/2395 2420/2420 2326/2326
f 2395/2395 2680/2680 2341/2341
f 2396/2396 2517/2517 2442/2442
f 2396/2396 2598/2598 2845/2845
f 2397/2397 2502/2502 2376/2376
f 2397/2397 2656/2656 2037/2037
f 2397/2397 2687/2687 2502/2502
f 2398/2398 2900/2900 2843/2843
f 2400/2400 2588/2588 2859/2859
f 2400/2400 2859/2859 2879/2879
f 2401/2401 3038/3038 2323/2323
f 2402/2402 2325/2325 2426/2426
f 2402/2402 3336/3336 3322/3322
f 2404/2404 2486/2486 2303/2303
f 2404/2404 2905/2905 2486/2486
f 2406/2406 2470/2470 2875/2875
f 2406/2406 2875/2875 2470/2470
f 2406/2406 2875/2875 2550/2550
f 2407/2407 2909/2909 2887/2887
f 2408/2408 2393/2393 2452/2452
f 2408/2408 2439/2439 2300/2300
f 2408/2408 2452/2452 2393/2393
f 2408/2408 2504/2504 2538/2538
f 2408/2408 2538/2538 2439/2439
f 2408/2408 2691/2691 2504/2504
f 2408/2408 4051/4051 2452/2452
f 2409/2409 2370/2370 2592/2592
f 2409/2409 2899/2899 2430/2430
f 2410/2410 2459/2459 3985/3985
f 2410/2410 3338/3338 2438/2438
f 2412/2412 2589/2589 2461/2461
f 2412/2412 2857/2857 2892/2892
f 2412/2412 2892/2892 2827/2827
f 2413/2413 2318/2318 2453/2453
f 2414/2414 2328/2328 2583/2583
f 2414/2414 2583/2583 2697/2697
f 2414/2414 2897/2897 2445/2445
f 2415/2415 2312/2312 2260/2260
f 2415/2415 2343/2343 2440/2440
f 2415/2415 2440/2440 2312/2312
f 2415/2415 2645/2645 2343/2343
f 2416/2416 2333/2333 2314/2314
f 2416/2416 2497/2497 2509/2509
f 2416/2416 2509/2509 2627/2627
f 2417/2417 2495/2495 2363/2363
f 2417/2417 2512/2512 2495/2495
f 2418/2418 2286/2286 2443/2443
f 2418/2418 2443/2443 2515/2515
f 2418/2418 2515/2515 2554/2554
f 2419/2419 2906/2906 2447/2447
f 2420/2420 2395/2395 2341/2341
f 2420/2420 2508/2508 4524/4524
f 2420/2420 4524/4524 2436/2436
f 2421/2421 2358/2358 2336/2336
f 2421/2421 2403/2403 2502/2502
f 2421/2421 2449/2449 2358/2358
f 2423/2423 2331/2331 2345/2345
f 2423/2423 2345/2345 2553/2553
f 2423/2423 2671/2671 2905/2905
f 2423/2423 2905/2905 2404/2404
f 2424/2424 2499/2499 2940/2940
f 2425/2425 2333/2333 2416/2416
f 2425/2425 2627/2627 2306/2306
f 2427/2427 2680/2680 2395/2395
f 2427/2427 2764/2764 2680/2680
f 2427/2427 2916/2916 2764/2764
f 2427/2427 2947/2947 2916/2916
f 2428/2428 2308/2308 2456/2456
f 2428/2428 3955/3955 2523/2523
f 2429/2429 2304/2304 2344/2344
f 2429/2429 2514/2514 2881/2881
f 2429/2429 2881/2881 2514/2514
f 2429/2429 2881/2881 2987/2987
f 2430/2430 2363/2363 2370/2370
f 2430/2430 2495/2495 2363/2363
f 2431/2431 2355/2355 2337/2337
f 2431/2431 2518/2518 2355/2355
f 2432/2432 2320/2320 2568/2568
f 2432/2432 2399/2399 2320/2320
f 2432/2432 2568/2568 2519/2519
f 2433/2433 2339/2339 2490/2490
f 2433/2433 2347/2347 2666/2666
f 2434/2434 2922/2922 2670/2670
f 2434/2434 2946/2946 2922/2922
f 2436/2436 2310/2310 4519/4519
f 2436/2436 2326/2326 2420/2420
f 2436/2436 4519/4519 4534/4534
f 2436/2436 4534/4534 2326/2326
f 2438/2438 2302/2302 2410/2410
f 2438/2438 3989/3989 4075/4075
f 2440/2440 2343/2343 2312/2312
f 2441/2441 2505/2505 2639/2639
f 2441/2441 2682/2682 2505/2505
f 2442/2442 2335/2335 2950/2950
f 2443/2443 2267/2267 2225/2225
f 2443/2443 2418/2418 2515/2515
f 2443/2443 2484/2484 2554/2554
f 2444/2444 2319/2319 2384/2384
f 2444/2444 2580/2580 2677/2677
f 2445/2445 2471/2471 2328/2328
f 2445/2445 2897/2897 2471/2471
f 2446/2446 2425/2425 2488/2488
f 2446/2446 2488/2488 2369/2369
f 2446/2446 2978/2978 3005/3005
f 2446/2446 3005/3005 2333/2333
f 2447/2447 2372/2372 2419/2419
f 2447/2447 2645/2645 2361/2361
f 2449/2449 2421/2421 2548/2548
f 2449/2449 2498/2498 2358/2358
f 2449/2449 2548/2548 2421/2421
f 2449/2449 2565/2565 2498/2498
f 2450/2450 2342/2342 2430/2430
f 2450/2450 2543/2543 2342/2342
f 2451/2451 3311/3311 2373/2373
f 2452/2452 2364/2364 2393/2393
f 2452/2452 3997/3997 4014/4014
f 2453/2453 2488/2488 2608/2608
f 2453/2453 2577/2577 2413/2413
f 2454/2454 2344/2344 3039/3039
f 2454/2454 2955/2955 2429/2429
f 2455/2455 2411/2411 4066/4066
f 2455/2455 2487/2487 3970/3970
f 2456/2456 2308/2308 2383/2383
f 2456/2456 2496/2496 2467/2467
f 2457/2457 2591/2591 2683/2683
f 2458/2458 2579/2579 2595/2595
f 2459/2459 2410/2410 2365/2365
f 2459/2459 2441/2441 2316/2316
f 2461/2461 2589/2589 3243/3243
f 2461/2461 2928/2928 2412/2412
f 2461/2461 3092/3092 2928/2928
f 2463/2463 2386/2386 2460/2460
f 2463/2463 2436/2436 4519/4519
f 2463/2463 4516/4516 4502/4502
f 2463/2463 4519/4519 4516/4516
f 2464/2464 2559/2559 2590/2590
f 2465/2465 2238/2238 3291/3291
f 2465/2465 2388/2388 2238/2238
f 2466/2466 2366/2366 2307/2307
f 2466/2466 2950/2950 3041/3041
f 2466/2466 3041/3041 2366/2366
f 2467/2467 2481/2481 2456/2456
f 2468/2468 2434/2434 2670/2670
f 2468/2468 2650/2650 2746/2746
f 2468/2468 2946/2946 2434/2434
f 2469/2469 2348/2348 2402/2402
f 2470/2470 2944/2944 2907/2907
f 2471/2471 2573/2573 2584/2584
f 2471/2471 2865/2865 2573/2573
f 2471/2471 2897/2897 2965/2965
f 2471/2471 2965/2965 2865/2865
f 2472/2472 2337/2337 2355/2355
f 2472/2472 2431/2431 2355/2355
f 2472/2472 2674/2674 2337/2337
f 2473/2473 2956/2956 2915/2915
f 2474/2474 2656/2656 2571/2571
f 2475/2475 2396/2396 2611/2611
f 2475/2475 2598/2598 2611/2611
f 2475/2475 2611/2611 2598/2598
f 2477/2477 2380/2380 2917/2917
f 2477/2477 2900/2900 2398/2398
f 2478/2478 2506/2506 4058/4058
f 2479/2479 3963/3963 4078/4078
f 2480/2480 2942/2942 2956/2956
f 2480/2480 2956/2956 2473/2473
f 2481/2481 2467/2467 2351/2351
f 2482/2482 2303/2303 3305/3305
f 2482/2482 2457/2457 3305/3305
f 2482/2482 3305/3305 2303/2303
f 2483/2483 2978/2978 2446/2446
f 2483/2483 3013/3013 2978/2978
f 2485/2485 3021/3021 2932/2932
f 2486/2486 2311/2311 2375/2375
f 2486/2486 2605/2605 2311/2311
f 2486/2486 2938/2938 2748/2748
f 2487/2487 2304/2304 2991/2991
f 2487/2487 2455/2455 3970/3970
f 2487/2487 2991/2991 4081/4081
f 2487/2487 4081/4081 3970/3970
f 2489/2489 2364/2364 2452/2452
f 2489/2489 2437/2437 2364/2364
f 2490/2490 2339/2339 2447/2447
f 2490/2490 2361/2361 2520/2520
f 2490/2490 2447/2447 2361/2361
f 2490/2490 2606/2606 2433/2433
f 2492/2492 2431/2431 2337/2337
f 2492/2492 2568/2568 2518/2518
f 2493/2493 2324/2324 2625/2625
f 2493/2493 2995/2995 2324/2324
f 2494/2494 2472/2472 2355/2355
f 2494/2494 2943/2943 2472/2472
f 2495/2495 2586/2586 2576/2576
f 2496/2496 2383/2383 2308/2308
f 2497/2497 2416/2416 2385/2385
f 2497/2497 2464/2464 2590/2590
f 2497/2497 3323/3323 2464/2464
f 2498/2498 2377/2377 2515/2515
f 2498/2498 2565/2565 2593/2593
f 2498/2498 2593/2593 2515/2515
f 2499/2499 2317/2317 2993/2993
f 2499/2499 2993/2993 2940/2940
f 2500/2500 2366/2366 2389/2389
f 2500/2500 2389/2389 2890/2890
f 2500/2500 2890/2890 2950/2950
f 2501/2501 2374/2374 2405/2405
f 2501/2501 2609/2609 2690/2690
f 2501/2501 2625/2625 2609/2609
f 2502/2502 2693/2693 2376/2376
f 2503/2503 2550/2550 2813/2813
f 2503/2503 2804/2804 2813/2813
f 2503/2503 2813/2813 2804/2804
f 2504/2504 2640/2640 2538/2538
f 2505/2505 2549/2549 2651/2651
f 2505/2505 2622/2622 2651/2651
f 2506/2506 2360/2360 4058/4058
f 2506/2506 2577/2577 2692/2692
f 2509/2509 2497/2497 2590/2590
f 2510/2510 2634/2634 2541/2541
f 2510/2510 2805/2805 2828/2828
f 2510/2510 2828/2828 3149/3149
f 2510/2510 3149/3149 3248/3248
f 2511/2511 2629/2629 2685/2685
f 2511/2511 2744/2744 2629/2629
f 2512/2512 2417/2417 2643/2643
f 2512/2512 3207/3207 2586/2586
f 2512/2512 3235/3235 3270/3270
f 2512/2512 3270/3270 3235/3235
f 2513/2513 3227/3227 2542/2542
f 2514/2514 2654/2654 2546/2546
f 2514/2514 2821/2821 2847/2847
f 2514/2514 2847/2847 2821/2821
f 2514/2514 2881/2881 2821/2821
f 2515/2515 2418/2418 2554/2554
f 2515/2515 2554/2554 2636/2636
f 2515/2515 2593/2593 2418/2418
f 2515/2515 2636/2636 2614/2614
f 2516/2516 2600/2600 3224/3224
f 2517/2517 2551/2551 2442/2442
f 2517/2517 2824/2824 2642/2642
f 2518/2518 2368/2368 2491/2491
f 2518/2518 2431/2431 2492/2492
f 2518/2518 2491/2491 2316/2316
f 2518/2518 2610/2610 2368/2368
f 2518/2518 2698/2698 2355/2355
f 2519/2519 2492/2492 2613/2613
f 2519/2519 2568/2568 2492/2492
f 2520/2520 2361/2361 2645/2645
f 2521/2521 3852/3852 2661/2661
f 2521/2521 3953/3953 3852/3852
f 2522/2522 2730/2730 2826/2826
f 2522/2522 2826/2826 2477/2477
f 2523/2523 2308/2308 2428/2428
f 2523/2523 2653/2653 2308/2308
f 2523/2523 3955/3955 2615/2615
f 2524/2524 2816/2816 2707/2707
f 2525/2525 2616/2616 2537/2537
f 2525/2525 2695/2695 2616/2616
f 2526/2526 2627/2627 2641/2641
f 2526/2526 3924/3924 2534/2534
f 2527/2527 2621/2621 2660/2660
f 2527/2527 2737/2737 2563/2563
f 2527/2527 3163/3163 2776/2776
f 2528/2528 2553/2553 2345/2345
f 2528/2528 2779/2779 2700/2700
f 2529/2529 2650/2650 2780/2780
f 2530/2530 2311/2311 2644/2644
f 2530/2530 2644/2644 2664/2664
f 2530/2530 2664/2664 3217/3217
f 2530/2530 3217/3217 3224/3224
f 2530/2530 3224/3224 2673/2673
f 2530/2530 3283/3283 2394/2394
f 2532/2532 2420/2420 2611/2611
f 2532/2532 2508/2508 2420/2420
f 2532/2532 4497/4497 4508/4508
f 2532/2532 4504/4504 4497/4497
f 2535/2535 2387/2387 2667/2667
f 2536/2536 2328/2328 2353/2353
f 2537/2537 2332/2332 2678/2678
f 2537/2537 2562/2562 2669/2669
f 2538/2538 2458/2458 2439/2439
f 2538/2538 2579/2579 2458/2458
f 2539/2539 2414/2414 2697/2697
f 2539/2539 2648/2648 2743/2743
f 2539/2539 2743/2743 2820/2820
f 2539/2539 2820/2820 2414/2414
f 2540/2540 2560/2560 2350/2350
f 2541/2541 2447/2447 2960/2960
f 2542/2542 3227/3227 3236/3236
f 2543/2543 2743/2743 2649/2649
f 2545/2545 2613/2613 2601/2601
f 2546/2546 2617/2617 2514/2514
f 2546/2546 2654/2654 2617/2617
f 2547/2547 2557/2557 2672/2672
f 2547/2547 2672/2672 2557/2557
f 2548/2548 1983/1983 2565/2565
f 2548/2548 2421/2421 2502/2502
f 2548/2548 2565/2565 2421/2421
f 2549/2549 2505/2505 2651/2651
f 2551/2551 2386/2386 2396/2396
f 2551/2551 2396/2396 2442/2442
f 2551/2551 2517/2517 2386/2386
f 2552/2552 2620/2620 2637/2637
f 2552/2552 2816/2816 2524/2524
f 2552/2552 2870/2870 2793/2793
f 2554/2554 2418/2418 2443/2443
f 2554/2554 2484/2484 2585/2585
f 2554/2554 2515/2515 2418/2418
f 2555/2555 2501/2501 2808/2808
f 2555/2555 2638/2638 2625/2625
f 2556/2556 2622/2622 2822/2822
f 2556/2556 2724/2724 2622/2622
f 2556/2556 2822/2822 2674/2674
f 2558/2558 2387/2387 2476/2476
f 2558/2558 2476/2476 2387/2387
f 2560/2560 2327/2327 2350/2350
f 2560/2560 2350/2350 2327/2327
f 2560/2560 2540/2540 2350/2350
f 2562/2562 2678/2678 2649/2649
f 2563/2563 2582/2582 2660/2660
f 2563/2563 2737/2737 2720/2720
f 2564/2564 2664/2664 2683/2683
f 2565/2565 1940/1940 2593/2593
f 2565/2565 1983/1983 1940/1940
f 2565/2565 2449/2449 2421/2421
f 2566/2566 2686/2686 2588/2588
f 2567/2567 2675/2675 2706/2706
f 2567/2567 2706/2706 2587/2587
f 2567/2567 2850/2850 2870/2870
f 2567/2567 2870/2870 2552/2552
f 2568/2568 2320/2320 2679/2679
f 2570/2570 2354/2354 2544/2544
f 2570/2570 2544/2544 3250/3250
f 2570/2570 2750/2750 2685/2685
f 2570/2570 2863/2863 2844/2844
f 2570/2570 3250/3250 3277/3277
f 2570/2570 3277/3277 2863/2863
f 2571/2571 2656/2656 2474/2474
f 2572/2572 2549/2549 2657/2657
f 2572/2572 2588/2588 2596/2596
f 2572/2572 2596/2596 2451/2451
f 2572/2572 2657/2657 2588/2588
f 2573/2573 2865/2865 2584/2584
f 2574/2574 2456/2456 2481/2481
f 2574/2574 2607/2607 2456/2456
f 2574/2574 2661/2661 2521/2521
f 2574/2574 2697/2697 2583/2583
f 2574/2574 3906/3906 2607/2607
f 2575/2575 2603/2603 2317/2317
f 2575/2575 2693/2693 2421/2421
f 2575/2575 3025/3025 2971/2971
f 2576/2576 2370/2370 2495/2495
f 2576/2576 2448/2448 3317/3317
f 2576/2576 2586/2586 2448/2448
f 2576/2576 2673/2673 2600/2600
f 2576/2576 3317/3317 2448/2448
f 2577/2577 2453/2453 2608/2608
f 2577/2577 2506/2506 2413/2413
f 2577/2577 2608/2608 2659/2659
f 2578/2578 2598/2598 2475/2475
f 2579/2579 2640/2640 2668/2668
f 2580/2580 2444/2444 2677/2677
f 2581/2581 2604/2604 2852/2852
f 2581/2581 2852/2852 2604/2604
f 2582/2582 2563/2563 2720/2720
f 2583/2583 2561/2561 1965/1965
f 2584/2584 2653/2653 2471/2471
f 2585/2585 2305/2305 2620/2620
f 2585/2585 2484/2484 2305/2305
f 2585/2585 2524/2524 2707/2707
f 2586/2586 2495/2495 2512/2512
f 2586/2586 2576/2576 3317/3317
f 2586/2586 3207/3207 3260/3260
f 2586/2586 3260/3260 2673/2673
f 2587/2587 2706/2706 3209/3209
f 2588/2588 2400/2400 2322/2322
f 2588/2588 2676/2676 2566/2566
f 2588/2588 2686/2686 2596/2596
f 2589/2589 2412/2412 2857/2857
f 2591/2591 2457/2457 3300/3300
f 2591/2591 2564/2564 2683/2683
f 2594/2594 2688/2688 2510/2510
f 2594/2594 3248/3248 3206/3206
f 2595/2595 2413/2413 2506/2506
f 2595/2595 2478/2478 2458/2458
f 2595/2595 2506/2506 2478/2478
f 2595/2595 2579/2579 2702/2702
f 2596/2596 2566/2566 2676/2676
f 2596/2596 3220/3220 3252/3252
f 2596/2596 3286/3286 2451/2451
f 2597/2597 2658/2658 2684/2684
f 2598/2598 2396/2396 2475/2475
f 2598/2598 2680/2680 2845/2845
f 2600/2600 2332/2332 2663/2663
f 2600/2600 2516/2516 2332/2332
f 2601/2601 2556/2556 2622/2622
f 2601/2601 2622/2622 2505/2505
f 2602/2602 2744/2744 2844/2844
f 2602/2602 3268/3268 2315/2315
f 2602/2602 3268/3268 3277/3277
f 2602/2602 3277/3277 2570/2570
f 2603/2603 2633/2633 2507/2507
f 2604/2604 2761/2761 2852/2852
f 2604/2604 2852/2852 2761/2761
f 2605/2605 2486/2486 2632/2632
f 2605/2605 2632/2632 2716/2716
f 2605/2605 2716/2716 2779/2779
f 2606/2606 1945/1945 2321/2321
f 2606/2606 2288/2288 1945/1945
f 2606/2606 2415/2415 2288/2288
f 2606/2606 2490/2490 2520/2520
f 2606/2606 2531/2531 2347/2347
f 2606/2606 2645/2645 2415/2415
f 2607/2607 2428/2428 2456/2456
f 2607/2607 3906/3906 2456/2456
f 2607/2607 3906/3906 3955/3955
f 2608/2608 2306/2306 2627/2627
f 2608/2608 2488/2488 2306/2306
f 2610/2610 2679/2679 2368/2368
f 2610/2610 2679/2679 4057/4057
f 2610/2610 4057/4057 2368/2368
f 2611/2611 2341/2341 2578/2578
f 2611/2611 2396/2396 2689/2689
f 2611/2611 2420/2420 2341/2341
f 2611/2611 2463/2463 2532/2532
f 2611/2611 2578/2578 2475/2475
f 2612/2612 2505/2505 2549/2549
f 2612/2612 2549/2549 2572/2572
f 2612/2612 2572/2572 2704/2704
f 2612/2612 2639/2639 2505/2505
f 2613/2613 2337/2337 2674/2674
f 2613/2613 2492/2492 2337/2337
f 2613/2613 2545/2545 2519/2519
f 2614/2614 2636/2636 2742/2742
f 2615/2615 143/143 2105/2105
f 2615/2615 2536/2536 2653/2653
f 2615/2615 2561/2561 2536/2536
f 2615/2615 2653/2653 2523/2523
f 2615/2615 3955/3955 3883/3883
f 2616/2616 2313/2313 2652/2652
f 2616/2616 2592/2592 2370/2370
f 2616/2616 2695/2695 2592/2592
f 2616/2616 2699/2699 2313/2313
f 2618/2618 2319/2319 2384/2384
f 2619/2619 2582/2582 2720/2720
f 2619/2619 2640/2640 2504/2504
f 2619/2619 2691/2691 2582/2582
f 2619/2619 2866/2866 2640/2640
f 2620/2620 2305/2305 2330/2330
f 2620/2620 2330/2330 2637/2637
f 2620/2620 2524/2524 2585/2585
f 2620/2620 2552/2552 2524/2524
f 2621/2621 2527/2527 2660/2660
f 2621/2621 2660/2660 2301/2301
f 2621/2621 3238/3238 3279/3279
f 2621/2621 3279/3279 2527/2527
f 2622/2622 2740/2740 2651/2651
f 2623/2623 2951/2951 2460/2460
f 2624/2624 2094/2094 2656/2656
f 2625/2625 2324/2324 2609/2609
f 2625/2625 2501/2501 2555/2555
f 2625/2625 2721/2721 2937/2937
f 2626/2626 2604/2604 3203/3203
f 2626/2626 3174/3174 2741/2741
f 2626/2626 3203/3203 2604/2604
f 2627/2627 2425/2425 2416/2416
f 2627/2627 2509/2509 2641/2641
f 2627/2627 2526/2526 2534/2534
f 2628/2628 2496/2496 2705/2705
f 2628/2628 2648/2648 2496/2496
f 2628/2628 2705/2705 2669/2669
f 2628/2628 2743/2743 2649/2649
f 2629/2629 2602/2602 2685/2685
f 2630/2630 2849/2849 2694/2694
f 2631/2631 672/672 2647/2647
f 2631/2631 2647/2647 672/672
f 2631/2631 2647/2647 3280/3280
f 2631/2631 3280/3280 2591/2591
f 2631/2631 3280/3280 3270/3270
f 2632/2632 2486/2486 2748/2748
f 2633/2633 2603/2603 2507/2507
f 2634/2634 2312/2312 2343/2343
f 2634/2634 2378/2378 2312/2312
f 2634/2634 2510/2510 2688/2688
f 2634/2634 2645/2645 2541/2541
f 2634/2634 2688/2688 2378/2378
f 2636/2636 2707/2707 2756/2756
f 2637/2637 2330/2330 2359/2359
f 2637/2637 2675/2675 2552/2552
f 2638/2638 2721/2721 2625/2625
f 2638/2638 2782/2782 2665/2665
f 2640/2640 2579/2579 2538/2538
f 2641/2641 2509/2509 2526/2526
f 2642/2642 2386/2386 2517/2517
f 2642/2642 2460/2460 2386/2386
f 2642/2642 2623/2623 2460/2460
f 2642/2642 2748/2748 2623/2623
f 2642/2642 2824/2824 2716/2716
f 2643/2643 2357/2357 2516/2516
f 2643/2643 2417/2417 2342/2342
f 2644/2644 2311/2311 2664/2664
f 2645/2645 2447/2447 2541/2541
f 2645/2645 2606/2606 2520/2520
f 2645/2645 2634/2634 2343/2343
f 2646/2646 2506/2506 2692/2692
f 2646/2646 2692/2692 3855/3855
f 2647/2647 2512/2512 2643/2643
f 2647/2647 2516/2516 3217/3217
f 2647/2647 3217/3217 2564/2564
f 2647/2647 3235/3235 2512/2512
f 2648/2648 2351/2351 2467/2467
f 2648/2648 2467/2467 2496/2496
f 2648/2648 2539/2539 2351/2351
f 2649/2649 2669/2669 2562/2562
f 2649/2649 2678/2678 2543/2543
f 2649/2649 2743/2743 2669/2669
f 2650/2650 2670/2670 2746/2746
f 2651/2651 2549/2549 2505/2505
f 2651/2651 2657/2657 2549/2549
f 2652/2652 2537/2537 2616/2616
f 2653/2653 2353/2353 2471/2471
f 2654/2654 2514/2514 2617/2617
f 2655/2655 2519/2519 2545/2545
f 2655/2655 2545/2545 2601/2601
f 2655/2655 2601/2601 2682/2682
f 2655/2655 2682/2682 2365/2365
f 2656/2656 2094/2094 2078/2078
f 2656/2656 2240/2240 2037/2037
f 2656/2656 2397/2397 2687/2687
f 2657/2657 2651/2651 3256/3256
f 2657/2657 3256/3256 3134/3134
f 2658/2658 2597/2597 2569/2569
f 2659/2659 2608/2608 2627/2627
f 2659/2659 2627/2627 2534/2534
f 2659/2659 3876/3876 3889/3889
f 2660/2660 2527/2527 2563/2563
f 2660/2660 2621/2621 2527/2527
f 2661/2661 2068/2068 2007/2007
f 2661/2661 2574/2574 2521/2521
f 2661/2661 2574/2574 2583/2583
f 2661/2661 3852/3852 2574/2574
f 2662/2662 2680/2680 2787/2787
f 2662/2662 2787/2787 2671/2671
f 2662/2662 2787/2787 2779/2779
f 2663/2663 2332/2332 2313/2313
f 2663/2663 2699/2699 2600/2600
f 2664/2664 2564/2564 3217/3217
f 2665/2665 2721/2721 2638/2638
f 2668/2668 2702/2702 2579/2579
f 2668/2668 2815/2815 2799/2799
f 2669/2669 2766/2766 2769/2769
f 2669/2669 2769/2769 2695/2695
f 2669/2669 2786/2786 2705/2705
f 2670/2670 2650/2650 2468/2468
f 2671/2671 2423/2423 2553/2553
f 2671/2671 2553/2553 2528/2528
f 2671/2671 2662/2662 2787/2787
f 2671/2671 2700/2700 2787/2787
f 2673/2673 2576/2576 2586/2586
f 2673/2673 3224/3224 2600/2600
f 2673/2673 3260/3260 2530/2530
f 2674/2674 2472/2472 2822/2822
f 2674/2674 2556/2556 2601/2601
f 2674/2674 2601/2601 2613/2613
f 2674/2674 2822/2822 2556/2556
f 2675/2675 2359/2359 2388/2388
f 2675/2675 2567/2567 2552/2552
f 2675/2675 2637/2637 2359/2359
f 2676/2676 2322/2322 2338/2338
f 2676/2676 2588/2588 2322/2322
f 2676/2676 2704/2704 2346/2346
f 2676/2676 3220/3220 2596/2596
f 2677/2677 2444/2444 2837/2837
f 2677/2677 2837/2837 2444/2444
f 2677/2677 2837/2837 2791/2791
f 2678/2678 2332/2332 2357/2357
f 2678/2678 2562/2562 2537/2537
f 2679/2679 2518/2518 2568/2568
f 2679/2679 2610/2610 2518/2518
f 2679/2679 4075/4075 3851/3851
f 2680/2680 2598/2598 2578/2578
f 2680/2680 2662/2662 2779/2779
f 2680/2680 2764/2764 2787/2787
f 2681/2681 2561/2561 2615/2615
f 2681/2681 2615/2615 2105/2105
f 2682/2682 2601/2601 2505/2505
f 2684/2684 2569/2569 2597/2597
f 2684/2684 2658/2658 2569/2569
f 2685/2685 2602/2602 2315/2315
f 2686/2686 2566/2566 2596/2596
f 2687/2687 2037/2037 2502/2502
f 2687/2687 2376/2376 2507/2507
f 2687/2687 2376/2376 2656/2656
f 2687/2687 2397/2397 2037/2037
f 2687/2687 2397/2397 2376/2376
f 2687/2687 2397/2397 2656/2656
f 2687/2687 2656/2656 2397/2397
f 2688/2688 2356/2356 2378/2378
f 2689/2689 2463/2463 2611/2611
f 2690/2690 2324/2324 2339/2339
f 2690/2690 2339/2339 2433/2433
f 2690/2690 2374/2374 2501/2501
f 2690/2690 2433/2433 2666/2666
f 2690/2690 2666/2666 2374/2374
f 2691/2691 2619/2619 2504/2504
f 2691/2691 2660/2660 2582/2582
f 2692/2692 2577/2577 2659/2659
f 2693/2693 2403/2403 2421/2421
f 2693/2693 2502/2502 2403/2403
f 2693/2693 2575/2575 2603/2603
f 2693/2693 2603/2603 2317/2317
f 2695/2695 2525/2525 2537/2537
f 2695/2695 2537/2537 2669/2669
f 2695/2695 2769/2769 2871/2871
f 2696/2696 2759/2759 2792/2792
f 2696/2696 2792/2792 2782/2782
f 2697/2697 2351/2351 2539/2539
f 2697/2697 2574/2574 2481/2481
f 2699/2699 2576/2576 2600/2600
f 2699/2699 2663/2663 2313/2313
f 2700/2700 2671/2671 2528/2528
f 2700/2700 2779/2779 2787/2787
f 2701/2701 3252/3252 3309/3309
f 2702/2702 2413/2413 2595/2595
f 2702/2702 2799/2799 2318/2318
f 2703/2703 2319/2319 2580/2580
f 2705/2705 2308/2308 2584/2584
f 2705/2705 2496/2496 2308/2308
f 2705/2705 2584/2584 2766/2766
f 2705/2705 2766/2766 2669/2669
f 2705/2705 2786/2786 2669/2669
f 2706/2706 3291/3291 3209/3209
f 2707/2707 2554/2554 2585/2585
f 2707/2707 2636/2636 2554/2554
f 2708/2708 2774/2774 2862/2862
f 2708/2708 2800/2800 2823/2823
f 2708/2708 2862/2862 2800/2800
f 2708/2708 3179/3179 3167/3167
f 2709/2709 1845/1845 1830/1830
f 2709/2709 2851/2851 1885/1885
f 2710/2710 2733/2733 2809/2809
f 2710/2710 2809/2809 2745/2745
f 2710/2710 2861/2861 2770/2770
f 2710/2710 3166/3166 2861/2861
f 2711/2711 2966/2966 2879/2879
f 2711/2711 3031/3031 2822/2822
f 2713/2713 2846/2846 3033/3033
f 2713/2713 3033/3033 2846/2846
f 2714/2714 2726/2726 2837/2837
f 2715/2715 2810/2810 2731/2731
f 2715/2715 2829/2829 2810/2810
f 2715/2715 2858/2858 2760/2760
f 2716/2716 2632/2632 2748/2748
f 2716/2716 2824/2824 2779/2779
f 2717/2717 2636/2636 2756/2756
f 2717/2717 2841/2841 2802/2802
f 2718/2718 2733/2733 3029/3029
f 2719/2719 2803/2803 3162/3162
f 2722/2722 2751/2751 3176/3176
f 2722/2722 3034/3034 3002/3002
f 2722/2722 3156/3156 3201/3201
f 2722/2722 3176/3176 3156/3156
f 2723/2723 2773/2773 2981/2981
f 2723/2723 2793/2793 2773/2773
f 2724/2724 2807/2807 2740/2740
f 2724/2724 2822/2822 2807/2807
f 2725/2725 2728/2728 2801/2801
f 2725/2725 3159/3159 3045/3045
f 2729/2729 2799/2799 3003/3003
f 2730/2730 2696/2696 2749/2749
f 2730/2730 2749/2749 2630/2630
f 2731/2731 2810/2810 2832/2832
f 2731/2731 2832/2832 2948/2948
f 2731/2731 3005/3005 2715/2715
f 2732/2732 1830/1830 2755/2755
f 2732/2732 2988/2988 2709/2709
f 2733/2733 2710/2710 2797/2797
f 2733/2733 2718/2718 2809/2809
f 2733/2733 2770/2770 2982/2982
f 2733/2733 2797/2797 2770/2770
f 2733/2733 2982/2982 2910/2910
f 2735/2735 2892/2892 2777/2777
f 2735/2735 3092/3092 3077/3077
f 2736/2736 2820/2820 2743/2743
f 2737/2737 2527/2527 2776/2776
f 2737/2737 2974/2974 2720/2720
f 2739/2739 2756/2756 2816/2816
f 2739/2739 2816/2816 2793/2793
f 2740/2740 2622/2622 2724/2724
f 2740/2740 3070/3070 3134/3134
f 2740/2740 3256/3256 3134/3134
f 2741/2741 2719/2719 2626/2626
f 2741/2741 3174/3174 2818/2818
f 2742/2742 2636/2636 2717/2717
f 2743/2743 2628/2628 2649/2649
f 2743/2743 2628/2628 2669/2669
f 2743/2743 2648/2648 2628/2628
f 2743/2743 2814/2814 2736/2736
f 2744/2744 2602/2602 2629/2629
f 2744/2744 2819/2819 2844/2844
f 2746/2746 2768/2768 2946/2946
f 2746/2746 2946/2946 2468/2468
f 2747/2747 2708/2708 2823/2823
f 2747/2747 3179/3179 2708/2708
f 2748/2748 2642/2642 2716/2716
f 2748/2748 2938/2938 2947/2947
f 2748/2748 2951/2951 2623/2623
f 2749/2749 2696/2696 2782/2782
f 2749/2749 2849/2849 2630/2630
f 2749/2749 2868/2868 2849/2849
f 2750/2750 2757/2757 2811/2811
f 2750/2750 2775/2775 2908/2908
f 2751/2751 2982/2982 2770/2770
f 2752/2752 3054/3054 2992/2992
f 2753/2753 2773/2773 2870/2870
f 2753/2753 2850/2850 3136/3136
f 2754/2754 2895/2895 2918/2918
f 2755/2755 2789/2789 3038/3038
f 2756/2756 2739/2739 2841/2841
f 2756/2756 2841/2841 2717/2717
f 2757/2757 2777/2777 2892/2892
f 2757/2757 2819/2819 2777/2777
f 2757/2757 2892/2892 2920/2920
f 2757/2757 2920/2920 3022/3022
f 2757/2757 3022/3022 2750/2750
f 2759/2759 2696/2696 2840/2840
f 2760/2760 2729/2729 3013/3013
f 2760/2760 2829/2829 2715/2715
f 2760/2760 2858/2858 2715/2715
f 2760/2760 2858/2858 2829/2829
f 2760/2760 2978/2978 3013/3013
f 2760/2760 3013/3013 2729/2729
f 2762/2762 2778/2778 2865/2865
f 2762/2762 2814/2814 2833/2833
f 2762/2762 2833/2833 2778/2778
f 2763/2763 3017/3017 2913/2913
f 2764/2764 2916/2916 2947/2947
f 2764/2764 2947/2947 2938/2938
f 2767/2767 3008/3008 3023/3023
f 2767/2767 3023/3023 2327/2327
f 2768/2768 2670/2670 2922/2922
f 2768/2768 2746/2746 2670/2670
f 2768/2768 2922/2922 2784/2784
f 2768/2768 2922/2922 2946/2946
f 2769/2769 2766/2766 2865/2865
f 2770/2770 2838/2838 2751/2751
f 2771/2771 2794/2794 2874/2874
f 2771/2771 2874/2874 3028/3028
f 2771/2771 2884/2884 2874/2874
f 2771/2771 3028/3028 2794/2794
f 2774/2774 2989/2989 2862/2862
f 2775/2775 2750/2750 2908/2908
f 2776/2776 2999/2999 2737/2737
f 2776/2776 3163/3163 3035/3035
f 2777/2777 2842/2842 2735/2735
f 2777/2777 2892/2892 2842/2842
f 2779/2779 2528/2528 2605/2605
f 2781/2781 2754/2754 2657/2657
f 2781/2781 2857/2857 3121/3121
f 2781/2781 3077/3077 2895/2895
f 2781/2781 3121/3121 3077/3077
f 2782/2782 2638/2638 2808/2808
f 2782/2782 2792/2792 2665/2665
f 2782/2782 2868/2868 2749/2749
f 2784/2784 2874/2874 2884/2884
f 2784/2784 2884/2884 2768/2768
f 2784/2784 2884/2884 2874/2874
f 2785/2785 2986/2986 2877/2877
f 2787/2787 2662/2662 2671/2671
f 2787/2787 2764/2764 2671/2671
f 2789/2789 2624/2624 2323/2323
f 2789/2789 2755/2755 1781/1781
f 2790/2790 2718/2718 3029/3029
f 2790/2790 2854/2854 2917/2917
f 2790/2790 3029/3029 2854/2854
f 2792/2792 2721/2721 2665/2665
f 2792/2792 2759/2759 2840/2840
f 2792/2792 2795/2795 2721/2721
f 2792/2792 2854/2854 2721/2721
f 2793/2793 2723/2723 2739/2739
f 2793/2793 2870/2870 2773/2773
f 2794/2794 2734/2734 2830/2830
f 2794/2794 2734/2734 3028/3028
f 2794/2794 3028/3028 2734/2734
f 2794/2794 3028/3028 2874/2874
f 2795/2795 3029/3029 2721/2721
f 2796/2796 2892/2892 2777/2777
f 2797/2797 2710/2710 2770/2770
f 2798/2798 2725/2725 3159/3159
f 2799/2799 2702/2702 2668/2668
f 2800/2800 2862/2862 2968/2968
f 2801/2801 2728/2728 2725/2725
f 2802/2802 2817/2817 2717/2717
f 2803/2803 2719/2719 2818/2818
f 2803/2803 2818/2818 3141/3141
f 2805/2805 2510/2510 2541/2541
f 2805/2805 2541/2541 2960/2960
f 2805/2805 2712/2712 3195/3195
f 2805/2805 3034/3034 2712/2712
f 2806/2806 2883/2883 2962/2962
f 2806/2806 2962/2962 2883/2883
f 2807/2807 2934/2934 2740/2740
f 2807/2807 3031/3031 2822/2822
f 2807/2807 3031/3031 2934/2934
f 2808/2808 2501/2501 2903/2903
f 2808/2808 2638/2638 2555/2555
f 2808/2808 2882/2882 2961/2961
f 2809/2809 2718/2718 2869/2869
f 2809/2809 2869/2869 3178/3178
f 2810/2810 2861/2861 3158/3158
f 2811/2811 2757/2757 2750/2750
f 2812/2812 2883/2883 2929/2929
f 2813/2813 2550/2550 2503/2503
f 2813/2813 2875/2875 2550/2550
f 2814/2814 2450/2450 2935/2935
f 2814/2814 2543/2543 2450/2450
f 2814/2814 2743/2743 2543/2543
f 2814/2814 2762/2762 2736/2736
f 2814/2814 2899/2899 2833/2833
f 2815/2815 2668/2668 2853/2853
f 2816/2816 2552/2552 2793/2793
f 2816/2816 2756/2756 2707/2707
f 2817/2817 2742/2742 2717/2717
f 2817/2817 2802/2802 2949/2949
f 2817/2817 2949/2949 2936/2936
f 2818/2818 2719/2719 2741/2741
f 2819/2819 2511/2511 2685/2685
f 2819/2819 2685/2685 2750/2750
f 2819/2819 2744/2744 2511/2511
f 2819/2819 2750/2750 2844/2844
f 2819/2819 2757/2757 2750/2750
f 2819/2819 2796/2796 2777/2777
f 2820/2820 2969/2969 2897/2897
f 2821/2821 2881/2881 2847/2847
f 2822/2822 2556/2556 2674/2674
f 2822/2822 2622/2622 2556/2556
f 2822/2822 2724/2724 2556/2556
f 2822/2822 2966/2966 2943/2943
f 2822/2822 2966/2966 3031/3031
f 2823/2823 2800/2800 2968/2968
f 2823/2823 2936/2936 2817/2817
f 2823/2823 2949/2949 3015/3015
f 2824/2824 2517/2517 2396/2396
f 2824/2824 2845/2845 2779/2779
f 2825/2825 2763/2763 2989/2989
f 2825/2825 2940/2940 3017/3017
f 2826/2826 2522/2522 2840/2840
f 2826/2826 2730/2730 2522/2522
f 2826/2826 2730/2730 2758/2758
f 2826/2826 2758/2758 2843/2843
f 2826/2826 2840/2840 2730/2730
f 2826/2826 2900/2900 2477/2477
f 2827/2827 2857/2857 2412/2412
f 2827/2827 2892/2892 2857/2857
f 2828/2828 2805/2805 3149/3149
f 2830/2830 2734/2734 2794/2794
f 2831/2831 2513/2513 2542/2542
f 2831/2831 2542/2542 2513/2513
f 2832/2832 2810/2810 3166/3166
f 2833/2833 2871/2871 2778/2778
f 2833/2833 2899/2899 2871/2871
f 2834/2834 2915/2915 2860/2860
f 2835/2835 2967/2967 2984/2984
f 2835/2835 2984/2984 2967/2967
f 2836/2836 2855/2855 2765/2765
f 2837/2837 2677/2677 2791/2791
f 2837/2837 2726/2726 2714/2714
f 2838/2838 2770/2770 2861/2861
f 2838/2838 3156/3156 3176/3176
f 2839/2839 2865/2865 2965/2965
f 2839/2839 3027/3027 2762/2762
f 2840/2840 2522/2522 2477/2477
f 2840/2840 2696/2696 2730/2730
f 2841/2841 2739/2739 3007/3007
f 2843/2843 2900/2900 2398/2398
f 2843/2843 2900/2900 2826/2826
f 2844/2844 2750/2750 2570/2570
f 2845/2845 2680/2680 2779/2779
f 2845/2845 2824/2824 2396/2396
f 2846/2846 2914/2914 3033/3033
f 2846/2846 3033/3033 2914/2914
f 2848/2848 2917/2917 2380/2380
f 2848/2848 3255/3255 3142/3142
f 2849/2849 2738/2738 2694/2694
f 2849/2849 2868/2868 2961/2961
f 2850/2850 2567/2567 2587/2587
f 2850/2850 2587/2587 3136/3136
f 2850/2850 2753/2753 2870/2870
f 2853/2853 2668/2668 2640/2640
f 2854/2854 2792/2792 2721/2721
f 2854/2854 2792/2792 2840/2840
f 2854/2854 2795/2795 2792/2792
f 2854/2854 3029/3029 2795/2795
f 2855/2855 2836/2836 2765/2765
f 2856/2856 2783/2783 2835/2835
f 2856/2856 2835/2835 2783/2783
f 2857/2857 2412/2412 2892/2892
f 2857/2857 2781/2781 3243/3243
f 2857/2857 2892/2892 2735/2735
f 2857/2857 3077/3077 3121/3121
f 2858/2858 2760/2760 3003/3003
f 2858/2858 2873/2873 3087/3087
f 2858/2858 3156/3156 2829/2829
f 2859/2859 2588/2588 2657/2657
f 2859/2859 2657/2657 2754/2754
f 2859/2859 2980/2980 2879/2879
f 2860/2860 2825/2825 2930/2930
f 2860/2860 2972/2972 2825/2825
f 2861/2861 2710/2710 2770/2770
f 2861/2861 2770/2770 2710/2710
f 2864/2864 2772/2772 3125/3125
f 2865/2865 2766/2766 2584/2584
f 2865/2865 2778/2778 2871/2871
f 2865/2865 2839/2839 2762/2762
f 2866/2866 2619/2619 2720/2720
f 2866/2866 2853/2853 2640/2640
f 2866/2866 2925/2925 2853/2853
f 2866/2866 2953/2953 2925/2925
f 2866/2866 2974/2974 2953/2953
f 2867/2867 2529/2529 2780/2780
f 2867/2867 2650/2650 2529/2529
f 2867/2867 2780/2780 2650/2650
f 2867/2867 2847/2847 2933/2933
f 2868/2868 2782/2782 2808/2808
f 2869/2869 2718/2718 2790/2790
f 2871/2871 2409/2409 2592/2592
f 2871/2871 2592/2592 2695/2695
f 2871/2871 2769/2769 2865/2865
f 2871/2871 2899/2899 2409/2409
f 2872/2872 2979/2979 2963/2963
f 2872/2872 2998/2998 2921/2921
f 2873/2873 2858/2858 3003/3003
f 2875/2875 2406/2406 2550/2550
f 2875/2875 2813/2813 2550/2550
f 2878/2878 3054/3054 2898/2898
f 2879/2879 2494/2494 2400/2400
f 2879/2879 2980/2980 2711/2711
f 2880/2880 3074/3074 3110/3110
f 2880/2880 3074/3074 3768/3768
f 2880/2880 3768/3768 3074/3074
f 2881/2881 2429/2429 2955/2955
f 2881/2881 2514/2514 2546/2546
f 2881/2881 2514/2514 2821/2821
f 2881/2881 2546/2546 2514/2514
f 2881/2881 2821/2821 2847/2847
f 2881/2881 2847/2847 2955/2955
f 2881/2881 2955/2955 2429/2429
f 2881/2881 2955/2955 2847/2847
f 2882/2882 1671/1671 1680/1680
f 2882/2882 1680/1680 2961/2961
f 2882/2882 2903/2903 1671/1671
f 2884/2884 2771/2771 2874/2874
f 2885/2885 2401/2401 2424/2424
f 2885/2885 2424/2424 2940/2940
f 2885/2885 2788/2788 2915/2915
f 2885/2885 2940/2940 2972/2972
f 2886/2886 2775/2775 2908/2908
f 2886/2886 2908/2908 2775/2775
f 2886/2886 2959/2959 2435/2435
f 2887/2887 2835/2835 2967/2967
f 2887/2887 2967/2967 2835/2835
f 2888/2888 3066/3066 3004/3004
f 2889/2889 3003/3003 2799/2799
f 2890/2890 2389/2389 2442/2442
f 2891/2891 2924/2924 3083/3083
f 2891/2891 3032/3032 2981/2981
f 2891/2891 3083/3083 3116/3116
f 2891/2891 3116/3116 2954/2954
f 2892/2892 2928/2928 3040/3040
f 2892/2892 3040/3040 2412/2412
f 2893/2893 2968/2968 2862/2862
f 2893/2893 2971/2971 2968/2968
f 2893/2893 2993/2993 2971/2971
f 2894/2894 2999/2999 3035/3035
f 2895/2895 2754/2754 2781/2781
f 2896/2896 2834/2834 2860/2860
f 2896/2896 2911/2911 2834/2834
f 2896/2896 2930/2930 2977/2977
f 2897/2897 2414/2414 2820/2820
f 2898/2898 3093/3093 3086/3086
f 2898/2898 3102/3102 2996/2996
f 2899/2899 2935/2935 2430/2430
f 2901/2901 2802/2802 2841/2841
f 2901/2901 2964/2964 2802/2802
f 2902/2902 3069/3069 3010/3010
f 2902/2902 3085/3085 3097/3097
f 2903/2903 2405/2405 2374/2374
f 2903/2903 2501/2501 2405/2405
f 2903/2903 2882/2882 2808/2808
f 2904/2904 2945/2945 3096/3096
f 2904/2904 3096/3096 2873/2873
f 2905/2905 2303/2303 2404/2404
f 2905/2905 2404/2404 2303/2303
f 2905/2905 2671/2671 2764/2764
f 2905/2905 2764/2764 2938/2938
f 2905/2905 2938/2938 2486/2486
f 2906/2906 2419/2419 2339/2339
f 2906/2906 2960/2960 2447/2447
f 2908/2908 2819/2819 2750/2750
f 2909/2909 2407/2407 2887/2887
f 2910/2910 2995/2995 3019/3019
f 2910/2910 3002/3002 2995/2995
f 2910/2910 3019/3019 2733/2733
f 2913/2913 2893/2893 2862/2862
f 2913/2913 2993/2993 2893/2893
f 2913/2913 3017/3017 2993/2993
f 2915/2915 2401/2401 2885/2885
f 2915/2915 2788/2788 2860/2860
f 2915/2915 2834/2834 2473/2473
f 2915/2915 2956/2956 2401/2401
f 2917/2917 2840/2840 2477/2477
f 2917/2917 2848/2848 2869/2869
f 2917/2917 2854/2854 2840/2840
f 2917/2917 2869/2869 2790/2790
f 2918/2918 2859/2859 2754/2754
f 2918/2918 2934/2934 3031/3031
f 2919/2919 2799/2799 2815/2815
f 2919/2919 2815/2815 2925/2925
f 2919/2919 2889/2889 2799/2799
f 2919/2919 2925/2925 2983/2983
f 2919/2919 3003/3003 2889/2889
f 2920/2920 2412/2412 3040/3040
f 2920/2920 2827/2827 2892/2892
f 2920/2920 2892/2892 2412/2412
f 2920/2920 2892/2892 2827/2827
f 2920/2920 3040/3040 3022/3022
f 2922/2922 2768/2768 2884/2884
f 2922/2922 2884/2884 2784/2784
f 2923/2923 2894/2894 3082/3082
f 2924/2924 2891/2891 2981/2981
f 2924/2924 2981/2981 3001/3001
f 2924/2924 3001/3001 3071/3071
f 2924/2924 3104/3104 2926/2926
f 2925/2925 2815/2815 2853/2853
f 2926/2926 2894/2894 3035/3035
f 2926/2926 3082/3082 2894/2894
f 2926/2926 3104/3104 3082/3082
f 2927/2927 2462/2462 2958/2958
f 2927/2927 2959/2959 2462/2462
f 2928/2928 2892/2892 2412/2412
f 2928/2928 2990/2990 3040/3040
f 2928/2928 3092/3092 2735/2735
f 2929/2929 2883/2883 2812/2812
f 2930/2930 2896/2896 2860/2860
f 2930/2930 2989/2989 2902/2902
f 2931/2931 2422/2422 2271/2271
f 2932/2932 2471/2471 2485/2485
f 2933/2933 2847/2847 2867/2867
f 2933/2933 2847/2847 2955/2955
f 2935/2935 2450/2450 2430/2430
f 2935/2935 2899/2899 2814/2814
f 2936/2936 2823/2823 2968/2968
f 2936/2936 2949/2949 2817/2817
f 2936/2936 3020/3020 2817/2817
f 2937/2937 2493/2493 2625/2625
f 2939/2939 3109/3109 3054/3054
f 2941/2941 3032/3032 2954/2954
f 2941/2941 3056/3056 2994/2994
f 2942/2942 2912/2912 2988/2988
f 2942/2942 2988/2988 3009/3009
f 2943/2943 2494/2494 2966/2966
f 2943/2943 2822/2822 2472/2472
f 2944/2944 2470/2470 2907/2907
f 2945/2945 2904/2904 3036/3036
f 2947/2947 2427/2427 2460/2460
f 2947/2947 3042/3042 2951/2951
f 2948/2948 2314/2314 2333/2333
f 2948/2948 2333/2333 3005/3005
f 2949/2949 2823/2823 2817/2817
f 2950/2950 2335/2335 3016/3016
f 2950/2950 2466/2466 2500/2500
f 2950/2950 2890/2890 2442/2442
f 2950/2950 3016/3016 3041/3041
f 2951/2951 2381/2381 2460/2460
f 2951/2951 2748/2748 2947/2947
f 2952/2952 2832/2832 3127/3127
f 2952/2952 2948/2948 2832/2832
f 2952/2952 3078/3078 3113/3113
f 2953/2953 3014/3014 3036/3036
f 2953/2953 3036/3036 2925/2925
f 2954/2954 3032/3032 2891/2891
f 2954/2954 3108/3108 2941/2941
f 2955/2955 2847/2847 2933/2933
f 2956/2956 3009/3009 3038/3038
f 2957/2957 2729/2729 3013/3013
f 2957/2957 2799/2799 2729/2729
f 2959/2959 2886/2886 2435/2435
f 2959/2959 2927/2927 2958/2958
f 2959/2959 2958/2958 2462/2462
f 2960/2960 3002/3002 3034/3034
f 2960/2960 3034/3034 2805/2805
f 2961/2961 1621/1621 1759/1759
f 2961/2961 1759/1759 3006/3006
f 2961/2961 2868/2868 2808/2808
f 2963/2963 2872/2872 3026/3026
f 2963/2963 2979/2979 2872/2872
f 2964/2964 2949/2949 2802/2802
f 2964/2964 2994/2994 3037/3037
f 2965/2965 2897/2897 2969/2969
f 2965/2965 2969/2969 2897/2897
f 2966/2966 2494/2494 2879/2879
f 2966/2966 2711/2711 2822/2822
f 2966/2966 2711/2711 3031/3031
f 2966/2966 2822/2822 2727/2727
f 2966/2966 2822/2822 2943/2943
f 2968/2968 2800/2800 2823/2823
f 2968/2968 2823/2823 2800/2800
f 2968/2968 2971/2971 3025/3025
f 2968/2968 3025/3025 2936/2936
f 2969/2969 2736/2736 3027/3027
f 2969/2969 2820/2820 2736/2736
f 2969/2969 3027/3027 2897/2897
f 2970/2970 2327/2327 2767/2767
f 2970/2970 2327/2327 3030/3030
f 2970/2970 2767/2767 2327/2327
f 2970/2970 3030/3030 2327/2327
f 2971/2971 2993/2993 2575/2575
f 2972/2972 2788/2788 2885/2885
f 2972/2972 2860/2860 2788/2788
f 2972/2972 2940/2940 2825/2825
f 2973/2973 2995/2995 3002/3002
f 2974/2974 2737/2737 2999/2999
f 2974/2974 2866/2866 2720/2720
f 2974/2974 2923/2923 3014/3014
f 2974/2974 2999/2999 2923/2923
f 2976/2976 1713/1713 3033/3033
f 2977/2977 2930/2930 3010/3010
f 2978/2978 2715/2715 3005/3005
f 2978/2978 2760/2760 2715/2715
f 2979/2979 2872/2872 2998/2998
f 2979/2979 2998/2998 2872/2872
f 2980/2980 2859/2859 2918/2918
f 2980/2980 3031/3031 2711/2711
f 2981/2981 2753/2753 3001/3001
f 2981/2981 2773/2773 2753/2753
f 2982/2982 2751/2751 3002/3002
f 2982/2982 3002/3002 2910/2910
f 2983/2983 2904/2904 2873/2873
f 2983/2983 3003/3003 2919/2919
f 2985/2985 3042/3042 2381/2381
f 2986/2986 2309/2309 2390/2390
f 2986/2986 2390/2390 3024/3024
f 2986/2986 2785/2785 2877/2877
f 2986/2986 2877/2877 3024/3024
f 2987/2987 2881/2881 2955/2955
f 2987/2987 3039/3039 2344/2344
f 2988/2988 2732/2732 3009/3009
f 2988/2988 2975/2975 2709/2709
f 2989/2989 2763/2763 2913/2913
f 2989/2989 2774/2774 2876/2876
f 2989/2989 2876/2876 2902/2902
f 2989/2989 2913/2913 2862/2862
f 2989/2989 2930/2930 2825/2825
f 2990/2990 2735/2735 2842/2842
f 2990/2990 2842/2842 2892/2892
f 2990/2990 2928/2928 2735/2735
f 2992/2992 2818/2818 2752/2752
f 2992/2992 2939/2939 2818/2818
f 2992/2992 3054/3054 2878/2878
f 2993/2993 2317/2317 2575/2575
f 2993/2993 3017/3017 2940/2940
f 2994/2994 2901/2901 3007/3007
f 2994/2994 2964/2964 2901/2901
f 2994/2994 3007/3007 2941/2941
f 2995/2995 2493/2493 2937/2937
f 2997/2997 2391/2391 4020/4020
f 2997/2997 3011/3011 3737/3737
f 2998/2998 2872/2872 2921/2921
f 2999/2999 2776/2776 3035/3035
f 2999/2999 2894/2894 2923/2923
f 3000/3000 4453/4453 4448/4448
f 3002/3002 2751/2751 2722/2722
f 3002/3002 2751/2751 3034/3034
f 3002/3002 2906/2906 2973/2973
f 3002/3002 2960/2960 2906/2906
f 3003/3003 2760/2760 2729/2729
f 3003/3003 2983/2983 2873/2873
f 3005/3005 2731/2731 2948/2948
f 3006/3006 2738/2738 2849/2849
f 3006/3006 2849/2849 2961/2961
f 3007/3007 2739/2739 3032/3032
f 3007/3007 2901/2901 2841/2841
f 3007/3007 3032/3032 2941/2941
f 3008/3008 3023/3023 2371/2371
f 3009/3009 2732/2732 2755/2755
f 3009/3009 2956/2956 2942/2942
f 3010/3010 2930/2930 2902/2902
f 3011/3011 2997/2997 3737/3737
f 3011/3011 3732/3732 3737/3737
f 3012/3012 2350/2350 3030/3030
f 3012/3012 2382/2382 2350/2350
f 3012/3012 2382/2382 3030/3030
f 3012/3012 2407/2407 2909/2909
f 3013/3013 2729/2729 2760/2760
f 3014/3014 2953/2953 2974/2974
f 3015/3015 2747/2747 2823/2823
f 3015/3015 2949/2949 2964/2964
f 3016/3016 2335/2335 2389/2389
f 3017/3017 2763/2763 2825/2825
f 3018/3018 2898/2898 3061/3061
f 3018/3018 3061/3061 2996/2996
f 3018/3018 3093/3093 2898/2898
f 3019/3019 2995/2995 2937/2937
f 3019/3019 3029/3029 2733/2733
f 3020/3020 2614/2614 2742/2742
f 3020/3020 2742/2742 2817/2817
f 3021/3021 2471/2471 2932/2932
f 3021/3021 2485/2485 2471/2471
f 3022/3022 2819/2819 2908/2908
f 3022/3022 2908/2908 2750/2750
f 3022/3022 3040/3040 2819/2819
f 3023/3023 3008/3008 2371/2371
f 3023/3023 3008/3008 2767/2767
f 3024/3024 2877/2877 2986/2986
f 3025/3025 2575/2575 2358/2358
f 3025/3025 3020/3020 2936/2936
f 3026/3026 2872/2872 2963/2963
f 3027/3027 2736/2736 2762/2762
f 3027/3027 2839/2839 2965/2965
f 3027/3027 2965/2965 2897/2897
f 3029/3029 2937/2937 2721/2721
f 3029/3029 3019/3019 2937/2937
f 3030/3030 2382/2382 3012/3012
f 3030/3030 3012/3012 2382/2382
f 3031/3031 2711/2711 2966/2966
f 3031/3031 2727/2727 2822/2822
f 3031/3031 2807/2807 2822/2822
f 3031/3031 2966/2966 2727/2727
f 3031/3031 2980/2980 2918/2918
f 3032/3032 2723/2723 2981/2981
f 3032/3032 2739/2739 2723/2723
f 3034/3034 2751/2751 3002/3002
f 3034/3034 3195/3195 2712/2712
f 3035/3035 3048/3048 3091/3091
f 3036/3036 2904/2904 2983/2983
f 3036/3036 2983/2983 2925/2925
f 3037/3037 2994/2994 3056/3056
f 3037/3037 3015/3015 2964/2964
f 3037/3037 3059/3059 3015/3015
f 3038/3038 2401/2401 2956/2956
f 3038/3038 3009/3009 2755/2755
f 3039/3039 2955/2955 2454/2454
f 3039/3039 2987/2987 2955/2955
f 3040/3040 2796/2796 2819/2819
f 3040/3040 2892/2892 2796/2796
f 3040/3040 2990/2990 2892/2892
f 3041/3041 2389/2389 2366/2366
f 3041/3041 3016/3016 2389/2389
f 3042/3042 2381/2381 2951/2951
f 3043/3043 3089/3089 3079/3079
f 3043/3043 3090/3090 3082/3082
f 3043/3043 3199/3199 3089/3089
f 3044/3044 1533/1533 1575/1575
f 3045/3045 3159/3159 2725/2725
f 3046/3046 3076/3076 3111/3111
f 3048/3048 3035/3035 3163/3163
f 3048/3048 3058/3058 3083/3083
f 3048/3048 3083/3083 3091/3091
f 3049/3049 3088/3088 3184/3184
f 3050/3050 3055/3055 3195/3195
f 3050/3050 3156/3156 3087/3087
f 3050/3050 3195/3195 3201/3201
f 3051/3051 3079/3079 3155/3155
f 3051/3051 3155/3155 3189/3189
f 3051/3051 3170/3170 3079/3079
f 3052/3052 3164/3164 2772/2772
f 3053/3053 3303/3303 3312/3312
f 3054/3054 2752/2752 2818/2818
f 3054/3054 2818/2818 2939/2939
f 3054/3054 2939/2939 2992/2992
f 3054/3054 3086/3086 2898/2898
f 3055/3055 3050/3050 3096/3096
f 3055/3055 3185/3185 3195/3195
f 3056/3056 2941/2941 3108/3108
f 3056/3056 3108/3108 3084/3084
f 3058/3058 3060/3060 3083/3083
f 3059/3059 3037/3037 3072/3072
f 3059/3059 3115/3115 3179/3179
f 3060/3060 3058/3058 3175/3175
f 3060/3060 3073/3073 3116/3116
f 3060/3060 3175/3175 3193/3193
f 3060/3060 3193/3193 3073/3073
f 3061/3061 2898/2898 2996/2996
f 3063/3063 3055/3055 3096/3096
f 3063/3063 3076/3076 3170/3170
f 3064/3064 3047/3047 3094/3094
f 3065/3065 3074/3074 3110/3110
f 3066/3066 2888/2888 3004/3004
f 3067/3067 3303/3303 3098/3098
f 3068/3068 3107/3107 3138/3138
f 3068/3068 3138/3138 3184/3184
f 3068/3068 3181/3181 3107/3107
f 3069/3069 2902/2902 3097/3097
f 3070/3070 2740/2740 2934/2934
f 3070/3070 2895/2895 3077/3077
f 3070/3070 2918/2918 2895/2895
f 3070/3070 2934/2934 2918/2918
f 3070/3070 3077/3077 3134/3134
f 3071/3071 3001/3001 3177/3177
f 3071/3071 3043/3043 3082/3082
f 3072/3072 3037/3037 3056/3056
f 3073/3073 3108/3108 3116/3116
f 3073/3073 3200/3200 3084/3084
f 3074/3074 2880/2880 3110/3110
f 3074/3074 3117/3117 3110/3110
f 3075/3075 3120/3120 3161/3161
f 3075/3075 3161/3161 3120/3120
f 3076/3076 3046/3046 3079/3079
f 3076/3076 3063/3063 3099/3099
f 3076/3076 3099/3099 3111/3111
f 3077/3077 2857/2857 2735/2735
f 3077/3077 3092/3092 3134/3134
f 3078/3078 3127/3127 3113/3113
f 3079/3079 3046/3046 3090/3090
f 3079/3079 3089/3089 3155/3155
f 3079/3079 3170/3170 3076/3076
f 3080/3080 3049/3049 3138/3138
f 3080/3080 3057/3057 3049/3049
f 3080/3080 3088/3088 3138/3138
f 3080/3080 3138/3138 3088/3088
f 3080/3080 3138/3138 3122/3122
f 3081/3081 3095/3095 3129/3129
f 3081/3081 3126/3126 3115/3115
f 3081/3081 3152/3152 3337/3337
f 3083/3083 3060/3060 3116/3116
f 3084/3084 3103/3103 3056/3056
f 3085/3085 2902/2902 2876/2876
f 3086/3086 2878/2878 2898/2898
f 3086/3086 2992/2992 2878/2878
f 3086/3086 3054/3054 2992/2992
f 3087/3087 3096/3096 3050/3050
f 3087/3087 3156/3156 2858/2858
f 3088/3088 3049/3049 3057/3057
f 3088/3088 3057/3057 3080/3080
f 3088/3088 3138/3138 3080/3080
f 3090/3090 2923/2923 3082/3082
f 3090/3090 3014/3014 2923/2923
f 3090/3090 3043/3043 3079/3079
f 3090/3090 3046/3046 3111/3111
f 3090/3090 3111/3111 3014/3014
f 3091/3091 2924/2924 2926/2926
f 3091/3091 2926/2926 3035/3035
f 3091/3091 3083/3083 2924/2924
f 3092/3092 2461/2461 3284/3284
f 3093/3093 2898/2898 3086/3086
f 3093/3093 2996/2996 3102/3102
f 3093/3093 3018/3018 2996/2996
f 3093/3093 3102/3102 2898/2898
f 3094/3094 3047/3047 3064/3064
f 3095/3095 3081/3081 3337/3337
f 3095/3095 3106/3106 3143/3143
f 3096/3096 3087/3087 2873/2873
f 3096/3096 3099/3099 3063/3063
f 3098/3098 3303/3303 3067/3067
f 3099/3099 3096/3096 2945/2945
f 3100/3100 3198/3198 3320/3320
f 3100/3100 3323/3323 3113/3113
f 3101/3101 3153/3153 3168/3168
f 3103/3103 3072/3072 3056/3056
f 3103/3103 3115/3115 3072/3072
f 3103/3103 3152/3152 3115/3115
f 3104/3104 2924/2924 3071/3071
f 3104/3104 3071/3071 3082/3082
f 3105/3105 3147/3147 3118/3118
f 3107/3107 3068/3068 3138/3138
f 3108/3108 3073/3073 3084/3084
f 3109/3109 2939/2939 3054/3054
f 3110/3110 3074/3074 3065/3065
f 3110/3110 3117/3117 3074/3074
f 3111/3111 2945/2945 3036/3036
f 3111/3111 3036/3036 3014/3014
f 3111/3111 3099/3099 2945/2945
f 3112/3112 2996/2996 3102/3102
f 3112/3112 3102/3102 2996/2996
f 3114/3114 1533/1533 1575/1575
f 3114/3114 1575/1575 1533/1533
f 3114/3114 3044/3044 1575/1575
f 3115/3115 3059/3059 3072/3072
f 3116/3116 2891/2891 2954/2954
f 3116/3116 2954/2954 2891/2891
f 3116/3116 3108/3108 2954/2954
f 3118/3118 3147/3147 3105/3105
f 3119/3119 3170/3170 3155/3155
f 3119/3119 3196/3196 3232/3232
f 3120/3120 3161/3161 3135/3135
f 3122/3122 3068/3068 3107/3107
f 3122/3122 3107/3107 3181/3181
f 3122/3122 3138/3138 3068/3068
f 3122/3122 3171/3171 3138/3138
f 3122/3122 3181/3181 3068/3068
f 3123/3123 3084/3084 3200/3200
f 3123/3123 3146/3146 3084/3084
f 3125/3125 2772/2772 2864/2864
f 3126/3126 3081/3081 3129/3129
f 3126/3126 3129/3129 3167/3167
f 3127/3127 3078/3078 2952/2952
f 3128/3128 3068/3068 3160/3160
f 3128/3128 3160/3160 3262/3262
f 3128/3128 3184/3184 3172/3172
f 3128/3128 3262/3262 3160/3160
f 3130/3130 2832/2832 3166/3166
f 3130/3130 3127/3127 2832/2832
f 3131/3131 3170/3170 3119/3119
f 3131/3131 3182/3182 3170/3170
f 3132/3132 3062/3062 3188/3188
f 3133/3133 2810/2810 2829/2829
f 3133/3133 2838/2838 2861/2861
f 3133/3133 2861/2861 2810/2810
f 3133/3133 3156/3156 2838/2838
f 3134/3134 3256/3256 2740/2740
f 3134/3134 3284/3284 3256/3256
f 3136/3136 2587/2587 3245/3245
f 3136/3136 3154/3154 3177/3177
f 3137/3137 3191/3191 3147/3147
f 3138/3138 3080/3080 3122/3122
f 3138/3138 3088/3088 3080/3080
f 3138/3138 3122/3122 3068/3068
f 3138/3138 3171/3171 3122/3122
f 3140/3140 3169/3169 3173/3173
f 3141/3141 3174/3174 2803/2803
f 3142/3142 2869/2869 2848/2848
f 3142/3142 3150/3150 2869/2869
f 3142/3142 3198/3198 3150/3150
f 3143/3143 3085/3085 3197/3197
f 3143/3143 3095/3095 3129/3129
f 3143/3143 3097/3097 3085/3085
f 3143/3143 3129/3129 3095/3095
f 3143/3143 3151/3151 3097/3097
f 3143/3143 3167/3167 3129/3129
f 3144/3144 3262/3262 3180/3180
f 3145/3145 3124/3124 3240/3240
f 3146/3146 3103/3103 3084/3084
f 3146/3146 3152/3152 3103/3103
f 3147/3147 3191/3191 3137/3137
f 3148/3148 3155/3155 3089/3089
f 3148/3148 3186/3186 3155/3155
f 3149/3149 2805/2805 3185/3185
f 3149/3149 3131/3131 3248/3248
f 3150/3150 3157/3157 3187/3187
f 3152/3152 3081/3081 3115/3115
f 3154/3154 3245/3245 3272/3272
f 3154/3154 3272/3272 3237/3237
f 3155/3155 3186/3186 3196/3196
f 3155/3155 3189/3189 3170/3170
f 3156/3156 2722/2722 3201/3201
f 3156/3156 3050/3050 3201/3201
f 3156/3156 3133/3133 2829/2829
f 3157/3157 3100/3100 3113/3113
f 3157/3157 3113/3113 3127/3127
f 3157/3157 3127/3127 3178/3178
f 3157/3157 3150/3150 3198/3198
f 3157/3157 3178/3178 3187/3187
f 3157/3157 3198/3198 3100/3100
f 3159/3159 2725/2725 2798/2798
f 3160/3160 3049/3049 3332/3332
f 3160/3160 3068/3068 3184/3184
f 3160/3160 3184/3184 3049/3049
f 3160/3160 3262/3262 3274/3274
f 3161/3161 3120/3120 3135/3135
f 3162/3162 2803/2803 3174/3174
f 3163/3163 2527/2527 3279/3279
f 3164/3164 2772/2772 3125/3125
f 3164/3164 3052/3052 2772/2772
f 3164/3164 3125/3125 2772/2772
f 3165/3165 3555/3555 3545/3545
f 3166/3166 2710/2710 2745/2745
f 3166/3166 2745/2745 3178/3178
f 3166/3166 2810/2810 3158/3158
f 3166/3166 3158/3158 2861/2861
f 3166/3166 3178/3178 3130/3130
f 3170/3170 3119/3119 3196/3196
f 3170/3170 3155/3155 3196/3196
f 3170/3170 3182/3182 3063/3063
f 3170/3170 3189/3189 3155/3155
f 3170/3170 3196/3196 3119/3119
f 3171/3171 3122/3122 3138/3138
f 3171/3171 3138/3138 3122/3122
f 3172/3172 3068/3068 3128/3128
f 3172/3172 3184/3184 3068/3068
f 3173/3173 3169/3169 3140/3140
f 3174/3174 3141/3141 2818/2818
f 3174/3174 3203/3203 3216/3216
f 3175/3175 3048/3048 3163/3163
f 3175/3175 3058/3058 3048/3048
f 3175/3175 3163/3163 3271/3271
f 3176/3176 2751/2751 2838/2838
f 3177/3177 2753/2753 3136/3136
f 3177/3177 3001/3001 2753/2753
f 3177/3177 3043/3043 3071/3071
f 3177/3177 3154/3154 3199/3199
f 3177/3177 3199/3199 3043/3043
f 3178/3178 2745/2745 2809/2809
f 3178/3178 3127/3127 3130/3130
f 3179/3179 2747/2747 3015/3015
f 3179/3179 3015/3015 3059/3059
f 3179/3179 3115/3115 3126/3126
f 3179/3179 3126/3126 3167/3167
f 3180/3180 3226/3226 3274/3274
f 3180/3180 3262/3262 3144/3144
f 3180/3180 3274/3274 3262/3262
f 3182/3182 3131/3131 3185/3185
f 3182/3182 3185/3185 3063/3063
f 3183/3183 3135/3135 3161/3161
f 3183/3183 3161/3161 3135/3135
f 3183/3183 3551/3551 3192/3192
f 3183/3183 3593/3593 3551/3551
f 3184/3184 3088/3088 3138/3138
f 3184/3184 3128/3128 3160/3160
f 3184/3184 3138/3138 3049/3049
f 3184/3184 3138/3138 3068/3068
f 3184/3184 3160/3160 3049/3049
f 3185/3185 3055/3055 3063/3063
f 3185/3185 3131/3131 3149/3149
f 3186/3186 3148/3148 3199/3199
f 3186/3186 3199/3199 3154/3154
f 3187/3187 2869/2869 3150/3150
f 3187/3187 3178/3178 2869/2869
f 3188/3188 3062/3062 3132/3132
f 3189/3189 3155/3155 3170/3170
f 3189/3189 3170/3170 3051/3051
f 3189/3189 3170/3170 3155/3155
f 3190/3190 3202/3202 3535/3535
f 3194/3194 3219/3219 3327/3327
f 3194/3194 3316/3316 3219/3219
f 3194/3194 3327/3327 3226/3226
f 3195/3195 3185/3185 2805/2805
f 3196/3196 3119/3119 3155/3155
f 3196/3196 3119/3119 3232/3232
f 3196/3196 3155/3155 3170/3170
f 3196/3196 3186/3186 3237/3237
f 3196/3196 3232/3232 3119/3119
f 3196/3196 3237/3237 3232/3232
f 3197/3197 2708/2708 3167/3167
f 3197/3197 2774/2774 2708/2708
f 3197/3197 2876/2876 2774/2774
f 3197/3197 3085/3085 2876/2876
f 3197/3197 3167/3167 3143/3143
f 3199/3199 3148/3148 3089/3089
f 3200/3200 3073/3073 3193/3193
f 3201/3201 3034/3034 2722/2722
f 3201/3201 3195/3195 3034/3034
f 3202/3202 3190/3190 3535/3535
f 3203/3203 2604/2604 2626/2626
f 3203/3203 2626/2626 2604/2604
f 3203/3203 3174/3174 2626/2626
f 3204/3204 3264/3264 3219/3219
f 3204/3204 3316/3316 3278/3278
f 3205/3205 3229/3229 3298/3298
f 3205/3205 3298/3298 3229/3229
f 3206/3206 2688/2688 2594/2594
f 3206/3206 3214/3214 2688/2688
f 3208/3208 3215/3215 3321/3321
f 3208/3208 3234/3234 3242/3242
f 3208/3208 3242/3242 3257/3257
f 3208/3208 3257/3257 3215/3215
f 3209/3209 3245/3245 2587/2587
f 3209/3209 3291/3291 3259/3259
f 3210/3210 3211/3211 3244/3244
f 3210/3210 3244/3244 3246/3246
f 3210/3210 3312/3312 3318/3318
f 3211/3211 3210/3210 3246/3246
f 3213/3213 3298/3298 3329/3329
f 3213/3213 3329/3329 3298/3298
f 3214/3214 3269/3269 3293/3293
f 3214/3214 3319/3319 2356/2356
f 3215/3215 3257/3257 3271/3271
f 3215/3215 3271/3271 3230/3230
f 3216/3216 2626/2626 2719/2719
f 3216/3216 2719/2719 3162/3162
f 3216/3216 3162/3162 3174/3174
f 3216/3216 3203/3203 2626/2626
f 3216/3216 3203/3203 3301/3301
f 3217/3217 2516/2516 3224/3224
f 3217/3217 2631/2631 2647/2647
f 3217/3217 2647/2647 2631/2631
f 3218/3218 3328/3328 3231/3231
f 3219/3219 3295/3295 3258/3258
f 3219/3219 3316/3316 3204/3204
f 3220/3220 2676/2676 3311/3311
f 3220/3220 3311/3311 3252/3252
f 3221/3221 3123/3123 3234/3234
f 3221/3221 3146/3146 3123/3123
f 3221/3221 3152/3152 3146/3146
f 3221/3221 3212/3212 3152/3152
f 3221/3221 3263/3263 3212/3212
f 3223/3223 3210/3210 3312/3312
f 3225/3225 3241/3241 3273/3273
f 3226/3226 3180/3180 3194/3194
f 3226/3226 3288/3288 3316/3316
f 3226/3226 3288/3288 3332/3332
f 3226/3226 3316/3316 3194/3194
f 3226/3226 3316/3316 3262/3262
f 3226/3226 3332/3332 3262/3262
f 3227/3227 2513/2513 2542/2542
f 3228/3228 3233/3233 1282/1282
f 3230/3230 3271/3271 3279/3279
f 3231/3231 3239/3239 3227/3227
f 3231/3231 3328/3328 3218/3218
f 3232/3232 3237/3237 3269/3269
f 3232/3232 3269/3269 3261/3261
f 3233/3233 3228/3228 1269/1269
f 3234/3234 3263/3263 3221/3221
f 3235/3235 2647/2647 2631/2631
f 3235/3235 3207/3207 2512/2512
f 3235/3235 3260/3260 3207/3207
f 3236/3236 3227/3227 2542/2542
f 3237/3237 3186/3186 3154/3154
f 3237/3237 3245/3245 3259/3259
f 3237/3237 3272/3272 3245/3245
f 3237/3237 3276/3276 3269/3269
f 3238/3238 3230/3230 3279/3279
f 3239/3239 3231/3231 3227/3227
f 3240/3240 3124/3124 3145/3145
f 3241/3241 3225/3225 3273/3273
f 3242/3242 3123/3123 3200/3200
f 3242/3242 3200/3200 3193/3193
f 3242/3242 3234/3234 3123/3123
f 3243/3243 2589/2589 2857/2857
f 3243/3243 2686/2686 2781/2781
f 3243/3243 2781/2781 2686/2686
f 3243/3243 3256/3256 3284/3284
f 3245/3245 3154/3154 3136/3136
f 3246/3246 3244/3244 3211/3211
f 3247/3247 3212/3212 3263/3263
f 3248/3248 2594/2594 2510/2510
f 3248/3248 3214/3214 3206/3206
f 3248/3248 3261/3261 3214/3214
f 3249/3249 3299/3299 3267/3267
f 3249/3249 3420/3420 3281/3281
f 3250/3250 3204/3204 3339/3339
f 3250/3250 3339/3339 3264/3264
f 3250/3250 3339/3339 3277/3277
f 3251/3251 3205/3205 3334/3334
f 3251/3251 3334/3334 3205/3205
f 3251/3251 3397/3397 3467/3467
f 3252/3252 2701/2701 3286/3286
f 3252/3252 3265/3265 3309/3309
f 3252/3252 3286/3286 2596/2596
f 3252/3252 3309/3309 3265/3265
f 3252/3252 3311/3311 3309/3309
f 3253/3253 3302/3302 3292/3292
f 3254/3254 3222/3222 3267/3267
f 3256/3256 2651/2651 2740/2740
f 3256/3256 2657/2657 3134/3134
f 3256/3256 2740/2740 3134/3134
f 3256/3256 2781/2781 2657/2657
f 3256/3256 3243/3243 2781/2781
f 3257/3257 3193/3193 3175/3175
f 3257/3257 3242/3242 3193/3193
f 3258/3258 3266/3266 3288/3288
f 3258/3258 3288/3288 3226/3226
f 3258/3258 3327/3327 3219/3219
f 3259/3259 3245/3245 3209/3209
f 3259/3259 3276/3276 3237/3237
f 3259/3259 3291/3291 3304/3304
f 3260/3260 3283/3283 2530/2530
f 3261/3261 3119/3119 3232/3232
f 3261/3261 3131/3131 3119/3119
f 3261/3261 3248/3248 3131/3131
f 3261/3261 3269/3269 3214/3214
f 3262/3262 3160/3160 3332/3332
f 3262/3262 3194/3194 3180/3180
f 3262/3262 3226/3226 3194/3194
f 3262/3262 3316/3316 3226/3226
f 3262/3262 3332/3332 3274/3274
f 3263/3263 3234/3234 3275/3275
f 3263/3263 3285/3285 3247/3247
f 3264/3264 3204/3204 3250/3250
f 3264/3264 3295/3295 3219/3219
f 3265/3265 3309/3309 2325/2325
f 3266/3266 3258/3258 3295/3295
f 3267/3267 3222/3222 3254/3254
f 3268/3268 2602/2602 2315/2315
f 3269/3269 3276/3276 3293/3293
f 3270/3270 3235/3235 2631/2631
f 3270/3270 3260/3260 3235/3235
f 3270/3270 3305/3305 3235/3235
f 3271/3271 3163/3163 3279/3279
f 3271/3271 3257/3257 3175/3175
f 3274/3274 3049/3049 3160/3160
f 3274/3274 3226/3226 3262/3262
f 3275/3275 3234/3234 3208/3208
f 3275/3275 3285/3285 3263/3263
f 3275/3275 3306/3306 3285/3285
f 3277/3277 2354/2354 2570/2570
f 3277/3277 2602/2602 2844/2844
f 3277/3277 2844/2844 2863/2863
f 3277/3277 3268/3268 2602/2602
f 3277/3277 3339/3339 2354/2354
f 3280/3280 2564/2564 2591/2591
f 3280/3280 2631/2631 2591/2591
f 3280/3280 2647/2647 2564/2564
f 3280/3280 3300/3300 3305/3305
f 3280/3280 3305/3305 3270/3270
f 3281/3281 3299/3299 3249/3249
f 3282/3282 3289/3289 3321/3321
f 3282/3282 3308/3308 3421/3421
f 3283/3283 2303/2303 2394/2394
f 3283/3283 3260/3260 3305/3305
f 3284/3284 2461/2461 3243/3243
f 3284/3284 3134/3134 3092/3092
f 3286/3286 2348/2348 2469/2469
f 3286/3286 2469/2469 3322/3322
f 3287/3287 3324/3324 3416/3416
f 3287/3287 3416/3416 2352/2352
f 3288/3288 3049/3049 3332/3332
f 3290/3290 3283/3283 3331/3331
f 3291/3291 1150/1150 3304/3304
f 3291/3291 2706/2706 2388/2388
f 3293/3293 1150/1150 1165/1165
f 3293/3293 1165/1165 2173/2173
f 3293/3293 2173/2173 672/672
f 3293/3293 3304/3304 1150/1150
f 3294/3294 3299/3299 3340/3340
f 3294/3294 3301/3301 3216/3216
f 3294/3294 3315/3315 3299/3299
f 3294/3294 3340/3340 3315/3315
f 3295/3295 3264/3264 3333/3333
f 3295/3295 3288/3288 3266/3266
f 3295/3295 3333/3333 3339/3339
f 3295/3295 3339/3339 3316/3316
f 3296/3296 3308/3308 3325/3325
f 3296/3296 3325/3325 3335/3335
f 3296/3296 3335/3335 2437/2437
f 3296/3296 3421/3421 3308/3308
f 3297/3297 3309/3309 3336/3336
f 3297/3297 3324/3324 2340/2340
f 3299/3299 3315/3315 3281/3281
f 3299/3299 3420/3420 3469/3469
f 3299/3299 3444/3444 3267/3267
f 3300/3300 2457/2457 3305/3305
f 3300/3300 3280/3280 2591/2591
f 3301/3301 3203/3203 3216/3216
f 3301/3301 3294/3294 3340/3340
f 3302/3302 3253/3253 3292/3292
f 3303/3303 3053/3053 3098/3098
f 3303/3303 3098/3098 3312/3312
f 3304/3304 3276/3276 3259/3259
f 3304/3304 3293/3293 3276/3276
f 3305/3305 2303/2303 3283/3283
f 3305/3305 2457/2457 2303/2303
f 3305/3305 2457/2457 2482/2482
f 3305/3305 3235/3235 3270/3270
f 3305/3305 3260/3260 3270/3270
f 3305/3305 3270/3270 3235/3235
f 3306/3306 3275/3275 3314/3314
f 3307/3307 3337/3337 3212/3212
f 3308/3308 3421/3421 3282/3282
f 3309/3309 2325/2325 2701/2701
f 3309/3309 3265/3265 2325/2325
f 3309/3309 3286/3286 3336/3336
f 3309/3309 3311/3311 3286/3286
f 3310/3310 3298/3298 3213/3213
f 3310/3310 3329/3329 3298/3298
f 3311/3311 2451/2451 3286/3286
f 3311/3311 2676/2676 2373/2373
f 3312/3312 3098/3098 3053/3053
f 3312/3312 3210/3210 3223/3223
f 3312/3312 3210/3210 3318/3318
f 3313/3313 3285/3285 3306/3306
f 3313/3313 3306/3306 3330/3330
f 3314/3314 3208/3208 3321/3321
f 3314/3314 3275/3275 3208/3208
f 3315/3315 3299/3299 3281/3281
f 3316/3316 3288/3288 3295/3295
f 3316/3316 3339/3339 3278/3278
f 3317/3317 2448/2448 2586/2586
f 3317/3317 2576/2576 2448/2448
f 3319/3319 3214/3214 3293/3293
f 3321/3321 3289/3289 3314/3314
f 3321/3321 3308/3308 3282/3282
f 3322/3322 2469/2469 2402/2402
f 3323/3323 3100/3100 3320/3320
f 3324/3324 2426/2426 2340/2340
f 3324/3324 3297/3297 3336/3336
f 3324/3324 3336/3336 3370/3370
f 3324/3324 3370/3370 3416/3416
f 3325/3325 3215/3215 3230/3230
f 3325/3325 3230/3230 3238/3238
f 3325/3325 3238/3238 3335/3335
f 3325/3325 3308/3308 3321/3321
f 3325/3325 3321/3321 3215/3215
f 3327/3327 3258/3258 3226/3226
f 3329/3329 3213/3213 3298/3298
f 3329/3329 3310/3310 3213/3213
f 3330/3330 3306/3306 3314/3314
f 3331/3331 3283/3283 3290/3290
f 3332/3332 3049/3049 3274/3274
f 3332/3332 3049/3049 3288/3288
f 3332/3332 3226/3226 3262/3262
f 3332/3332 3288/3288 3226/3226
f 3335/3335 2301/2301 2437/2437
f 3336/3336 3286/3286 3322/3322
f 3337/3337 3152/3152 3212/3212
f 3337/3337 3326/3326 3095/3095
f 3339/3339 3204/3204 3278/3278
f 3339/3339 3333/3333 3264/3264
f 3340/3340 3216/3216 3301/3301
f 3340/3340 3294/3294 3216/3216
f 3340/3340 3294/3294 3301/3301
f 3340/3340 3299/3299 3315/3315
f 3340/3340 3301/3301 3294/3294
f 3341/3341 3419/3419 3474/3474
f 3341/3341 3485/3485 3474/3474
f 3342/3342 1101/1101 3418/3418
f 3342/3342 3426/3426 3352/3352
f 3343/3343 2410/2410 3985/3985
f 3343/3343 3338/3338 2410/2410
f 3344/3344 3496/3496 3368/3368
f 3344/3344 3671/3671 3648/3648
f 3346/3346 3498/3498 3707/3707
f 3346/3346 3640/3640 3362/3362
f 3346/3346 3654/3654 3394/3394
f 3346/3346 3654/3654 3640/3640
f 3347/3347 3491/3491 3415/3415
f 3348/3348 3372/3372 3424/3424
f 3349/3349 3470/3470 3464/3464
f 3349/3349 3486/3486 3495/3495
f 3351/3351 559/559 3641/3641
f 3351/3351 3394/3394 3369/3369
f 3352/3352 3368/3368 3496/3496
f 3352/3352 3423/3423 3342/3342
f 3352/3352 3423/3423 3610/3610
f 3352/3352 3610/3610 3423/3423
f 3353/3353 1035/1035 3396/3396
f 3353/3353 3360/3360 1111/1111
f 3354/3354 3336/3336 2402/2402
f 3354/3354 4003/4003 3370/3370
f 3355/3355 3386/3386 3392/3392
f 3355/3355 3411/3411 3428/3428
f 3356/3356 2438/2438 3338/3338
f 3356/3356 3338/3338 3343/3343
f 3356/3356 3343/3343 3393/3393
f 3356/3356 3407/3407 3454/3454
f 3357/3357 3345/3345 3990/3990
f 3357/3357 3481/3481 3345/3345
f 3357/3357 3990/3990 3491/3491
f 3358/3358 3355/3355 3498/3498
f 3358/3358 3411/3411 3355/3355
f 3359/3359 3409/3409 3508/3508
f 3359/3359 3457/3457 3486/3486
f 3359/3359 3470/3470 3493/3493
f 3359/3359 3486/3486 3470/3470
f 3359/3359 3508/3508 3457/3457
f 3360/3360 574/574 1111/1111
f 3360/3360 3353/3353 3396/3396
f 3360/3360 3371/3371 3673/3673
f 3362/3362 3358/3358 3478/3478
f 3362/3362 3498/3498 3346/3346
f 3362/3362 3694/3694 3408/3408
f 3363/3363 3506/3506 3689/3689
f 3364/3364 3350/3350 3421/3421
f 3364/3364 3421/3421 3412/3412
f 3364/3364 4068/4068 3497/3497
f 3365/3365 3425/3425 3373/3373
f 3367/3367 1034/1034 3379/3379
f 3367/3367 3349/3349 3495/3495
f 3367/3367 3379/3379 913/913
f 3367/3367 3379/3379 1034/1034
f 3368/3368 3488/3488 3344/3344
f 3369/3369 1053/1053 568/568
f 3369/3369 1053/1053 1065/1065
f 3369/3369 1065/1065 3351/3351
f 3369/3369 3430/3430 3676/3676
f 3369/3369 3676/3676 3406/3406
f 3370/3370 3336/3336 3354/3354
f 3371/3371 3360/3360 3441/3441
f 3371/3371 3712/3712 3360/3360
f 3372/3372 3348/3348 3424/3424
f 3372/3372 3481/3481 3512/3512
f 3372/3372 3512/3512 3481/3481
f 3373/3373 3425/3425 3501/3501
f 3374/3374 3517/3517 3398/3398
f 3375/3375 3344/3344 3488/3488
f 3375/3375 3540/3540 3699/3699
f 3376/3376 3366/3366 3688/3688
f 3376/3376 3429/3429 3366/3366
f 3376/3376 3688/3688 3702/3702
f 3377/3377 3413/3413 3516/3516
f 3377/3377 3516/3516 3362/3362
f 3379/3379 1027/1027 1034/1034
f 3379/3379 1034/1034 913/913
f 3379/3379 3383/3383 1027/1027
f 3379/3379 3495/3495 3505/3505
f 3380/3380 3416/3416 4048/4048
f 3380/3380 3427/3427 3416/3416
f 3380/3380 3988/3988 3416/3416
f 3380/3380 3988/3988 3968/3968
f 3380/3380 4048/4048 3988/3988
f 3381/3381 3368/3368 3418/3418
f 3381/3381 3375/3375 3488/3488
f 3381/3381 3391/3391 3388/3388
f 3381/3381 3499/3499 3375/3375
f 3382/3382 3406/3406 3430/3430
f 3383/3383 708/708 1027/1027
f 3384/3384 1119/1119 619/619
f 3384/3384 3581/3581 3508/3508
f 3385/3385 3417/3417 3474/3474
f 3385/3385 3474/3474 3451/3451
f 3385/3385 3479/3479 3960/3960
f 3385/3385 3960/3960 3750/3750
f 3386/3386 3355/3355 3428/3428
f 3386/3386 3610/3610 3392/3392
f 3386/3386 3705/3705 3610/3610
f 3387/3387 3381/3381 3399/3399
f 3387/3387 3399/3399 3381/3381
f 3387/3387 3399/3399 3400/3400
f 3387/3387 3621/3621 3582/3582
f 3388/3388 1123/1123 1042/1042
f 3388/3388 3391/3391 1083/1083
f 3388/3388 3399/3399 3381/3381
f 3388/3388 3400/3400 3399/3399
f 3390/3390 3372/3372 3510/3510
f 3391/3391 3388/3388 1123/1123
f 3392/3392 3498/3498 3355/3355
f 3392/3392 3610/3610 3446/3446
f 3393/3393 3343/3343 4010/4010
f 3393/3393 4010/4010 4071/4071
f 3394/3394 3449/3449 3437/3437
f 3394/3394 3498/3498 3449/3449
f 3395/3395 3447/3447 4006/4006
f 3395/3395 3926/3926 3447/3447
f 3396/3396 3383/3383 3514/3514
f 3396/3396 3431/3431 3383/3383
f 3396/3396 3652/3652 3601/3601
f 3397/3397 3139/3139 3467/3467
f 3397/3397 3251/3251 3139/3139
f 3399/3399 3381/3381 3387/3387
f 3399/3399 3387/3387 3504/3504
f 3399/3399 3504/3504 3499/3499
f 3400/3400 3388/3388 1042/1042
f 3401/3401 3366/3366 3429/3429
f 3401/3401 3404/3404 3688/3688
f 3402/3402 3407/3407 3451/3451
f 3402/3402 3435/3435 3407/3407
f 3403/3403 3421/3421 3350/3350
f 3404/3404 3462/3462 3735/3735
f 3404/3404 3628/3628 3688/3688
f 3404/3404 3735/3735 3628/3628
f 3406/3406 3369/3369 3394/3394
f 3406/3406 3382/3382 3369/3369
f 3406/3406 3394/3394 3437/3437
f 3406/3406 3430/3430 3369/3369
f 3406/3406 3437/3437 3449/3449
f 3406/3406 3449/3449 3437/3437
f 3407/3407 3356/3356 3393/3393
f 3409/3409 1119/1119 3384/3384
f 3410/3410 3389/3389 3402/3402
f 3410/3410 3402/3402 3389/3389
f 3411/3411 1061/1061 3428/3428
f 3411/3411 1069/1069 3428/3428
f 3411/3411 3358/3358 3473/3473
f 3412/3412 3296/3296 2437/2437
f 3412/3412 3421/3421 3296/3296
f 3412/3412 4068/4068 3364/3364
f 3413/3413 3362/3362 3408/3408
f 3413/3413 3377/3377 3362/3362
f 3413/3413 3408/3408 3681/3681
f 3413/3413 3422/3422 3468/3468
f 3414/3414 3378/3378 3633/3633
f 3414/3414 3633/3633 3378/3378
f 3415/3415 3491/3491 3347/3347
f 3415/3415 3491/3491 3465/3465
f 3416/3416 3380/3380 4048/4048
f 3416/3416 3988/3988 3380/3380
f 3416/3416 4031/4031 2352/2352
f 3416/3416 4048/4048 3380/3380
f 3417/3417 3501/3501 3474/3474
f 3418/3418 1083/1083 3391/3391
f 3418/3418 3342/3342 1083/1083
f 3418/3418 3368/3368 3352/3352
f 3418/3418 3391/3391 3381/3381
f 3419/3419 3402/3402 3474/3474
f 3419/3419 3407/3407 3402/3402
f 3419/3419 3474/3474 3460/3460
f 3420/3420 3249/3249 3469/3469
f 3420/3420 3299/3299 3281/3281
f 3420/3420 3469/3469 3249/3249
f 3421/3421 3308/3308 3282/3282
f 3421/3421 3403/3403 3282/3282
f 3422/3422 1089/1089 3455/3455
f 3422/3422 3681/3681 3665/3665
f 3424/3424 3372/3372 3390/3390
f 3424/3424 3390/3390 3510/3510
f 3424/3424 3471/3471 3512/3512
f 3424/3424 3512/3512 3372/3372
f 3425/3425 3365/3365 4028/4028
f 3425/3425 3460/3460 3501/3501
f 3426/3426 3342/3342 3418/3418
f 3426/3426 3418/3418 3352/3352
f 3427/3427 3380/3380 3416/3416
f 3427/3427 3416/3416 3968/3968
f 3427/3427 3968/3968 4031/4031
f 3428/3428 1121/1121 3386/3386
f 3429/3429 3376/3376 3713/3713
f 3429/3429 3647/3647 3659/3659
f 3429/3429 3659/3659 3723/3723
f 3429/3429 3713/3713 3647/3647
f 3429/3429 4083/4083 3401/3401
f 3430/3430 3406/3406 3676/3676
f 3430/3430 3609/3609 3382/3382
f 3431/3431 3667/3667 3383/3383
f 3432/3432 4216/4216 3453/3453
f 3433/3433 3482/3482 3494/3494
f 3433/3433 3798/3798 3599/3599
f 3433/3433 3982/3982 3798/3798
f 3435/3435 3402/3402 3407/3407
f 3436/3436 968/968 3473/3473
f 3436/3436 3473/3473 3484/3484
f 3436/3436 3483/3483 3487/3487
f 3437/3437 3430/3430 3406/3406
f 3437/3437 3461/3461 3430/3430
f 3437/3437 3509/3509 3533/3533
f 3438/3438 3940/3940 4052/4052
f 3439/3439 4071/4071 3893/3893
f 3440/3440 3497/3497 3881/3881
f 3441/3441 3360/3360 3458/3458
f 3441/3441 3458/3458 3505/3505
f 3441/3441 3567/3567 3371/3371
f 3442/3442 3886/3886 3480/3480
f 3442/3442 3932/3932 3886/3886
f 3443/3443 3499/3499 3504/3504
f 3444/3444 3299/3299 3469/3469
f 3445/3445 3489/3489 3372/3372
f 3446/3446 3498/3498 3392/3392
f 3446/3446 3591/3591 3498/3498
f 3446/3446 3610/3610 3573/3573
f 3447/3447 3926/3926 3395/3395
f 3447/3447 3926/3926 4006/4006
f 3448/3448 3504/3504 3582/3582
f 3448/3448 3509/3509 3544/3544
f 3448/3448 3544/3544 3504/3504
f 3450/3450 3497/3497 3440/3440
f 3451/3451 3393/3393 3439/3439
f 3451/3451 3407/3407 3393/3393
f 3451/3451 3479/3479 3385/3385
f 3451/3451 3879/3879 3479/3479
f 3452/3452 3494/3494 3433/3433
f 3454/3454 3407/3407 3419/3419
f 3454/3454 3419/3419 3425/3425
f 3455/3455 915/915 987/987
f 3455/3455 987/987 3487/3487
f 3455/3455 3487/3487 3468/3468
f 3456/3456 3528/3528 3591/3591
f 3456/3456 3591/3591 3573/3573
f 3456/3456 3595/3595 3528/3528
f 3457/3457 3508/3508 3486/3486
f 3458/3458 3360/3360 3505/3505
f 3459/3459 3424/3424 3510/3510
f 3460/3460 3425/3425 3419/3419
f 3462/3462 3404/3404 4000/4000
f 3462/3462 3856/3856 3735/3735
f 3463/3463 3472/3472 3608/3608
f 3463/3463 3598/3598 3608/3608
f 3463/3463 3598/3598 3858/3858
f 3463/3463 3858/3858 3818/3818
f 3464/3464 913/913 900/900
f 3465/3465 3347/3347 3415/3415
f 3465/3465 3491/3491 3347/3347
f 3466/3466 3956/3956 3941/3941
f 3467/3467 3139/3139 3251/3251
f 3468/3468 3422/3422 3455/3455
f 3468/3468 3436/3436 3516/3516
f 3469/3469 3249/3249 3267/3267
f 3469/3469 3267/3267 3444/3444
f 3469/3469 3420/3420 3249/3249
f 3469/3469 3910/3910 3861/3861
f 3470/3470 3349/3349 3367/3367
f 3470/3470 3349/3349 3464/3464
f 3470/3470 3367/3367 3464/3464
f 3470/3470 3464/3464 900/900
f 3471/3471 3424/3424 3459/3459
f 3471/3471 3459/3459 3510/3510
f 3473/3473 1069/1069 3411/3411
f 3474/3474 3402/3402 3451/3451
f 3474/3474 3419/3419 3341/3341
f 3475/3475 3425/3425 4028/4028
f 3475/3475 3454/3454 3425/3425
f 3475/3475 3847/3847 3454/3454
f 3477/3477 3544/3544 3509/3509
f 3477/3477 3582/3582 3509/3509
f 3478/3478 3498/3498 3362/3362
f 3479/3479 3879/3879 3960/3960
f 3480/3480 3910/3910 3469/3469
f 3481/3481 3357/3357 3491/3491
f 3482/3482 3433/3433 3494/3494
f 3483/3483 900/900 913/913
f 3483/3483 913/913 3436/3436
f 3483/3483 3436/3436 3468/3468
f 3484/3484 3358/3358 3362/3362
f 3484/3484 3473/3473 3358/3358
f 3485/3485 3341/3341 3474/3474
f 3486/3486 3349/3349 3470/3470
f 3486/3486 3508/3508 3434/3434
f 3487/3487 987/987 3470/3470
f 3487/3487 3470/3470 900/900
f 3487/3487 3483/3483 3436/3436
f 3487/3487 3483/3483 3468/3468
f 3488/3488 3368/3368 3381/3381
f 3490/3490 3931/3931 3945/3945
f 3490/3490 3945/3945 3931/3931
f 3491/3491 3345/3345 3481/3481
f 3492/3492 3456/3456 3528/3528
f 3492/3492 3477/3477 3449/3449
f 3493/3493 3470/3470 987/987
f 3494/3494 3452/3452 3433/3433
f 3495/3495 3379/3379 3367/3367
f 3495/3495 3434/3434 3441/3441
f 3495/3495 3486/3486 3434/3434
f 3496/3496 3344/3344 3648/3648
f 3496/3496 3595/3595 3456/3456
f 3496/3496 3648/3648 3595/3595
f 3497/3497 3350/3350 3364/3364
f 3497/3497 3450/3450 3350/3350
f 3497/3497 3873/3873 3881/3881
f 3498/3498 3394/3394 3707/3707
f 3498/3498 3446/3446 3547/3547
f 3498/3498 3478/3478 3358/3358
f 3498/3498 3547/3547 3449/3449
f 3498/3498 3591/3591 3446/3446
f 3499/3499 3381/3381 3399/3399
f 3499/3499 3443/3443 3375/3375
f 3500/3500 3546/3546 3513/3513
f 3501/3501 3385/3385 3690/3690
f 3501/3501 3417/3417 3385/3385
f 3501/3501 3460/3460 3474/3474
f 3501/3501 3690/3690 3373/3373
f 3502/3502 3356/3356 3454/3454
f 3502/3502 3454/3454 3917/3917
f 3502/3502 3917/3917 3989/3989
f 3502/3502 3989/3989 3356/3356
f 3503/3503 3372/3372 3489/3489
f 3503/3503 3445/3445 3372/3372
f 3503/3503 3489/3489 3445/3445
f 3504/3504 3540/3540 3443/3443
f 3504/3504 3577/3577 3540/3540
f 3505/3505 3360/3360 3396/3396
f 3505/3505 3396/3396 3514/3514
f 3505/3505 3495/3495 3441/3441
f 3506/3506 3363/3363 3689/3689
f 3507/3507 3442/3442 3480/3480
f 3507/3507 3469/3469 3861/3861
f 3507/3507 3480/3480 3469/3469
f 3507/3507 3932/3932 3442/3442
f 3509/3509 3437/3437 3477/3477
f 3509/3509 3448/3448 3582/3582
f 3510/3510 3839/3839 3471/3471
f 3512/3512 3510/3510 3372/3372
f 3512/3512 3897/3897 3839/3839
f 3513/3513 3546/3546 3500/3500
f 3513/3513 3546/3546 3557/3557
f 3513/3513 3557/3557 3546/3546
f 3514/3514 3379/3379 3505/3505
f 3514/3514 3383/3383 3379/3379
f 3515/3515 3361/3361 3476/3476
f 3515/3515 3476/3476 3361/3361
f 3516/3516 3413/3413 3468/3468
f 3516/3516 3436/3436 3484/3484
f 3516/3516 3484/3484 3362/3362
f 3517/3517 3374/3374 3398/3398
f 3517/3517 3374/3374 4076/4076
f 3517/3517 4076/4076 3374/3374
f 3518/3518 3527/3527 3668/3668
f 3519/3519 3530/3530 3561/3561
f 3519/3519 3574/3574 3785/3785
f 3519/3519 3808/3808 3742/3742
f 3522/3522 3477/3477 3492/3492
f 3522/3522 3492/3492 3528/3528
f 3522/3522 3528/3528 3575/3575
f 3522/3522 3544/3544 3477/3477
f 3523/3523 851/851 748/748
f 3523/3523 3564/3564 3606/3606
f 3523/3523 3606/3606 3678/3678
f 3523/3523 3678/3678 608/608
f 3525/3525 3674/3674 3686/3686
f 3527/3527 3518/3518 3668/3668
f 3528/3528 3456/3456 3492/3492
f 3528/3528 3558/3558 3575/3575
f 3528/3528 3595/3595 3558/3558
f 3530/3530 3519/3519 3692/3692
f 3531/3531 3781/3781 3807/3807
f 3531/3531 3781/3781 3820/3820
f 3531/3531 3807/3807 3816/3816
f 3531/3531 3816/3816 3781/3781
f 3533/3533 3430/3430 3461/3461
f 3533/3533 3461/3461 3437/3437
f 3533/3533 3621/3621 3651/3651
f 3533/3533 3676/3676 3430/3430
f 3536/3536 3553/3553 3828/3828
f 3537/3537 3563/3563 3715/3715
f 3538/3538 3526/3526 3570/3570
f 3538/3538 3551/3551 3593/3593
f 3538/3538 3579/3579 3551/3551
f 3538/3538 3593/3593 3579/3579
f 3539/3539 3540/3540 3577/3577
f 3539/3539 3586/3586 3603/3603
f 3539/3539 3603/3603 3540/3540
f 3539/3539 3702/3702 3586/3586
f 3540/3540 3375/3375 3443/3443
f 3540/3540 3660/3660 3699/3699
f 3541/3541 3596/3596 3606/3606
f 3541/3541 3662/3662 3596/3596
f 3542/3542 317/317 754/754
f 3542/3542 3554/3554 3605/3605
f 3542/3542 3605/3605 3554/3554
f 3543/3543 3701/3701 3532/3532
f 3544/3544 3577/3577 3504/3504
f 3546/3546 3557/3557 3715/3715
f 3546/3546 3715/3715 3604/3604
f 3546/3546 3777/3777 3557/3557
f 3546/3546 3777/3777 3784/3784
f 3547/3547 3446/3446 3591/3591
f 3548/3548 3575/3575 3558/3558
f 3548/3548 3648/3648 3693/3693
f 3548/3548 3703/3703 3575/3575
f 3549/3549 3511/3511 3560/3560
f 3549/3549 3560/3560 3625/3625
f 3549/3549 3625/3625 3696/3696
f 3549/3549 3696/3696 3717/3717
f 3550/3550 3594/3594 3578/3578
f 3551/3551 3183/3183 3192/3192
f 3551/3551 3579/3579 3593/3593
f 3551/3551 3593/3593 3183/3183
f 3552/3552 3365/3365 3373/3373
f 3552/3552 3373/3373 3690/3690
f 3552/3552 3680/3680 3365/3365
f 3552/3552 3680/3680 3520/3520
f 3552/3552 3680/3680 3690/3690
f 3552/3552 3690/3690 3680/3680
f 3553/3553 3778/3778 3561/3561
f 3553/3553 3828/3828 3778/3778
f 3554/3554 3542/3542 754/754
f 3554/3554 3605/3605 3542/3542
f 3555/3555 3165/3165 3545/3545
f 3556/3556 3693/3693 3589/3589
f 3556/3556 3703/3703 3548/3548
f 3557/3557 3777/3777 3546/3546
f 3558/3558 3595/3595 3548/3548
f 3559/3559 870/870 3572/3572
f 3559/3559 3572/3572 719/719
f 3559/3559 3617/3617 3710/3710
f 3560/3560 3511/3511 3549/3549
f 3560/3560 3562/3562 3625/3625
f 3561/3561 3568/3568 3553/3553
f 3561/3561 3574/3574 3519/3519
f 3561/3561 3785/3785 3574/3574
f 3562/3562 3560/3560 3613/3613
f 3562/3562 3613/3613 3625/3625
f 3564/3564 719/719 3572/3572
f 3564/3564 748/748 3572/3572
f 3564/3564 3523/3523 748/748
f 3564/3564 3541/3541 3606/3606
f 3565/3565 785/785 3542/3542
f 3566/3566 752/752 3559/3559
f 3566/3566 795/795 752/752
f 3566/3566 3559/3559 3710/3710
f 3567/3567 3441/3441 3581/3581
f 3568/3568 3530/3530 3660/3660
f 3568/3568 3561/3561 3530/3530
f 3568/3568 3603/3603 3612/3612
f 3569/3569 3553/3553 3771/3771
f 3569/3569 3771/3771 3793/3793
f 3569/3569 3828/3828 3553/3553
f 3570/3570 3526/3526 3538/3538
f 3572/3572 3541/3541 3564/3564
f 3573/3573 3352/3352 3496/3496
f 3573/3573 3496/3496 3456/3456
f 3573/3573 3591/3591 3446/3446
f 3575/3575 3548/3548 3703/3703
f 3577/3577 3524/3524 3539/3539
f 3578/3578 3594/3594 3550/3550
f 3578/3578 3690/3690 3821/3821
f 3581/3581 3434/3434 3508/3508
f 3581/3581 3441/3441 3434/3434
f 3581/3581 3700/3700 3567/3567
f 3582/3582 3477/3477 3509/3509
f 3582/3582 3504/3504 3387/3387
f 3582/3582 3533/3533 3509/3509
f 3582/3582 3718/3718 3621/3621
f 3583/3583 3529/3529 3576/3576
f 3583/3583 3576/3576 3529/3529
f 3583/3583 3602/3602 3956/3956
f 3584/3584 736/736 852/852
f 3584/3584 3554/3554 736/736
f 3587/3587 3566/3566 3710/3710
f 3588/3588 3676/3676 3533/3533
f 3589/3589 3553/3553 3568/3568
f 3589/3589 3568/3568 3556/3556
f 3589/3589 3661/3661 3627/3627
f 3590/3590 3536/3536 3569/3569
f 3590/3590 3569/3569 3793/3793
f 3590/3590 3599/3599 3793/3793
f 3590/3590 3793/3793 3599/3599
f 3591/3591 3449/3449 3547/3547
f 3591/3591 3492/3492 3449/3449
f 3591/3591 3528/3528 3492/3492
f 3592/3592 3639/3639 3664/3664
f 3593/3593 3135/3135 3183/3183
f 3593/3593 3183/3183 3135/3135
f 3594/3594 3680/3680 3578/3578
f 3594/3594 3765/3765 3762/3762
f 3597/3597 3600/3600 3645/3645
f 3597/3597 3804/3804 3600/3600
f 3598/3598 3463/3463 3608/3608
f 3598/3598 3463/3463 3818/3818
f 3599/3599 3590/3590 3793/3793
f 3599/3599 3793/3793 3798/3798
f 3600/3600 3656/3656 3645/3645
f 3600/3600 3804/3804 3656/3656
f 3601/3601 3431/3431 3396/3396
f 3601/3601 3652/3652 3587/3587
f 3601/3601 3667/3667 3431/3431
f 3603/3603 3586/3586 3626/3626
f 3603/3603 3626/3626 3612/3612
f 3603/3603 3660/3660 3540/3540
f 3604/3604 3537/3537 3715/3715
f 3604/3604 3563/3563 3537/3537
f 3604/3604 3715/3715 3546/3546
f 3605/3605 3554/3554 3584/3584
f 3605/3605 3565/3565 3542/3542
f 3605/3605 3657/3657 3565/3565
f 3606/3606 3596/3596 3636/3636
f 3606/3606 3636/3636 3678/3678
f 3607/3607 3522/3522 3575/3575
f 3607/3607 3524/3524 3577/3577
f 3607/3607 3544/3544 3522/3522
f 3607/3607 3577/3577 3544/3544
f 3608/3608 3472/3472 3463/3463
f 3609/3609 873/873 618/618
f 3609/3609 3369/3369 3382/3382
f 3609/3609 3430/3430 3676/3676
f 3609/3609 3541/3541 3571/3571
f 3609/3609 3646/3646 3369/3369
f 3609/3609 3676/3676 3662/3662
f 3609/3609 3706/3706 3541/3541
f 3610/3610 3342/3342 3423/3423
f 3610/3610 3352/3352 3573/3573
f 3610/3610 3423/3423 3352/3352
f 3611/3611 3348/3348 3632/3632
f 3611/3611 3684/3684 3348/3348
f 3612/3612 3556/3556 3568/3568
f 3612/3612 3626/3626 3666/3666
f 3612/3612 3703/3703 3556/3556
f 3613/3613 3560/3560 3717/3717
f 3613/3613 3656/3656 3717/3717
f 3613/3613 3717/3717 3656/3656
f 3614/3614 3605/3605 3584/3584
f 3614/3614 3665/3665 3681/3681
f 3615/3615 3623/3623 3675/3675
f 3615/3615 3675/3675 3623/3623
f 3615/3615 3686/3686 3709/3709
f 3616/3616 3754/3754 3751/3751
f 3617/3617 588/588 606/606
f 3617/3617 674/674 3687/3687
f 3618/3618 3524/3524 3607/3607
f 3618/3618 3607/3607 3703/3703
f 3620/3620 642/642 3631/3631
f 3620/3620 3387/3387 3400/3400
f 3620/3620 3400/3400 642/642
f 3620/3620 3400/3400 3631/3631
f 3621/3621 3533/3533 3582/3582
f 3621/3621 3718/3718 3651/3651
f 3622/3622 598/598 3665/3665
f 3622/3622 3614/3614 3584/3584
f 3624/3624 3563/3563 3639/3639
f 3624/3624 3715/3715 3563/3563
f 3625/3625 3613/3613 3717/3717
f 3625/3625 3717/3717 3696/3696
f 3626/3626 3586/3586 3702/3702
f 3627/3627 3671/3671 3759/3759
f 3628/3628 3619/3619 3688/3688
f 3628/3628 3743/3743 3619/3619
f 3629/3629 3623/3623 3634/3634
f 3629/3629 3634/3634 3623/3623
f 3629/3629 3685/3685 3623/3623
f 3630/3630 3655/3655 3793/3793
f 3630/3630 3793/3793 3655/3655
f 3631/3631 3400/3400 3620/3620
f 3632/3632 3348/3348 3684/3684
f 3635/3635 697/697 3712/3712
f 3635/3635 3700/3700 619/619
f 3636/3636 3596/3596 3651/3651
f 3638/3638 795/795 3587/3587
f 3638/3638 3587/3587 3652/3652
f 3638/3638 3652/3652 681/681
f 3639/3639 3563/3563 3604/3604
f 3639/3639 3563/3563 3664/3664
f 3639/3639 3592/3592 3664/3664
f 3639/3639 3664/3664 3563/3563
f 3639/3639 3691/3691 3624/3624
f 3639/3639 3715/3715 3691/3691
f 3641/3641 3711/3711 3351/3351
f 3643/3643 3617/3617 3687/3687
f 3643/3643 3710/3710 3617/3617
f 3644/3644 3585/3585 3679/3679
f 3646/3646 3609/3609 618/618
f 3647/3647 3612/3612 3682/3682
f 3647/3647 3666/3666 3659/3659
f 3647/3647 3682/3682 3666/3666
f 3647/3647 3713/3713 3612/3612
f 3648/3648 3548/3548 3595/3595
f 3648/3648 3698/3698 3671/3671
f 3650/3650 3637/3637 3674/3674
f 3650/3650 3674/3674 3637/3637
f 3651/3651 3588/3588 3533/3533
f 3651/3651 3596/3596 3662/3662
f 3651/3651 3631/3631 3678/3678
f 3651/3651 3678/3678 3636/3636
f 3651/3651 3718/3718 3631/3631
f 3652/3652 3396/3396 3601/3601
f 3652/3652 3601/3601 3396/3396
f 3653/3653 3692/3692 3738/3738
f 3653/3653 3738/3738 3770/3770
f 3654/3654 3346/3346 3394/3394
f 3654/3654 3346/3346 3707/3707
f 3654/3654 3711/3711 3694/3694
f 3657/3657 3605/3605 3614/3614
f 3657/3657 3641/3641 3565/3565
f 3657/3657 3681/3681 3694/3694
f 3657/3657 3694/3694 3711/3711
f 3659/3659 3666/3666 3723/3723
f 3660/3660 3530/3530 3692/3692
f 3660/3660 3603/3603 3568/3568
f 3661/3661 3589/3589 3693/3693
f 3661/3661 3648/3648 3698/3698
f 3662/3662 3541/3541 3706/3706
f 3662/3662 3588/3588 3651/3651
f 3662/3662 3706/3706 3609/3609
f 3663/3663 3615/3615 3709/3709
f 3663/3663 3675/3675 3615/3615
f 3665/3665 712/712 3422/3422
f 3665/3665 3614/3614 3622/3622
f 3666/3666 3626/3626 3702/3702
f 3666/3666 3704/3704 3723/3723
f 3667/3667 688/688 708/708
f 3667/3667 708/708 3383/3383
f 3667/3667 3601/3601 3683/3683
f 3667/3667 3683/3683 688/688
f 3669/3669 3766/3766 3761/3761
f 3670/3670 563/563 1101/1101
f 3670/3670 1101/1101 3342/3342
f 3670/3670 3342/3342 3705/3705
f 3670/3670 3386/3386 1121/1121
f 3670/3670 3705/3705 3386/3386
f 3671/3671 3344/3344 3375/3375
f 3671/3671 3375/3375 3699/3699
f 3671/3671 3653/3653 3770/3770
f 3671/3671 3698/3698 3648/3648
f 3671/3671 3699/3699 3653/3653
f 3671/3671 3770/3770 3759/3759
f 3673/3673 3371/3371 3712/3712
f 3675/3675 3663/3663 3709/3709
f 3675/3675 3685/3685 3623/3623
f 3676/3676 3588/3588 3662/3662
f 3677/3677 3792/3792 3534/3534
f 3679/3679 3585/3585 3644/3644
f 3680/3680 3552/3552 3520/3520
f 3680/3680 3594/3594 3762/3762
f 3680/3680 3690/3690 3578/3578
f 3681/3681 3408/3408 3694/3694
f 3681/3681 3422/3422 3413/3413
f 3681/3681 3657/3657 3614/3614
f 3682/3682 3612/3612 3666/3666
f 3683/3683 3587/3587 3710/3710
f 3683/3683 3601/3601 3587/3587
f 3683/3683 3710/3710 633/633
f 3684/3684 3611/3611 3632/3632
f 3685/3685 3623/3623 3634/3634
f 3685/3685 3629/3629 3623/3623
f 3685/3685 3634/3634 3623/3623
f 3685/3685 3675/3675 3623/3623
f 3686/3686 3525/3525 3709/3709
f 3686/3686 3642/3642 3709/3709
f 3686/3686 3663/3663 3709/3709
f 3686/3686 3674/3674 3525/3525
f 3686/3686 3709/3709 3525/3525
f 3686/3686 3709/3709 3642/3642
f 3687/3687 558/558 3643/3643
f 3687/3687 674/674 706/706
f 3687/3687 706/706 674/674
f 3688/3688 3366/3366 3401/3401
f 3688/3688 3619/3619 3702/3702
f 3688/3688 3702/3702 3626/3626
f 3690/3690 3578/3578 3716/3716
f 3690/3690 3680/3680 3552/3552
f 3693/3693 3556/3556 3548/3548
f 3693/3693 3648/3648 3661/3661
f 3694/3694 3362/3362 3640/3640
f 3694/3694 3640/3640 3654/3654
f 3695/3695 3546/3546 3715/3715
f 3695/3695 3557/3557 3546/3546
f 3697/3697 4179/4179 3649/3649
f 3698/3698 3627/3627 3661/3661
f 3698/3698 3648/3648 3671/3671
f 3698/3698 3671/3671 3627/3627
f 3699/3699 3660/3660 3692/3692
f 3699/3699 3692/3692 3653/3653
f 3700/3700 3384/3384 619/619
f 3700/3700 3384/3384 3508/3508
f 3700/3700 3409/3409 3384/3384
f 3700/3700 3508/3508 3409/3409
f 3700/3700 3581/3581 3384/3384
f 3700/3700 3635/3635 3712/3712
f 3701/3701 3543/3543 3532/3532
f 3702/3702 3539/3539 3713/3713
f 3702/3702 3619/3619 3666/3666
f 3702/3702 3688/3688 3626/3626
f 3702/3702 3713/3713 3376/3376
f 3703/3703 3548/3548 3575/3575
f 3703/3703 3607/3607 3575/3575
f 3703/3703 3612/3612 3713/3713
f 3704/3704 3666/3666 3619/3619
f 3705/3705 3342/3342 3610/3610
f 3707/3707 3394/3394 3654/3654
f 3708/3708 3521/3521 3697/3697
f 3708/3708 3697/3697 3521/3521
f 3709/3709 3615/3615 3675/3675
f 3709/3709 3663/3663 3686/3686
f 3709/3709 3686/3686 3615/3615
f 3710/3710 558/558 633/633
f 3710/3710 633/633 688/688
f 3710/3710 3643/3643 558/558
f 3711/3711 3394/3394 3351/3351
f 3711/3711 3641/3641 3657/3657
f 3711/3711 3654/3654 3394/3394
f 3712/3712 597/597 574/574
f 3712/3712 3371/3371 3360/3360
f 3712/3712 3371/3371 3441/3441
f 3712/3712 3371/3371 3567/3567
f 3712/3712 3441/3441 3371/3371
f 3712/3712 3567/3567 3700/3700
f 3713/3713 3524/3524 3618/3618
f 3713/3713 3539/3539 3524/3524
f 3713/3713 3618/3618 3703/3703
f 3714/3714 3658/3658 3672/3672
f 3714/3714 3672/3672 3658/3658
f 3715/3715 3557/3557 3695/3695
f 3715/3715 3624/3624 3691/3691
f 3715/3715 3639/3639 3604/3604
f 3716/3716 3385/3385 3750/3750
f 3716/3716 3578/3578 3690/3690
f 3716/3716 3690/3690 3385/3385
f 3716/3716 3821/3821 3690/3690
f 3717/3717 3560/3560 3549/3549
f 3718/3718 3387/3387 3620/3620
f 3718/3718 3582/3582 3621/3621
f 3718/3718 3620/3620 3631/3631
f 3718/3718 3621/3621 3387/3387
f 3719/3719 3735/3735 3812/3812
f 3719/3719 3856/3856 4029/4029
f 3720/3720 3729/3729 4040/4040
f 3720/3720 3947/3947 3797/3797
f 3721/3721 3740/3740 3800/3800
f 3721/3721 3750/3750 4035/4035
f 3721/3721 3752/3752 3750/3750
f 3721/3721 3821/3821 3752/3752
f 3722/3722 3747/3747 3731/3731
f 3723/3723 3647/3647 3659/3659
f 3723/3723 3659/3659 3647/3647
f 3723/3723 3704/3704 3743/3743
f 3724/3724 3730/3730 3748/3748
f 3724/3724 3730/3730 4050/4050
f 3724/3724 3748/3748 3975/3975
f 3724/3724 3975/3975 4021/4021
f 3724/3724 4021/4021 3730/3730
f 3725/3725 280/280 462/462
f 3725/3725 3727/3727 450/450
f 3727/3727 530/530 450/450
f 3728/3728 3744/3744 3760/3760
f 3729/3729 3720/3720 3789/3789
f 3730/3730 3956/3956 3757/3757
f 3730/3730 3964/3964 3956/3956
f 3731/3731 3747/3747 3722/3722
f 3732/3732 3011/3011 3737/3737
f 3732/3732 3737/3737 3011/3011
f 3733/3733 3829/3829 3780/3780
f 3734/3734 3739/3739 4056/4056
f 3734/3734 3749/3749 3753/3753
f 3734/3734 4056/4056 4072/4072
f 3734/3734 4072/4072 3749/3749
f 3735/3735 3743/3743 3628/3628
f 3735/3735 3826/3826 3743/3743
f 3736/3736 3758/3758 3760/3760
f 3737/3737 2997/2997 4020/4020
f 3737/3737 4017/4017 4084/4084
f 3737/3737 4084/4084 4017/4017
f 3738/3738 3742/3742 3692/3692
f 3738/3738 3742/3742 3763/3763
f 3738/3738 3783/3783 3795/3795
f 3738/3738 3795/3795 3759/3759
f 3739/3739 408/408 4056/4056
f 3739/3739 3734/3734 3753/3753
f 3739/3739 3753/3753 529/529
f 3740/3740 3721/3721 3762/3762
f 3740/3740 3779/3779 3762/3762
f 3741/3741 3726/3726 3806/3806
f 3741/3741 3806/3806 3726/3726
f 3742/3742 3692/3692 3519/3519
f 3742/3742 3738/3738 3692/3692
f 3742/3742 3769/3769 3763/3763
f 3742/3742 3808/3808 3769/3769
f 3743/3743 3704/3704 3619/3619
f 3743/3743 3822/3822 3877/3877
f 3743/3743 3877/3877 4083/4083
f 3743/3743 4083/4083 3723/3723
f 3744/3744 3728/3728 3758/3758
f 3744/3744 3736/3736 3758/3758
f 3744/3744 3758/3758 3736/3736
f 3745/3745 3788/3788 3764/3764
f 3746/3746 3825/3825 3774/3774
f 3748/3748 3730/3730 3757/3757
f 3750/3750 3960/3960 4039/4039
f 3751/3751 3744/3744 3736/3736
f 3751/3751 3760/3760 3744/3744
f 3753/3753 403/403 3749/3749
f 3753/3753 512/512 334/334
f 3753/3753 512/512 529/529
f 3753/3753 3749/3749 403/403
f 3753/3753 3749/3749 512/512
f 3754/3754 3424/3424 3616/3616
f 3754/3754 3616/3616 3424/3424
f 3754/3754 3616/3616 3751/3751
f 3755/3755 3767/3767 3775/3775
f 3757/3757 3964/3964 3748/3748
f 3758/3758 3728/3728 3760/3760
f 3758/3758 3736/3736 3744/3744
f 3758/3758 3736/3736 3760/3760
f 3759/3759 3770/3770 3738/3738
f 3760/3760 3736/3736 3758/3758
f 3760/3760 3751/3751 3736/3736
f 3761/3761 3766/3766 3999/3999
f 3761/3761 3999/3999 3669/3669
f 3761/3761 3999/3999 3981/3981
f 3762/3762 3365/3365 3680/3680
f 3762/3762 3721/3721 3980/3980
f 3762/3762 3779/3779 3740/3740
f 3764/3764 3791/3791 3772/3772
f 3765/3765 3594/3594 3811/3811
f 3765/3765 3680/3680 3762/3762
f 3765/3765 3762/3762 3680/3680
f 3765/3765 3779/3779 3762/3762
f 3766/3766 3669/3669 3999/3999
f 3766/3766 3777/3777 3815/3815
f 3766/3766 3815/3815 3777/3777
f 3767/3767 3755/3755 3775/3775
f 3769/3769 3779/3779 3783/3783
f 3771/3771 3553/3553 3793/3793
f 3772/3772 3791/3791 3756/3756
f 3772/3772 3791/3791 3764/3764
f 3773/3773 3827/3827 3807/3807
f 3774/3774 3825/3825 3898/3898
f 3774/3774 3916/3916 3810/3810
f 3775/3775 3755/3755 3767/3767
f 3775/3775 3767/3767 3755/3755
f 3776/3776 3554/3554 334/334
f 3777/3777 3546/3546 3784/3784
f 3777/3777 3815/3815 3784/3784
f 3778/3778 3594/3594 3550/3550
f 3778/3778 3795/3795 3783/3783
f 3778/3778 3811/3811 3594/3594
f 3779/3779 3740/3740 3762/3762
f 3779/3779 3765/3765 3811/3811
f 3779/3779 3769/3769 3808/3808
f 3779/3779 3800/3800 3740/3740
f 3779/3779 3808/3808 3800/3800
f 3780/3780 3829/3829 3733/3733
f 3782/3782 3786/3786 3844/3844
f 3782/3782 3844/3844 3786/3786
f 3783/3783 3738/3738 3763/3763
f 3783/3783 3763/3763 3769/3769
f 3783/3783 3811/3811 3778/3778
f 3785/3785 3561/3561 3778/3778
f 3785/3785 3778/3778 3550/3550
f 3785/3785 3808/3808 3519/3519
f 3786/3786 3580/3580 3782/3782
f 3786/3786 3782/3782 3580/3580
f 3786/3786 3957/3957 3844/3844
f 3787/3787 3796/3796 3805/3805
f 3787/3787 3796/3796 3824/3824
f 3787/3787 3814/3814 382/382
f 3788/3788 3745/3745 3764/3764
f 3789/3789 3720/3720 3797/3797
f 3789/3789 3932/3932 3729/3729
f 3790/3790 3818/3818 3943/3943
f 3791/3791 3764/3764 3788/3788
f 3791/3791 3772/3772 3756/3756
f 3791/3791 3788/3788 3764/3764
f 3792/3792 3677/3677 3534/3534
f 3793/3793 3536/3536 3590/3590
f 3793/3793 3553/3553 3536/3536
f 3793/3793 3798/3798 3599/3599
f 3794/3794 3550/3550 3594/3594
f 3794/3794 3578/3578 3821/3821
f 3794/3794 3594/3594 3578/3578
f 3794/3794 3785/3785 3550/3550
f 3794/3794 3808/3808 3785/3785
f 3794/3794 3821/3821 3808/3808
f 3795/3795 3553/3553 3589/3589
f 3795/3795 3589/3589 3627/3627
f 3795/3795 3627/3627 3759/3759
f 3795/3795 3759/3759 3783/3783
f 3795/3795 3778/3778 3828/3828
f 3795/3795 3783/3783 3759/3759
f 3796/3796 3787/3787 3824/3824
f 3796/3796 3805/3805 3780/3780
f 3796/3796 3824/3824 3829/3829
f 3797/3797 3932/3932 3789/3789
f 3798/3798 3590/3590 3599/3599
f 3798/3798 3793/3793 3590/3590
f 3798/3798 3793/3793 3599/3599
f 3798/3798 3982/3982 3599/3599
f 3799/3799 3954/3954 3790/3790
f 3800/3800 3769/3769 3779/3779
f 3800/3800 3779/3779 3769/3769
f 3800/3800 3821/3821 3721/3721
f 3801/3801 3725/3725 462/462
f 3802/3802 3746/3746 3825/3825
f 3802/3802 3774/3774 3810/3810
f 3802/3802 3864/3864 3944/3944
f 3803/3803 3934/3934 3842/3842
f 3804/3804 3597/3597 3645/3645
f 3804/3804 3645/3645 3656/3656
f 3805/3805 3796/3796 3780/3780
f 3805/3805 3796/3796 3787/3787
f 3807/3807 3781/3781 3816/3816
f 3808/3808 3821/3821 3800/3800
f 3809/3809 3801/3801 280/280
f 3810/3810 3864/3864 3802/3802
f 3811/3811 3783/3783 3779/3779
f 3812/3812 3735/3735 3856/3856
f 3814/3814 382/382 280/280
f 3815/3815 3777/3777 3784/3784
f 3817/3817 3803/3803 3842/3842
f 3818/3818 3790/3790 3598/3598
f 3818/3818 3858/3858 3943/3943
f 3819/3819 3827/3827 3895/3895
f 3819/3819 3885/3885 3827/3827
f 3820/3820 3781/3781 3531/3531
f 3821/3821 3716/3716 3750/3750
f 3821/3821 3750/3750 3752/3752
f 3823/3823 3790/3790 3943/3943
f 3823/3823 3799/3799 3790/3790
f 3823/3823 3954/3954 3875/3875
f 3824/3824 3796/3796 3829/3829
f 3825/3825 3746/3746 3774/3774
f 3825/3825 3746/3746 3802/3802
f 3825/3825 3774/3774 3802/3802
f 3825/3825 3802/3802 3944/3944
f 3825/3825 3884/3884 3898/3898
f 3825/3825 3944/3944 3867/3867
f 3826/3826 3719/3719 4029/4029
f 3826/3826 3735/3735 3719/3719
f 3826/3826 3822/3822 3743/3743
f 3826/3826 4029/4029 3882/3882
f 3827/3827 3773/3773 3807/3807
f 3828/3828 3553/3553 3795/3795
f 3828/3828 3569/3569 3536/3536
f 3828/3828 3778/3778 3795/3795
f 3832/3832 3841/3841 3881/3881
f 3832/3832 3853/3853 3950/3950
f 3832/3832 3950/3950 3841/3841
f 3832/3832 4025/4025 3853/3853
f 3833/3833 3850/3850 4046/4046
f 3834/3834 3863/3863 3906/3906
f 3834/3834 3920/3920 3903/3903
f 3835/3835 3865/3865 3907/3907
f 3839/3839 3510/3510 3512/3512
f 3839/3839 3512/3512 3471/3471
f 3839/3839 3897/3897 3512/3512
f 3840/3840 3847/3847 3475/3475
f 3842/3842 3803/3803 3817/3817
f 3842/3842 3948/3948 3848/3848
f 3843/3843 3845/3845 4085/4085
f 3844/3844 3957/3957 3786/3786
f 3845/3845 3843/3843 4085/4085
f 3847/3847 3830/3830 3917/3917
f 3847/3847 3840/3840 4028/4028
f 3847/3847 3904/3904 3830/3830
f 3847/3847 3967/3967 3904/3904
f 3847/3847 4049/4049 3967/3967
f 3848/3848 3803/3803 3842/3842
f 3848/3848 3934/3934 3803/3803
f 3849/3849 4063/4063 3866/3866
f 3850/3850 3927/3927 4016/4016
f 3850/3850 3984/3984 4023/4023
f 3850/3850 4023/4023 3927/3927
f 3850/3850 4023/4023 4046/4046
f 3851/3851 4075/4075 4057/4057
f 3852/3852 3903/3903 3920/3920
f 3854/3854 3813/3813 3875/3875
f 3854/3854 3875/3875 3813/3813
f 3854/3854 4061/4061 3921/3921
f 3855/3855 2692/2692 3889/3889
f 3855/3855 3901/3901 3939/3939
f 3856/3856 3719/3719 3812/3812
f 3856/3856 3831/3831 4029/4029
f 3857/3857 3859/3859 3870/3870
f 3857/3857 3935/3935 3905/3905
f 3858/3858 3598/3598 3790/3790
f 3858/3858 3790/3790 3943/3943
f 3858/3858 3943/3943 3463/3463
f 3859/3859 3850/3850 4032/4032
f 3859/3859 4023/4023 3850/3850
f 3859/3859 4032/4032 3850/3850
f 3860/3860 3868/3868 3925/3925
f 3861/3861 3910/3910 3886/3886
f 3863/3863 3834/3834 3903/3903
f 3863/3863 3912/3912 3955/3955
f 3864/3864 3810/3810 3916/3916
f 3864/3864 3949/3949 3995/3995
f 3864/3864 4026/4026 3944/3944
f 3865/3865 3835/3835 3862/3862
f 3865/3865 3862/3862 3837/3837
f 3866/3866 4063/4063 3849/3849
f 3867/3867 3884/3884 3825/3825
f 3867/3867 3942/3942 3916/3916
f 3868/3868 3860/3860 4073/4073
f 3868/3868 3925/3925 3919/3919
f 3869/3869 3887/3887 3845/3845
f 3869/3869 3934/3934 3948/3948
f 3869/3869 3948/3948 3887/3887
f 3870/3870 59/59 4074/4074
f 3870/3870 3859/3859 3915/3915
f 3870/3870 3905/3905 3935/3935
f 3870/3870 3915/3915 253/253
f 3871/3871 3978/3978 3903/3903
f 3872/3872 3846/3846 3911/3911
f 3872/3872 3902/3902 3971/3971
f 3872/3872 3911/3911 3846/3846
f 3872/3872 3971/3971 4086/4086
f 3873/3873 3832/3832 3881/3881
f 3873/3873 4025/4025 3832/3832
f 3873/3873 4068/4068 4025/4025
f 3874/3874 4054/4054 3892/3892
f 3875/3875 3813/3813 3823/3823
f 3875/3875 3823/3823 3813/3813
f 3875/3875 3954/3954 3823/3823
f 3876/3876 2659/2659 3924/3924
f 3876/3876 3901/3901 3889/3889
f 3877/3877 3822/3822 3826/3826
f 3878/3878 3945/3945 3896/3896
f 3879/3879 4007/4007 3951/3951
f 3879/3879 4049/4049 3960/3960
f 3880/3880 2411/2411 2599/2599
f 3880/3880 3868/3868 3900/3900
f 3880/3880 3868/3868 4073/4073
f 3880/3880 3900/3900 3868/3868
f 3880/3880 3925/3925 3868/3868
f 3880/3880 4024/4024 2411/2411
f 3880/3880 4073/4073 3925/3925
f 3882/3882 3877/3877 3826/3826
f 3882/3882 3969/3969 3952/3952
f 3882/3882 4029/4029 3969/3969
f 3882/3882 4055/4055 4083/4083
f 3882/3882 4083/4083 3877/3877
f 3883/3883 3930/3930 143/143
f 3884/3884 3758/3758 3965/3965
f 3884/3884 3867/3867 3916/3916
f 3884/3884 3898/3898 3758/3758
f 3884/3884 3916/3916 3898/3898
f 3885/3885 3819/3819 3895/3895
f 3886/3886 3910/3910 3480/3480
f 3886/3886 3932/3932 3861/3861
f 3888/3888 3833/3833 4046/4046
f 3888/3888 3984/3984 3833/3833
f 3889/3889 2692/2692 2659/2659
f 3889/3889 3901/3901 3855/3855
f 3891/3891 3937/3937 4082/4082
f 3891/3891 4082/4082 4001/4001
f 3893/3893 3451/3451 3439/3439
f 3893/3893 3879/3879 3451/3451
f 3895/3895 3827/3827 3885/3885
f 3897/3897 3843/3843 3845/3845
f 3897/3897 3845/3845 3843/3843
f 3898/3898 3884/3884 3965/3965
f 3898/3898 3916/3916 3774/3774
f 3900/3900 2599/2599 2411/2411
f 3900/3900 3868/3868 3880/3880
f 3900/3900 3868/3868 3925/3925
f 3900/3900 3880/3880 2599/2599
f 3900/3900 3880/3880 3868/3868
f 3900/3900 4009/4009 3880/3880
f 3902/3902 3872/3872 3971/3971
f 3903/3903 154/154 3871/3871
f 3903/3903 3852/3852 3953/3953
f 3903/3903 3912/3912 3863/3863
f 3903/3903 3953/3953 154/154
f 3903/3903 3978/3978 4072/4072
f 3904/3904 4075/4075 3830/3830
f 3905/3905 3857/3857 3935/3935
f 3905/3905 3935/3935 3857/3857
f 3905/3905 3986/3986 3935/3935
f 3906/3906 2607/2607 2456/2456
f 3906/3906 3920/3920 3834/3834
f 3908/3908 3831/3831 3856/3856
f 3908/3908 3856/3856 3922/3922
f 3908/3908 4042/4042 3831/3831
f 3912/3912 231/231 3930/3930
f 3912/3912 3883/3883 3955/3955
f 3912/3912 3903/3903 4072/4072
f 3912/3912 4056/4056 88/88
f 3912/3912 4072/4072 4056/4056
f 3913/3913 3969/3969 3905/3905
f 3915/3915 3859/3859 3959/3959
f 3915/3915 3959/3959 3972/3972
f 3917/3917 3454/3454 3847/3847
f 3917/3917 3830/3830 3989/3989
f 3918/3918 4050/4050 4067/4067
f 3918/3918 4067/4067 4050/4050
f 3919/3919 3868/3868 3900/3900
f 3919/3919 3900/3900 3868/3868
f 3919/3919 3925/3925 3868/3868
f 3920/3920 2574/2574 3852/3852
f 3920/3920 3906/3906 2574/2574
f 3921/3921 4061/4061 3854/3854
f 3922/3922 3462/3462 4000/4000
f 3922/3922 3856/3856 3462/3462
f 3923/3923 3860/3860 3925/3925
f 3923/3923 3968/3968 3860/3860
f 3924/3924 2659/2659 2534/2534
f 3925/3925 3868/3868 3900/3900
f 3925/3925 3968/3968 3923/3923
f 3925/3925 4073/4073 3968/3968
f 3926/3926 3447/3447 4006/4006
f 3926/3926 4006/4006 3447/3447
f 3927/3927 3986/3986 3908/3908
f 3928/3928 2533/2533 2635/2635
f 3928/3928 2635/2635 2533/2533
f 3929/3929 4011/4011 3946/3946
f 3930/3930 3883/3883 3912/3912
f 3932/3932 3442/3442 3886/3886
f 3932/3932 3507/3507 3861/3861
f 3932/3932 3886/3886 3442/3442
f 3932/3932 3947/3947 4027/4027
f 3932/3932 4027/4027 4044/4044
f 3932/3932 4044/4044 3729/3729
f 3933/3933 3838/3838 3914/3914
f 3933/3933 3862/3862 4015/4015
f 3933/3933 3914/3914 3838/3838
f 3933/3933 3914/3914 4047/4047
f 3933/3933 4047/4047 3862/3862
f 3934/3934 3848/3848 3948/3948
f 3934/3934 3948/3948 3842/3842
f 3934/3934 4053/4053 3948/3948
f 3935/3935 3857/3857 3870/3870
f 3935/3935 3857/3857 3905/3905
f 3935/3935 3859/3859 3857/3857
f 3935/3935 4004/4004 4023/4023
f 3935/3935 4023/4023 3859/3859
f 3941/3941 3956/3956 3466/3466
f 3942/3942 3864/3864 3916/3916
f 3942/3942 3949/3949 3864/3864
f 3943/3943 3790/3790 3954/3954
f 3943/3943 3858/3858 3463/3463
f 3944/3944 3942/3942 3867/3867
f 3944/3944 4005/4005 3942/3942
f 3944/3944 4026/4026 4005/4005
f 3945/3945 3878/3878 3896/3896
f 3946/3946 3909/3909 3938/3938
f 3946/3946 3938/3938 3950/3950
f 3947/3947 3720/3720 4027/4027
f 3947/3947 3932/3932 3797/3797
f 3949/3949 3942/3942 3995/3995
f 3950/3950 3853/3853 3929/3929
f 3950/3950 3929/3929 3946/3946
f 3951/3951 4007/4007 3967/3967
f 3952/3952 3969/3969 3922/3922
f 3952/3952 4055/4055 3882/3882
f 3953/3953 202/202 154/154
f 3954/3954 3799/3799 3823/3823
f 3954/3954 3823/3823 3943/3943
f 3955/3955 2428/2428 2607/2607
f 3955/3955 3906/3906 3863/3863
f 3956/3956 3602/3602 3583/3583
f 3957/3957 3786/3786 3844/3844
f 3958/3958 3922/3922 3976/3976
f 3958/3958 3976/3976 3922/3922
f 3959/3959 3859/3859 4032/4032
f 3959/3959 4016/4016 4074/4074
f 3960/3960 4039/4039 4035/4035
f 3960/3960 4049/4049 3967/3967
f 3961/3961 3909/3909 3946/3946
f 3961/3961 3946/3946 4011/4011
f 3962/3962 3890/3890 4069/4069
f 3962/3962 4084/4084 4017/4017
f 3963/3963 4026/4026 4078/4078
f 3963/3963 4077/4077 4026/4026
f 3964/3964 3730/3730 4021/4021
f 3964/3964 3757/3757 3956/3956
f 3965/3965 3728/3728 3758/3758
f 3965/3965 3758/3758 3728/3728
f 3965/3965 3758/3758 3898/3898
f 3966/3966 2366/2366 2479/2479
f 3966/3966 2479/2479 4078/4078
f 3966/3966 4078/4078 4022/4022
f 3967/3967 4007/4007 3904/3904
f 3967/3967 4049/4049 4039/4039
f 3968/3968 3416/3416 3380/3380
f 3969/3969 4029/4029 3986/3986
f 3970/3970 2455/2455 4066/4066
f 3972/3972 3894/3894 3915/3915
f 3972/3972 3959/3959 59/59
f 3974/3974 2437/2437 4014/4014
f 3974/3974 3412/3412 2437/2437
f 3974/3974 4068/4068 3412/3412
f 3975/3975 3748/3748 3964/3964
f 3975/3975 3956/3956 3964/3964
f 3975/3975 3964/3964 3956/3956
f 3975/3975 3964/3964 4021/4021
f 3976/3976 3908/3908 3922/3922
f 3976/3976 3913/3913 3905/3905
f 3976/3976 3922/3922 3969/3969
f 3976/3976 3969/3969 3913/3913
f 3977/3977 3405/3405 4064/4064
f 3977/3977 4064/4064 3405/3405
f 3978/3978 3749/3749 4072/4072
f 3979/3979 3994/3994 4065/4065
f 3980/3980 3365/3365 3998/3998
f 3980/3980 4028/4028 3365/3365
f 3980/3980 4035/4035 4039/4039
f 3980/3980 4049/4049 4028/4028
f 3981/3981 3999/3999 3761/3761
f 3982/3982 3433/3433 3599/3599
f 3983/3983 2411/2411 2455/2455
f 3983/3983 2455/2455 3970/3970
f 3983/3983 4009/4009 2411/2411
f 3983/3983 4066/4066 4024/4024
f 3984/3984 3850/3850 3833/3833
f 3984/3984 3888/3888 4062/4062
f 3984/3984 3992/3992 4065/4065
f 3984/3984 4046/4046 4023/4023
f 3984/3984 4065/4065 3994/3994
f 3985/3985 4030/4030 4010/4010
f 3986/3986 3905/3905 3969/3969
f 3986/3986 4029/4029 4042/4042
f 3987/3987 3990/3990 4036/4036
f 3988/3988 3380/3380 3416/3416
f 3989/3989 2438/2438 3356/3356
f 3989/3989 3830/3830 4075/4075
f 3990/3990 3345/3345 3491/3491
f 3992/3992 3984/3984 4062/4062
f 3992/3992 4062/4062 3888/3888
f 3994/3994 3979/3979 4046/4046
f 3996/3996 3853/3853 4037/4037
f 3996/3996 3929/3929 3853/3853
f 3996/3996 4011/4011 3929/3929
f 3996/3996 4034/4034 4011/4011
f 3996/3996 4051/4051 4034/4034
f 3997/3997 2452/2452 4051/4051
f 3997/3997 4037/4037 4014/4014
f 3998/3998 3365/3365 3762/3762
f 3998/3998 3762/3762 3980/3980
f 3999/3999 3374/3374 3981/3981
f 3999/3999 3981/3981 3374/3374
f 4000/4000 3952/3952 3922/3922
f 4000/4000 4055/4055 3952/3952
f 4001/4001 3937/3937 3891/3891
f 4003/4003 2352/2352 4048/4048
f 4003/4003 2426/2426 2352/2352
f 4003/4003 3354/3354 2402/2402
f 4003/4003 4019/4019 2426/2426
f 4004/4004 3927/3927 4023/4023
f 4004/4004 3935/3935 3986/3986
f 4004/4004 3986/3986 3927/3927
f 4005/4005 3995/3995 3942/3942
f 4005/4005 4026/4026 3995/3995
f 4006/4006 3447/3447 3395/3395
f 4006/4006 3926/3926 3447/3447
f 4006/4006 3992/3992 4062/4062
f 4006/4006 4062/4062 3992/3992
f 4007/4007 4057/4057 4075/4075
f 4007/4007 4075/4075 3904/3904
f 4007/4007 4075/4075 4057/4057
f 4008/4008 4026/4026 4077/4077
f 4009/4009 3900/3900 2411/2411
f 4009/4009 3983/3983 4024/4024
f 4009/4009 4024/4024 3880/3880
f 4010/4010 3343/3343 3985/3985
f 4014/4014 2437/2437 2489/2489
f 4014/4014 2489/2489 2452/2452
f 4014/4014 4025/4025 4068/4068
f 4014/4014 4068/4068 3974/3974
f 4016/4016 3859/3859 4032/4032
f 4016/4016 3908/3908 3976/3976
f 4016/4016 3927/3927 3908/3908
f 4016/4016 3976/3976 4074/4074
f 4016/4016 4032/4032 3850/3850
f 4019/4019 2402/2402 2426/2426
f 4019/4019 4003/4003 2402/2402
f 4020/4020 2362/2362 2391/2391
f 4020/4020 2391/2391 2997/2997
f 4020/4020 2997/2997 3737/3737
f 4020/4020 4045/4045 2362/2362
f 4022/4022 4005/4005 4026/4026
f 4022/4022 4008/4008 4077/4077
f 4022/4022 4026/4026 4008/4008
f 4025/4025 3832/3832 3853/3853
f 4025/4025 3853/3853 3832/3832
f 4025/4025 4014/4014 4037/4037
f 4026/4026 3864/3864 3995/3995
f 4027/4027 4065/4065 4040/4040
f 4028/4028 3840/3840 3475/3475
f 4030/4030 3985/3985 2368/2368
f 4031/4031 3416/3416 3427/3427
f 4032/4032 3859/3859 4016/4016
f 4032/4032 4016/4016 3959/3959
f 4034/4034 2329/2329 2300/2300
f 4034/4034 4051/4051 2329/2329
f 4035/4035 3750/3750 4039/4039
f 4035/4035 3980/3980 3721/3721
f 4036/4036 3987/3987 4001/4001
f 4036/4036 3990/3990 3987/3987
f 4036/4036 4082/4082 3987/3987
f 4037/4037 3853/3853 4025/4025
f 4037/4037 3997/3997 3996/3996
f 4038/4038 3993/3993 4012/4012
f 4038/4038 4012/4012 3993/3993
f 4039/4039 3960/3960 3967/3967
f 4039/4039 3960/3960 4035/4035
f 4039/4039 4049/4049 3980/3980
f 4040/4040 3729/3729 4044/4044
f 4040/4040 4044/4044 4027/4027
f 4040/4040 4062/4062 3979/3979
f 4040/4040 4065/4065 3720/3720
f 4041/4041 4096/4096 3936/3936
f 4042/4042 3908/3908 3986/3986
f 4042/4042 4029/4029 3831/3831
f 4043/4043 2366/2366 4077/4077
f 4043/4043 2389/2389 2366/2366
f 4043/4043 4077/4077 2366/2366
f 4045/4045 2362/2362 2344/2344
f 4045/4045 4020/4020 2362/2362
f 4045/4045 4059/4059 3973/3973
f 4046/4046 3984/3984 3994/3994
f 4046/4046 4062/4062 3888/3888
f 4048/4048 3370/3370 4003/4003
f 4048/4048 3416/3416 3370/3370
f 4048/4048 3836/3836 3860/3860
f 4048/4048 3860/3860 3836/3836
f 4048/4048 3860/3860 3968/3968
f 4048/4048 3968/3968 3988/3988
f 4048/4048 4031/4031 3860/3860
f 4049/4049 3847/3847 4028/4028
f 4049/4049 3879/3879 3951/3951
f 4049/4049 3951/3951 3967/3967
f 4050/4050 3724/3724 4067/4067
f 4050/4050 3730/3730 3724/3724
f 4050/4050 4067/4067 3724/3724
f 4051/4051 3996/3996 3997/3997
f 4052/4052 3940/3940 3438/3438
f 4053/4053 3845/3845 4085/4085
f 4053/4053 3869/3869 3845/3845
f 4053/4053 3934/3934 3869/3869
f 4054/4054 3874/3874 3892/3892
f 4055/4055 3404/3404 4083/4083
f 4055/4055 4000/4000 3404/3404
f 4057/4057 2679/2679 3851/3851
f 4057/4057 3991/3991 4071/4071
f 4057/4057 4007/4007 3991/3991
f 4057/4057 4010/4010 4030/4030
f 4057/4057 4030/4030 2368/2368
f 4058/4058 2646/2646 3855/3855
f 4058/4058 3855/3855 3939/3939
f 4058/4058 3939/3939 3855/3855
f 4059/4059 2344/2344 4045/4045
f 4059/4059 2991/2991 2344/2344
f 4059/4059 4045/4045 2344/2344
f 4059/4059 4045/4045 3973/3973
f 4060/4060 4013/4013 4069/4069
f 4061/4061 3921/3921 4002/4002
f 4061/4061 4002/4002 3921/3921
f 4062/4062 3992/3992 3888/3888
f 4062/4062 4040/4040 3992/3992
f 4062/4062 4046/4046 3979/3979
f 4065/4065 3992/3992 4040/4040
f 4065/4065 4027/4027 3720/3720
f 4065/4065 4040/4040 3979/3979
f 4066/4066 2411/2411 4024/4024
f 4066/4066 3983/3983 3970/3970
f 4068/4068 3873/3873 3497/3497
f 4069/4069 3890/3890 3962/3962
f 4069/4069 4013/4013 4060/4060
f 4070/4070 3961/3961 4011/4011
f 4070/4070 4011/4011 4034/4034
f 4070/4070 4058/4058 3961/3961
f 4071/4071 3439/3439 3393/3393
f 4071/4071 3879/3879 3893/3893
f 4071/4071 3991/3991 4007/4007
f 4071/4071 4007/4007 3879/3879
f 4071/4071 4010/4010 4057/4057
f 4073/4073 3860/3860 4031/4031
f 4073/4073 4031/4031 3968/3968
f 4074/4074 3905/3905 3870/3870
f 4074/4074 3976/3976 3905/3905
f 4075/4075 2320/2320 2438/2438
f 4075/4075 2679/2679 2320/2320
f 4075/4075 4007/4007 4057/4057
f 4077/4077 2307/2307 2366/2366
f 4077/4077 3966/3966 4022/4022
f 4078/4078 4005/4005 4022/4022
f 4078/4078 4026/4026 4005/4005
f 4079/4079 4006/4006 4062/4062
f 4079/4079 4062/4062 4006/4006
f 4080/4080 3899/3899 4018/4018
f 4080/4080 4018/4018 3899/3899
f 4081/4081 2991/2991 4059/4059
f 4081/4081 4059/4059 2304/2304
f 4082/4082 3937/3937 4001/4001
f 4082/4082 4001/4001 3987/3987
f 4082/4082 4036/4036 4001/4001
f 4083/4083 3404/3404 3401/3401
f 4083/4083 3429/3429 3723/3723
f 4083/4083 3723/3723 4033/4033
f 4083/4083 4033/4033 3723/3723
f 4084/4084 3962/3962 4017/4017
f 4085/4085 3845/3845 3887/3887
f 4085/4085 3887/3887 3948/3948
f 4085/4085 3948/3948 4053/4053
f 4086/4086 3971/3971 3872/3872
f 4087/4087 4105/4105 4090/4090
f 4087/4087 4107/4107 4105/4105
f 4088/4088 4087/4087 4090/4090
f 4088/4088 4090/4090 4107/4107
f 4088/4088 4104/4104 4107/4107
f 4088/4088 4107/4107 4087/4087
f 4089/4089 4135/4135 4124/4124
f 4089/4089 4145/4145 4135/4135
f 4090/4090 4105/4105 4107/4107
f 4091/4091 4093/4093 4130/4130
f 4091/4091 4130/4130 4142/4142
f 4091/4091 4142/4142 4093/4093
f 4092/4092 4141/4141 4102/4102
f 4094/4094 4089/4089 4124/4124
f 4095/4095 4105/4105 4114/4114
f 4096/4096 4041/4041 3936/3936
f 4097/4097 4108/4108 4115/4115
f 4097/4097 4115/4115 4108/4108
f 4098/4098 4108/4108 4501/4501
f 4098/4098 4327/4327 4501/4501
f 4098/4098 4501/4501 4108/4108
f 4098/4098 4501/4501 4327/4327
f 4100/4100 4099/4099 4128/4128
f 4101/4101 4134/4134 4103/4103
f 4102/4102 4092/4092 4106/4106
f 4102/4102 4099/4099 4100/4100
f 4102/4102 4106/4106 4099/4099
f 4102/4102 4138/4138 4092/4092
f 4102/4102 4141/4141 4138/4138
f 4104/4104 4088/4088 4280/4280
f 4104/4104 4256/4256 4107/4107
f 4105/4105 4095/4095 4107/4107
f 4105/4105 4107/4107 4114/4114
f 4106/4106 4092/4092 4102/4102
f 4107/4107 4104/4104 4131/4131
f 4108/4108 4487/4487 4501/4501
f 4109/4109 4139/4139 4152/4152
f 4109/4109 4152/4152 4133/4133
f 4109/4109 4196/4196 4218/4218
f 4110/4110 4102/4102 4100/4100
f 4110/4110 4106/4106 4102/4102
f 4110/4110 4128/4128 4132/4132
f 4112/4112 4201/4201 4230/4230
f 4112/4112 4230/4230 4201/4201
f 4113/4113 4103/4103 4134/4134
f 4113/4113 4129/4129 4103/4103
f 4113/4113 4134/4134 4129/4129
f 4114/4114 4107/4107 4095/4095
f 4116/4116 4094/4094 4099/4099
f 4116/4116 4099/4099 4106/4106
f 4116/4116 4106/4106 4110/4110
f 4116/4116 4128/4128 4094/4094
f 4117/4117 4094/4094 4128/4128
f 4117/4117 4132/4132 4155/4155
f 4117/4117 4152/4152 4157/4157
f 4118/4118 4129/4129 4230/4230
f 4118/4118 4230/4230 4129/4129
f 4118/4118 4230/4230 4234/4234
f 4120/4120 4117/4117 4152/4152
f 4120/4120 4132/4132 4117/4117
f 4121/4121 4125/4125 4240/4240
f 4121/4121 4136/4136 4139/4139
f 4121/4121 4139/4139 4109/4109
f 4121/4121 4240/4240 4243/4243
f 4121/4121 4243/4243 4474/4474
f 4122/4122 4111/4111 4130/4130
f 4122/4122 4119/4119 4130/4130
f 4123/4123 4126/4126 4143/4143
f 4123/4123 4143/4143 4126/4126
f 4124/4124 4099/4099 4094/4094
f 4125/4125 4109/4109 4214/4214
f 4125/4125 4121/4121 4109/4109
f 4125/4125 4214/4214 4240/4240
f 4127/4127 4225/4225 4133/4133
f 4127/4127 4468/4468 4231/4231
f 4128/4128 4110/4110 4100/4100
f 4128/4128 4116/4116 4132/4132
f 4128/4128 4120/4120 4117/4117
f 4129/4129 4134/4134 4103/4103
f 4130/4130 4093/4093 4119/4119
f 4130/4130 4093/4093 4142/4142
f 4130/4130 4111/4111 4122/4122
f 4130/4130 4119/4119 4093/4093
f 4130/4130 4119/4119 4122/4122
f 4130/4130 4142/4142 4156/4156
f 4130/4130 4156/4156 4151/4151
f 4131/4131 4104/4104 4107/4107
f 4131/4131 4217/4217 4104/4104
f 4132/4132 4116/4116 4110/4110
f 4132/4132 4120/4120 4128/4128
f 4132/4132 4128/4128 4155/4155
f 4133/4133 4152/4152 4140/4140
f 4133/4133 4225/4225 4196/4196
f 4133/4133 4456/4456 4467/4467
f 4133/4133 4467/4467 4468/4468
f 4133/4133 4468/4468 4127/4127
f 4134/4134 4101/4101 4103/4103
f 4136/4136 4121/4121 4125/4125
f 4136/4136 4125/4125 4469/4469
f 4138/4138 4141/4141 4092/4092
f 4139/4139 4136/4136 4459/4459
f 4139/4139 4154/4154 4150/4150
f 4140/4140 4150/4150 4446/4446
f 4140/4140 4152/4152 4157/4157
f 4140/4140 4157/4157 4152/4152
f 4140/4140 4456/4456 4133/4133
f 4144/4144 4147/4147 4156/4156
f 4144/4144 4156/4156 4142/4142
f 4145/4145 4089/4089 4155/4155
f 4145/4145 4099/4099 4124/4124
f 4145/4145 4124/4124 4135/4135
f 4145/4145 4128/4128 4099/4099
f 4145/4145 4155/4155 4128/4128
f 4146/4146 4143/4143 4466/4466
f 4147/4147 4137/4137 4151/4151
f 4147/4147 4144/4144 4994/4994
f 4147/4147 4994/4994 5040/5040
f 4147/4147 5008/5008 4137/4137
f 4148/4148 4149/4149 4146/4146
f 4149/4149 4115/4115 4148/4148
f 4149/4149 4143/4143 4146/4146
f 4149/4149 4148/4148 4115/4115
f 4149/4149 4148/4148 4466/4466
f 4150/4150 4140/4140 4152/4152
f 4150/4150 4154/4154 4446/4446
f 4151/4151 4111/4111 4130/4130
f 4151/4151 4130/4130 4111/4111
f 4151/4151 4137/4137 4142/4142
f 4151/4151 4142/4142 4130/4130
f 4151/4151 4156/4156 4147/4147
f 4152/4152 4117/4117 4120/4120
f 4152/4152 4139/4139 4150/4150
f 4153/4153 4137/4137 5008/5008
f 4153/4153 4142/4142 4137/4137
f 4153/4153 4144/4144 4142/4142
f 4155/4155 4089/4089 4094/4094
f 4155/4155 4094/4094 4117/4117
f 4157/4157 4152/4152 4117/4117
f 4158/4158 4174/4174 4194/4194
f 4158/4158 4186/4186 4194/4194
f 4158/4158 4194/4194 4186/4186
f 4158/4158 4194/4194 4191/4191
f 4159/4159 4164/4164 4188/4188
f 4159/4159 4188/4188 4226/4226
f 4160/4160 4163/4163 4235/4235
f 4160/4160 4172/4172 4232/4232
f 4160/4160 4232/4232 4227/4227
f 4161/4161 4180/4180 4193/4193
f 4162/4162 4219/4219 4245/4245
f 4163/4163 4160/4160 4227/4227
f 4163/4163 4227/4227 4235/4235
f 4164/4164 4159/4159 4226/4226
f 4164/4164 4213/4213 4193/4193
f 4164/4164 4226/4226 4188/4188
f 4165/4165 4192/4192 4204/4204
f 4166/4166 4186/4186 4185/4185
f 4166/4166 4221/4221 4186/4186
f 4169/4169 4182/4182 4273/4273
f 4169/4169 4182/4182 4292/4292
f 4169/4169 4269/4269 4182/4182
f 4169/4169 4273/4273 4173/4173
f 4169/4169 4292/4292 4297/4297
f 4169/4169 4429/4429 4269/4269
f 4170/4170 4175/4175 4424/4424
f 4171/4171 4205/4205 4378/4378
f 4171/4171 4378/4378 4205/4205
f 4171/4171 4378/4378 4436/4436
f 4172/4172 4203/4203 4232/4232
f 4173/4173 4289/4289 4292/4292
f 4173/4173 4292/4292 4169/4169
f 4174/4174 4158/4158 4191/4191
f 4174/4174 4158/4158 4194/4194
f 4174/4174 4191/4191 4194/4194
f 4175/4175 4170/4170 4201/4201
f 4175/4175 4184/4184 4424/4424
f 4175/4175 4201/4201 4170/4170
f 4176/4176 4238/4238 4270/4270
f 4177/4177 4172/4172 4218/4218
f 4177/4177 4218/4218 4235/4235
f 4177/4177 4227/4227 4190/4190
f 4178/4178 4168/4168 4183/4183
f 4178/4178 4261/4261 4189/4189
f 4179/4179 3697/3697 3649/3649
f 4180/4180 4173/4173 4273/4273
f 4181/4181 4160/4160 4187/4187
f 4181/4181 4199/4199 4232/4232
f 4181/4181 4232/4232 4160/4160
f 4181/4181 4257/4257 4199/4199
f 4181/4181 4270/4270 4257/4257
f 4182/4182 4269/4269 4273/4273
f 4183/4183 4168/4168 4206/4206
f 4183/4183 4206/4206 4178/4178
f 4184/4184 4410/4410 4424/4424
f 4184/4184 4424/4424 4410/4410
f 4185/4185 4186/4186 4220/4220
f 4185/4185 4220/4220 4186/4186
f 4185/4185 4220/4220 4194/4194
f 4186/4186 4221/4221 4185/4185
f 4187/4187 4176/4176 4181/4181
f 4189/4189 4167/4167 4211/4211
f 4189/4189 4167/4167 4233/4233
f 4189/4189 4233/4233 4167/4167
f 4190/4190 4172/4172 4177/4177
f 4190/4190 4177/4177 4197/4197
f 4190/4190 4197/4197 4177/4177
f 4193/4193 4213/4213 4164/4164
f 4193/4193 4286/4286 4161/4161
f 4194/4194 4158/4158 4174/4174
f 4194/4194 4186/4186 4185/4185
f 4194/4194 4186/4186 4237/4237
f 4194/4194 4221/4221 4186/4186
f 4194/4194 4237/4237 4221/4221
f 4195/4195 4171/4171 4205/4205
f 4195/4195 4205/4205 4171/4171
f 4195/4195 4205/4205 4228/4228
f 4196/4196 4109/4109 4133/4133
f 4197/4197 4227/4227 4209/4209
f 4198/4198 4207/4207 4225/4225
f 4199/4199 4238/4238 4232/4232
f 4200/4200 4208/4208 4213/4213
f 4202/4202 4178/4178 4189/4189
f 4202/4202 4189/4189 4211/4211
f 4202/4202 4211/4211 4249/4249
f 4202/4202 4229/4229 4261/4261
f 4202/4202 4249/4249 4229/4229
f 4203/4203 4172/4172 4190/4190
f 4203/4203 4190/4190 4259/4259
f 4204/4204 4192/4192 4226/4226
f 4204/4204 4212/4212 4165/4165
f 4205/4205 4171/4171 4195/4195
f 4205/4205 4195/4195 4171/4171
f 4205/4205 4195/4195 4228/4228
f 4206/4206 4168/4168 4178/4178
f 4207/4207 4198/4198 4394/4394
f 4207/4207 4394/4394 4225/4225
f 4208/4208 4200/4200 4213/4213
f 4211/4211 4167/4167 4189/4189
f 4211/4211 4189/4189 4261/4261
f 4211/4211 4219/4219 4233/4233
f 4211/4211 4233/4233 4167/4167
f 4211/4211 4261/4261 4264/4264
f 4211/4211 4264/4264 4219/4219
f 4214/4214 4109/4109 4218/4218
f 4214/4214 4172/4172 4242/4242
f 4214/4214 4242/4242 4240/4240
f 4215/4215 4243/4243 4223/4223
f 4216/4216 3432/3432 3453/3453
f 4217/4217 4253/4253 4104/4104
f 4218/4218 4172/4172 4214/4214
f 4219/4219 4245/4245 4224/4224
f 4220/4220 4185/4185 4186/4186
f 4220/4220 4186/4186 4194/4194
f 4221/4221 4166/4166 4275/4275
f 4221/4221 4237/4237 4186/4186
f 4221/4221 4237/4237 4241/4241
f 4221/4221 4237/4237 4254/4254
f 4221/4221 4241/4241 4237/4237
f 4222/4222 4217/4217 4246/4246
f 4222/4222 4246/4246 4253/4253
f 4222/4222 4253/4253 4217/4217
f 4223/4223 4235/4235 4215/4215
f 4223/4223 4240/4240 4242/4242
f 4224/4224 4203/4203 4259/4259
f 4224/4224 4209/4209 4232/4232
f 4224/4224 4229/4229 4209/4209
f 4224/4224 4259/4259 4245/4245
f 4225/4225 4243/4243 4196/4196
f 4226/4226 4192/4192 4244/4244
f 4227/4227 4197/4197 4190/4190
f 4229/4229 4197/4197 4209/4209
f 4229/4229 4249/4249 4259/4259
f 4229/4229 4259/4259 4197/4197
f 4230/4230 4118/4118 4234/4234
f 4231/4231 4198/4198 4225/4225
f 4231/4231 4225/4225 4127/4127
f 4231/4231 4340/4340 4266/4266
f 4231/4231 4373/4373 4340/4340
f 4232/4232 4176/4176 4187/4187
f 4232/4232 4187/4187 4160/4160
f 4232/4232 4203/4203 4224/4224
f 4232/4232 4209/4209 4227/4227
f 4233/4233 4162/4162 4167/4167
f 4233/4233 4210/4210 4239/4239
f 4233/4233 4219/4219 4162/4162
f 4233/4233 4239/4239 4210/4210
f 4235/4235 4223/4223 4242/4242
f 4235/4235 4227/4227 4177/4177
f 4235/4235 4243/4243 4215/4215
f 4237/4237 4241/4241 4254/4254
f 4238/4238 4176/4176 4232/4232
f 4240/4240 4223/4223 4243/4243
f 4241/4241 4221/4221 4254/4254
f 4242/4242 4160/4160 4235/4235
f 4242/4242 4172/4172 4160/4160
f 4243/4243 4218/4218 4196/4196
f 4243/4243 4235/4235 4218/4218
f 4244/4244 4165/4165 4212/4212
f 4244/4244 4192/4192 4165/4165
f 4244/4244 4204/4204 4226/4226
f 4244/4244 4212/4212 4204/4204
f 4245/4245 4219/4219 4224/4224
f 4245/4245 4249/4249 4162/4162
f 4245/4245 4259/4259 4249/4249
f 4245/4245 4264/4264 4224/4224
f 4246/4246 4104/4104 4285/4285
f 4246/4246 4131/4131 4104/4104
f 4246/4246 4217/4217 4131/4131
f 4247/4247 4252/4252 4284/4284
f 4247/4247 4284/4284 4252/4252
f 4248/4248 4258/4258 4281/4281
f 4248/4248 4281/4281 4277/4277
f 4249/4249 4167/4167 4162/4162
f 4249/4249 4211/4211 4167/4167
f 4250/4250 4228/4228 4236/4236
f 4250/4250 4236/4236 4228/4228
f 4251/4251 4299/4299 4354/4354
f 4251/4251 4354/4354 4255/4255
f 4253/4253 4246/4246 4285/4285
f 4253/4253 4285/4285 4256/4256
f 4255/4255 4262/4262 4283/4283
f 4256/4256 4104/4104 4253/4253
f 4257/4257 4260/4260 4199/4199
f 4258/4258 4248/4248 4277/4277
f 4258/4258 4277/4277 4281/4281
f 4258/4258 4281/4281 4246/4246
f 4259/4259 4190/4190 4197/4197
f 4259/4259 4197/4197 4279/4279
f 4259/4259 4279/4279 4197/4197
f 4260/4260 4238/4238 4199/4199
f 4261/4261 4178/4178 4202/4202
f 4262/4262 4255/4255 4294/4294
f 4262/4262 4265/4265 4283/4283
f 4263/4263 4252/4252 4284/4284
f 4264/4264 4229/4229 4224/4224
f 4264/4264 4245/4245 4219/4219
f 4264/4264 4261/4261 4229/4229
f 4266/4266 4198/4198 4231/4231
f 4266/4266 4328/4328 4336/4336
f 4266/4266 4394/4394 4198/4198
f 4268/4268 4260/4260 4257/4257
f 4268/4268 4265/4265 4270/4270
f 4269/4269 4297/4297 4292/4292
f 4270/4270 4181/4181 4176/4176
f 4270/4270 4238/4238 4260/4260
f 4270/4270 4260/4260 4268/4268
f 4270/4270 4262/4262 4268/4268
f 4270/4270 4265/4265 4262/4262
f 4270/4270 4268/4268 4257/4257
f 4271/4271 4266/4266 4344/4344
f 4271/4271 4275/4275 4282/4282
f 4271/4271 4282/4282 4291/4291
f 4271/4271 4282/4282 4328/4328
f 4271/4271 4291/4291 4293/4293
f 4271/4271 4293/4293 4288/4288
f 4271/4271 4328/4328 4266/4266
f 4272/4272 4267/4267 4318/4318
f 4273/4273 4193/4193 4180/4180
f 4273/4273 4269/4269 4292/4292
f 4274/4274 4286/4286 4284/4284
f 4275/4275 4166/4166 4185/4185
f 4275/4275 4185/4185 4287/4287
f 4275/4275 4271/4271 4288/4288
f 4275/4275 4293/4293 4291/4291
f 4276/4276 4280/4280 4285/4285
f 4277/4277 4281/4281 4248/4248
f 4278/4278 4252/4252 4263/4263
f 4278/4278 4263/4263 4284/4284
f 4278/4278 4284/4284 4252/4252
f 4280/4280 4088/4088 4290/4290
f 4280/4280 4290/4290 4285/4285
f 4280/4280 4333/4333 4276/4276
f 4281/4281 4258/4258 4246/4246
f 4282/4282 4275/4275 4291/4291
f 4283/4283 4251/4251 4255/4255
f 4283/4283 4265/4265 4268/4268
f 4283/4283 4267/4267 4299/4299
f 4283/4283 4268/4268 4294/4294
f 4284/4284 4286/4286 4274/4274
f 4285/4285 4104/4104 4280/4280
f 4285/4285 4280/4280 4276/4276
f 4286/4286 4193/4193 4273/4273
f 4286/4286 4273/4273 4289/4289
f 4287/4287 4185/4185 4221/4221
f 4287/4287 4221/4221 4275/4275
f 4288/4288 4293/4293 4275/4275
f 4289/4289 4161/4161 4286/4286
f 4289/4289 4173/4173 4180/4180
f 4289/4289 4180/4180 4161/4161
f 4289/4289 4273/4273 4292/4292
f 4290/4290 4088/4088 4090/4090
f 4290/4290 4088/4088 4107/4107
f 4290/4290 4090/4090 4088/4088
f 4290/4290 4107/4107 4256/4256
f 4290/4290 4256/4256 4285/4285
f 4292/4292 4182/4182 4169/4169
f 4294/4294 4268/4268 4262/4262
f 4295/4295 4331/4331 4335/4335
f 4296/4296 4351/4351 4356/4356
f 4296/4296 4356/4356 4367/4367
f 4296/4296 4367/4367 4353/4353
f 4297/4297 4303/4303 4423/4423
f 4297/4297 4423/4423 4429/4429
f 4297/4297 4429/4429 4303/4303
f 4298/4298 4311/4311 4328/4328
f 4298/4298 4311/4311 4337/4337
f 4299/4299 4251/4251 4283/4283
f 4299/4299 4267/4267 4283/4283
f 4299/4299 4283/4283 4308/4308
f 4299/4299 4308/4308 4318/4318
f 4299/4299 4318/4318 4267/4267
f 4300/4300 4306/4306 4430/4430
f 4301/4301 4309/4309 4359/4359
f 4301/4301 4359/4359 4309/4309
f 4302/4302 4319/4319 4296/4296
f 4302/4302 4324/4324 4319/4319
f 4302/4302 4348/4348 4324/4324
f 4303/4303 4429/4429 4423/4423
f 4303/4303 4434/4434 4427/4427
f 4304/4304 4298/4298 4317/4317
f 4304/4304 4317/4317 4432/4432
f 4304/4304 4404/4404 4298/4298
f 4304/4304 4432/4432 4404/4404
f 4305/4305 4334/4334 4347/4347
f 4305/4305 4343/4343 4334/4334
f 4305/4305 4347/4347 4343/4343
f 4305/4305 4347/4347 4361/4361
f 4306/4306 4425/4425 4430/4430
f 4307/4307 4434/4434 4396/4396
f 4308/4308 4255/4255 4363/4363
f 4308/4308 4283/4283 4294/4294
f 4308/4308 4294/4294 4255/4255
f 4308/4308 4354/4354 4363/4363
f 4308/4308 4363/4363 4334/4334
f 4309/4309 4301/4301 4321/4321
f 4309/4309 4323/4323 4301/4301
f 4309/4309 4341/4341 4359/4359
f 4309/4309 4359/4359 4301/4301
f 4309/4309 4359/4359 4339/4339
f 4311/4311 4271/4271 4328/4328
f 4311/4311 4282/4282 4271/4271
f 4311/4311 4298/4298 4328/4328
f 4311/4311 4298/4298 4432/4432
f 4311/4311 4328/4328 4282/4282
f 4312/4312 4529/4529 4532/4532
f 4312/4312 4532/4532 4314/4314
f 4312/4312 4532/4532 4529/4529
f 4313/4313 4323/4323 4403/4403
f 4313/4313 4396/4396 4403/4403
f 4313/4313 4403/4403 4332/4332
f 4314/4314 4320/4320 4532/4532
f 4315/4315 4396/4396 4321/4321
f 4315/4315 4403/4403 4396/4396
f 4316/4316 4267/4267 4272/4272
f 4316/4316 4272/4272 4395/4395
f 4317/4317 4311/4311 4432/4432
f 4317/4317 4337/4337 4311/4311
f 4318/4318 4267/4267 4316/4316
f 4318/4318 4299/4299 4267/4267
f 4319/4319 4351/4351 4296/4296
f 4319/4319 4357/4357 4854/4854
f 4320/4320 4314/4314 4529/4529
f 4321/4321 4301/4301 4323/4323
f 4321/4321 4313/4313 4403/4403
f 4321/4321 4403/4403 4313/4313
f 4322/4322 4309/4309 4339/4339
f 4322/4322 4339/4339 4341/4341
f 4322/4322 4341/4341 4309/4309
f 4323/4323 4301/4301 4331/4331
f 4323/4323 4301/4301 4415/4415
f 4323/4323 4309/4309 4321/4321
f 4323/4323 4415/4415 4301/4301
f 4324/4324 4348/4348 4357/4357
f 4324/4324 4357/4357 4319/4319
f 4326/4326 4310/4310 4356/4356
f 4326/4326 4331/4331 4411/4411
f 4326/4326 4411/4411 4415/4415
f 4326/4326 4416/4416 4310/4310
f 4327/4327 4518/4518 4501/4501
f 4328/4328 4271/4271 4344/4344
f 4329/4329 4305/4305 4410/4410
f 4330/4330 4348/4348 4353/4353
f 4331/4331 4295/4295 4335/4335
f 4331/4331 4301/4301 4323/4323
f 4331/4331 4323/4323 4415/4415
f 4331/4331 4326/4326 4382/4382
f 4331/4331 4366/4366 4295/4295
f 4332/4332 4323/4323 4313/4313
f 4332/4332 4403/4403 4413/4413
f 4332/4332 4415/4415 4323/4323
f 4332/4332 4416/4416 4326/4326
f 4333/4333 4280/4280 4276/4276
f 4334/4334 4343/4343 4308/4308
f 4336/4336 4340/4340 4394/4394
f 4336/4336 4344/4344 4340/4340
f 4337/4337 4317/4317 4298/4298
f 4338/4338 4350/4350 4828/4828
f 4338/4338 4357/4357 4360/4360
f 4338/4338 4360/4360 4350/4350
f 4339/4339 4346/4346 4349/4349
f 4339/4339 4355/4355 4341/4341
f 4339/4339 4358/4358 4355/4355
f 4342/4342 4356/4356 4382/4382
f 4343/4343 4318/4318 4308/4308
f 4343/4343 4347/4347 4318/4318
f 4344/4344 4266/4266 4340/4340
f 4344/4344 4336/4336 4328/4328
f 4345/4345 4372/4372 4386/4386
f 4345/4345 4386/4386 4372/4372
f 4346/4346 4339/4339 4364/4364
f 4346/4346 4352/4352 4349/4349
f 4346/4346 4358/4358 4352/4352
f 4346/4346 4364/4364 4355/4355
f 4347/4347 4299/4299 4318/4318
f 4348/4348 4330/4330 4351/4351
f 4348/4348 4360/4360 4357/4357
f 4349/4349 4346/4346 4352/4352
f 4349/4349 4352/4352 4346/4346
f 4349/4349 4358/4358 4339/4339
f 4349/4349 4493/4493 4358/4358
f 4351/4351 4319/4319 4362/4362
f 4351/4351 4325/4325 4356/4356
f 4351/4351 4330/4330 4325/4325
f 4353/4353 4302/4302 4296/4296
f 4353/4353 4325/4325 4330/4330
f 4353/4353 4348/4348 4302/4302
f 4353/4353 4367/4367 4356/4356
f 4354/4354 4299/4299 4347/4347
f 4354/4354 4308/4308 4363/4363
f 4354/4354 4334/4334 4363/4363
f 4354/4354 4347/4347 4334/4334
f 4354/4354 4363/4363 4255/4255
f 4355/4355 4359/4359 4341/4341
f 4356/4356 4325/4325 4353/4353
f 4356/4356 4342/4342 4326/4326
f 4357/4357 4842/4842 4860/4860
f 4358/4358 4346/4346 4355/4355
f 4358/4358 4349/4349 4352/4352
f 4358/4358 4511/4511 4349/4349
f 4359/4359 4355/4355 4364/4364
f 4359/4359 4364/4364 4339/4339
f 4360/4360 4319/4319 4854/4854
f 4360/4360 4348/4348 4351/4351
f 4360/4360 4362/4362 4319/4319
f 4360/4360 4828/4828 4350/4350
f 4361/4361 4305/4305 4419/4419
f 4361/4361 4347/4347 4305/4305
f 4361/4361 4347/4347 4365/4365
f 4361/4361 4365/4365 4347/4347
f 4361/4361 4419/4419 4371/4371
f 4362/4362 4360/4360 4351/4351
f 4366/4366 4331/4331 4295/4295
f 4367/4367 4439/4439 4356/4356
f 4368/4368 4385/4385 4381/4381
f 4369/4369 4376/4376 4392/4392
f 4369/4369 4380/4380 4376/4376
f 4369/4369 4389/4389 4380/4380
f 4369/4369 4392/4392 4389/4389
f 4373/4373 4231/4231 4468/4468
f 4373/4373 4468/4468 4467/4467
f 4375/4375 4171/4171 4398/4398
f 4376/4376 4380/4380 4389/4389
f 4377/4377 4225/4225 4394/4394
f 4377/4377 4243/4243 4225/4225
f 4377/4377 4373/4373 4467/4467
f 4377/4377 4394/4394 4373/4373
f 4377/4377 4474/4474 4243/4243
f 4378/4378 4171/4171 4375/4375
f 4379/4379 4388/4388 4414/4414
f 4379/4379 4414/4414 4420/4420
f 4379/4379 4420/4420 4388/4388
f 4380/4380 4374/4374 4389/4389
f 4380/4380 4389/4389 4374/4374
f 4380/4380 4799/4799 4820/4820
f 4381/4381 4385/4385 4370/4370
f 4381/4381 4385/4385 4391/4391
f 4382/4382 4326/4326 4342/4342
f 4382/4382 4356/4356 4367/4367
f 4382/4382 4439/4439 4416/4416
f 4384/4384 4375/4375 4398/4398
f 4385/4385 4368/4368 4381/4381
f 4385/4385 4381/4381 4391/4391
f 4385/4385 4381/4381 4420/4420
f 4385/4385 4420/4420 4370/4370
f 4386/4386 4372/4372 4391/4391
f 4386/4386 4391/4391 4372/4372
f 4390/4390 4380/4380 4799/4799
f 4390/4390 4799/4799 4380/4380
f 4391/4391 4385/4385 4386/4386
f 4391/4391 4386/4386 4385/4385
f 4392/4392 4376/4376 4389/4389
f 4393/4393 4388/4388 4417/4417
f 4393/4393 4414/4414 4388/4388
f 4393/4393 4417/4417 4397/4397
f 4393/4393 4417/4417 4414/4414
f 4394/4394 4340/4340 4373/4373
f 4395/4395 4272/4272 4318/4318
f 4395/4395 4318/4318 4316/4316
f 4396/4396 4315/4315 4307/4307
f 4397/4397 4304/4304 4417/4417
f 4397/4397 4404/4404 4304/4304
f 4397/4397 4417/4417 4304/4304
f 4397/4397 4417/4417 4393/4393
f 4398/4398 4375/4375 4384/4384
f 4398/4398 4436/4436 4375/4375
f 4399/4399 4407/4407 4421/4421
f 4399/4399 4421/4421 4407/4407
f 4400/4400 4266/4266 4336/4336
f 4400/4400 4336/4336 4394/4394
f 4400/4400 4394/4394 4266/4266
f 4401/4401 4387/4387 4383/4383
f 4401/4401 4426/4426 4408/4408
f 4402/4402 4424/4424 4428/4428
f 4403/4403 4313/4313 4321/4321
f 4403/4403 4315/4315 4321/4321
f 4403/4403 4321/4321 4313/4313
f 4403/4403 4321/4321 4396/4396
f 4403/4403 4323/4323 4413/4413
f 4403/4403 4396/4396 4313/4313
f 4404/4404 4397/4397 4304/4304
f 4405/4405 4383/4383 4408/4408
f 4405/4405 4408/4408 4383/4383
f 4406/4406 4381/4381 4414/4414
f 4406/4406 4381/4381 4420/4420
f 4406/4406 4420/4420 4381/4381
f 4408/4408 4383/4383 4387/4387
f 4408/4408 4387/4387 4401/4401
f 4408/4408 4401/4401 4383/4383
f 4409/4409 4418/4418 4442/4442
f 4409/4409 4422/4422 4418/4418
f 4409/4409 4438/4438 4422/4422
f 4409/4409 4442/4442 4438/4438
f 4410/4410 4305/4305 4329/4329
f 4410/4410 4419/4419 4305/4305
f 4413/4413 4323/4323 4331/4331
f 4413/4413 4331/4331 4416/4416
f 4414/4414 4381/4381 4406/4406
f 4414/4414 4388/4388 4420/4420
f 4414/4414 4417/4417 4388/4388
f 4415/4415 4332/4332 4326/4326
f 4415/4415 4411/4411 4331/4331
f 4416/4416 4331/4331 4382/4382
f 4416/4416 4332/4332 4413/4413
f 4419/4419 4305/4305 4361/4361
f 4419/4419 4329/4329 4410/4410
f 4419/4419 4361/4361 4371/4371
f 4419/4419 4410/4410 4305/4305
f 4419/4419 4410/4410 4329/4329
f 4420/4420 4381/4381 4370/4370
f 4423/4423 4303/4303 4434/4434
f 4423/4423 4434/4434 4437/4437
f 4424/4424 4175/4175 4170/4170
f 4424/4424 4184/4184 4175/4175
f 4424/4424 4402/4402 4419/4419
f 4424/4424 4419/4419 4410/4410
f 4425/4425 4306/4306 4430/4430
f 4426/4426 4401/4401 4408/4408
f 4426/4426 4413/4413 4416/4416
f 4426/4426 4416/4416 4413/4413
f 4427/4427 4303/4303 4423/4423
f 4427/4427 4423/4423 4303/4303
f 4428/4428 4410/4410 4419/4419
f 4428/4428 4419/4419 4402/4402
f 4428/4428 4424/4424 4410/4410
f 4429/4429 4169/4169 4297/4297
f 4429/4429 4297/4297 4269/4269
f 4430/4430 4306/4306 4300/4300
f 4431/4431 4403/4403 4435/4435
f 4432/4432 4298/4298 4404/4404
f 4434/4434 4303/4303 4307/4307
f 4434/4434 4303/4303 4427/4427
f 4434/4434 4307/4307 4315/4315
f 4434/4434 4315/4315 4396/4396
f 4435/4435 4403/4403 4431/4431
f 4436/4436 4378/4378 4375/4375
f 4436/4436 4398/4398 4171/4171
f 4437/4437 4303/4303 4423/4423
f 4437/4437 4307/4307 4303/4303
f 4437/4437 4434/4434 4307/4307
f 4438/4438 4442/4442 4451/4451
f 4439/4439 4310/4310 4416/4416
f 4439/4439 4356/4356 4310/4310
f 4439/4439 4367/4367 4356/4356
f 4439/4439 4382/4382 4367/4367
f 4440/4440 4449/4449 4462/4462
f 4440/4440 4463/4463 4449/4449
f 4441/4441 4449/4449 4463/4463
f 4441/4441 4463/4463 4440/4440
f 4441/4441 4463/4463 4449/4449
f 4441/4441 4464/4464 4440/4440
f 4441/4441 4482/4482 4463/4463
f 4442/4442 4481/4481 4440/4440
f 4443/4443 4452/4452 4460/4460
f 4444/4444 4154/4154 4139/4139
f 4445/4445 4440/4440 4462/4462
f 4445/4445 4442/4442 4440/4440
f 4445/4445 4462/4462 4483/4483
f 4445/4445 4483/4483 4442/4442
f 4446/4446 4456/4456 4140/4140
f 4447/4447 4456/4456 4461/4461
f 4447/4447 4461/4461 4457/4457
f 4447/4447 4485/4485 4452/4452
f 4448/4448 4453/4453 3000/3000
f 4449/4449 4463/4463 4462/4462
f 4450/4450 4486/4486 4454/4454
f 4451/4451 4442/4442 4483/4483
f 4451/4451 4455/4455 4438/4438
f 4451/4451 4483/4483 4455/4455
f 4452/4452 4485/4485 4447/4447
f 4453/4453 2985/2985 4448/4448
f 4453/4453 4448/4448 2985/2985
f 4455/4455 4433/4433 4438/4438
f 4455/4455 4438/4438 4433/4433
f 4455/4455 4465/4465 4438/4438
f 4455/4455 4483/4483 4471/4471
f 4456/4456 4447/4447 4459/4459
f 4457/4457 4461/4461 4521/4521
f 4457/4457 4500/4500 4513/4513
f 4457/4457 4510/4510 4513/4513
f 4459/4459 4444/4444 4139/4139
f 4459/4459 4447/4447 4457/4457
f 4459/4459 4457/4457 4444/4444
f 4459/4459 4467/4467 4456/4456
f 4459/4459 4469/4469 4474/4474
f 4459/4459 4474/4474 4467/4467
f 4460/4460 4425/4425 4430/4430
f 4460/4460 4430/4430 4425/4425
f 4460/4460 4452/4452 4443/4443
f 4461/4461 4456/4456 4446/4446
f 4462/4462 4463/4463 4470/4470
f 4462/4462 4470/4470 4483/4483
f 4464/4464 4441/4441 4440/4440
f 4465/4465 4418/4418 4422/4422
f 4465/4465 4422/4422 4438/4438
f 4465/4465 4442/4442 4418/4418
f 4465/4465 4455/4455 4471/4471
f 4466/4466 4143/4143 4149/4149
f 4466/4466 4148/4148 4146/4146
f 4469/4469 4125/4125 4121/4121
f 4469/4469 4459/4459 4136/4136
f 4470/4470 4445/4445 4462/4462
f 4470/4470 4462/4462 4445/4445
f 4470/4470 4463/4463 4477/4477
f 4471/4471 4475/4475 4465/4465
f 4472/4472 4473/4473 4510/4510
f 4472/4472 4510/4510 4521/4521
f 4474/4474 4377/4377 4467/4467
f 4474/4474 4469/4469 4121/4121
f 4475/4475 4442/4442 4465/4465
f 4475/4475 4471/4471 4479/4479
f 4475/4475 4481/4481 4442/4442
f 4476/4476 4479/4479 4482/4482
f 4476/4476 4480/4480 4479/4479
f 4476/4476 4482/4482 4480/4480
f 4476/4476 4484/4484 4482/4482
f 4476/4476 4492/4492 4484/4484
f 4476/4476 4506/4506 4489/4489
f 4477/4477 4463/4463 4482/4482
f 4477/4477 4483/4483 4470/4470
f 4478/4478 4441/4441 4481/4481
f 4478/4478 4481/4481 4475/4475
f 4478/4478 4482/4482 4441/4441
f 4479/4479 4471/4471 4483/4483
f 4479/4479 4480/4480 4475/4475
f 4479/4479 4483/4483 4477/4477
f 4480/4480 4478/4478 4475/4475
f 4480/4480 4482/4482 4478/4478
f 4481/4481 4441/4441 4440/4440
f 4482/4482 4479/4479 4477/4477
f 4484/4484 4492/4492 4482/4482
f 4486/4486 4450/4450 4454/4454
f 4487/4487 4108/4108 4501/4501
f 4488/4488 4527/4527 4535/4535
f 4488/4488 4533/4533 4497/4497
f 4488/4488 4535/4535 4500/4500
f 4489/4489 4506/4506 4476/4476
f 4491/4491 2319/2319 2703/2703
f 4491/4491 2319/2319 4536/4536
f 4491/4491 4492/4492 4515/4515
f 4491/4491 4522/4522 4492/4492
f 4492/4492 4476/4476 4505/4505
f 4492/4492 4482/4482 4494/4494
f 4492/4492 4522/4522 4515/4515
f 4493/4493 4511/4511 4358/4358
f 4494/4494 4476/4476 4482/4482
f 4494/4494 4482/4482 4492/4492
f 4495/4495 4492/4492 4515/4515
f 4495/4495 4515/4515 4492/4492
f 4496/4496 4497/4497 4509/4509
f 4496/4496 4508/4508 4497/4497
f 4496/4496 4524/4524 4508/4508
f 4497/4497 4504/4504 4509/4509
f 4497/4497 4509/4509 4504/4504
f 4497/4497 4525/4525 4509/4509
f 4498/4498 4490/4490 4503/4503
f 4498/4498 4503/4503 4490/4490
f 4499/4499 4320/4320 4520/4520
f 4499/4499 4511/4511 4517/4517
f 4500/4500 4457/4457 4513/4513
f 4500/4500 4514/4514 4513/4513
f 4500/4500 4535/4535 4514/4514
f 4501/4501 4518/4518 4327/4327
f 4502/4502 2532/2532 2463/2463
f 4502/4502 4504/4504 2532/2532
f 4502/4502 4527/4527 4488/4488
f 4504/4504 4488/4488 4497/4497
f 4504/4504 4502/4502 4488/4488
f 4505/4505 4476/4476 4494/4494
f 4505/4505 4494/4494 4492/4492
f 4508/4508 2508/2508 2532/2532
f 4508/4508 4524/4524 2508/2508
f 4509/4509 4525/4525 4497/4497
f 4509/4509 4525/4525 4528/4528
f 4510/4510 4457/4457 4521/4521
f 4510/4510 4473/4473 4521/4521
f 4510/4510 4500/4500 4513/4513
f 4510/4510 4521/4521 4500/4500
f 4511/4511 4493/4493 4349/4349
f 4511/4511 4499/4499 4520/4520
f 4513/4513 4444/4444 4457/4457
f 4513/4513 4525/4525 4444/4444
f 4514/4514 4525/4525 4513/4513
f 4514/4514 4528/4528 4525/4525
f 4514/4514 4531/4531 4496/4496
f 4517/4517 4320/4320 4499/4499
f 4517/4517 4511/4511 4520/4520
f 4518/4518 4327/4327 4532/4532
f 4518/4518 4532/4532 4327/4327
f 4519/4519 2436/2436 4524/4524
f 4519/4519 4535/4535 4516/4516
f 4520/4520 4320/4320 4517/4517
f 4521/4521 4473/4473 4472/4472
f 4521/4521 4488/4488 4500/4500
f 4522/4522 4491/4491 4526/4526
f 4523/4523 4458/4458 4530/4530
f 4523/4523 4507/4507 4512/4512
f 4523/4523 4512/4512 4507/4507
f 4523/4523 4530/4530 4458/4458
f 4524/4524 4531/4531 4535/4535
f 4525/4525 4154/4154 4444/4444
f 4525/4525 4446/4446 4154/4154
f 4525/4525 4533/4533 4446/4446
f 4526/4526 2384/2384 4491/4491
f 4526/4526 4491/4491 2703/2703
f 4526/4526 4491/4491 4515/4515
f 4526/4526 4515/4515 4522/4522
f 4527/4527 4502/4502 4516/4516
f 4527/4527 4516/4516 4535/4535
f 4528/4528 4496/4496 4509/4509
f 4528/4528 4514/4514 4496/4496
f 4529/4529 4314/4314 4532/4532
f 4529/4529 4320/4320 4517/4517
f 4529/4529 4517/4517 4320/4320
f 4531/4531 4524/4524 4496/4496
f 4532/4532 4312/4312 4314/4314
f 4532/4532 4312/4312 4518/4518
f 4532/4532 4320/4320 4529/4529
f 4532/4532 4518/4518 4312/4312
f 4533/4533 4461/4461 4446/4446
f 4533/4533 4488/4488 4521/4521
f 4533/4533 4521/4521 4461/4461
f 4533/4533 4525/4525 4497/4497
f 4535/4535 4519/4519 4524/4524
f 4535/4535 4531/4531 4514/4514
f 4536/4536 2319/2319 2444/2444
f 4536/4536 2319/2319 4491/4491
f 4536/4536 2444/2444 2319/2319
f 4537/4537 4612/4612 4554/4554
f 4537/4537 4880/4880 4891/4891
f 4538/4538 4566/4566 4541/4541
f 4538/4538 4566/4566 4646/4646
f 4538/4538 4646/4646 4566/4566
f 4538/4538 4996/4996 5130/5130
f 4539/4539 4542/4542 4560/4560
f 4539/4539 4553/4553 4542/4542
f 4539/4539 4560/4560 4556/4556
f 4539/4539 4560/4560 4692/4692
f 4539/4539 4609/4609 4560/4560
f 4539/4539 4663/4663 4553/4553
f 4541/4541 4538/4538 5130/5130
f 4542/4542 4677/4677 4560/4560
f 4543/4543 4564/4564 4562/4562
f 4544/4544 4650/4650 4679/4679
f 4545/4545 4549/4549 4561/4561
f 4545/4545 4556/4556 4607/4607
f 4545/4545 4561/4561 4549/4549
f 4545/4545 4561/4561 4556/4556
f 4545/4545 4607/4607 4838/4838
f 4546/4546 4650/4650 4667/4667
f 4547/4547 4537/4537 4554/4554
f 4547/4547 4554/4554 4558/4558
f 4547/4547 4577/4577 4595/4595
f 4547/4547 4863/4863 4867/4867
f 4547/4547 4867/4867 4880/4880
f 4547/4547 4880/4880 4537/4537
f 4548/4548 4545/4545 4883/4883
f 4548/4548 4561/4561 4545/4545
f 4548/4548 4571/4571 4561/4561
f 4548/4548 4596/4596 4571/4571
f 4548/4548 4883/4883 4874/4874
f 4549/4549 4539/4539 4556/4556
f 4550/4550 4570/4570 5111/5111
f 4551/4551 4543/4543 4562/4562
f 4552/4552 4578/4578 4585/4585
f 4552/4552 4646/4646 4651/4651
f 4553/4553 4649/4649 4542/4542
f 4554/4554 4580/4580 4558/4558
f 4554/4554 4583/4583 4537/4537
f 4555/4555 4643/4643 4550/4550
f 4556/4556 4598/4598 4580/4580
f 4557/4557 4584/4584 4559/4559
f 4559/4559 4584/4584 4575/4575
f 4560/4560 4677/4677 4692/4692
f 4561/4561 4539/4539 4549/4549
f 4561/4561 4549/4549 4556/4556
f 4561/4561 4577/4577 4573/4573
f 4561/4561 4580/4580 4609/4609
f 4561/4561 4609/4609 4539/4539
f 4562/4562 4544/4544 4679/4679
f 4562/4562 4564/4564 4544/4544
f 4562/4562 4653/4653 1756/1756
f 4563/4563 4540/4540 4582/4582
f 4563/4563 4582/4582 4540/4540
f 4564/4564 2248/2248 4544/4544
f 4564/4564 4543/4543 4604/4604
f 4564/4564 4590/4590 4581/4581
f 4566/4566 4538/4538 4541/4541
f 4567/4567 4598/4598 4599/4599
f 4567/4567 4599/4599 4580/4580
f 4568/4568 4601/4601 4575/4575
f 4569/4569 4579/4579 4598/4598
f 4569/4569 4594/4594 4579/4579
f 4569/4569 4600/4600 4594/4594
f 4570/4570 4550/4550 5039/5039
f 4570/4570 5039/5039 5111/5111
f 4572/4572 4576/4576 4823/4823
f 4572/4572 4823/4823 4832/4832
f 4572/4572 4843/4843 4863/4863
f 4573/4573 4558/4558 4580/4580
f 4573/4573 4580/4580 4561/4561
f 4574/4574 4537/4537 4891/4891
f 4574/4574 4837/4837 4612/4612
f 4575/4575 4557/4557 4559/4559
f 4575/4575 4603/4603 4568/4568
f 4576/4576 4577/4577 4571/4571
f 4576/4576 4595/4595 4577/4577
f 4576/4576 4596/4596 4823/4823
f 4577/4577 4547/4547 4558/4558
f 4577/4577 4558/4558 4573/4573
f 4577/4577 4561/4561 4571/4571
f 4579/4579 4556/4556 4560/4560
f 4579/4579 4560/4560 4609/4609
f 4579/4579 4560/4560 4620/4620
f 4579/4579 4569/4569 4600/4600
f 4579/4579 4580/4580 4599/4599
f 4579/4579 4598/4598 4556/4556
f 4579/4579 4600/4600 4598/4598
f 4579/4579 4609/4609 4580/4580
f 4580/4580 4554/4554 4583/4583
f 4580/4580 4583/4583 4556/4556
f 4580/4580 4605/4605 4567/4567
f 4581/4581 4551/4551 4562/4562
f 4583/4583 4554/4554 4537/4537
f 4583/4583 4607/4607 4556/4556
f 4584/4584 4557/4557 4575/4575
f 4584/4584 4565/4565 4606/4606
f 4584/4584 4589/4589 4565/4565
f 4584/4584 4606/4606 4589/4589
f 4585/4585 4552/4552 4637/4637
f 4585/4585 4578/4578 4552/4552
f 4585/4585 4626/4626 4552/4552
f 4585/4585 4637/4637 4626/4626
f 4587/4587 4588/4588 4611/4611
f 4587/4587 4611/4611 4613/4613
f 4587/4587 4613/4613 5106/5106
f 4588/4588 4587/4587 5106/5106
f 4588/4588 4604/4604 4611/4611
f 4589/4589 4606/4606 4610/4610
f 4589/4589 4610/4610 4565/4565
f 4590/4590 4564/4564 4604/4604
f 4590/4590 4588/4588 4602/4602
f 4590/4590 4604/4604 4588/4588
f 4591/4591 4568/4568 4603/4603
f 4591/4591 4586/4586 4568/4568
f 4592/4592 4583/4583 4612/4612
f 4592/4592 4612/4612 4574/4574
f 4592/4592 4612/4612 4827/4827
f 4592/4592 4827/4827 4572/4572
f 4592/4592 4846/4846 4862/4862
f 4592/4592 4862/4862 4607/4607
f 4593/4593 4610/4610 4627/4627
f 4594/4594 4600/4600 4569/4569
f 4594/4594 4637/4637 4599/4599
f 4595/4595 4572/4572 4863/4863
f 4595/4595 4576/4576 4572/4572
f 4595/4595 4863/4863 4547/4547
f 4596/4596 4576/4576 4571/4571
f 4597/4597 4575/4575 4601/4601
f 4597/4597 4586/4586 4591/4591
f 4597/4597 4591/4591 4575/4575
f 4598/4598 4567/4567 4605/4605
f 4598/4598 4600/4600 4569/4569
f 4599/4599 4579/4579 4594/4594
f 4599/4599 4598/4598 4579/4579
f 4601/4601 4568/4568 4586/4586
f 4601/4601 4586/4586 4597/4597
f 4601/4601 4586/4586 5105/5105
f 4601/4601 4597/4597 5087/5087
f 4601/4601 5087/5087 4586/4586
f 4601/4601 5098/5098 5087/5087
f 4602/4602 4581/4581 4590/4590
f 4602/4602 4588/4588 4613/4613
f 4602/4602 4613/4613 4581/4581
f 4603/4603 4575/4575 4591/4591
f 4604/4604 4543/4543 4611/4611
f 4605/4605 4580/4580 4598/4598
f 4607/4607 4583/4583 4592/4592
f 4608/4608 4601/4601 5105/5105
f 4608/4608 5098/5098 4601/4601
f 4610/4610 4593/4593 4627/4627
f 4610/4610 4606/4606 4565/4565
f 4611/4611 4543/4543 4551/4551
f 4611/4611 4551/4551 4581/4581
f 4612/4612 4537/4537 4574/4574
f 4612/4612 4583/4583 4554/4554
f 4612/4612 4592/4592 4574/4574
f 4612/4612 4837/4837 4827/4827
f 4613/4613 4611/4611 4581/4581
f 4613/4613 5114/5114 5106/5106
f 4614/4614 4701/4701 4681/4681
f 4614/4614 4792/4792 4636/4636
f 4615/4615 4639/4639 4627/4627
f 4615/4615 4639/4639 4661/4661
f 4616/4616 4630/4630 4786/4786
f 4616/4616 4786/4786 4624/4624
f 4617/4617 4635/4635 4654/4654
f 4617/4617 4654/4654 4635/4635
f 4617/4617 4654/4654 4673/4673
f 4617/4617 4688/4688 4654/4654
f 4617/4617 4764/4764 4769/4769
f 4617/4617 4769/4769 4764/4764
f 4617/4617 4769/4769 4791/4791
f 4618/4618 4623/4623 4770/4770
f 4618/4618 4678/4678 4684/4684
f 4618/4618 4739/4739 4744/4744
f 4618/4618 4744/4744 4678/4678
f 4618/4618 4770/4770 4739/4739
f 4620/4620 4560/4560 4579/4579
f 4620/4620 4560/4560 4677/4677
f 4620/4620 4579/4579 4599/4599
f 4620/4620 4599/4599 4637/4637
f 4620/4620 4622/4622 4677/4677
f 4620/4620 4637/4637 4622/4622
f 4620/4620 4677/4677 4560/4560
f 4621/4621 4643/4643 4628/4628
f 4621/4621 4691/4691 4993/4993
f 4621/4621 5039/5039 4643/4643
f 4622/4622 4569/4569 4579/4579
f 4622/4622 4579/4579 4620/4620
f 4622/4622 4620/4620 4637/4637
f 4622/4622 4620/4620 4677/4677
f 4623/4623 4822/4822 4762/4762
f 4624/4624 4617/4617 4633/4633
f 4624/4624 4764/4764 4769/4769
f 4624/4624 4769/4769 4617/4617
f 4625/4625 4629/4629 4619/4619
f 4625/4625 4641/4641 4629/4629
f 4625/4625 4649/4649 4641/4641
f 4626/4626 4552/4552 4651/4651
f 4626/4626 4594/4594 4637/4637
f 4626/4626 4637/4637 4552/4552
f 4629/4629 4772/4772 4779/4779
f 4630/4630 4821/4821 4786/4786
f 4631/4631 4655/4655 4766/4766
f 4631/4631 4766/4766 4617/4617
f 4632/4632 4775/4775 1450/1450
f 4633/4633 4616/4616 4624/4624
f 4633/4633 4630/4630 4616/4616
f 4633/4633 4810/4810 4630/4630
f 4634/4634 4635/4635 4657/4657
f 4634/4634 4657/4657 4639/4639
f 4635/4635 4634/4634 4654/4654
f 4635/4635 4654/4654 4661/4661
f 4636/4636 4785/4785 4614/4614
f 4636/4636 4785/4785 5054/5054
f 4637/4637 4569/4569 4622/4622
f 4637/4637 4579/4579 4622/4622
f 4637/4637 4594/4594 4569/4569
f 4637/4637 4594/4594 4626/4626
f 4637/4637 4620/4620 4622/4622
f 4637/4637 4622/4622 4579/4579
f 4638/4638 4730/4730 4787/4787
f 4638/4638 4775/4775 4632/4632
f 4639/4639 4593/4593 4627/4627
f 4639/4639 4615/4615 4627/4627
f 4639/4639 4627/4627 4593/4593
f 4639/4639 4657/4657 4661/4661
f 4640/4640 4665/4665 4672/4672
f 4640/4640 4672/4672 4665/4665
f 4641/4641 4629/4629 4649/4649
f 4641/4641 4649/4649 4629/4629
f 4641/4641 4649/4649 4677/4677
f 4642/4642 4675/4675 4656/4656
f 4642/4642 4675/4675 4754/4754
f 4643/4643 4555/4555 5122/5122
f 4643/4643 5059/5059 4628/4628
f 4643/4643 5108/5108 5059/5059
f 4643/4643 5122/5122 5108/5108
f 4645/4645 1766/1766 4664/4664
f 4645/4645 4672/4672 1766/1766
f 4646/4646 4566/4566 4651/4651
f 4646/4646 4651/4651 4566/4566
f 4647/4647 4655/4655 4631/4631
f 4647/4647 4673/4673 4654/4654
f 4648/4648 4544/4544 4650/4650
f 4648/4648 4650/4650 1735/1735
f 4649/4649 4553/4553 4692/4692
f 4649/4649 4641/4641 4677/4677
f 4649/4649 4734/4734 4641/4641
f 4650/4650 1735/1735 1832/1832
f 4650/4650 1832/1832 1735/1735
f 4650/4650 2147/2147 4679/4679
f 4650/4650 2248/2248 1735/1735
f 4650/4650 4544/4544 2248/2248
f 4650/4650 4544/4544 4648/4648
f 4650/4650 4546/4546 4667/4667
f 4650/4650 4648/4648 1735/1735
f 4651/4651 4552/4552 4626/4626
f 4651/4651 4626/4626 4637/4637
f 4651/4651 4637/4637 4626/4626
f 4651/4651 4646/4646 4552/4552
f 4652/4652 4644/4644 4736/4736
f 4652/4652 4670/4670 4644/4644
f 4652/4652 4680/4680 4670/4670
f 4652/4652 4693/4693 4680/4680
f 4652/4652 4736/4736 4742/4742
f 4653/4653 1665/1665 1756/1756
f 4654/4654 4647/4647 4688/4688
f 4654/4654 4668/4668 4661/4661
f 4654/4654 4688/4688 4661/4661
f 4655/4655 4660/4660 4746/4746
f 4656/4656 4675/4675 4642/4642
f 4657/4657 4635/4635 4661/4661
f 4658/4658 4664/4664 4691/4691
f 4658/4658 5028/5028 4993/4993
f 4659/4659 4652/4652 4742/4742
f 4659/4659 4742/4742 4665/4665
f 4660/4660 4655/4655 4676/4676
f 4660/4660 4666/4666 4753/4753
f 4660/4660 4676/4676 4666/4666
f 4662/4662 4659/4659 4665/4665
f 4662/4662 4665/4665 4659/4659
f 4663/4663 4539/4539 4692/4692
f 4663/4663 4692/4692 4553/4553
f 4664/4664 1766/1766 4682/4682
f 4664/4664 4672/4672 4645/4645
f 4664/4664 4682/4682 4672/4672
f 4664/4664 4685/4685 4682/4682
f 4665/4665 1711/1711 4672/4672
f 4665/4665 4640/4640 4686/4686
f 4665/4665 4645/4645 4672/4672
f 4665/4665 4672/4672 4645/4645
f 4665/4665 4742/4742 4659/4659
f 4665/4665 4750/4750 4742/4742
f 4666/4666 4698/4698 4753/4753
f 4668/4668 4615/4615 4661/4661
f 4668/4668 4639/4639 4615/4615
f 4668/4668 4674/4674 4639/4639
f 4670/4670 4652/4652 4659/4659
f 4670/4670 4659/4659 4742/4742
f 4670/4670 4693/4693 4652/4652
f 4672/4672 1711/1711 4665/4665
f 4673/4673 4631/4631 4617/4617
f 4673/4673 4647/4647 4631/4631
f 4674/4674 4634/4634 4639/4639
f 4674/4674 4654/4654 4634/4634
f 4674/4674 4668/4668 4654/4654
f 4676/4676 4655/4655 4647/4647
f 4677/4677 4542/4542 4649/4649
f 4677/4677 4620/4620 4560/4560
f 4677/4677 4641/4641 4649/4649
f 4677/4677 4649/4649 4641/4641
f 4678/4678 4671/4671 4754/4754
f 4678/4678 4754/4754 4744/4744
f 4679/4679 1665/1665 4653/4653
f 4679/4679 4653/4653 4562/4562
f 4680/4680 4638/4638 4644/4644
f 4680/4680 4644/4644 4670/4670
f 4680/4680 4730/4730 4638/4638
f 4683/4683 4645/4645 4665/4665
f 4683/4683 4665/4665 4645/4645
f 4684/4684 4678/4678 4739/4739
f 4684/4684 4687/4687 4618/4618
f 4684/4684 4739/4739 4727/4727
f 4685/4685 4664/4664 4682/4682
f 4686/4686 4640/4640 4665/4665
f 4687/4687 4623/4623 4618/4618
f 4687/4687 4684/4684 4727/4727
f 4688/4688 4647/4647 4654/4654
f 4688/4688 4654/4654 4661/4661
f 4688/4688 4728/4728 4647/4647
f 4689/4689 4647/4647 4728/4728
f 4689/4689 4676/4676 4647/4647
f 4689/4689 4728/4728 4718/4718
f 4690/4690 4642/4642 4656/4656
f 4690/4690 4656/4656 4642/4642
f 4690/4690 4656/4656 4675/4675
f 4690/4690 4675/4675 4656/4656
f 4691/4691 4621/4621 4628/4628
f 4691/4691 4621/4621 4685/4685
f 4691/4691 4628/4628 5059/5059
f 4691/4691 4658/4658 4993/4993
f 4691/4691 4664/4664 4658/4658
f 4691/4691 4664/4664 4685/4685
f 4691/4691 4685/4685 4621/4621
f 4691/4691 4685/4685 4664/4664
f 4692/4692 4677/4677 4649/4649
f 4693/4693 4730/4730 4702/4702
f 4693/4693 4736/4736 4730/4730
f 4695/4695 1613/1613 1590/1590
f 4695/4695 4703/4703 4729/4729
f 4695/4695 4729/4729 4738/4738
f 4696/4696 4818/4818 4726/4726
f 4698/4698 4666/4666 4676/4676
f 4701/4701 4614/4614 4681/4681
f 4701/4701 4614/4614 4792/4792
f 4701/4701 4792/4792 4614/4614
f 4701/4701 4883/4883 4874/4874
f 4702/4702 4680/4680 4693/4693
f 4702/4702 4730/4730 4680/4680
f 4703/4703 4695/4695 1590/1590
f 4703/4703 4710/4710 4729/4729
f 4704/4704 4695/4695 4738/4738
f 4704/4704 4732/4732 4695/4695
f 4704/4704 4780/4780 4732/4732
f 4706/4706 4731/4731 4812/4812
f 4706/4706 4812/4812 4731/4731
f 4707/4707 4676/4676 4718/4718
f 4707/4707 4698/4698 4676/4676
f 4707/4707 4746/4746 4724/4724
f 4708/4708 4797/4797 4699/4699
f 4708/4708 4799/4799 4380/4380
f 4709/4709 4675/4675 4642/4642
f 4709/4709 4754/4754 4675/4675
f 4710/4710 1590/1590 1574/1574
f 4710/4710 4703/4703 1590/1590
f 4711/4711 4752/4752 4757/4757
f 4711/4711 4811/4811 4752/4752
f 4712/4712 4412/4412 4708/4708
f 4712/4712 4708/4708 4412/4412
f 4712/4712 4708/4708 4799/4799
f 4713/4713 4698/4698 4884/4884
f 4713/4713 4719/4719 4899/4899
f 4713/4713 4745/4745 4749/4749
f 4713/4713 4899/4899 4698/4698
f 4714/4714 4752/4752 4757/4757
f 4714/4714 4757/4757 4984/4984
f 4714/4714 4982/4982 4757/4757
f 4714/4714 4988/4988 4982/4982
f 4715/4715 4687/4687 4727/4727
f 4716/4716 4617/4617 4805/4805
f 4716/4716 4688/4688 4617/4617
f 4717/4717 4709/4709 4754/4754
f 4717/4717 4721/4721 4744/4744
f 4717/4717 4754/4754 4709/4709
f 4718/4718 4676/4676 4689/4689
f 4719/4719 4713/4713 4749/4749
f 4719/4719 4818/4818 4696/4696
f 4720/4720 4831/4831 4894/4894
f 4721/4721 4717/4717 4754/4754
f 4722/4722 4697/4697 4882/4882
f 4723/4723 4792/4792 4741/4741
f 4724/4724 4735/4735 4707/4707
f 4724/4724 4753/4753 4735/4735
f 4725/4725 4767/4767 4747/4747
f 4726/4726 4818/4818 4809/4809
f 4727/4727 4623/4623 4687/4687
f 4727/4727 4687/4687 4623/4623
f 4728/4728 4688/4688 4716/4716
f 4728/4728 4707/4707 4718/4718
f 4728/4728 4716/4716 4805/4805
f 4728/4728 4805/4805 4766/4766
f 4729/4729 4725/4725 4759/4759
f 4729/4729 4759/4759 4816/4816
f 4730/4730 4644/4644 4787/4787
f 4730/4730 4736/4736 4644/4644
f 4731/4731 4711/4711 4752/4752
f 4731/4731 4752/4752 4788/4788
f 4731/4731 4756/4756 4763/4763
f 4731/4731 4763/4763 4811/4811
f 4731/4731 4811/4811 4711/4711
f 4732/4732 1551/1551 4695/4695
f 4733/4733 4701/4701 4781/4781
f 4733/4733 4781/4781 4701/4701
f 4734/4734 4760/4760 4772/4772
f 4734/4734 4772/4772 4641/4641
f 4735/4735 4698/4698 4707/4707
f 4736/4736 4693/4693 4670/4670
f 4737/4737 4720/4720 4894/4894
f 4737/4737 4778/4778 4790/4790
f 4737/4737 4790/4790 4720/4720
f 4737/4737 4809/4809 4778/4778
f 4737/4737 4868/4868 4872/4872
f 4738/4738 4729/4729 4806/4806
f 4739/4739 4678/4678 4744/4744
f 4740/4740 4761/4761 4958/4958
f 4740/4740 4768/4768 4761/4761
f 4740/4740 4878/4878 4768/4768
f 4740/4740 4958/4958 4976/4976
f 4741/4741 4792/4792 4701/4701
f 4742/4742 4736/4736 4670/4670
f 4743/4743 4755/4755 4890/4890
f 4743/4743 4765/4765 4783/4783
f 4743/4743 4773/4773 4751/4751
f 4743/4743 4783/4783 4755/4755
f 4744/4744 4721/4721 4754/4754
f 4744/4744 4754/4754 4678/4678
f 4744/4744 4754/4754 4717/4717
f 4745/4745 4713/4713 4884/4884
f 4746/4746 4655/4655 4753/4753
f 4746/4746 4660/4660 4753/4753
f 4746/4746 4707/4707 4728/4728
f 4746/4746 4753/4753 4724/4724
f 4746/4746 4766/4766 4789/4789
f 4746/4746 4789/4789 4655/4655
f 4747/4747 4725/4725 4710/4710
f 4747/4747 4767/4767 4725/4725
f 4748/4748 4710/4710 4725/4725
f 4748/4748 4725/4725 4729/4729
f 4748/4748 4729/4729 4710/4710
f 4749/4749 4745/4745 4875/4875
f 4749/4749 4759/4759 4794/4794
f 4749/4749 4794/4794 4719/4719
f 4749/4749 4853/4853 4759/4759
f 4750/4750 4665/4665 4742/4742
f 4751/4751 4723/4723 4741/4741
f 4751/4751 4773/4773 4781/4781
f 4751/4751 4783/4783 4743/4743
f 4752/4752 4811/4811 4788/4788
f 4753/4753 4655/4655 4746/4746
f 4753/4753 4869/4869 4884/4884
f 4753/4753 4884/4884 4888/4888
f 4754/4754 4671/4671 4678/4678
f 4754/4754 4709/4709 4642/4642
f 4754/4754 4717/4717 4709/4709
f 4755/4755 4741/4741 4781/4781
f 4755/4755 4783/4783 4776/4776
f 4756/4756 4697/4697 4763/4763
f 4756/4756 4731/4731 4788/4788
f 4757/4757 4752/4752 4711/4711
f 4757/4757 4752/4752 4714/4714
f 4757/4757 4982/4982 4984/4984
f 4758/4758 4782/4782 4810/4810
f 4758/4758 4810/4810 4782/4782
f 4760/4760 4625/4625 4619/4619
f 4760/4760 4649/4649 4625/4625
f 4760/4760 4734/4734 4649/4649
f 4761/4761 4801/4801 4768/4768
f 4761/4761 4817/4817 4784/4784
f 4762/4762 4822/4822 4727/4727
f 4763/4763 4756/4756 4788/4788
f 4763/4763 4788/4788 4756/4756
f 4764/4764 4624/4624 4786/4786
f 4765/4765 4783/4783 4814/4814
f 4765/4765 4814/4814 4848/4848
f 4765/4765 4848/4848 4841/4841
f 4766/4766 4655/4655 4789/4789
f 4766/4766 4746/4746 4728/4728
f 4766/4766 4805/4805 4617/4617
f 4767/4767 1460/1460 4774/4774
f 4767/4767 1522/1522 1460/1460
f 4767/4767 4725/4725 4747/4747
f 4767/4767 4747/4747 1522/1522
f 4767/4767 4794/4794 4725/4725
f 4768/4768 4801/4801 4817/4817
f 4768/4768 4858/4858 4923/4923
f 4770/4770 4623/4623 4762/4762
f 4770/4770 4727/4727 4739/4739
f 4770/4770 4762/4762 4727/4727
f 4771/4771 1463/1463 1450/1450
f 4771/4771 4775/4775 1463/1463
f 4772/4772 4619/4619 4629/4629
f 4772/4772 4619/4619 4807/4807
f 4772/4772 4629/4629 4641/4641
f 4772/4772 4629/4629 4779/4779
f 4772/4772 4734/4734 4641/4641
f 4772/4772 4760/4760 4619/4619
f 4772/4772 4779/4779 4734/4734
f 4772/4772 4795/4795 4779/4779
f 4772/4772 4807/4807 4619/4619
f 4773/4773 4813/4813 4781/4781
f 4773/4773 4833/4833 4813/4813
f 4774/4774 1460/1460 1447/1447
f 4775/4775 1399/1399 4804/4804
f 4775/4775 1450/1450 1399/1399
f 4775/4775 4771/4771 1463/1463
f 4775/4775 4804/4804 4771/4771
f 4776/4776 4741/4741 4755/4755
f 4776/4776 4783/4783 4741/4741
f 4777/4777 4943/4943 4815/4815
f 4779/4779 4761/4761 4807/4807
f 4779/4779 4772/4772 4734/4734
f 4779/4779 4807/4807 4772/4772
f 4779/4779 4817/4817 4801/4801
f 4781/4781 4723/4723 4751/4751
f 4781/4781 4741/4741 4701/4701
f 4782/4782 4810/4810 4821/4821
f 4782/4782 4821/4821 4810/4810
f 4783/4783 4751/4751 4741/4741
f 4783/4783 4751/4751 4796/4796
f 4783/4783 4765/4765 4743/4743
f 4783/4783 4765/4765 4841/4841
f 4783/4783 4796/4796 4751/4751
f 4786/4786 4802/4802 4764/4764
f 4786/4786 4810/4810 4802/4802
f 4786/4786 4821/4821 4810/4810
f 4787/4787 1441/1441 4775/4775
f 4787/4787 4638/4638 4632/4632
f 4787/4787 4644/4644 4638/4638
f 4787/4787 4775/4775 4638/4638
f 4788/4788 4697/4697 4756/4756
f 4788/4788 4819/4819 4697/4697
f 4790/4790 4806/4806 4856/4856
f 4790/4790 4831/4831 4720/4720
f 4790/4790 4856/4856 4831/4831
f 4791/4791 4633/4633 4617/4617
f 4791/4791 4635/4635 4633/4633
f 4791/4791 4764/4764 4802/4802
f 4791/4791 4769/4769 4764/4764
f 4791/4791 4802/4802 4635/4635
f 4792/4792 4614/4614 4785/4785
f 4792/4792 4785/4785 4636/4636
f 4793/4793 4700/4700 4705/4705
f 4793/4793 4705/4705 4800/4800
f 4794/4794 4759/4759 4725/4725
f 4794/4794 4767/4767 4774/4774
f 4794/4794 4818/4818 4719/4719
f 4795/4795 4761/4761 4784/4784
f 4795/4795 4772/4772 4807/4807
f 4795/4795 4807/4807 4761/4761
f 4797/4797 4708/4708 4699/4699
f 4798/4798 4697/4697 4722/4722
f 4798/4798 4763/4763 4697/4697
f 4799/4799 4708/4708 4380/4380
f 4799/4799 4708/4708 4712/4712
f 4800/4800 4700/4700 4793/4793
f 4800/4800 4705/4705 4700/4700
f 4800/4800 4705/4705 4715/4715
f 4800/4800 4715/4715 4705/4705
f 4800/4800 4715/4715 4822/4822
f 4800/4800 4822/4822 4715/4715
f 4801/4801 4761/4761 4779/4779
f 4802/4802 4633/4633 4635/4635
f 4802/4802 4810/4810 4633/4633
f 4803/4803 4968/4968 4777/4777
f 4804/4804 1411/1411 4771/4771
f 4806/4806 4704/4704 4738/4738
f 4806/4806 4729/4729 4816/4816
f 4806/4806 4778/4778 4704/4704
f 4806/4806 4790/4790 4778/4778
f 4806/4806 4836/4836 4840/4840
f 4809/4809 4704/4704 4778/4778
f 4809/4809 4737/4737 4726/4726
f 4809/4809 4774/4774 4780/4780
f 4809/4809 4780/4780 4704/4704
f 4809/4809 4818/4818 4774/4774
f 4810/4810 4630/4630 4633/4633
f 4810/4810 4633/4633 4630/4630
f 4810/4810 4821/4821 4630/4630
f 4811/4811 4763/4763 4788/4788
f 4813/4813 4701/4701 4792/4792
f 4813/4813 4723/4723 4781/4781
f 4813/4813 4792/4792 4723/4723
f 4813/4813 4855/4855 4701/4701
f 4814/4814 4783/4783 4796/4796
f 4814/4814 4848/4848 4808/4808
f 4815/4815 4943/4943 4777/4777
f 4817/4817 4761/4761 4768/4768
f 4817/4817 4779/4779 4795/4795
f 4817/4817 4795/4795 4784/4784
f 4818/4818 4794/4794 4774/4774
f 4819/4819 4763/4763 4798/4798
f 4819/4819 4788/4788 4763/4763
f 4819/4819 4798/4798 4845/4845
f 4819/4819 4845/4845 4882/4882
f 4819/4819 4882/4882 4697/4697
f 4820/4820 4799/4799 4380/4380
f 4822/4822 4623/4623 4687/4687
f 4822/4822 4687/4687 4715/4715
f 4822/4822 4715/4715 4727/4727
f 4823/4823 4596/4596 4895/4895
f 4825/4825 4755/4755 4887/4887
f 4825/4825 4833/4833 4773/4773
f 4825/4825 4852/4852 4833/4833
f 4826/4826 4848/4848 4932/4932
f 4827/4827 4843/4843 4572/4572
f 4828/4828 4360/4360 4854/4854
f 4829/4829 4834/4834 4896/4896
f 4829/4829 4896/4896 4891/4891
f 4830/4830 4548/4548 4874/4874
f 4830/4830 4852/4852 4876/4876
f 4830/4830 4876/4876 4895/4895
f 4830/4830 4895/4895 4548/4548
f 4830/4830 4895/4895 4823/4823
f 4831/4831 4857/4857 4873/4873
f 4832/4832 4838/4838 4846/4846
f 4832/4832 4892/4892 4885/4885
f 4833/4833 4830/4830 4855/4855
f 4833/4833 4852/4852 4830/4830
f 4833/4833 4855/4855 4813/4813
f 4834/4834 4844/4844 4859/4859
f 4835/4835 4850/4850 4926/4926
f 4835/4835 4926/4926 4935/4935
f 4836/4836 4806/4806 4816/4816
f 4836/4836 4859/4859 4840/4840
f 4837/4837 4891/4891 4896/4896
f 4838/4838 4885/4885 4889/4889
f 4839/4839 4844/4844 4871/4871
f 4839/4839 4857/4857 4831/4831
f 4839/4839 4900/4900 4857/4857
f 4840/4840 4839/4839 4856/4856
f 4840/4840 4844/4844 4839/4839
f 4840/4840 4856/4856 4806/4806
f 4841/4841 4824/4824 4783/4783
f 4841/4841 4848/4848 4824/4824
f 4842/4842 1320/1320 1154/1154
f 4842/4842 4338/4338 4828/4828
f 4842/4842 4357/4357 4338/4338
f 4842/4842 4898/4898 4860/4860
f 4843/4843 4863/4863 4572/4572
f 4844/4844 4829/4829 4891/4891
f 4844/4844 4834/4834 4829/4829
f 4844/4844 4840/4840 4859/4859
f 4844/4844 4891/4891 4871/4871
f 4845/4845 4798/4798 4861/4861
f 4845/4845 4861/4861 4870/4870
f 4846/4846 4572/4572 4832/4832
f 4846/4846 4592/4592 4572/4572
f 4846/4846 4832/4832 4862/4862
f 4846/4846 4838/4838 4862/4862
f 4846/4846 4862/4862 4832/4832
f 4847/4847 4827/4827 4837/4837
f 4848/4848 4814/4814 4808/4808
f 4848/4848 4864/4864 4824/4824
f 4848/4848 4917/4917 4932/4932
f 4849/4849 4832/4832 4885/4885
f 4849/4849 4865/4865 4832/4832
f 4849/4849 4882/4882 4865/4865
f 4850/4850 4835/4835 4935/4935
f 4850/4850 4935/4935 4915/4915
f 4851/4851 4857/4857 4867/4867
f 4851/4851 4877/4877 4857/4857
f 4852/4852 4897/4897 4876/4876
f 4853/4853 4749/4749 4875/4875
f 4853/4853 4816/4816 4759/4759
f 4853/4853 4836/4836 4816/4816
f 4853/4853 4859/4859 4836/4836
f 4854/4854 4357/4357 4860/4860
f 4855/4855 4830/4830 4874/4874
f 4855/4855 4874/4874 4701/4701
f 4856/4856 4790/4790 4806/4806
f 4856/4856 4806/4806 4790/4790
f 4856/4856 4839/4839 4831/4831
f 4857/4857 4900/4900 4867/4867
f 4858/4858 4911/4911 4923/4923
f 4861/4861 4866/4866 4885/4885
f 4861/4861 4885/4885 4870/4870
f 4862/4862 4838/4838 4607/4607
f 4863/4863 4827/4827 4847/4847
f 4863/4863 4843/4843 4572/4572
f 4863/4863 4843/4843 4827/4827
f 4863/4863 4847/4847 4873/4873
f 4864/4864 4783/4783 4824/4824
f 4864/4864 4796/4796 4783/4783
f 4864/4864 4920/4920 4946/4946
f 4864/4864 4946/4946 4796/4796
f 4865/4865 4838/4838 4832/4832
f 4865/4865 4870/4870 4885/4885
f 4866/4866 4722/4722 4882/4882
f 4866/4866 4798/4798 4722/4722
f 4866/4866 4861/4861 4798/4798
f 4867/4867 4863/4863 4877/4877
f 4867/4867 4877/4877 4851/4851
f 4868/4868 4737/4737 4894/4894
f 4868/4868 4873/4873 4896/4896
f 4868/4868 4894/4894 4873/4873
f 4868/4868 4896/4896 4872/4872
f 4871/4871 4839/4839 4900/4900
f 4871/4871 4891/4891 4844/4844
f 4871/4871 4891/4891 4880/4880
f 4872/4872 4696/4696 4726/4726
f 4872/4872 4719/4719 4696/4696
f 4872/4872 4726/4726 4737/4737
f 4872/4872 4834/4834 4859/4859
f 4872/4872 4853/4853 4875/4875
f 4872/4872 4859/4859 4853/4853
f 4872/4872 4893/4893 4719/4719
f 4873/4873 4847/4847 4837/4837
f 4873/4873 4877/4877 4863/4863
f 4874/4874 4694/4694 4701/4701
f 4874/4874 4892/4892 4895/4895
f 4874/4874 4895/4895 4876/4876
f 4875/4875 4893/4893 4872/4872
f 4876/4876 4897/4897 4874/4874
f 4877/4877 4873/4873 4857/4857
f 4878/4878 4740/4740 4976/4976
f 4878/4878 4858/4858 4768/4768
f 4878/4878 4911/4911 4858/4858
f 4879/4879 4854/4854 4860/4860
f 4879/4879 4860/4860 4898/4898
f 4881/4881 4898/4898 1203/1203
f 4882/4882 4845/4845 4870/4870
f 4882/4882 4849/4849 4866/4866
f 4882/4882 4870/4870 4865/4865
f 4883/4883 4545/4545 4892/4892
f 4883/4883 4694/4694 4874/4874
f 4883/4883 4701/4701 4694/4694
f 4884/4884 4698/4698 4735/4735
f 4884/4884 4869/4869 4893/4893
f 4884/4884 4875/4875 4745/4745
f 4885/4885 4838/4838 4865/4865
f 4885/4885 4866/4866 4849/4849
f 4885/4885 4892/4892 4889/4889
f 4886/4886 4828/4828 4854/4854
f 4886/4886 4854/4854 4879/4879
f 4886/4886 4879/4879 4898/4898
f 4886/4886 4898/4898 1249/1249
f 4887/4887 4755/4755 4781/4781
f 4887/4887 4781/4781 4825/4825
f 4888/4888 4735/4735 4753/4753
f 4888/4888 4884/4884 4735/4735
f 4889/4889 4545/4545 4838/4838
f 4889/4889 4892/4892 4545/4545
f 4890/4890 4755/4755 4825/4825
f 4890/4890 4773/4773 4743/4743
f 4890/4890 4825/4825 4773/4773
f 4891/4891 4837/4837 4574/4574
f 4891/4891 4871/4871 4844/4844
f 4892/4892 4832/4832 4823/4823
f 4892/4892 4874/4874 4883/4883
f 4893/4893 4875/4875 4884/4884
f 4894/4894 4831/4831 4873/4873
f 4895/4895 4596/4596 4548/4548
f 4895/4895 4830/4830 4823/4823
f 4895/4895 4892/4892 4823/4823
f 4896/4896 4834/4834 4872/4872
f 4896/4896 4873/4873 4837/4837
f 4897/4897 4701/4701 4874/4874
f 4897/4897 4781/4781 4701/4701
f 4897/4897 4825/4825 4781/4781
f 4897/4897 4852/4852 4825/4825
f 4898/4898 1154/1154 1203/1203
f 4898/4898 4842/4842 1154/1154
f 4899/4899 4719/4719 4893/4893
f 4899/4899 4753/4753 4698/4698
f 4899/4899 4869/4869 4753/4753
f 4899/4899 4893/4893 4869/4869
f 4900/4900 4839/4839 4871/4871
f 4900/4900 4871/4871 4880/4880
f 4900/4900 4880/4880 4867/4867
f 4901/4901 4904/4904 4952/4952
f 4901/4901 4952/4952 4929/4929
f 4901/4901 4990/4990 4904/4904
f 4902/4902 4923/4923 4928/4928
f 4902/4902 4933/4933 4916/4916
f 4904/4904 4989/4989 4952/4952
f 4904/4904 4990/4990 4989/4989
f 4906/4906 4913/4913 4909/4909
f 4907/4907 4902/4902 4916/4916
f 4907/4907 4908/4908 4902/4902
f 4909/4909 4917/4917 4932/4932
f 4909/4909 4937/4937 4906/4906
f 4910/4910 4911/4911 4985/4985
f 4910/4910 4923/4923 4911/4911
f 4911/4911 4928/4928 4983/4983
f 4911/4911 4983/4983 4985/4985
f 4912/4912 5127/5127 4977/4977
f 4913/4913 4922/4922 4903/4903
f 4914/4914 4912/4912 4977/4977
f 4914/4914 5127/5127 4912/4912
f 4916/4916 4905/4905 4907/4907
f 4916/4916 4907/4907 4905/4905
f 4917/4917 4848/4848 4946/4946
f 4917/4917 4946/4946 4920/4920
f 4918/4918 4931/4931 4936/4936
f 4919/4919 4909/4909 4932/4932
f 4920/4920 4848/4848 4826/4826
f 4920/4920 4864/4864 4848/4848
f 4920/4920 4932/4932 4917/4917
f 4921/4921 4919/4919 4935/4935
f 4921/4921 4954/4954 4919/4919
f 4922/4922 4913/4913 4906/4906
f 4922/4922 4919/4919 4903/4903
f 4922/4922 4935/4935 4919/4919
f 4924/4924 5085/5085 5095/5095
f 4925/4925 4939/4939 4931/4931
f 4927/4927 4937/4937 4954/4954
f 4927/4927 4954/4954 4937/4937
f 4928/4928 4902/4902 4908/4908
f 4928/4928 4908/4908 4907/4907
f 4928/4928 4911/4911 4976/4976
f 4928/4928 4911/4911 4983/4983
f 4928/4928 4923/4923 4902/4902
f 4928/4928 4923/4923 4933/4933
f 4928/4928 4976/4976 4923/4923
f 4928/4928 4983/4983 4911/4911
f 4930/4930 4903/4903 4932/4932
f 4930/4930 4909/4909 4913/4913
f 4930/4930 4913/4913 4903/4903
f 4930/4930 4932/4932 4909/4909
f 4931/4931 4918/4918 4959/4959
f 4931/4931 4953/4953 4957/4957
f 4931/4931 4957/4957 4939/4939
f 4931/4931 4959/4959 4953/4953
f 4932/4932 4903/4903 4919/4919
f 4932/4932 4917/4917 4909/4909
f 4932/4932 4920/4920 4826/4826
f 4933/4933 4902/4902 4928/4928
f 4933/4933 4907/4907 4916/4916
f 4933/4933 4910/4910 4985/4985
f 4933/4933 4923/4923 4910/4910
f 4933/4933 4928/4928 4907/4907
f 4934/4934 4922/4922 4906/4906
f 4935/4935 4850/4850 4915/4915
f 4935/4935 4926/4926 4850/4850
f 4935/4935 4926/4926 4954/4954
f 4935/4935 4954/4954 4921/4921
f 4936/4936 4950/4950 4918/4918
f 4936/4936 4953/4953 4950/4950
f 4937/4937 4909/4909 4919/4919
f 4937/4937 4919/4919 4954/4954
f 4938/4938 4906/4906 4937/4937
f 4938/4938 4934/4934 4906/4906
f 4938/4938 4937/4937 4954/4954
f 4938/4938 4945/4945 4934/4934
f 4938/4938 4954/4954 4926/4926
f 4938/4938 4960/4960 4945/4945
f 4939/4939 4925/4925 4931/4931
f 4940/4940 4959/4959 4984/4984
f 4940/4940 4984/4984 4959/4959
f 4941/4941 4967/4967 4964/4964
f 4941/4941 4974/4974 4962/4962
f 4943/4943 4969/4969 4979/4979
f 4944/4944 5050/5050 4951/4951
f 4944/4944 5113/5113 5050/5050
f 4945/4945 4922/4922 4934/4934
f 4945/4945 4926/4926 4935/4935
f 4945/4945 4935/4935 4922/4922
f 4945/4945 4938/4938 4926/4926
f 4945/4945 4960/4960 4938/4938
f 4946/4946 4814/4814 4796/4796
f 4946/4946 4848/4848 4814/4814
f 4947/4947 4964/4964 4916/4916
f 4949/4949 4941/4941 4962/4962
f 4949/4949 4962/4962 4967/4967
f 4949/4949 4967/4967 4941/4941
f 4950/4950 4959/4959 4918/4918
f 4951/4951 4963/4963 4944/4944
f 4951/4951 5050/5050 4963/4963
f 4952/4952 4916/4916 4962/4962
f 4952/4952 4947/4947 4916/4916
f 4952/4952 4955/4955 4929/4929
f 4952/4952 4962/4962 4974/4974
f 4952/4952 4964/4964 4947/4947
f 4952/4952 4969/4969 4974/4974
f 4952/4952 4974/4974 4955/4955
f 4952/4952 4974/4974 4964/4964
f 4955/4955 4952/4952 4989/4989
f 4955/4955 4969/4969 4952/4952
f 4955/4955 4974/4974 4969/4969
f 4956/4956 832/832 4973/4973
f 4956/4956 5052/5052 5081/5081
f 4957/4957 4931/4931 4939/4939
f 4957/4957 4936/4936 4931/4931
f 4957/4957 4953/4953 4936/4936
f 4958/4958 4761/4761 4768/4768
f 4958/4958 4768/4768 4923/4923
f 4958/4958 4923/4923 4976/4976
f 4959/4959 4940/4940 4950/4950
f 4959/4959 4950/4950 4953/4953
f 4959/4959 4965/4965 4940/4940
f 4962/4962 4916/4916 4967/4967
f 4963/4963 5050/5050 5075/5075
f 4963/4963 5055/5055 4944/4944
f 4963/4963 5075/5075 5055/5055
f 4964/4964 4974/4974 4941/4941
f 4965/4965 4950/4950 4940/4940
f 4965/4965 4959/4959 4950/4950
f 4966/4966 656/656 4980/4980
f 4967/4967 4916/4916 4964/4964
f 4967/4967 4933/4933 4985/4985
f 4967/4967 4971/4971 4933/4933
f 4968/4968 4803/4803 4777/4777
f 4970/4970 4636/4636 5054/5054
f 4970/4970 4785/4785 4636/4636
f 4970/4970 5054/5054 4785/4785
f 4970/4970 5054/5054 4986/4986
f 4971/4971 4928/4928 4933/4933
f 4971/4971 4967/4967 4985/4985
f 4971/4971 4983/4983 4928/4928
f 4972/4972 4978/4978 4991/4991
f 4972/4972 4991/4991 4978/4978
f 4973/4973 832/832 733/733
f 4973/4973 4942/4942 4956/4956
f 4975/4975 4977/4977 4986/4986
f 4975/4975 4986/4986 4977/4977
f 4976/4976 4911/4911 4878/4878
f 4977/4977 4975/4975 4986/4986
f 4977/4977 4986/4986 4975/4975
f 4977/4977 4986/4986 5077/5077
f 4979/4979 4969/4969 4943/4943
f 4980/4980 656/656 4966/4966
f 4985/4985 4983/4983 4971/4971
f 4986/4986 4977/4977 4999/4999
f 4986/4986 4977/4977 5077/5077
f 4986/4986 5054/5054 4970/4970
f 4987/4987 4963/4963 4981/4981
f 4987/4987 4981/4981 4963/4963
f 4988/4988 4714/4714 4984/4984
f 4988/4988 4984/4984 4982/4982
f 4989/4989 4990/4990 4955/4955
f 4990/4990 4901/4901 4929/4929
f 4990/4990 4929/4929 4955/4955
f 4992/4992 5024/5024 5081/5081
f 4992/4992 5026/5026 5078/5078
f 4992/4992 5029/5029 5024/5024
f 4992/4992 5082/5082 5025/5025
f 4993/4993 4658/4658 4691/4691
f 4993/4993 5022/5022 4998/4998
f 4993/4993 5028/5028 4998/4998
f 4993/4993 5059/5059 4998/4998
f 4994/4994 5006/5006 5060/5060
f 4994/4994 5043/5043 5072/5072
f 4995/4995 5000/5000 5018/5018
f 4995/4995 5016/5016 5027/5027
f 4995/4995 5018/5018 5027/5027
f 4995/4995 5021/5021 5000/5000
f 4995/4995 5027/5027 484/484
f 4995/4995 5027/5027 5021/5021
f 4996/4996 4538/4538 4541/4541
f 4996/4996 4541/4541 5001/5001
f 4996/4996 5001/5001 5062/5062
f 4996/4996 5001/5001 5130/5130
f 4997/4997 5021/5021 5027/5027
f 4998/4998 5019/5019 5071/5071
f 4998/4998 5022/5022 5007/5007
f 4998/4998 5028/5028 5019/5019
f 4998/4998 5059/5059 4993/4993
f 4999/4999 4977/4977 5061/5061
f 5000/5000 5021/5021 5018/5018
f 5001/5001 4541/4541 4669/4669
f 5001/5001 4541/4541 5014/5014
f 5001/5001 4541/4541 5130/5130
f 5001/5001 4669/4669 4541/4541
f 5001/5001 4996/4996 5062/5062
f 5001/5001 4996/4996 5130/5130
f 5001/5001 5030/5030 5014/5014
f 5001/5001 5030/5030 5057/5057
f 5001/5001 5057/5057 5030/5030
f 5001/5001 5057/5057 5062/5062
f 5001/5001 5062/5062 4996/4996
f 5001/5001 5130/5130 4996/4996
f 5002/5002 5024/5024 5029/5029
f 5002/5002 5029/5029 5074/5074
f 5002/5002 5065/5065 5081/5081
f 5002/5002 5082/5082 4992/4992
f 5003/5003 5054/5054 5073/5073
f 5003/5003 5058/5058 5073/5073
f 5004/5004 485/485 484/484
f 5004/5004 5016/5016 485/485
f 5004/5004 5034/5034 5016/5016
f 5004/5004 5063/5063 5016/5016
f 5004/5004 5079/5079 5080/5080
f 5004/5004 5080/5080 5063/5063
f 5006/5006 4994/4994 5072/5072
f 5007/5007 5022/5022 5041/5041
f 5007/5007 5041/5041 5047/5047
f 5008/5008 4144/4144 4153/4153
f 5008/5008 4994/4994 4144/4144
f 5008/5008 5015/5015 5133/5133
f 5008/5008 5040/5040 4994/4994
f 5008/5008 5133/5133 5015/5015
f 5009/5009 4981/4981 4987/4987
f 5009/5009 4987/4987 4981/4981
f 5010/5010 5005/5005 5038/5038
f 5010/5010 5038/5038 5017/5017
f 5011/5011 5091/5091 5136/5136
f 5012/5012 5047/5047 5007/5007
f 5013/5013 5005/5005 5010/5010
f 5013/5013 5010/5010 5042/5042
f 5013/5013 5042/5042 5005/5005
f 5014/5014 4541/4541 5001/5001
f 5014/5014 5030/5030 5043/5043
f 5016/5016 4995/4995 484/484
f 5016/5016 5004/5004 484/484
f 5018/5018 4997/4997 5027/5027
f 5019/5019 5046/5046 5071/5071
f 5022/5022 4993/4993 4998/4998
f 5022/5022 4998/4998 5059/5059
f 5023/5023 5037/5037 5063/5063
f 5023/5023 5044/5044 5037/5037
f 5024/5024 5002/5002 5081/5081
f 5024/5024 5065/5065 5081/5081
f 5025/5025 5118/5118 5029/5029
f 5025/5025 5120/5120 5118/5118
f 5028/5028 4658/4658 4993/4993
f 5028/5028 4993/4993 4998/4998
f 5028/5028 4998/4998 5019/5019
f 5029/5029 4992/4992 5025/5025
f 5029/5029 5097/5097 5074/5074
f 5029/5029 5118/5118 5097/5097
f 5030/5030 5001/5001 5014/5014
f 5030/5030 5014/5014 5043/5043
f 5030/5030 5068/5068 5043/5043
f 5031/5031 5003/5003 5058/5058
f 5031/5031 5020/5020 5058/5058
f 5031/5031 5058/5058 5003/5003
f 5031/5031 5058/5058 5020/5020
f 5032/5032 5023/5023 5044/5044
f 5032/5032 5044/5044 5023/5023
f 5032/5032 5049/5049 5035/5035
f 5032/5032 5056/5056 5049/5049
f 5033/5033 5007/5007 5076/5076
f 5033/5033 5036/5036 5007/5007
f 5034/5034 5004/5004 5016/5016
f 5034/5034 5027/5027 5016/5016
f 5035/5035 5056/5056 5032/5032
f 5036/5036 4998/4998 5007/5007
f 5036/5036 5033/5033 5047/5047
f 5036/5036 5039/5039 5059/5059
f 5036/5036 5053/5053 4998/4998
f 5036/5036 5059/5059 4998/4998
f 5036/5036 5111/5111 5039/5039
f 5036/5036 5134/5134 5111/5111
f 5037/5037 5004/5004 5016/5016
f 5037/5037 5044/5044 5023/5023
f 5038/5038 5017/5017 5020/5020
f 5038/5038 5020/5020 5017/5017
f 5039/5039 4550/4550 4643/4643
f 5039/5039 4621/4621 4993/4993
f 5039/5039 4993/4993 5059/5059
f 5040/5040 5008/5008 4147/4147
f 5041/5041 4997/4997 5018/5018
f 5041/5041 5018/5018 5021/5021
f 5041/5041 5021/5021 4997/4997
f 5041/5041 5067/5067 5047/5047
f 5042/5042 5010/5010 5013/5013
f 5042/5042 5010/5010 5017/5017
f 5042/5042 5013/5013 5010/5010
f 5042/5042 5017/5017 5038/5038
f 5042/5042 5038/5038 5005/5005
f 5043/5043 4994/4994 5068/5068
f 5043/5043 5030/5030 5072/5072
f 5043/5043 5068/5068 5030/5030
f 5043/5043 5072/5072 5030/5030
f 5044/5044 5049/5049 5032/5032
f 5045/5045 5064/5064 5070/5070
f 5045/5045 5066/5066 5048/5048
f 5045/5045 5070/5070 5064/5064
f 5047/5047 5012/5012 5007/5007
f 5047/5047 5067/5067 5083/5083
f 5047/5047 5083/5083 5053/5053
f 5047/5047 5110/5110 5129/5129
f 5047/5047 5129/5129 5036/5036
f 5048/5048 5064/5064 5045/5045
f 5049/5049 5044/5044 5032/5032
f 5050/5050 5055/5055 5075/5075
f 5050/5050 5099/5099 5113/5113
f 5051/5051 5069/5069 5103/5103
f 5052/5052 4942/4942 5065/5065
f 5052/5052 4956/4956 4942/4942
f 5052/5052 5002/5002 4992/4992
f 5052/5052 5078/5078 5081/5081
f 5053/5053 5036/5036 4998/4998
f 5054/5054 5003/5003 5073/5073
f 5055/5055 5050/5050 5113/5113
f 5055/5055 5113/5113 4944/4944
f 5056/5056 5035/5035 5049/5049
f 5056/5056 5035/5035 5066/5066
f 5056/5056 5066/5066 5048/5048
f 5058/5058 5003/5003 5073/5073
f 5059/5059 4993/4993 4691/4691
f 5059/5059 5108/5108 5053/5053
f 5060/5060 5006/5006 5072/5072
f 5060/5060 5068/5068 4994/4994
f 5061/5061 4914/4914 4977/4977
f 5061/5061 4977/4977 5077/5077
f 5061/5061 5077/5077 4999/4999
f 5062/5062 5001/5001 4996/4996
f 5062/5062 5057/5057 5001/5001
f 5063/5063 5037/5037 5016/5016
f 5063/5063 5037/5037 5023/5023
f 5063/5063 5079/5079 5037/5037
f 5064/5064 5048/5048 5045/5045
f 5065/5065 5002/5002 5052/5052
f 5065/5065 5024/5024 5081/5081
f 5066/5066 5035/5035 5056/5056
f 5066/5066 5045/5045 5048/5048
f 5066/5066 5048/5048 5056/5056
f 5066/5066 5056/5056 5048/5048
f 5067/5067 5041/5041 5022/5022
f 5068/5068 5060/5060 5043/5043
f 5070/5070 880/880 4948/4948
f 5070/5070 4948/4948 880/880
f 5071/5071 5046/5046 5076/5076
f 5071/5071 5076/5076 4998/4998
f 5072/5072 5043/5043 5060/5060
f 5073/5073 5003/5003 5054/5054
f 5073/5073 5058/5058 5003/5003
f 5076/5076 5007/5007 5047/5047
f 5076/5076 5019/5019 4998/4998
f 5076/5076 5046/5046 5019/5019
f 5076/5076 5047/5047 5033/5033
f 5077/5077 4977/4977 4986/4986
f 5077/5077 4986/4986 4999/4999
f 5078/5078 5026/5026 5081/5081
f 5078/5078 5052/5052 4992/4992
f 5079/5079 5004/5004 5037/5037
f 5079/5079 5063/5063 5080/5080
f 5079/5079 5080/5080 5063/5063
f 5080/5080 5079/5079 5063/5063
f 5081/5081 832/832 4956/4956
f 5081/5081 4942/4942 832/832
f 5081/5081 5026/5026 4992/4992
f 5081/5081 5065/5065 4942/4942
f 5082/5082 5002/5002 5074/5074
f 5082/5082 5074/5074 5097/5097
f 5082/5082 5093/5093 5025/5025
f 5082/5082 5097/5097 5093/5093
f 5083/5083 5022/5022 5059/5059
f 5083/5083 5059/5059 5053/5053
f 5083/5083 5067/5067 5022/5022
f 5084/5084 5126/5126 5112/5112
f 5085/5085 4924/4924 5095/5095
f 5085/5085 5095/5095 5113/5113
f 5085/5085 5095/5095 5137/5137
f 5085/5085 5113/5113 5095/5095
f 5085/5085 5137/5137 5135/5135
f 5087/5087 4597/4597 4601/4601
f 5087/5087 5100/5100 5098/5098
f 5087/5087 5105/5105 4586/4586
f 5087/5087 5107/5107 5105/5105
f 5088/5088 5102/5102 5086/5086
f 5089/5089 5079/5079 5102/5102
f 5091/5091 5084/5084 5136/5136
f 5091/5091 5109/5109 5125/5125
f 5091/5091 5125/5125 5106/5106
f 5092/5092 5121/5121 5104/5104
f 5093/5093 5109/5109 5120/5120
f 5093/5093 5112/5112 5109/5109
f 5093/5093 5120/5120 5025/5025
f 5094/5094 5096/5096 5098/5098
f 5094/5094 5098/5098 5105/5105
f 5094/5094 5101/5101 5096/5096
f 5094/5094 5107/5107 5100/5100
f 5094/5094 5116/5116 5115/5115
f 5095/5095 5100/5100 5096/5096
f 5095/5095 5113/5113 5100/5100
f 5096/5096 5115/5115 5137/5137
f 5096/5096 5116/5116 5100/5100
f 5096/5096 5137/5137 5095/5095
f 5097/5097 5112/5112 5093/5093
f 5098/5098 5100/5100 5087/5087
f 5099/5099 4924/4924 5095/5095
f 5099/5099 5095/5095 5085/5085
f 5099/5099 5113/5113 4924/4924
f 5099/5099 5124/5124 5113/5113
f 5100/5100 5087/5087 5098/5098
f 5100/5100 5098/5098 5096/5096
f 5101/5101 5115/5115 5096/5096
f 5102/5102 5079/5079 5089/5089
f 5102/5102 5088/5088 5086/5086
f 5103/5103 5069/5069 5051/5051
f 5104/5104 5117/5117 5092/5092
f 5105/5105 5098/5098 4608/4608
f 5106/5106 5114/5114 5091/5091
f 5106/5106 5125/5125 5114/5114
f 5107/5107 5087/5087 5100/5100
f 5107/5107 5094/5094 5105/5105
f 5109/5109 5091/5091 5136/5136
f 5110/5110 5047/5047 5053/5053
f 5110/5110 5053/5053 5108/5108
f 5110/5110 5108/5108 5129/5129
f 5112/5112 5118/5118 5131/5131
f 5112/5112 5126/5126 5109/5109
f 5113/5113 5095/5095 4924/4924
f 5113/5113 5099/5099 5050/5050
f 5114/5114 4588/4588 5106/5106
f 5114/5114 4613/4613 4588/4588
f 5114/5114 5084/5084 5091/5091
f 5115/5115 5101/5101 5094/5094
f 5116/5116 5094/5094 5100/5100
f 5117/5117 4550/4550 5111/5111
f 5117/5117 5104/5104 5121/5121
f 5117/5117 5111/5111 5134/5134
f 5117/5117 5121/5121 5092/5092
f 5117/5117 5121/5121 5134/5134
f 5117/5117 5134/5134 4550/4550
f 5118/5118 5112/5112 5097/5097
f 5118/5118 5136/5136 5131/5131
f 5119/5119 5050/5050 5099/5099
f 5119/5119 5099/5099 5050/5050
f 5119/5119 5099/5099 5135/5135
f 5120/5120 5109/5109 5136/5136
f 5122/5122 4550/4550 5134/5134
f 5122/5122 4555/4555 4550/4550
f 5122/5122 5036/5036 5129/5129
f 5122/5122 5129/5129 5108/5108
f 5122/5122 5134/5134 5036/5036
f 5123/5123 5135/5135 5137/5137
f 5123/5123 5137/5137 5119/5119
f 5124/5124 5099/5099 5119/5119
f 5125/5125 5084/5084 5114/5114
f 5125/5125 5109/5109 5126/5126
f 5125/5125 5126/5126 5084/5084
f 5127/5127 4914/4914 5061/5061
f 5127/5127 5061/5061 4977/4977
f 5128/5128 5113/5113 5124/5124
f 5128/5128 5138/5138 5113/5113
f 5131/5131 5084/5084 5112/5112
f 5132/5132 5090/5090 5135/5135
f 5132/5132 5135/5135 5090/5090
f 5134/5134 5121/5121 5117/5117
f 5135/5135 5099/5099 5085/5085
f 5135/5135 5123/5123 5119/5119
f 5136/5136 5084/5084 5131/5131
f 5136/5136 5091/5091 5011/5011
f 5136/5136 5118/5118 5120/5120
f 5137/5137 5115/5115 5128/5128
f 5137/5137 5124/5124 5119/5119
f 5137/5137 5128/5128 5124/5124
f 5138/5138 5096/5096 5100/5100
f 5138/5138 5100/5100 5113/5113
f 5138/5138 5115/5115 5116/5116
f 5138/5138 5116/5116 5096/5096
f 5138/5138 5128/5128 5115/5115
