# decimado para 10556 faces (passo 0.03263)
mtllib astronauta.mtl
v -0.2685 -0.6883 0.0691
v -0.1612 -0.6287 0.2054
v 0.1337 -0.0400 0.2703
v 0.0637 0.5464 0.0712
v 0.1132 0.8514 0.0268
v -0.3779 0.2190 -0.2271
v 0.1445 0.8132 0.0536
v -0.0344 0.5769 0.2675
v -0.6827 0.2328 0.0470
v -0.1783 -0.3104 0.0554
v 0.0310 0.5851 0.1006
v -0.1939 -0.4269 0.0662
v -0.1253 0.8114 0.2942
v -0.2202 -0.9826 0.1693
v -0.1275 -0.9263 0.2599
v -0.0033 0.5676 0.2314
v -0.2883 0.2552 0.3509
v -0.2906 0.3159 0.3248
v 0.1347 0.6757 0.0932
v 0.0616 -0.0065 0.1973
v -0.2058 -0.1699 0.1777
v 0.0620 0.8449 0.0049
v -0.0006 0.4229 0.2772
v 0.1139 0.6652 0.0535
v 0.0413 0.4976 0.0562
v 0.0678 0.5824 0.0668
v -0.1571 -0.6079 0.2150
v 0.1007 0.8779 0.0286
v -0.0952 0.5218 0.2000
v -0.6518 0.2888 0.0368
v 0.0657 0.7460 0.1290
v 0.1469 0.7757 0.0537
v -0.1967 -0.4551 0.0654
v 0.1371 -0.0708 0.2712
v -0.2212 -0.5577 0.0719
v 0.0358 0.6519 0.1285
v 0.0629 0.0139 0.2051
v -0.2492 -0.5589 0.1074
v -0.2226 -0.9531 0.1683
v -0.1558 -1.0000 0.2348
v -0.2922 0.3521 0.3337
v 0.0007 0.5498 0.2183
v -0.1276 0.7812 0.2961
v -0.2858 0.2321 0.3465
v -0.2041 -0.1352 0.1705
v 0.0710 0.6088 0.1653
v -0.1075 0.6067 0.2319
v 0.0920 0.5174 0.1681
v 0.0640 0.8753 0.0138
v -0.1783 -0.2783 0.0554
v 0.0379 0.5406 0.0917
v -0.2661 -0.6587 0.0697
v 0.1236 0.7223 0.0955
v -0.6839 0.2551 0.0408
v 0.0353 0.6813 0.1382
v 0.0930 0.9070 0.0398
v -0.2896 0.2867 0.3263
v 0.1306 0.7412 0.0650
v -0.1777 -0.2408 0.0557
v -0.0005 0.4575 0.2640
v -0.2008 -0.4928 0.0652
v 0.1068 0.6382 0.0670
v -0.2329 -0.5967 0.0636
v -0.2531 -0.7523 0.0638
v -0.0835 0.5379 0.1910
v -0.3539 0.1359 -0.1786
v -0.1041 -0.9599 0.2819
v -0.3784 0.1603 -0.2288
v 0.1184 0.6246 0.1060
v -0.2326 -0.7531 0.1035
v -0.0034 0.5177 0.2319
v -0.2554 -0.5946 0.1036
v -0.3469 0.3007 -0.2321
v -0.2095 -0.3883 0.0864
v 0.0399 0.5224 0.0996
v -0.1273 0.7518 0.2954
v 0.1372 0.0375 0.2717
v 0.0993 0.5523 0.1685
v -0.2167 -0.9319 0.1654
v -0.2161 -0.2688 0.1872
v -0.1287 -0.9988 0.2626
v 0.1147 -0.0944 0.2854
v -0.1780 -0.2033 0.0595
v -0.2000 -0.1011 0.1683
v -0.0894 0.5946 0.1976
v -0.2406 -0.6186 0.0565
v 0.0343 0.7154 0.1441
v -0.2021 -0.5263 0.0620
v 0.1320 0.5516 0.1391
v -0.3539 0.1067 -0.1950
v -0.3800 0.1901 -0.2274
v -0.2628 -0.7228 0.0679
v -0.1049 -0.9830 0.2818
v -0.1268 -0.6610 0.1881
v -0.0014 0.4799 0.2526
v 0.0712 0.5152 0.0719
v 0.0915 0.6216 0.0743
v 0.0944 0.5866 0.1671
v -0.6447 0.3107 0.0476
v -0.2178 -0.3030 0.1914
v 0.1313 0.6454 0.1039
v -0.2374 -0.7322 0.1127
v 0.1436 -0.0063 0.2735
v 0.1142 0.0974 0.2756
v 0.0949 0.7538 0.1010
v -0.2611 -0.6284 0.1011
v -0.0357 0.4877 0.2403
v -0.1614 -0.9115 0.2333
v -0.1248 -0.9399 0.2760
v -0.1924 -0.3356 0.0674
v -0.1239 0.7128 0.2931
v 0.0886 -0.1595 0.2827
v 0.0630 0.5926 0.1088
v 0.1007 0.6866 0.1093
v -0.2838 0.2222 0.3313
v -0.1270 -0.6308 0.2034
v -0.3047 0.3392 0.3465
v 0.0313 0.8429 -0.0020
v -0.2384 -0.5649 0.0878
v -0.1705 -0.1629 0.0599
v 0.0391 0.0009 0.2110
v 0.0017 0.4938 0.2453
v 0.1266 0.8439 0.0390
v -0.5841 0.2929 0.0163
v -0.0670 0.5232 0.2094
v -0.3138 0.3171 0.3318
v 0.1007 -0.0478 0.2764
v -0.2252 -0.9527 0.1377
v -0.1597 -0.9255 0.2606
v -0.1867 -0.5619 0.2246
v -0.0245 0.4761 0.2502
v 0.1383 0.7082 0.0631
v 0.0896 0.5193 0.1419
v 0.0349 0.5443 0.0748
v -0.2590 -0.6568 0.1067
v 0.0766 0.6200 0.1423
v 0.0853 0.9316 0.0513
v 0.1002 0.7088 0.1159
v -0.2564 -0.6911 0.1013
v -0.1207 0.6884 0.2885
v -0.2953 0.3167 0.3488
v -0.0301 0.5154 0.2256
v 0.0967 -0.1306 0.2890
v 0.1414 0.5281 0.1738
v -0.1270 -0.6070 0.2143
v -0.2939 0.2567 0.3270
v 0.0654 0.5425 0.1028
v -0.1695 -0.1327 0.0653
v -0.1998 -0.9147 0.2021
v 0.0311 0.8778 0.0076
v 0.0533 0.5007 0.0639
v -0.0311 0.4550 0.2589
v -0.3706 0.2596 -0.2235
v -0.2222 -0.9843 0.1372
v 0.0331 0.5914 0.0634
v 0.1210 0.8735 0.0434
v -0.3183 0.3532 0.3274
v 0.1323 0.6785 0.0696
v 0.1364 0.0517 0.2732
v 0.0775 0.6332 0.1303
v 0.0269 -0.0996 0.3171
v -0.1272 -0.9996 0.2321
v 0.0282 0.7480 0.1371
v -0.0194 0.5369 0.2181
v 0.1283 0.5390 0.1644
v 0.1449 0.1099 0.2710
v -0.2100 -0.0972 0.1415
v 0.0278 0.8991 0.0161
v -0.2488 -0.7208 0.1001
v -0.5842 0.3181 0.0163
v -0.6526 0.2552 0.0364
v 0.0990 0.6134 0.1010
v -0.3112 0.2956 0.3334
v 0.0813 0.3370 0.2800
v 0.0667 0.5120 0.1047
v -0.1640 -0.9990 0.2638
v 0.0723 0.6837 0.1253
v 0.1221 0.6514 0.0737
v 0.0934 0.5843 0.1415
v -0.0324 0.4237 0.2694
v -0.2573 -0.6301 0.0700
v 0.1078 0.7539 0.0710
v -0.1088 0.6080 0.2665
v -0.6790 0.2812 0.0443
v -0.0618 0.5834 0.2001
v -0.1985 -0.3661 0.0731
v -0.6516 0.2298 0.0463
v -0.1595 -0.6594 0.1904
v 0.0679 0.3590 0.2792
v 0.1238 0.7438 0.0880
v 0.1408 0.0896 0.2750
v 0.0871 0.4977 0.1738
v -0.1970 -0.9958 0.2017
v 0.1013 0.6598 0.0991
v -0.0370 0.3901 0.2777
v -0.0341 0.5745 0.2312
v -0.2460 -0.7467 0.0870
v 0.0712 0.7165 0.1321
v -0.0645 0.5459 0.1957
v -0.2118 -0.2013 0.1776
v -0.1649 -0.1009 0.0679
v -0.2405 -0.7659 0.0752
v -0.1474 -0.9382 0.2761
v -0.1037 0.5001 0.2142
v -0.1261 -0.9143 0.2346
v -0.2478 -0.5990 0.0793
v 0.0336 0.5114 0.0716
v 0.0973 0.5495 0.1382
v -0.2174 -0.9259 0.1377
v -0.1940 -0.3960 0.0713
v -0.0034 0.5700 0.2635
v -0.1892 -0.5887 0.2177
v 0.0939 -0.1031 0.2927
v -0.2951 0.2859 0.3502
v -0.1084 0.6423 0.2776
v -0.1288 -0.4036 0.0537
v 0.0186 0.0455 0.2716
v -0.3544 0.1683 -0.1615
v 0.0319 0.0236 0.2315
v -0.0409 0.5291 0.2144
v -0.1211 -0.5891 0.2206
v -0.2192 -0.4277 0.2024
v -0.3614 0.0877 -0.2182
v -0.2417 -0.5978 0.1463
v -0.3774 0.1822 -0.2049
v -0.1967 -0.9240 0.2362
v 0.0673 -0.1354 0.2975
v 0.1356 0.1892 0.2729
v 0.1260 0.6151 0.1696
v -0.1913 -0.1965 0.0734
v -0.2200 -0.9212 0.1080
v -0.1011 0.4245 0.2449
v 0.1088 0.5659 0.1036
v -0.2420 0.2153 0.3509
v -0.1268 -0.9996 0.2017
v -0.2586 0.2259 0.3250
v -0.0898 0.5943 0.2679
v -0.0606 0.4515 0.2509
v -0.0505 0.6005 0.1875
v -0.1996 -0.1064 0.1053
v 0.1324 0.5496 0.0691
v 0.1094 0.2916 0.2797
v -0.2381 -0.6294 0.1467
v 0.1019 0.6049 0.1290
v -0.2332 -0.7840 0.0673
v 0.0617 0.9344 0.0456
v -0.3687 0.1180 -0.2125
v 0.0599 0.5163 0.1386
v 0.1397 0.1534 0.2794
v 0.0334 -0.0052 0.2342
v -0.2676 0.2487 0.3325
v 0.0576 -0.1658 0.2904
v -0.1918 -0.2294 0.0694
v 0.0290 0.7654 0.0957
v -0.2161 -0.7187 0.1524
v 0.1421 0.6360 0.1715
v -0.5900 0.2784 0.0214
v -0.0617 0.5087 0.2203
v 0.0925 0.5833 0.1032
v -0.3674 0.2996 -0.1955
v -0.2050 -0.5614 0.2100
v -0.2187 -0.4552 0.2017
v -0.2161 -0.8870 0.0907
v -0.3625 0.2052 -0.1555
v -0.3767 0.2422 -0.1913
v -0.3551 0.3562 -0.1846
v -0.6218 0.2562 0.0326
v -0.2472 -0.6854 0.1186
v 0.0990 0.7267 0.1188
v -0.0653 0.4205 0.2589
v -0.5920 0.3465 0.0412
v -0.1950 -0.9947 0.2348
v 0.0293 0.6090 0.0644
v -0.2252 -0.8186 0.0629
v -0.1949 -0.2645 0.0706
v 0.0637 0.5388 0.1357
v 0.0287 -0.1929 0.2873
v -0.0320 0.5824 0.1982
v 0.0610 -0.1022 0.3045
v 0.0984 0.3505 0.2696
v -0.2272 -0.9819 0.1036
v -0.3011 0.3552 0.3077
v 0.0731 0.4999 0.1747
v -0.1221 -0.9059 0.2054
v -0.0954 0.4858 0.2246
v -0.3615 0.0668 -0.2314
v 0.0237 0.5689 0.1694
v -0.2189 -0.6872 0.1614
v 0.0503 0.0029 0.2509
v -0.2054 -0.1633 0.0953
v 0.0716 0.6403 0.1044
v -0.2181 -0.4875 0.1990
v -0.1998 -0.5998 0.2056
v 0.1314 0.2559 0.2749
v -0.0344 0.5516 0.2066
v -0.2103 -0.9455 0.2415
v -0.2201 -0.8530 0.0704
v -0.1310 -0.5623 0.2291
v 0.0596 0.5832 0.1361
v 0.0301 0.9178 0.0267
v -0.2251 -0.6590 0.1611
v -0.1954 -0.2989 0.0703
v -0.5886 0.3306 0.0255
v 0.0683 0.7603 0.0652
v -0.3585 0.3278 -0.1967
v -0.2427 -0.5665 0.1488
v 0.0351 0.6395 0.0719
v -0.6236 0.2325 0.0458
v -0.3770 0.2111 -0.1915
v -0.2182 -0.5246 0.1943
v 0.1374 0.2267 0.2744
v -0.1953 -0.6274 0.1991
v -0.1333 -0.9007 0.1931
v -0.3701 0.2402 -0.1523
v -0.2287 -0.9547 0.1035
v -0.0655 0.3893 0.2677
v -0.2341 0.1942 0.3503
v -0.2623 0.1991 0.3328
v 0.0863 0.5259 0.1169
v 0.1046 0.3182 0.2756
v -0.0648 0.5850 0.2314
v -0.2019 -0.1328 0.0999
v 0.0743 0.6152 0.1002
v -0.0966 0.4581 0.2364
v -0.2475 -0.6716 0.1225
v -0.2257 -0.6287 0.1665
v -0.1948 -0.9497 0.2682
v 0.0305 -0.1333 0.3099
v -0.1810 -0.1087 0.0827
v 0.1328 0.5572 0.1051
v 0.0865 0.8679 0.0174
v -0.0882 0.5023 0.2170
v 0.0669 0.5159 0.1659
v 0.1110 0.1936 0.2761
v -0.1637 -0.5947 0.2195
v -0.1675 -0.3971 0.0559
v -0.2210 -0.7793 0.0944
v -0.2730 0.2549 0.3491
v -0.3749 0.3015 -0.1562
v 0.0392 0.7642 0.0763
v 0.0571 0.0158 0.2304
v -0.2095 -0.2340 0.0869
v -0.1568 -1.0000 0.2015
v -0.0043 0.5621 0.2051
v -0.2300 -0.7193 0.1319
v 0.1396 0.6405 0.1349
v 0.0947 0.5765 0.0748
v -0.1905 -0.6554 0.1898
v -0.2183 -0.3342 0.1966
v -0.1073 0.6068 0.2021
v -0.3692 0.1749 -0.1826
v 0.0961 0.7405 0.1183
v -0.2485 -0.6276 0.1304
v -0.0679 0.5872 0.2680
v -0.2226 -0.8938 0.0713
v -0.2651 0.2238 0.3514
v -0.2308 0.2171 0.3323
v -0.3689 0.1452 -0.1979
v -0.6241 0.2912 0.0267
v 0.0285 -0.1691 0.2970
v -0.1956 -0.9844 0.2653
v 0.0545 0.7639 0.0897
v 0.0917 -0.0049 0.1979
v -0.1786 -0.3641 0.0571
v 0.0943 0.8427 0.0141
v -0.2297 -0.5956 0.1660
v -0.3547 0.0436 -0.2368
v -0.2188 -0.7521 0.1280
v 0.1224 0.6162 0.1371
v -0.2071 -0.1959 0.0895
v -0.2498 -0.5969 0.1326
v -0.2270 -0.9212 0.0689
v 0.1022 0.5568 0.0606
v -0.0035 0.5765 0.2085
v 0.0331 0.9403 0.0424
v 0.0663 -0.0053 0.2297
v 0.1323 0.2895 0.2704
v -0.3766 0.1300 -0.2313
v -0.2400 -0.6610 0.1373
v -0.0679 0.4609 0.2448
v -0.0879 0.5938 0.2309
v 0.0683 0.5802 0.1712
v -0.0964 0.3872 0.2570
v -0.2573 0.2004 0.3503
v -0.2110 -0.3117 0.0852
v -0.2266 0.1903 0.3223
v -0.2191 -0.3677 0.2009
v 0.0604 0.7612 0.1063
v -0.3721 0.3292 -0.1605
v -0.2315 -0.5631 0.1676
v 0.0287 0.0006 0.2553
v 0.1322 0.3543 0.2554
v -0.2491 -0.5584 0.1359
v -0.3745 0.2713 -0.1932
v -0.2314 -0.9510 0.0674
v -0.2771 0.2780 0.3394
v -0.5875 0.2519 0.0350
v -0.3160 0.3629 0.3065
v 0.0413 -0.1043 0.3113
v -0.1642 -0.9039 0.2103
v -0.1831 -0.1330 0.0789
v 0.0611 0.6140 0.0707
v 0.0666 -0.1864 0.2820
v 0.1340 0.3220 0.2628
v -0.3755 0.2714 -0.1666
v -0.3675 0.3552 -0.1639
v 0.0313 0.0249 0.2626
v -0.0642 0.4874 0.2326
v -0.2107 -0.2802 0.0857
v -0.2143 -0.8160 0.0854
v -0.1200 -0.4160 0.0538
v 0.0365 0.6179 0.1147
v -0.2185 -0.3960 0.2016
v -0.1582 -0.5587 0.2302
v -0.1852 -0.9282 0.2586
v 0.0759 0.5357 0.1614
v 0.0597 0.9081 0.0282
v -0.2245 -0.9855 0.0678
v 0.0303 0.5747 0.1338
v -0.1886 -0.1645 0.0772
v 0.0541 0.6391 0.0824
v -0.0905 0.4201 0.2500
v -0.6006 0.2377 0.0444
v -0.1647 -0.8992 0.1934
v -0.2340 -0.6903 0.1383
v -0.6174 0.3215 0.0377
v -0.3587 0.3826 -0.1634
v -0.2253 -0.2309 0.1062
v -0.3189 0.4185 0.2972
v -0.2097 -0.3262 0.2096
v -0.2112 -0.7320 0.1498
v -0.1263 -0.7853 0.1275
v -0.2486 -0.5244 0.1354
v -0.1665 0.2444 0.3061
v 0.0953 0.4604 0.2376
v -0.0558 0.6780 0.1547
v -0.0039 -0.1384 0.3111
v -0.0987 0.3231 0.2739
v -0.1062 0.5278 0.0967
v -0.2326 -0.5284 0.1699
v -0.1239 -0.4577 0.2537
v -0.3546 0.0299 -0.2651
v -0.1261 -0.8939 0.1650
v -0.1863 -0.2375 0.2288
v -0.3613 0.0564 -0.2848
v -0.0342 0.6394 0.0776
v -0.1620 -0.4919 0.2444
v 0.0314 0.5509 0.2127
v -0.3502 0.1975 -0.3122
v -0.3761 0.1211 -0.2614
v -0.2088 -0.7846 0.1095
v -0.0336 0.9124 0.0273
v -0.1805 0.2464 0.3398
v 0.0090 0.7654 0.0729
v -0.3443 0.1605 -0.3122
v -0.2031 -0.7575 0.1390
v -0.0960 0.3531 0.2667
v -0.0776 0.2140 0.2790
v -0.1675 0.2283 0.2958
v -0.0256 0.0861 0.2778
v 0.0941 0.4869 0.2302
v -0.2204 -0.1967 0.1061
v -0.2483 -0.4887 0.1376
v 0.1195 0.3808 0.2535
v -0.0563 0.7137 0.1594
v -0.2418 -0.3883 0.1314
v -0.0029 -0.1705 0.2987
v -0.1318 -0.4272 0.2567
v -0.0372 0.5761 0.1660
v -0.1769 -0.1314 0.2079
v -0.2016 0.2187 0.3256
v -0.0229 -0.1920 0.2873
v -0.0348 0.6121 0.0700
v -0.1651 -0.3337 0.2590
v -0.1828 -0.2009 0.2223
v 0.0716 0.4937 0.2045
v 0.0320 0.5793 0.2006
v -0.0009 0.9393 0.0391
v -0.1649 -0.5248 0.2374
v -0.3758 0.1074 -0.2433
v -0.1665 -0.8783 0.1432
v -0.0643 0.7653 0.1266
v -0.3570 0.4082 -0.1511
v -0.2340 -0.4873 0.1715
v -0.3193 0.3927 0.2934
v -0.2474 -0.4586 0.1344
v -0.1668 0.1880 0.2848
v -0.1913 -0.3028 0.2352
v 0.0054 0.0101 0.2567
v -0.0610 0.6099 0.1652
v -0.0899 0.5757 0.1050
v -0.0667 0.1918 0.2760
v -0.0611 0.8719 0.0153
v -0.1617 -0.3949 0.2585
v -0.0289 0.7677 0.1024
v -0.1300 -0.8551 0.1214
v -0.3643 0.0887 -0.2883
v -0.1063 0.7394 0.1589
v -0.2436 -0.3331 0.1401
v -0.2049 -0.8555 0.1051
v 0.0946 0.5910 0.2654
v 0.1420 0.6343 0.2020
v -0.2030 0.1894 0.3278
v -0.2313 -0.3018 0.1089
v -0.1558 -1.0000 0.1382
v 0.1218 -0.0076 0.1606
v -0.1028 0.2927 0.2789
v -0.0604 0.7560 0.1438
v -0.0644 0.5794 0.0715
v -0.2354 -0.4580 0.1716
v -0.1362 0.1008 0.3192
v -0.1035 0.6122 0.1325
v -0.1332 -0.8063 0.1189
v -0.0642 0.8436 0.0086
v -0.1928 -0.9988 0.0676
v -0.2365 -0.4265 0.1715
v -0.0043 0.0216 0.2651
v 0.1024 0.4344 0.2458
v -0.1027 0.5637 0.1032
v -0.3617 0.1270 -0.2905
v -0.1895 -0.2696 0.2317
v -0.1565 -0.3660 0.2611
v -0.1948 0.1631 0.3279
v 0.1015 -0.0018 0.1394
v -0.1065 0.4818 0.0733
v -0.1719 -0.1012 0.2083
v 0.1264 0.6142 0.2019
v -0.1248 -0.4802 0.2490
v -0.0715 0.5595 0.0540
v -0.0252 0.0574 0.2707
v -0.1252 0.1308 0.3288
v -0.2247 -0.2667 0.1018
v -0.2005 -0.8210 0.1083
v -0.1581 0.1629 0.2946
v -0.1057 0.6463 0.1487
v -0.1904 0.0320 0.2914
v -0.2475 -0.4266 0.1397
v -0.1639 -0.4748 0.2481
v -0.1260 -0.9996 0.1678
v -0.0675 0.1637 0.2765
v -0.0051 0.5716 0.1374
v -0.3501 0.2202 -0.3091
v -0.1285 0.2527 0.2984
v -0.1818 -0.7472 0.1518
v -0.1077 0.7652 0.1288
v -0.1590 -0.7870 0.1276
v 0.0919 0.4228 0.2610
v 0.0070 0.0234 0.2409
v -0.0355 0.5792 0.1368
v -0.2346 -0.3948 0.1729
v -0.1591 0.0688 0.3163
v -0.0015 0.0579 0.2644
v -0.1884 0.2194 0.3519
v 0.0661 0.5505 0.1988
v -0.2961 0.4192 0.2992
v 0.1313 0.4537 0.2298
v -0.1299 -0.4938 0.2457
v -0.2463 -0.4020 0.1391
v -0.1059 0.7130 0.1627
v -0.1820 0.0577 0.2976
v -0.1617 -0.8911 0.1676
v -0.0212 0.0369 0.2772
v -0.1618 -0.4575 0.2512
v -0.1004 0.2131 0.2786
v -0.0678 0.3587 0.2756
v -0.1959 -0.7279 0.1581
v -0.0339 -0.1042 0.3086
v 0.0122 0.0055 0.2433
v -0.1687 -0.4236 0.2534
v 0.0585 0.5821 0.1977
v -0.3745 0.0948 -0.2621
v -0.2353 -0.3672 0.1722
v -0.1302 0.2249 0.2851
v -0.2173 -0.5599 0.1914
v -0.2095 -0.8876 0.1098
v -0.1119 0.2618 0.2793
v 0.0908 0.5898 0.2311
v -0.0711 0.3374 0.2805
v -0.1057 0.6772 0.1581
v -0.2974 0.3895 0.2961
v -0.0544 0.5293 0.0931
v -0.2453 -0.3661 0.1385
v -0.1293 -0.8783 0.1365
v 0.0945 -0.0218 0.1721
v 0.0955 0.3877 0.2608
v -0.1276 -0.5273 0.2379
v 0.1284 0.4809 0.2212
v 0.0093 0.7653 0.1084
v -0.1315 -0.3322 0.2644
v -0.0977 0.1607 0.2750
v -0.2039 -0.9974 0.1035
v -0.0316 0.9389 0.0443
v -0.0015 -0.1942 0.2883
v 0.0905 0.4776 0.2623
v -0.0652 0.6411 0.1335
v -0.1603 -0.8556 0.1258
v -0.1269 -0.3964 0.2614
v -0.1163 0.1393 0.3497
v 0.0001 0.6094 0.0627
v -0.2189 -0.1634 0.1137
v 0.0978 0.0011 0.1690
v 0.1391 0.3893 0.2437
v -0.1979 -0.6939 0.1713
v -0.0959 0.5565 0.0670
v -0.0535 0.4834 0.0697
v -0.1207 0.1849 0.2928
v -0.2111 -0.5030 0.2092
v -0.2128 -0.5892 0.1943
v -0.1556 0.0944 0.3255
v -0.2148 -0.9752 0.2346
v 0.1235 0.0135 0.1305
v -0.0034 0.5676 0.1727
v -0.1252 -0.9992 0.1383
v -0.0872 0.8416 0.0163
v -0.0326 -0.1655 0.2931
v -0.2167 -0.6162 0.1833
v -0.1292 -0.3628 0.2632
v 0.0001 0.6395 0.0671
v -0.2090 -0.5276 0.2094
v -0.0674 0.6147 0.1390
v -0.1170 0.0226 0.3145
v -0.0827 0.5678 0.0725
v 0.0679 0.5198 0.2066
v -0.0268 0.7664 0.0721
v -0.3027 0.4385 0.2912
v -0.2028 0.1922 0.3481
v -0.1069 0.7550 0.1473
v -0.0058 0.9169 0.0248
v -0.2142 -0.1403 0.1143
v -0.1594 -0.8177 0.1202
v 0.1046 0.4552 0.2640
v -0.0575 0.7399 0.1559
v -0.2149 -0.9561 0.2322
v -0.3494 0.0355 -0.2823
v -0.1643 -0.9999 0.1679
v 0.1323 -0.0058 0.1370
v -0.3706 0.0575 -0.2599
v -0.1320 0.1622 0.2966
v 0.1278 0.4200 0.2401
v -0.2067 -0.6635 0.1796
v -0.2337 -0.3328 0.1694
v -0.1614 0.1286 0.3260
v -0.1062 0.6067 0.1736
v -0.0642 0.5876 0.1076
v -0.1496 -0.4779 0.2486
v -0.0997 0.1925 0.2758
v 0.0900 0.5053 0.2214
v -0.0334 -0.1336 0.3031
v 0.0299 0.4904 0.2441
v 0.0615 0.5791 0.2314
v -0.0652 0.6112 0.1010
v -0.0888 0.5954 0.1677
v -0.1838 -0.1057 0.1927
v -0.0049 0.8425 -0.0038
v 0.0618 0.3878 0.2735
v -0.1960 -0.4578 0.2347
v -0.1681 0.0247 0.2908
v -0.1010 0.0974 0.2756
v -0.2166 -0.1327 0.1399
v -0.1321 -0.2289 0.2679
v -0.1881 0.1600 0.2996
v 0.0938 0.5909 0.2007
v -0.1308 0.1871 0.3676
v 0.1321 0.6412 0.2693
v -0.2318 -0.3006 0.1662
v 0.1291 -0.0066 0.1029
v -0.3610 0.2507 -0.2605
v -0.1577 -1.0000 0.0666
v -0.1831 -0.3690 0.2521
v -0.1288 0.1272 0.2947
v -0.0682 0.5885 0.1402
v 0.1346 0.4935 0.2127
v -0.1633 0.1540 0.3331
v -0.2325 -0.4553 0.1015
v -0.0889 0.6242 0.0791
v -0.1911 -0.9985 0.1360
v -0.0005 0.8698 0.0029
v -0.2327 -0.4302 0.1042
v -0.0606 0.6393 0.1033
v -0.2223 -0.1600 0.1364
v -0.1298 -0.1944 0.2689
v -0.1283 0.1580 0.3568
v -0.0953 0.5467 0.1702
v -0.0122 0.7460 0.1470
v -0.0893 0.9050 0.0440
v -0.1290 -0.6917 0.1733
v -0.0683 -0.1002 0.2965
v -0.1940 0.1972 0.2993
v 0.1260 0.6126 0.2643
v -0.1993 -0.4242 0.2335
v -0.0013 -0.1018 0.3190
v 0.0638 0.4178 0.2645
v 0.1354 0.0193 0.1027
v -0.0984 0.6440 0.0693
v -0.1326 -0.9994 0.1082
v -0.0029 0.5890 0.0691
v -0.3713 0.2269 -0.2596
v -0.2128 -0.9302 0.1924
v -0.1853 -0.3978 0.2501
v 0.0896 0.5428 0.1899
v -0.1310 0.0931 0.2930
v -0.2287 -0.2671 0.1648
v -0.1957 -0.5202 0.2261
v -0.2221 -0.2353 0.1692
v -0.1710 -0.2026 0.2402
v 0.0583 0.5160 0.2206
v -0.1522 -0.1758 0.2542
v -0.0053 0.8990 0.0148
v -0.0088 0.7145 0.1532
v -0.0593 -0.1596 0.2864
v -0.1963 -0.8862 0.1362
v -0.2189 -0.9512 0.2015
v -0.0635 0.9314 0.0480
v -0.1874 0.2204 0.3022
v -0.2358 -0.5265 0.0966
v -0.1093 0.6720 0.0609
v -0.2123 -0.1061 0.1305
v -0.1636 -0.7600 0.1448
v -0.1039 0.0487 0.2773
v -0.1872 -0.1298 0.1933
v 0.0627 0.6005 0.1870
v -0.1283 -0.3005 0.2657
v -0.3733 0.2055 -0.2687
v -0.0979 0.8755 0.0354
v 0.0986 0.5191 0.2028
v -0.1262 -0.7240 0.1593
v -0.1303 0.2553 0.3578
v 0.0668 0.4507 0.2608
v -0.3181 0.3881 0.3211
v -0.2200 -0.1983 0.1631
v -0.3745 0.1546 -0.2700
v -0.1279 0.0585 0.2892
v -0.1774 -0.2328 0.2411
v -0.1085 0.7682 0.1066
v -0.0628 -0.1315 0.2935
v -0.2076 -0.9083 0.1476
v -0.0332 0.5883 0.1057
v -0.1675 0.2542 0.3240
v 0.0072 -0.1263 0.3158
v -0.1963 -0.4877 0.2305
v -0.1306 -0.2664 0.2668
v -0.2194 -0.9786 0.2014
v 0.0305 0.5730 0.2664
v -0.1299 0.2235 0.3693
v 0.0684 0.4730 0.2571
v -0.0672 0.7669 0.0725
v -0.2288 -0.4898 0.0937
v 0.0727 0.0004 0.1741
v -0.1907 -0.1638 0.1979
v 0.1386 0.6757 0.2731
v -0.1057 0.8468 0.0312
v -0.1199 -0.7431 0.1508
v -0.1590 -0.2339 0.2588
v -0.3626 0.1570 -0.2925
v -0.2142 -0.4274 0.0842
v -0.1227 -0.8220 0.1162
v -0.0073 0.6142 0.1247
v 0.1317 -0.9833 0.2860
v -0.7073 0.2308 0.0523
v -0.1254 0.0245 0.2978
v -0.2001 -0.9968 0.1653
v 0.0935 0.4887 0.2013
v -0.0996 0.5610 0.1435
v -0.1584 -0.1326 0.2337
v -0.0641 0.9079 0.0334
v 0.1102 -0.0006 0.1148
v -0.2145 -0.1620 0.1613
v -0.0944 -0.1027 0.2866
v 0.0377 0.4007 0.2788
v -0.1952 -0.1935 0.2007
v -0.0743 0.5602 0.1744
v -0.1220 0.1587 0.3259
v 0.0632 0.4887 0.2344
v -0.1576 0.1317 0.2985
v 0.0262 0.5691 0.2312
v -0.1256 -0.9993 0.0698
v -0.1805 -0.8207 0.1206
v -0.2375 -0.2680 0.1344
v 0.1392 0.0243 0.0678
v -0.1112 0.6409 0.0960
v -0.1692 0.1908 0.3610
v -0.0065 0.5815 0.1042
v -0.0077 0.6491 0.1385
v 0.1326 -0.9547 0.2841
v -0.0629 0.6173 0.0700
v -0.0535 -0.1859 0.2821
v -0.0890 0.5797 0.1379
v -0.1958 -0.3334 0.2334
v -0.1567 -0.2006 0.2555
v -0.1618 0.1575 0.3523
v -0.0230 0.7649 0.1228
v -0.1188 -0.8509 0.1174
v -0.1694 -0.1651 0.2289
v -0.7118 0.2526 0.0472
v -0.0030 0.4872 0.0629
v -0.1285 -0.0072 0.2964
v 0.0308 0.4250 0.2734
v 0.1394 -0.0021 0.0748
v -0.1674 0.0936 0.2979
v -0.2282 -0.3319 0.1040
v -0.1907 -0.8582 0.1221
v -0.2410 -0.3025 0.1386
v -0.1648 -1.0000 0.1006
v -0.2032 -0.2313 0.1997
v 0.0258 0.5392 0.2194
v -0.3645 0.1853 -0.2918
v -0.1282 -0.1023 0.2642
v -0.2074 -0.5591 0.0571
v -0.0960 0.6168 0.1047
v -0.1599 -0.6912 0.1752
v 0.0713 0.4675 0.2449
v -0.2145 -0.4572 0.0817
v -0.0685 0.5795 0.1684
v -0.0261 0.8995 0.0183
v -0.0247 -0.0930 0.3142
v -0.1129 -0.0753 0.2804
v -0.0180 0.7599 0.1344
v -0.1319 -0.1597 0.2657
v -0.1096 0.7668 0.0738
v -0.2454 -0.4869 0.1162
v -0.2294 -0.1989 0.1372
v 0.1334 0.5164 0.1949
v 0.0315 0.4551 0.2623
v -0.0331 0.5905 0.0655
v -0.3779 0.1869 -0.2542
v -0.2312 -0.3946 0.1083
v -0.2039 -0.2672 0.2074
v -0.3434 0.1115 -0.3074
v -0.2067 -0.9121 0.1655
v -0.0081 0.6794 0.1480
v -0.1218 -0.0331 0.2917
v -0.2962 0.3866 0.3240
v -0.1597 0.2456 0.3561
v -0.0900 -0.1280 0.2843
v -0.0346 0.8797 0.0114
v -0.0051 0.5327 0.0864
v -0.0380 0.1859 0.2798
v -0.1637 -0.7208 0.1629
v -0.1797 -0.4340 0.2508
v 0.1271 0.6141 0.2327
v -0.1552 -0.0998 0.2310
v -0.1640 -0.3019 0.2586
v -0.2137 -0.4840 0.0784
v -0.1331 -0.7589 0.1442
v -0.0673 0.7684 0.1048
v 0.0297 0.5158 0.2297
v -0.1996 -0.3985 0.2334
v -0.3583 0.2257 -0.2914
v -0.1327 -0.1338 0.2623
v -0.2080 -0.3034 0.2082
v 0.0604 0.5798 0.2644
v -0.2347 -0.2343 0.1319
v 0.0286 0.4773 0.2519
v -0.1343 0.2675 0.3285
v -0.0949 -0.0467 0.2752
v -0.0711 0.8828 0.0223
v -0.1887 -0.8967 0.1705
v -0.2469 -0.5196 0.1143
v -0.1598 0.0580 0.2984
v -0.0412 0.1678 0.2805
v -0.2324 -0.3662 0.1092
v -0.3468 0.2513 -0.2855
v -0.1599 -0.7435 0.1533
v -0.3781 0.1424 -0.2508
v -0.0331 0.8444 0.0011
v 0.1433 0.6347 0.2262
v -0.2265 -0.5415 0.0829
v -0.3498 0.2741 -0.2526
v -0.1645 -0.2675 0.2570
v -0.1650 0.2286 0.3609
v -0.2015 -0.3640 0.2300
v -0.1913 -0.7840 0.1253
v 0.1270 -0.9415 0.2744
v -0.0957 0.1621 0.3264
v -0.0105 -0.2370 0.1979
v -0.0644 0.1588 0.3562
v -0.0630 -0.1990 0.2787
v 0.0814 0.7750 0.3443
v -0.3273 -0.0048 0.0680
v 0.0327 0.6722 0.3409
v -0.0439 -0.7200 0.0691
v -0.0416 -0.3339 0.2537
v -0.1947 0.5364 0.0999
v 0.0964 0.6101 0.2892
v -0.2979 0.4646 0.2102
v -0.0750 -0.8203 0.0643
v -0.0290 -0.0363 0.3226
v 0.0524 0.7198 0.3503
v 0.0300 0.8114 0.3547
v -0.1404 -0.0055 0.2657
v -0.1748 0.2775 0.2056
v -0.0940 -0.9928 0.0701
v -0.1213 0.6499 0.1044
v -0.1629 0.7485 0.1047
v -0.0042 0.0980 0.3326
v -0.0299 0.2265 0.2916
v -0.0803 -0.9772 0.0866
v 0.1065 -0.9288 0.2347
v -0.0977 0.0318 0.3047
v -0.0336 -0.6283 0.1024
v -0.2041 0.6470 0.1454
v -0.0945 -0.8164 0.1023
v -0.0681 0.1019 0.3011
v 0.1324 -0.6598 0.1881
v -0.0753 -0.6871 0.1588
v 0.0307 -0.3321 0.1025
v -0.3884 0.3397 -0.0110
v -0.1274 0.5498 0.1380
v 0.0238 -0.3046 0.1350
v -0.1559 -0.0402 0.2309
v -0.2106 0.4850 0.0703
v -0.3711 0.4259 -0.0731
v -0.2754 -0.0323 0.1487
v 0.0494 -0.4656 0.0857
v -0.0470 -0.7402 0.0612
v 0.1378 0.7504 0.2986
v -0.2923 0.4842 0.2020
v -0.0786 -0.8529 0.0637
v -0.3667 0.3976 -0.0671
v -0.1880 0.7523 0.1675
v 0.1295 -0.9966 0.2637
v -0.0678 -0.6600 0.1658
v -0.0638 -0.2335 0.2741
v 0.0729 0.8110 0.3423
v -0.0008 -0.2126 0.2037
v -0.1340 0.0288 0.2658
v -0.0807 0.2741 0.3328
v 0.0342 0.7825 0.3577
v -0.2060 0.5731 0.1142
v -0.5203 0.3744 0.0184
v -0.3041 -0.0117 0.1098
v -0.0245 -0.0696 0.3187
v 0.1040 0.6466 0.2986
v -0.0061 0.3052 0.3110
v -0.1095 -0.1154 0.2784
v -0.0463 -0.4913 0.2239
v 0.0596 -0.3342 0.0565
v -0.2048 0.6121 0.1317
v -0.0494 -0.5271 0.2128
v 0.0286 0.3841 0.2860
v -0.0650 0.1350 0.3004
v 0.0209 -0.2716 0.1401
v -0.3888 0.3197 0.0023
v -0.0801 -0.9548 0.0924
v 0.0772 -0.5650 0.2168
v -0.0020 0.1308 0.3368
v -0.0647 0.1905 0.3666
v -0.0978 -0.0097 0.2983
v -0.1543 -0.0712 0.2308
v -0.0337 -0.5978 0.1045
v -0.0940 0.1833 0.3180
v -0.1382 0.7481 0.0646
v -0.0951 -0.8523 0.1033
v -0.0388 0.2538 0.3093
v 0.0573 0.5907 0.2893
v 0.0910 -0.5945 0.2117
v 0.1084 0.6701 0.3106
v -0.1446 0.7054 0.0876
v -0.0981 -0.0379 0.2975
v 0.0340 0.7510 0.3578
v 0.0340 -0.3615 0.1006
v 0.0511 -0.4983 0.0854
v -0.0445 -0.4612 0.2305
v -0.0723 0.0634 0.3056
v 0.0890 0.4103 0.3191
v 0.0187 -0.2405 0.1387
v -0.1562 0.0280 0.2316
v -0.0033 0.0630 0.3365
v 0.1369 0.7812 0.3009
v -0.1634 0.0661 0.2754
v -0.0966 -0.7541 0.1391
v -0.1818 0.7830 0.1703
v -0.0345 0.1573 0.2948
v -0.0930 -0.1643 0.2781
v -0.1357 0.7780 0.0568
v -0.3676 0.4859 -0.0678
v -0.1624 0.5187 0.1668
v -0.0398 -0.6577 0.0667
v 0.0675 -0.3957 0.0651
v -0.0153 -0.3036 0.1925
v -0.1304 -0.0684 0.2639
v -0.3063 -0.0304 0.1067
v -0.0440 -0.3649 0.2527
v 0.0007 0.3554 0.2969
v -0.1649 0.8129 0.1065
v 0.1012 -0.9849 0.2332
v -0.1453 0.1299 0.2414
v -0.0813 -0.9308 0.0861
v -0.3286 0.3505 0.1708
v -0.0338 0.0267 0.3248
v -0.0685 0.2201 0.3693
v -0.2962 0.3096 0.1394
v -0.2748 -0.0186 0.1472
v -0.0639 -0.2710 0.2690
v -0.0344 -0.5606 0.1033
v -0.1570 -0.0107 0.2317
v -0.2063 0.5304 0.1116
v -0.1352 0.6737 0.1007
v -0.0973 -0.0680 0.2898
v -0.0857 -0.8765 0.0847
v 0.0378 -0.3960 0.1014
v -0.3594 0.3591 -0.0150
v -0.0506 -0.6397 0.1502
v 0.1345 0.8117 0.2989
v -0.1472 0.7266 0.0843
v -0.0852 -0.7284 0.1460
v -0.1805 0.8058 0.1692
v 0.0534 -0.5423 0.0854
v 0.0334 0.6477 0.3260
v -0.0658 -0.7876 0.0677
v 0.1377 -0.9275 0.2611
v 0.0971 -0.6267 0.1983
v -0.2297 0.2944 0.0633
v -0.0398 -0.6905 0.0695
v 0.0601 -0.3638 0.0619
v -0.2670 0.3010 0.1035
v -0.0619 -0.3047 0.2653
v -0.0959 0.2707 0.3237
v -0.1317 -0.0389 0.2636
v -0.0724 0.2563 0.3580
v -0.0880 -0.7895 0.1102
v -0.4209 0.2974 0.0334
v -0.0258 0.1948 0.2842
v 0.0006 0.3171 0.3082
v -0.1030 -0.1334 0.2787
v -0.1378 0.8135 0.0630
v -0.0399 -0.4243 0.2326
v 0.0984 0.3864 0.3243
v -0.3251 0.3201 0.1637
v -0.0315 -0.0084 0.3242
v -0.0140 -0.2638 0.2002
v -0.3325 -0.0263 0.0719
v -0.3677 0.4502 -0.0502
v -0.1605 0.7777 0.1034
v -0.0454 -0.3954 0.2501
v 0.0947 -0.9546 0.2323
v -0.0341 0.3212 0.2986
v 0.0007 0.1925 0.3031
v -0.0534 -0.6598 0.1407
v -0.0018 -0.0091 0.3334
v -0.1930 0.3181 0.2244
v 0.0599 -0.4555 0.0736
v -0.1750 0.0073 0.2653
v -0.0719 -0.0055 0.3088
v -0.1983 0.7540 0.1455
v -0.0977 0.1885 0.3690
v -0.3142 0.4669 0.2149
v -0.0709 0.1814 0.3158
v -0.2635 -0.0342 0.1711
v 0.0423 -0.4283 0.1049
v -0.2723 0.3069 0.0543
v 0.0997 -0.6523 0.1865
v -0.0822 -0.9501 0.1107
v -0.3553 0.3454 -0.0102
v -0.0175 -0.2739 0.2090
v -0.3668 0.5230 -0.0556
v -0.0995 0.1287 0.2980
v 0.1312 -0.9162 0.2343
v 0.0599 0.6801 0.3376
v -0.3592 -0.0063 0.0383
v -0.1590 0.5380 0.1354
v -0.0957 0.2737 0.3269
v -0.0764 -0.9535 0.0691
v 0.1157 0.6191 0.2843
v 0.0222 -0.2719 0.1705
v -0.0447 -0.5942 0.0725
v 0.0741 0.4191 0.2966
v 0.0530 0.8115 0.3487
v -0.1599 0.1597 0.2044
v -0.0934 -0.6676 0.1797
v -0.0964 -0.2358 0.2715
v 0.1060 -0.9498 0.2629
v -0.1344 0.0919 0.2641
v -0.0839 -0.8605 0.0781
v 0.0294 0.7179 0.3555
v -0.0350 -0.3955 0.2300
v -0.0195 -0.3075 0.2051
v -0.1625 0.1922 0.2010
v -0.1933 0.5366 0.0770
v -0.0963 -0.6885 0.1695
v 0.0684 0.3871 0.2943
v -0.3236 -0.0032 0.0996
v -0.3581 0.3210 0.0037
v -0.1668 0.0281 0.2650
v -0.0005 0.0261 0.3356
v -0.0953 0.0966 0.2964
v -0.0312 0.3514 0.2909
v -0.1196 0.6641 0.0845
v -0.1544 0.0625 0.2306
v -0.0916 -0.9864 0.1082
v -0.3130 0.4858 0.2014
v -0.0667 0.0328 0.3052
v -0.1906 0.3524 0.2251
v 0.1200 0.6634 0.2910
v -0.0777 -0.9752 0.0712
v -0.1501 0.7507 0.0823
v 0.0723 0.7159 0.3436
v -0.1418 -0.0810 0.2482
v 0.0429 -0.4585 0.1045
v -0.0449 -0.6254 0.0627
v -0.1349 0.1253 0.2654
v -0.0307 0.0558 0.3271
v 0.1048 -0.9800 0.2642
v 0.0238 -0.3020 0.1699
v 0.0413 -0.3381 0.0729
v -0.3541 0.0181 0.0344
v -0.0107 0.1580 0.3012
v -0.1227 0.5410 0.1573
v -0.0330 -0.3620 0.2319
v 0.0288 0.6908 0.3501
v -0.0628 0.1604 0.3257
v 0.0607 0.7821 0.3504
v 0.0647 -0.4293 0.0725
v -0.0918 -0.1985 0.2753
v -0.0617 -0.6875 0.1362
v -0.0963 0.1584 0.3600
v -0.0909 -0.8926 0.1045
v 0.0463 -0.3966 0.0801
v -0.0584 -0.6288 0.1724
v -0.0333 0.1292 0.3261
v -0.1270 0.6860 0.0753
v -0.1378 0.0619 0.2629
v -0.2025 0.5302 0.0575
v -0.4850 0.4139 0.0372
v -0.3601 0.5748 -0.0608
v 0.1355 -0.9993 0.2350
v -0.1680 0.2236 0.1963
v 0.0165 -0.2156 0.1785
v 0.0643 -0.5242 0.0709
v -0.1570 0.7170 0.1040
v -0.2295 0.2912 0.1026
v -0.0447 -0.6920 0.1017
v -0.0934 -0.3036 0.2668
v -0.0644 0.2701 0.3302
v -0.1015 0.2586 0.3587
v -0.0963 -0.7175 0.1561
v -0.0761 -0.7821 0.0956
v 0.0615 0.7509 0.3503
v -0.3271 0.3113 0.1395
v 0.0430 -0.4898 0.1080
v -0.2592 0.3015 0.0676
v -0.0699 -0.7183 0.1309
v -0.1524 0.1242 0.2259
v 0.0271 0.5845 0.2897
v -0.2968 0.3522 0.1783
v -0.0006 -0.0697 0.3253
v -0.3272 -0.0316 0.1016
v -0.0304 0.2869 0.3087
v -0.1335 0.5261 0.1744
v 0.1245 -0.6061 0.2137
v -0.2038 0.6772 0.1549
v -0.0646 -0.0689 0.3031
v -0.0788 -0.8916 0.0624
v -0.1508 0.7811 0.0788
v 0.1260 0.6836 0.2957
v -0.0941 -0.2725 0.2688
v -0.0993 0.2193 0.3718
v -0.4504 0.2888 0.0314
v -0.0312 -0.3346 0.2330
v -0.0041 0.2193 0.3015
v 0.0639 -0.4893 0.0704
v -0.0299 0.0927 0.3239
v 0.0422 -0.3668 0.0784
v -0.1292 0.7107 0.0635
v -0.0857 -0.9200 0.1035
v -0.1716 0.2550 0.2008
v -0.1844 0.7757 0.1422
v -0.1199 0.8418 0.0459
v -0.3601 0.5421 -0.0704
v -0.0729 -0.1699 0.2808
v 0.0200 -0.2399 0.1700
v -0.1512 0.6858 0.1149
v -0.1829 -0.0684 0.1894
v -0.0509 -0.6010 0.1766
v 0.1131 -0.9321 0.2561
v -0.0373 -0.6608 0.1038
v -0.0784 -0.7533 0.1247
v -0.1527 0.0952 0.2295
v 0.1369 -0.6299 0.2036
v -0.1662 0.5309 0.1429
v -0.3906 0.3532 -0.0164
v -0.0962 0.0594 0.2957
v -0.0781 -0.9239 0.0657
v -0.4976 0.4014 0.0302
v -0.2034 0.7123 0.1600
v -0.0615 -0.0374 0.3035
v -0.2609 -0.0139 0.1735
v -0.2953 0.3184 0.1695
v -0.1516 0.8137 0.0831
v 0.1340 0.7147 0.2975
v 0.0744 0.4477 0.2867
v -0.0432 -0.5522 0.0792
v 0.0614 0.6486 0.3208
v 0.0445 -0.5228 0.1089
v -0.2924 0.5063 0.1970
v -0.0010 -0.0394 0.3303
v 0.0267 -0.3639 0.1705
v -0.0969 -0.4929 0.2461
v -0.0285 -0.3040 0.2340
v -0.1529 0.1991 0.2272
v -0.0639 -0.4279 0.2545
v -0.0878 -0.9195 0.1361
v -0.3578 0.3088 0.0308
v 0.0998 0.7165 0.3322
v 0.0270 -0.2350 0.0650
v 0.1466 -0.9007 0.1931
v 0.1169 0.8122 0.3190
v -0.1887 0.7658 0.1006
v -0.1345 0.2229 0.2655
v -0.0543 -0.5973 0.0546
v 0.0935 -0.4262 0.0604
v -0.2082 0.3514 0.2131
v -0.1697 0.0541 0.1989
v -0.3140 0.4756 0.2351
v -0.1569 0.6814 0.1386
v -0.2954 -0.0372 0.1705
v -0.0683 -0.7552 0.1040
v -0.0452 -0.6557 0.1286
v -0.0951 0.2571 0.2941
v -0.0637 0.3157 0.2892
v -0.0313 0.1922 0.3232
v -0.1539 0.3173 0.2515
v -0.1581 0.5281 0.0968
v -0.2019 -0.0040 0.2334
v 0.0990 0.3911 0.3008
v -0.0439 -0.0087 0.3041
v -0.3498 0.6475 -0.0588
v 0.1330 -0.5603 0.2294
v -0.0372 -0.5659 0.1692
v -0.3707 0.4506 -0.0820
v -0.0210 -0.3677 0.1994
v -0.3580 0.0237 0.0060
v -0.5486 0.3768 0.0405
v -0.4540 0.3206 0.0018
v 0.0382 -0.5281 0.1432
v -0.1784 0.8200 0.1714
v -0.3032 0.3068 0.0554
v -0.1022 -0.8924 0.1345
v 0.0959 0.6829 0.3251
v -0.2165 0.4499 0.1841
v -0.2056 0.3077 0.2044
v -0.3165 0.4580 0.2336
v 0.0288 -0.3972 0.1727
v -0.0950 -0.0301 0.3159
v -0.1294 0.2537 0.2704
v -0.1934 0.5089 0.1632
v -0.0942 -0.3336 0.2653
v 0.1012 0.4236 0.2986
v -0.0548 0.0547 0.3168
v -0.1695 0.7135 0.1364
v 0.0493 -0.5418 0.1789
v -0.2301 0.2977 0.1384
v -0.0009 0.0582 0.2961
v -0.0227 -0.2675 0.2311
v 0.0198 -0.2057 0.0638
v -0.0959 -0.5272 0.2371
v 0.1227 0.7813 0.3179
v 0.0295 0.6167 0.3034
v -0.2993 0.4234 0.2665
v -0.0328 0.1594 0.3292
v 0.1291 -0.9075 0.2033
v -0.3266 0.3066 0.1159
v -0.3565 -0.0037 0.0058
v 0.0998 -0.4576 0.0561
v -0.3594 0.4812 -0.0998
v -0.4555 0.3524 -0.0074
v 0.0366 -0.4923 0.1382
v -0.0556 -0.7209 0.1031
v -0.1808 0.0511 0.2691
v -0.1518 0.1613 0.2245
v -0.0665 -0.4599 0.2503
v -0.1475 0.3400 0.2504
v -0.0087 0.2233 0.3481
v -0.3206 -0.0348 0.1314
v -0.0321 0.0292 0.2968
v -0.3554 0.6133 -0.0624
v -0.0574 0.3463 0.2829
v -0.0929 0.2240 0.2925
v -0.1961 0.0166 0.2426
v -0.0220 -0.3985 0.1973
v -0.2715 0.3692 0.1822
v 0.1216 0.7531 0.3188
v -0.3723 0.3791 -0.0928
v -0.2939 0.3033 0.0741
v -0.4588 0.2955 0.0150
v -0.1563 0.6107 0.1350
v -0.0196 -0.3349 0.2003
v -0.2261 0.4143 0.1882
v -0.3233 -0.0117 0.1300
v -0.0653 0.2871 0.2953
v -0.1366 0.6465 0.1709
v -0.1589 0.2550 0.2353
v -0.4175 0.3616 -0.0153
v -0.2933 0.4535 0.2641
v 0.0847 0.6562 0.3192
v -0.0416 -0.0733 0.3113
v -0.0003 0.2855 0.3165
v 0.0922 0.4503 0.2889
v -0.1519 0.2885 0.2543
v -0.0934 -0.9921 0.1382
v -0.0641 0.1317 0.3275
v -0.0955 0.1394 0.3499
v -0.0466 -0.6149 0.1599
v -0.0925 -0.3961 0.2618
v -0.1659 0.0909 0.1996
v -0.0765 -0.9783 0.1705
v -0.1335 0.1624 0.2664
v 0.0362 -0.4569 0.1391
v -0.0182 -0.2394 0.2334
v -0.1711 0.7411 0.1684
v -0.0148 0.1110 0.3040
v 0.0924 -0.4911 0.0561
v -0.0922 -0.0066 0.3239
v -0.4885 0.3833 0.0091
v -0.0957 0.1915 0.2967
v -0.0006 0.1965 0.3476
v -0.0280 0.2579 0.3250
v -0.0513 -0.6964 0.1114
v -0.1286 0.5461 0.0676
v 0.0255 -0.3335 0.1713
v -0.1570 0.5712 0.1175
v 0.0350 -0.2990 0.0743
v -0.0962 0.1614 0.2960
v -0.1559 0.6462 0.1488
v -0.2972 0.4747 0.2499
v -0.0040 -0.2053 0.2616
v -0.4753 0.4056 0.0184
v 0.1284 -0.9987 0.2034
v -0.1552 0.2242 0.2305
v 0.0342 -0.4276 0.1390
v -0.0468 -0.0252 0.2956
v -0.3301 0.3034 0.0957
v -0.0816 -0.9458 0.1314
v -0.1597 0.4822 0.0735
v -0.2905 -0.0137 0.1714
v -0.2654 0.3158 0.1733
v -0.1191 0.6231 0.1703
v -0.0583 -0.5610 0.0606
v -0.1336 0.1923 0.2672
v -0.0099 0.0921 0.2977
v -0.0769 -0.9512 0.1694
v -0.0295 0.2236 0.3205
v -0.1564 0.5463 0.1037
v -0.0924 0.0237 0.3238
v 0.0328 -0.2664 0.0671
v -0.1618 0.1286 0.2028
v -0.0539 0.0939 0.3173
v -0.0975 -0.3670 0.2636
v -0.1895 0.2954 0.1979
v -0.2289 0.3858 0.1932
v 0.0898 -0.5182 0.0557
v 0.1267 -0.4004 0.0546
v 0.1304 -0.5892 0.2204
v -0.0406 -0.5915 0.1624
v -0.3725 0.4178 -0.0988
v -0.1439 0.6682 0.1266
v -0.1953 0.5209 0.1398
v 0.0298 -0.3976 0.1404
v -0.0620 0.2243 0.2992
v -0.2955 0.4863 0.2282
v -0.0006 0.2237 0.3261
v -0.0953 -0.4572 0.2539
v -0.0384 0.0909 0.2894
v 0.0984 -0.5617 0.2256
v -0.0016 -0.2098 0.2322
v -0.1016 -0.9020 0.1586
v -0.4198 0.3202 0.0030
v -0.2244 0.3024 0.1639
v -0.5222 0.3860 0.0312
v -0.3484 0.5596 -0.0845
v -0.1463 0.1883 0.2402
v -0.1702 0.7127 0.1693
v 0.0179 -0.2159 0.1023
v -0.0355 -0.4931 0.2005
v -0.0263 0.1709 0.3518
v 0.1202 -0.4235 0.0552
v -0.0283 -0.2081 0.2751
v -0.2547 0.3030 0.1287
v -0.0669 -0.5265 0.2310
v -0.0995 -0.7818 0.1247
v -0.3188 0.3062 0.0535
v -0.0607 -0.3324 0.2630
v 0.0367 -0.4899 0.1703
v 0.0962 0.8098 0.3332
v -0.3891 0.3075 0.0229
v 0.0650 -0.5599 0.2006
v -0.0723 -0.0288 0.3166
v 0.1160 0.7123 0.3188
v -0.1704 -0.0709 0.2076
v -0.1260 0.3187 0.2640
v -0.3131 -0.0276 0.1585
v -0.1707 0.7766 0.1250
v 0.0742 0.6398 0.3123
v -0.0917 -0.9166 0.1693
v -0.3180 0.4225 0.2691
v -0.0338 0.1259 0.2962
v -0.0137 -0.2257 0.2248
v -0.0439 -0.5292 0.2005
v -0.4221 0.3458 -0.0091
v -0.3472 0.5965 -0.0800
v 0.0284 -0.3679 0.1340
v -0.2934 0.4550 0.2335
v -0.1606 0.6799 0.1682
v -0.1947 0.7636 0.0701
v -0.1475 0.2551 0.2555
v -0.0293 0.1967 0.3598
v 0.0207 -0.2364 0.1004
v -0.0034 0.2508 0.3272
v -0.1696 0.2888 0.2302
v -0.0679 0.2543 0.2979
v -0.0879 0.3069 0.2822
v 0.1007 0.7838 0.3346
v -0.0159 -0.3217 0.1910
v 0.1041 -0.9223 0.1999
v -0.0550 -0.7561 0.0741
v -0.2765 0.4960 0.1913
v -0.0297 -0.2331 0.2645
v -0.1296 0.3524 0.2544
v -0.2945 -0.0371 0.1365
v -0.1455 0.1626 0.2394
v -0.1756 0.8106 0.1355
v -0.3557 0.4502 -0.1261
v -0.0965 -0.4276 0.2577
v 0.0421 -0.5256 0.1698
v 0.0638 0.6169 0.2983
v -0.1740 -0.0375 0.2018
v -0.0622 -0.4928 0.2384
v -0.3043 0.3055 0.1161
v -0.0281 -0.5621 0.1380
v -0.1279 0.2871 0.2688
v -0.1730 -0.0089 0.2028
v 0.0854 -0.3653 0.0539
v 0.0726 0.3786 0.3229
v -0.2002 0.7602 0.0539
v -0.3169 0.4514 0.2602
v -0.2532 0.3823 0.1846
v -0.3272 0.3032 0.0696
v 0.0024 0.0341 0.2889
v -0.2674 0.3079 0.1424
v 0.0521 -0.3024 0.0542
v -0.2978 -0.0113 0.1369
v -0.1147 0.6204 0.1460
v -0.0662 -0.3633 0.2618
v 0.0313 -0.4265 0.1700
v -0.0305 0.2245 0.3599
v -0.0377 -0.2678 0.2622
v -0.3929 0.3025 0.0412
v -0.0658 0.0230 0.3213
v 0.0243 -0.2689 0.1035
v -0.2364 0.3087 0.1731
v -0.1654 0.5384 0.0653
v -0.4232 0.3038 0.0161
v -0.0277 -0.4304 0.2033
v -0.0791 -0.9538 0.1419
v -0.0314 0.0616 0.2986
v -0.1652 0.3476 0.2405
v -0.0031 0.1593 0.3276
v -0.0322 -0.5967 0.1381
v -0.0522 -0.4576 0.2433
v 0.0972 0.7488 0.3365
v -0.3671 0.4192 -0.1249
v -0.0628 0.1595 0.3012
v -0.1973 0.0287 0.2644
v 0.0757 -0.6203 0.1860
v -0.3530 0.0028 -0.0235
v 0.0907 -0.9516 0.2014
v -0.3716 0.3909 -0.1291
v 0.1001 -0.5823 0.2198
v 0.0006 0.1906 0.3299
v -0.3136 -0.0208 0.1562
v -0.0378 0.2518 0.3522
v -0.0367 -0.2963 0.2543
v -0.0915 -0.4791 0.2495
v -0.0639 -0.0058 0.3231
v 0.0943 -0.3993 0.0582
v -0.0504 -0.4383 0.2454
v -0.0648 0.1928 0.3020
v -0.2928 0.3028 0.0978
v -0.0951 -0.9943 0.1679
v -0.0314 -0.4572 0.2024
v -0.1716 0.0220 0.2016
v -0.3563 0.5166 -0.0881
v -0.0944 0.1257 0.3259
v -0.0622 -0.3961 0.2583
v -0.1292 0.6451 0.1338
v -0.0162 -0.3606 0.1863
v -0.1720 0.7517 0.1425
v 0.0715 -0.5894 0.1962
v 0.0887 0.5933 0.2825
v -0.0794 -0.9748 0.1381
v 0.0351 -0.4569 0.1706
v -0.3564 0.0248 -0.0328
v -0.0918 0.2825 0.2854
v -0.0384 -0.6249 0.1358
v -0.1962 -0.0042 0.2654
v -0.1719 0.3168 0.2403
v 0.0259 -0.3353 0.1356
v 0.0730 0.4056 0.3159
v 0.0936 -0.9827 0.2016
v -0.2018 0.4940 0.1763
v 0.0279 -0.3017 0.1018
v -0.1316 0.5531 0.1013
v 0.0917 0.0235 0.3250
v 0.0037 -0.2096 0.1074
v -0.1608 0.4197 0.2238
v 0.1222 0.1265 0.3185
v -0.3428 0.5639 0.0494
v -0.2937 0.4976 0.1042
v 0.0994 -0.3682 0.2633
v -0.3920 0.4655 0.0285
v 0.1322 -0.9990 0.1691
v 0.0459 -0.5781 0.1534
v -0.3743 0.3619 -0.1296
v -0.2752 0.5138 0.1673
v -0.0229 -0.2711 0.0619
v 0.0227 -0.2113 0.2329
v -0.0869 -0.5117 0.0529
v 0.0291 0.2255 0.3280
v -0.0645 -0.3644 0.0559
v 0.1223 -0.4810 0.2490
v -0.1197 0.6223 0.2014
v -0.0155 -0.3914 0.1440
v -0.2616 0.3281 0.1880
v 0.0617 -0.3045 0.2609
v -0.2881 -0.0200 0.1890
v 0.0678 0.2477 0.3491
v 0.0727 0.3159 0.3326
v -0.0776 -0.9510 0.2014
v 0.0754 -0.7841 0.0627
v -0.1806 0.1957 0.1365
v -0.2300 0.5127 0.1317
v -0.0211 -0.4280 0.1384
v 0.0997 0.1609 0.3026
v -0.0744 0.7495 0.3416
v -0.1728 0.1308 0.1711
v 0.0928 -0.9539 0.1389
v -0.1949 0.2871 0.1699
v 0.1435 -0.8062 0.1187
v -0.4227 0.4425 0.0141
v 0.0569 -0.6313 0.1428
v -0.5204 0.2761 0.0200
v -0.1562 0.1623 0.0664
v -0.2837 0.5366 0.0775
v -0.1798 -0.9599 0.2846
v -0.2644 0.3508 0.1867
v 0.0605 -0.2687 0.2659
v 0.0581 0.2268 0.3493
v 0.0946 -0.3953 0.2613
v 0.0736 0.3476 0.3307
v -0.0068 -0.2356 0.1037
v -0.0847 -0.4896 0.0546
v 0.0261 0.2528 0.3211
v -0.0279 -0.3020 0.0672
v -0.2375 0.4289 0.1804
v -0.1637 0.1922 0.0684
v 0.0946 0.1931 0.2968
v -0.1370 0.6451 0.2009
v -0.0142 -0.3645 0.1389
v -0.3571 0.5769 0.0323
v -0.0629 -0.3969 0.0619
v -0.3731 0.3219 -0.1250
v 0.0976 -0.0074 0.3259
v -0.1799 0.1620 0.1314
v -0.3269 0.4961 0.0619
v 0.0308 -0.2357 0.2322
v -0.3811 0.4724 0.0349
v -0.0228 -0.4569 0.1390
v 0.1370 -0.8592 0.1212
v -0.1750 0.1031 0.1715
v -0.0765 -0.9785 0.1988
v 0.0500 -0.6055 0.1463
v 0.0812 0.0628 0.3118
v -0.3505 0.6868 0.0034
v -0.1811 0.7258 0.2252
v -0.2542 -0.0133 0.2267
v -0.4427 0.3717 -0.0129
v -0.0645 0.5918 0.2847
v 0.0982 -0.9830 0.1404
v -0.1624 0.3864 0.2322
v -0.2917 0.7447 0.1335
v 0.0325 -0.3312 0.1997
v -0.1715 0.2211 0.0672
v -0.0945 -0.4584 0.0542
v -0.2300 0.4578 0.1774
v -0.4275 0.4023 -0.0103
v 0.0364 -0.3976 0.2007
v 0.0193 0.0316 0.2820
v -0.2566 -0.0282 0.2246
v -0.0233 -0.4923 0.1382
v -0.0689 -0.5576 0.2223
v -0.2622 0.7607 0.1010
v 0.0576 -0.5291 0.2015
v 0.0970 0.2227 0.2957
v 0.0665 0.1275 0.3053
v 0.1168 -0.9045 0.1744
v -0.3152 0.6821 0.1240
v -0.0901 0.6803 0.3201
v -0.1178 0.3789 0.2515
v 0.1104 -0.8932 0.1257
v -0.0537 -0.3330 0.0538
v 0.0706 0.2852 0.3325
v -0.0332 0.6177 0.3016
v -0.3483 0.0300 -0.0621
v 0.0331 0.1592 0.3307
v -0.2361 0.7601 0.0668
v 0.0916 -0.0295 0.3166
v -0.3628 0.6511 -0.0039
v 0.0362 -0.2673 0.2306
v 0.1294 -0.4276 0.2572
v 0.0768 -0.6575 0.1609
v -0.0643 0.8110 0.3407
v 0.0579 -0.2298 0.2735
v -0.1881 0.2537 0.1373
v 0.1011 -0.3319 0.2653
v -0.1807 0.0549 0.1167
v 0.0956 -0.5248 0.2360
v -0.0113 -0.2696 0.1007
v 0.0338 -0.3626 0.1986
v 0.0533 -0.4945 0.2091
v 0.0452 -0.5535 0.1644
v 0.0952 0.2539 0.2917
v -0.3459 0.5272 0.0291
v -0.0249 -0.5278 0.1432
v -0.1553 0.4489 0.2183
v -0.2257 -0.0021 0.2569
v 0.1359 -0.8951 0.1641
v -0.2307 0.4852 0.1682
v 0.1386 -0.4612 0.2527
v 0.0772 0.0932 0.3027
v -0.5545 0.2565 0.0351
v -0.3210 0.7164 0.1275
v -0.1759 0.2488 0.0549
v 0.0280 0.1937 0.3278
v -0.1769 0.0695 0.1771
v -0.2823 -0.0336 0.1941
v -0.3654 0.2760 -0.1251
v -0.2656 0.4962 0.1402
v 0.0969 -0.4938 0.2448
v -0.0142 -0.2983 0.1021
v -0.3671 0.6166 0.0023
v -0.0957 0.7144 0.3256
v 0.1010 -0.9195 0.1361
v -0.1831 0.2244 0.1394
v 0.0810 -0.8054 0.0538
v -0.0121 -0.3348 0.1393
v -0.0461 -0.5538 0.1928
v -0.2949 0.5113 0.0670
v 0.0425 -0.3051 0.2351
v 0.1322 -0.7857 0.1263
v -0.0960 -0.4259 0.0570
v 0.0670 -0.2016 0.2792
v -0.4232 0.4259 0.0015
v -0.0749 0.7823 0.3413
v -0.1791 0.8189 0.1950
v -0.0647 0.6556 0.3206
v -0.1760 0.1915 0.0921
v 0.0689 -0.0362 0.3021
v -0.2338 -0.0001 0.2351
v -0.0120 -0.2330 0.0675
v 0.0915 0.2856 0.2956
v -0.0947 -0.9943 0.2016
v -0.3278 0.4905 0.1010
v -0.3635 0.3151 -0.0995
v -0.0217 -0.4572 0.1706
v -0.1854 0.7835 0.2262
v 0.1317 0.1647 0.2980
v -0.1313 0.4229 0.2344
v -0.0135 -0.3662 0.1701
v 0.0478 -0.6194 0.1308
v 0.0808 -0.1833 0.2802
v 0.0971 -0.4793 0.2491
v -0.4155 0.4087 -0.0140
v -0.3213 0.5521 0.0646
v 0.0600 -0.5978 0.1708
v -0.1841 -0.0063 0.1129
v -0.2891 0.5822 0.0974
v 0.0445 -0.4568 0.2023
v -0.4872 0.3161 0.0026
v -0.0940 -0.5858 0.2195
v -0.1459 0.1423 0.0549
v -0.3573 0.2405 -0.1266
v -0.0948 -0.3968 0.0560
v -0.0626 -0.4883 0.0622
v 0.1329 -0.3631 0.2635
v -0.2271 0.7638 0.1011
v -0.1912 0.4828 0.1898
v 0.0976 -0.9853 0.1663
v -0.2648 0.4256 0.1749
v -0.3642 0.6215 -0.0316
v 0.1222 0.0226 0.3181
v -0.2305 0.3512 0.1997
v 0.0978 0.1283 0.3266
v 0.0691 0.2231 0.3285
v 0.0444 -0.5914 0.1341
v -0.0018 0.6160 0.3042
v 0.1334 -0.9985 0.1372
v 0.0827 -0.5574 0.0538
v 0.0016 -0.2018 0.0718
v 0.0617 -0.0728 0.3088
v -0.3683 0.3487 -0.0937
v -0.1526 0.6637 0.2104
v -0.2880 0.4996 0.0632
v -0.2653 0.3945 0.1797
v 0.0795 -0.7144 0.1268
v -0.0151 -0.3963 0.1696
v -0.1831 0.8131 0.2243
v -0.4198 0.3857 -0.0179
v -0.2862 0.6515 0.1280
v -0.0564 0.7499 0.3477
v 0.0408 -0.4304 0.2029
v -0.0975 0.7503 0.3287
v -0.2642 0.5143 0.1380
v -0.0874 -0.3731 0.0529
v -0.1945 0.4545 0.1965
v -0.2282 0.3191 0.1990
v 0.0625 0.2539 0.3337
v -0.3317 0.7354 0.1195
v -0.1294 0.3904 0.2441
v -0.1788 0.1316 0.1465
v 0.0810 -0.7752 0.0861
v -0.0178 -0.4247 0.1676
v 0.0294 0.2162 0.3488
v 0.0448 -0.2681 0.2547
v 0.1294 0.1861 0.2954
v -0.0602 -0.5251 0.0624
v -0.2244 0.5027 0.1554
v 0.1232 -0.0084 0.3166
v -0.3564 0.6525 -0.0360
v -0.1821 0.0221 0.1161
v -0.3296 0.5942 0.0757
v 0.1254 -0.3988 0.2616
v 0.0687 -0.6264 0.1683
v -0.2822 0.5356 0.0982
v -0.3568 0.4793 0.0356
v -0.4884 0.3506 -0.0040
v 0.0904 -0.9506 0.1678
v -0.2012 0.2843 0.1405
v -0.1735 0.1572 0.0992
v -0.0566 0.7821 0.3475
v -0.1237 0.4807 0.2188
v 0.0673 0.1622 0.3213
v -0.0944 -0.9190 0.1997
v 0.0208 0.2856 0.3157
v -0.0648 -0.4272 0.0651
v -0.2856 0.6798 0.1379
v -0.0301 -0.5268 0.1720
v -0.0996 0.7812 0.3268
v 0.0745 -0.6858 0.1365
v 0.1316 -0.5295 0.2373
v 0.0415 -0.5612 0.1346
v 0.1384 -0.3334 0.2646
v -0.4883 0.2925 0.0128
v -0.1644 0.6791 0.2019
v -0.1911 -0.0713 0.1044
v -0.0637 0.7165 0.3422
v 0.0930 -0.4282 0.2572
v 0.1150 -0.0295 0.3150
v 0.1309 -0.8846 0.1387
v -0.2430 0.4993 0.1494
v 0.0374 -0.2298 0.2606
v 0.1218 0.2240 0.2838
v -0.0122 -0.3323 0.1715
v 0.0299 0.2011 0.3481
v 0.1030 -0.9186 0.1684
v 0.0680 0.0276 0.3027
v -0.4563 0.3881 -0.0025
v -0.1947 0.4241 0.2044
v -0.2653 0.4850 0.1634
v -0.3498 0.6726 -0.0258
v 0.0457 -0.5122 0.1855
v -0.2944 0.5143 0.0985
v 0.0869 0.3178 0.3003
v -0.0172 -0.3657 0.1196
v 0.0872 -0.7574 0.1132
v 0.1100 -0.7801 0.1248
v -0.1847 0.7507 0.2247
v -0.2848 0.7127 0.1447
v -0.0962 0.8110 0.3253
v -0.4486 0.4154 0.0105
v -0.2742 0.7566 0.0668
v -0.2035 0.3865 0.2083
v 0.0270 -0.2059 0.2626
v -0.1273 0.4559 0.2265
v -0.1776 0.7082 0.1983
v -0.0638 0.6811 0.3328
v -0.0233 -0.4889 0.1705
v 0.1313 -0.4973 0.2450
v -0.1874 -0.0399 0.1085
v 0.0897 0.3528 0.3072
v 0.0445 -0.4880 0.1937
v -0.0916 -0.5618 0.2269
v 0.0531 -0.5697 0.1727
v 0.0966 -0.4600 0.2525
v -0.0178 -0.3972 0.1325
v 0.0642 -0.0092 0.3063
v -0.5608 0.3580 0.0294
v -0.2294 -0.0263 0.2312
v 0.0515 0.1996 0.3298
v -0.0143 -0.2639 0.0787
v -0.1832 0.2585 0.1634
v 0.0641 -0.6603 0.1358
v -0.2652 0.4554 0.1700
v -0.0645 -0.4608 0.0623
v -0.5222 0.2650 0.0332
v 0.1143 0.2476 0.2841
v 0.0944 -0.7838 0.1032
v 0.0882 0.2600 0.3299
v 0.0829 0.3160 0.3473
v -0.2508 0.5767 0.1075
v 0.1332 -0.7432 0.1507
v -0.1434 0.0572 0.0583
v -0.1325 0.6770 0.2653
v -0.1504 0.6573 0.2249
v 0.1107 -0.1382 0.2807
v -0.1819 0.8101 0.2044
v 0.0628 0.0957 0.3203
v -0.0449 -0.4880 0.0739
v -0.2964 0.4232 0.1705
v -0.0835 -0.9498 0.2367
v 0.0338 -0.0092 0.3283
v -0.2004 -0.0432 0.1390
v 0.1369 -0.2718 0.2670
v 0.0483 -0.4196 0.2247
v 0.0943 -0.8866 0.0691
v -0.3893 0.3869 -0.0239
v -0.0331 0.6456 0.3224
v 0.0971 -0.0701 0.2957
v -0.0028 0.7143 0.3567
v 0.0637 -0.5622 0.0694
v -0.1107 0.7229 0.3120
v -0.2367 0.7537 0.1372
v -0.1588 0.7836 0.2606
v 0.1280 0.0544 0.2881
v -0.1849 0.2561 0.0686
v -0.0088 -0.2720 0.1698
v -0.0240 -0.3977 0.1042
v -0.1823 0.0512 0.1682
v 0.0910 -0.7255 0.1392
v -0.0938 -0.6275 0.2015
v -0.2492 0.6148 0.1248
v -0.1602 -0.0674 0.0697
v 0.0527 -0.6622 0.1109
v -0.3573 0.4764 0.0151
v -0.1423 0.7154 0.2701
v 0.1334 -0.7223 0.1591
v 0.0586 -0.6908 0.1030
v 0.0998 -0.1691 0.2788
v 0.1297 -0.3029 0.2661
v 0.0471 -0.5611 0.1047
v -0.0438 -0.5235 0.0771
v 0.0320 0.0252 0.3307
v -0.2312 -0.0096 0.2042
v -0.1711 0.0612 0.0988
v -0.2661 0.5380 0.0961
v -0.2047 -0.0715 0.1339
v -0.0961 -0.9909 0.2373
v 0.0484 -0.6638 0.0842
v -0.4481 0.4395 0.0418
v 0.0669 0.1309 0.3205
v -0.3911 0.4176 -0.0170
v -0.3679 0.5165 -0.0314
v -0.5588 0.2859 0.0158
v -0.1858 0.7797 0.2070
v -0.2934 0.3897 0.1750
v -0.2629 0.4950 0.0683
v -0.1057 0.6770 0.3010
v -0.0914 -0.6011 0.2132
v -0.1555 0.5062 0.1908
v -0.3576 0.4536 0.0031
v 0.0655 0.2887 0.2998
v -0.0052 0.6858 0.3496
v -0.0106 -0.3048 0.1700
v -0.3439 0.0367 -0.0837
v 0.0948 -0.0412 0.2976
v 0.0908 -0.9253 0.0639
v -0.2962 0.5171 0.1372
v -0.1585 -0.0361 0.0731
v -0.2483 0.6488 0.1385
v -0.0207 -0.3617 0.1007
v -0.1612 0.8126 0.2590
v 0.0985 -0.7529 0.1319
v -0.0315 0.7513 0.3553
v 0.1340 -0.9983 0.1067
v 0.0455 -0.5969 0.1093
v -0.3354 0.4665 0.1474
v 0.0630 0.3480 0.2928
v -0.2957 0.4851 0.1702
v -0.1834 0.7503 0.2015
v 0.0479 0.2618 0.3111
v 0.1272 0.0999 0.2885
v 0.0733 -0.4569 0.2490
v -0.1562 -0.0097 0.0742
v -0.0767 -0.6443 0.1866
v -0.1805 0.0781 0.1622
v -0.3388 0.6308 0.0834
v 0.0060 -0.2161 0.1730
v 0.0924 0.1825 0.3173
v -0.1830 0.3810 0.2234
v 0.0680 -0.7193 0.1025
v -0.4582 0.4256 0.0281
v -0.0243 0.3800 0.2849
v -0.3678 0.5497 -0.0377
v 0.1333 -0.6925 0.1720
v 0.0990 -0.0085 0.3026
v -0.1675 0.7124 0.2364
v -0.2582 0.5164 0.1041
v 0.1056 -0.8503 0.0996
v -0.1206 0.6204 0.2603
v -0.2318 0.5253 0.0704
v -0.3280 0.7472 0.0994
v 0.1329 -0.1959 0.2703
v -0.3584 0.4336 -0.0115
v -0.0421 -0.4270 0.0790
v -0.1734 0.1321 0.1025
v -0.0318 0.7826 0.3551
v 0.0503 -0.3726 0.2397
v -0.2478 0.6782 0.1482
v -0.1566 -0.9524 0.2853
v 0.0617 0.0602 0.3201
v 0.0278 -0.0691 0.3225
v -0.1890 0.0282 0.1383
v -0.5498 0.3474 0.0150
v 0.0830 0.2855 0.3473
v 0.0549 -0.6291 0.0704
v -0.1445 0.0922 0.0571
v 0.0898 -0.9523 0.0696
v -0.0043 0.5839 0.2904
v -0.2385 -0.0313 0.2034
v -0.1780 0.1631 0.1467
v -0.2048 0.2800 0.1035
v -0.0940 0.6479 0.2963
v -0.0977 -0.9257 0.2353
v 0.0959 0.0322 0.3074
v -0.1292 0.4914 0.2117
v -0.0038 -0.2321 0.1675
v 0.1353 0.1239 0.2971
v -0.0182 -0.3278 0.0960
v -0.1782 0.1857 0.1479
v 0.1028 -0.8144 0.0971
v -0.3672 0.5841 -0.0292
v -0.2873 0.6188 0.1144
v -0.4861 0.2792 0.0273
v -0.1613 0.6804 0.2341
v -0.3263 0.4769 0.1330
v -0.2948 0.4529 0.1662
v -0.1286 0.6436 0.2622
v 0.0777 -0.7532 0.0982
v -0.0419 -0.4601 0.0773
v 0.0459 -0.6268 0.1094
v -0.1505 0.0236 0.0692
v 0.0631 0.3214 0.2968
v 0.0855 -0.6983 0.1473
v 0.0311 -0.0390 0.3263
v 0.0527 -0.3953 0.2404
v -0.1642 -0.9835 0.2873
v -0.1927 -0.0086 0.1332
v 0.0977 0.1617 0.3292
v 0.1324 -0.2330 0.2690
v -0.1557 0.7521 0.2589
v -0.5609 0.3199 0.0097
v -0.1735 0.0959 0.1040
v -0.0331 0.8116 0.3507
v 0.0608 -0.5943 0.0674
v 0.0693 -0.4277 0.2524
v -0.0946 0.6122 0.2862
v 0.0980 -0.9839 0.0684
v -0.1464 0.1181 0.0577
v -0.0328 0.6774 0.3400
v -0.3005 0.7546 0.0767
v -0.3235 0.4186 0.1676
v 0.0525 -0.6895 0.0668
v -0.3563 0.3879 -0.0226
v -0.0022 0.8128 0.3564
v -0.1011 -0.9316 0.2568
v -0.0329 -0.5208 0.1034
v 0.0965 0.0592 0.3011
v -0.1114 0.8096 0.3111
v -0.3652 0.5904 0.0140
v -0.1776 0.2476 0.1780
v -0.1377 0.6417 0.2352
v -0.1561 0.0609 0.0756
v -0.2564 0.5394 0.0754
v -0.1470 0.6960 0.2554
v 0.0478 -0.6511 0.0931
v -0.3362 0.7058 0.1146
v -0.0014 0.6702 0.3423
v -0.4960 0.2709 0.0370
v 0.1216 -0.0738 0.2839
v 0.0250 -0.2404 0.2005
v -0.1983 -0.0693 0.1641
v -0.0646 -0.5954 0.2016
v 0.0959 0.3536 0.3330
v -0.0104 -0.3042 0.1350
v 0.0983 -0.2711 0.2688
v 0.0625 -0.3952 0.2528
v -0.2633 0.4963 0.0983
v -0.1844 0.2256 0.1036
v 0.0982 -0.9218 0.1006
v -0.0789 -0.9754 0.2268
v -0.0152 -0.3327 0.1147
v -0.1722 0.7497 0.2411
v 0.0668 -0.0083 0.3198
v -0.1822 0.7191 0.2082
v -0.3607 0.6773 0.0352
v -0.1750 -0.0411 0.0918
v 0.0580 -0.4285 0.2405
v -0.2628 -0.0100 0.2002
v 0.1300 -0.1327 0.2726
v 0.0714 0.1901 0.3056
v 0.0439 -0.3319 0.2321
v 0.0354 0.0968 0.3315
v -0.2964 0.5155 0.1684
v -0.0352 -0.3657 0.0717
v 0.0642 0.1621 0.3063
v -0.0700 -0.6196 0.1948
v 0.0384 0.2860 0.3101
v -0.1132 0.7870 0.3133
v 0.0890 -0.7952 0.0818
v 0.1210 -0.7563 0.1426
v -0.3629 0.5522 0.0051
v -0.0046 0.7816 0.3606
v -0.3868 0.4501 0.0058
v -0.1765 0.2248 0.1699
v 0.0595 -0.4566 0.2339
v -0.0322 -0.4882 0.1001
v 0.0186 -0.2122 0.2055
v -0.1908 -0.0377 0.1734
v -0.2711 0.7550 0.1303
v 0.1275 -0.0342 0.2945
v -0.1212 0.6223 0.2340
v -0.3368 0.6850 0.1072
v -0.0304 0.5878 0.2897
v -0.1546 0.7218 0.2537
v -0.0791 -0.9597 0.2280
v -0.1396 0.8155 0.2773
v 0.0608 0.0268 0.3195
v 0.1042 -0.8926 0.1046
v -0.1456 -0.0376 0.0580
v 0.0663 -0.3635 0.2574
v 0.0347 0.1313 0.3314
v -0.0356 -0.3945 0.0773
v -0.5265 0.2860 0.0144
v -0.4241 0.4526 0.0327
v -0.1905 0.2537 0.1000
v 0.0978 0.3168 0.3311
v 0.0542 -0.6596 0.0620
v -0.1241 0.5140 0.1963
v -0.3254 0.3858 0.1696
v 0.1056 -0.7165 0.1548
v -0.1850 0.0611 0.1395
v -0.1771 -0.0617 0.0896
v -0.3514 0.7058 0.0365
v 0.1295 -0.1642 0.2717
v -0.3576 0.4212 -0.0241
v 0.0958 -0.3047 0.2667
v -0.0075 -0.2704 0.1406
v -0.0004 0.3870 0.2878
v 0.0654 -0.4900 0.2313
v -0.0330 -0.3367 0.0680
v 0.1354 -0.1021 0.2690
v -0.3267 0.6575 0.1053
v -0.0249 0.6963 0.3503
v 0.0451 -0.3653 0.2282
v -0.3921 0.4295 -0.0092
v 0.0527 -0.0621 0.3142
v -0.3618 0.5106 -0.0067
v -0.1727 0.1922 0.1714
v 0.0358 0.0615 0.3307
v -0.3578 0.3653 -0.0647
v -0.1667 0.4557 0.2114
v -0.0047 -0.2350 0.1408
v 0.0892 -0.8222 0.0654
v -0.1799 0.1321 0.1316
v -0.0654 0.6147 0.2940
v -0.1799 0.1703 0.1175
v -0.0946 -0.9838 0.2641
v -0.0047 0.7508 0.3605
v -0.1418 -0.0082 0.0567
v -0.1688 0.0226 0.0949
v 0.0970 -0.1939 0.2767
v -0.5233 0.3531 0.0065
v -0.3219 0.4697 0.1505
v 0.0668 -0.7535 0.0725
v -0.0303 -0.4546 0.1020
v -0.1131 0.7516 0.3130
v 0.0664 0.2561 0.3064
v -0.3594 0.6139 0.0395
v 0.1269 -0.8537 0.1156
v -0.1887 -0.0092 0.1721
v 0.0519 -0.6030 0.0865
v 0.1145 0.1828 0.3177
v -0.2471 0.7124 0.1540
v -0.1568 0.0994 0.0742
v 0.1312 -0.0112 0.2995
v 0.0319 0.3487 0.2953
v 0.0975 -0.6866 0.1648
v 0.0977 0.0976 0.2993
v -0.1262 -0.9534 0.2849
v 0.0304 -0.3008 0.1987
v -0.3545 0.4540 -0.0166
v -0.2934 0.7571 0.1003
v 0.1002 -0.9826 0.1057
v -0.1784 0.8121 0.2402
v -0.5196 0.3230 0.0015
v -0.1382 0.0238 0.0538
v 0.0090 -0.2148 0.1325
v -0.1811 0.1006 0.1396
v -0.0658 0.6377 0.3080
v 0.1318 -0.9985 0.0723
v -0.3170 0.6243 0.1004
v -0.0327 0.7196 0.3519
v 0.0454 -0.3969 0.2229
v -0.0002 0.6479 0.3284
v 0.0537 -0.0397 0.3174
v -0.3260 0.4551 0.1613
v -0.2963 0.4882 0.1396
v -0.1722 -0.0043 0.0961
v 0.0948 0.2873 0.3313
v -0.2634 -0.0371 0.1979
v 0.0655 -0.3341 0.2595
v 0.0944 -0.2332 0.2727
v -0.3480 0.3283 -0.0689
v 0.0573 -0.7224 0.0670
v 0.0963 -0.6624 0.1775
v -0.0561 -0.5631 0.2062
v -0.2654 0.5171 0.0694
v 0.0738 -0.5271 0.2276
v 0.0929 -0.8562 0.0665
v -0.0959 -0.9488 0.2654
v -0.1609 0.4879 0.2018
v 0.1241 0.1626 0.3199
v -0.3646 0.4789 -0.0280
v -0.1812 0.1960 0.1103
v -0.1577 0.1295 0.0734
v -0.0292 -0.4264 0.1034
v -0.3216 0.7465 0.0654
v -0.2299 0.5227 0.0994
v 0.0289 -0.2680 0.2036
v -0.3627 0.6503 0.0335
v 0.1262 -0.8211 0.1140
v -0.1723 0.1636 0.1691
v -0.0953 -0.6547 0.1872
v 0.0943 -0.9525 0.1009
v 0.0283 0.3148 0.3060
v -0.1747 0.7724 0.2440
v -0.1464 0.7426 0.2699
v 0.1332 0.0264 0.2979
v -0.2010 0.2813 0.0671
v 0.0697 0.2274 0.3093
v 0.1001 0.1312 0.3037
v -0.1259 -0.9836 0.2881
v -0.1860 0.0273 0.1664
v -0.1727 0.6814 -0.1210
v -0.1313 0.9065 0.2659
v -0.0353 0.1917 -0.3609
v -0.1615 0.8791 0.2333
v -0.0123 0.4964 -0.1752
v -0.3464 0.7369 0.0760
v -0.0692 0.2931 -0.2994
v -0.0302 -0.1001 0.0033
v -0.1246 0.7110 -0.0952
v -0.4744 0.2730 0.0526
v -0.2784 0.0497 -0.1177
v -0.2616 0.1532 -0.1151
v -0.1260 0.2235 0.0121
v 0.1300 0.1412 -0.1957
v -0.3574 0.4513 0.1561
v -0.1640 0.3351 -0.0045
v 0.0916 0.0920 -0.1582
v -0.0319 0.8788 0.3306
v -0.2964 0.3867 -0.0082
v -0.2146 0.1501 -0.1076
v 0.1393 0.2868 -0.2245
v 0.0772 -0.5870 0.0484
v -0.0979 -0.2000 0.0308
v 0.1129 -0.6830 -0.0130
v -0.2607 0.7212 -0.0294
v -0.4400 0.4296 0.1150
v -0.1279 0.1272 0.0370
v 0.1001 -0.9850 0.0325
v -0.2865 0.7485 0.0439
v -0.1737 0.8458 0.2346
v -0.1295 0.2558 -0.0010
v -0.3918 0.4512 0.1345
v -0.0032 0.2669 -0.3291
v -0.3253 0.0570 -0.0935
v -0.2976 0.4225 -0.0084
v -0.4692 0.4292 0.0658
v -0.1270 0.2872 -0.0163
v -0.2602 0.7359 0.0019
v 0.1033 -0.6293 0.0151
v -0.2158 0.1929 -0.0842
v -0.2330 0.5137 0.0354
v -0.0306 0.2794 -0.3112
v -0.0355 0.8471 0.3419
v -0.0966 0.9050 0.2958
v -0.5239 0.2837 0.1291
v 0.0695 -0.6253 0.0408
v -0.1261 0.0940 0.0378
v 0.0914 -0.9552 0.0308
v -0.0938 -0.2369 0.0354
v -0.1198 0.9363 0.2337
v -0.0234 0.1700 -0.3543
v -0.0713 0.0352 -0.3111
v -0.0633 0.1216 -0.3442
v 0.0605 0.1198 -0.2208
v -0.0947 -0.2715 0.0397
v -0.3121 0.2913 -0.0594
v -0.5606 0.2527 0.1273
v -0.1630 0.2837 0.0029
v -0.3582 0.3868 0.1643
v 0.0385 0.0170 -0.2224
v -0.3255 0.4198 -0.0160
v -0.0637 -0.1635 0.0247
v -0.1543 0.6106 -0.1236
v -0.3017 0.0337 -0.0979
v -0.4469 0.4436 0.0692
v -0.1377 0.8431 0.2767
v 0.1291 0.3331 -0.2139
v -0.2959 0.4583 -0.0021
v 0.0936 0.0609 -0.1597
v -0.5256 0.3563 0.1395
v -0.0309 0.2573 -0.3547
v -0.0118 -0.0063 -0.2536
v -0.4939 0.2670 0.1009
v -0.2647 0.4956 0.0219
v -0.0019 0.9306 0.3158
v 0.1005 -0.7501 -0.0174
v 0.1323 -0.6562 -0.0055
v -0.0632 0.9411 0.2985
v -0.2948 0.0905 -0.1228
v 0.0922 -0.9243 0.0321
v -0.0236 0.0031 -0.2839
v -0.3509 0.6885 0.0883
v -0.0992 0.8732 0.3023
v -0.0324 -0.1374 0.0108
v -0.0646 0.3197 -0.2806
v -0.1249 0.3551 -0.0261
v 0.0375 0.0059 -0.2379
v -0.0329 0.2225 -0.3699
v -0.5241 0.3202 0.1391
v -0.3180 0.0387 -0.1204
v -0.1284 0.0587 0.0424
v 0.0608 0.1069 -0.2162
v -0.2959 0.4809 0.0146
v -0.1374 0.8783 0.2749
v -0.1197 0.1991 0.0176
v -0.0942 -0.3027 0.0434
v -0.1716 0.6467 -0.1325
v -0.0693 -0.1407 0.0216
v -0.1494 0.8978 0.2331
v 0.0917 -0.8869 0.0325
v -0.0630 0.9593 0.2855
v -0.1255 0.3162 -0.0238
v -0.0300 0.0178 -0.2984
v -0.3578 0.4254 0.1635
v -0.3283 0.3924 -0.0154
v 0.1020 -0.7227 -0.0171
v -0.0287 0.9049 0.3198
v -0.4246 0.4474 0.1043
v -0.1073 0.8437 0.3067
v -0.0269 -0.1583 0.0186
v -0.2153 0.7298 -0.0261
v -0.2614 0.4432 0.0384
v -0.0024 0.8445 0.3496
v -0.3479 0.7185 0.1002
v -0.1229 0.0232 0.0392
v 0.1258 -0.6902 -0.0171
v -0.0627 -0.2335 0.0364
v 0.1434 0.1507 -0.2159
v -0.3900 0.4397 0.1543
v 0.1365 -0.9992 0.0313
v -0.3238 0.0588 -0.1201
v -0.1651 0.7076 -0.0969
v 0.0053 0.0203 -0.2993
v -0.0254 0.8361 0.3480
v -0.1004 -0.0999 0.0221
v -0.4604 0.4232 0.1026
v -0.0134 0.4664 -0.1919
v 0.0639 -0.7201 0.0333
v -0.0647 0.9062 0.3085
v 0.0001 -0.1608 0.0111
v -0.0639 0.4368 -0.2110
v 0.0908 -0.8585 0.0268
v -0.0019 0.9055 0.3247
v -0.2608 0.5095 0.0396
v -0.1303 0.6813 -0.1238
v -0.1981 0.7148 -0.0615
v 0.1090 0.1324 -0.1770
v -0.0632 0.3511 -0.2610
v -0.2633 0.1952 -0.0924
v -0.3277 0.7354 0.0439
v -0.2142 0.7397 -0.0040
v -0.0040 0.2254 -0.3672
v -0.3535 0.6383 0.0644
v 0.1441 -0.6043 0.0195
v -0.3277 0.3711 -0.0113
v 0.0854 -0.7215 -0.0063
v -0.3455 0.4734 0.1255
v -0.1950 0.2877 0.0368
v -0.2125 0.7247 -0.0381
v -0.3360 0.4342 -0.0122
v -0.0673 -0.1955 0.0299
v -0.3510 0.7298 0.0876
v -0.0688 0.0572 -0.3226
v 0.0851 -0.8232 0.0289
v -0.1643 0.2857 -0.0304
v -0.2943 0.0598 -0.0996
v -0.0018 -0.1335 -0.0002
v -0.4756 0.2762 0.1090
v -0.1267 -0.0095 0.0418
v -0.1522 0.2604 0.0112
v 0.0161 0.0076 -0.2867
v -0.5578 0.2888 0.1387
v 0.0669 -0.7499 0.0356
v 0.0904 0.0987 -0.1870
v 0.1279 -0.6267 0.0106
v -0.3577 0.4627 0.1386
v -0.0181 -0.0035 -0.2728
v -0.0016 0.2533 -0.3549
v -0.0117 0.5492 -0.1476
v 0.0863 -0.7526 -0.0058
v -0.3269 0.0265 -0.0931
v -0.3267 0.4563 0.0003
v 0.0101 0.2771 -0.3122
v -0.1567 0.8427 0.2628
v -0.1149 0.6096 -0.1251
v -0.2072 0.5877 -0.1241
v -0.1335 0.2759 -0.0099
v -0.2137 0.4371 0.0449
v -0.3056 0.4174 -0.0138
v -0.0135 0.1503 -0.3496
v 0.0977 -0.6601 0.0018
v 0.1323 -0.7540 -0.0265
v -0.1559 0.3528 -0.0215
v 0.1090 0.3343 -0.2344
v -0.0360 0.2708 -0.3277
v -0.0933 -0.1322 0.0235
v -0.0626 -0.3000 0.0470
v -0.1298 -0.0380 0.0423
v -0.3145 0.0809 -0.1295
v -0.3946 0.3890 0.1569
v -0.5576 0.3486 0.1355
v -0.0113 0.5245 -0.1601
v -0.4225 0.4600 0.0673
v 0.0652 -0.6611 0.0339
v -0.5331 0.2632 0.1239
v -0.3543 0.7172 0.0673
v -0.1194 0.9297 0.2622
v 0.0779 0.0339 -0.2233
v -0.1363 0.9155 0.2324
v -0.1301 0.6419 -0.1356
v 0.0625 -0.6893 0.0343
v -0.0021 0.8733 0.3393
v -0.3926 0.4234 0.1587
v -0.1548 0.8723 0.2581
v 0.0864 0.0742 -0.1814
v -0.0637 0.4064 -0.2284
v 0.1326 -0.7199 -0.0238
v -0.3244 0.4727 0.0164
v -0.0908 0.9375 0.2874
v -0.4887 0.2661 0.0674
v -0.4471 0.4392 0.0890
v -0.2968 0.0394 -0.1228
v 0.0026 0.1908 -0.3579
v -0.1282 -0.0669 0.0387
v -0.0006 -0.1012 -0.0022
v 0.0362 0.1003 -0.2152
v 0.0933 -0.6895 -0.0074
v -0.5556 0.3163 0.1452
v -0.0980 -0.1685 0.0274
v -0.3565 0.6763 0.0673
v -0.0649 0.0892 -0.3352
v -0.0644 -0.2713 0.0425
v -0.1599 0.3200 -0.0174
v 0.1046 0.3640 -0.2187
v 0.1329 0.3611 -0.1916
v -0.2343 0.4188 -0.0107
v -0.3034 0.1979 -0.1052
v -0.3101 0.7136 -0.0173
v 0.0675 0.0897 -0.1986
v 0.0942 -0.8196 0.0026
v -0.5557 0.2431 0.0587
v -0.1661 0.2550 0.0324
v 0.0774 -0.7559 0.0107
v -0.3322 0.1624 -0.1425
v 0.1329 -0.7849 -0.0250
v -0.4908 0.3251 0.1365
v -0.1150 0.5650 -0.1402
v -0.0320 -0.2352 0.0438
v 0.0391 0.1211 -0.1615
v 0.0794 -0.8055 0.0379
v -0.0015 0.9734 0.2928
v -0.0391 0.9139 0.3135
v -0.0915 0.8385 0.3224
v 0.1096 -0.9320 -0.0130
v -0.2959 0.5029 0.0476
v -0.2016 0.6429 -0.1293
v -0.0851 0.2728 -0.3332
v 0.1325 0.2088 -0.1610
v 0.0658 0.1269 -0.1907
v -0.1551 0.2251 0.0386
v 0.1329 -0.9962 -0.0030
v -0.3268 0.6946 -0.0333
v -0.5579 0.2379 0.0749
v 0.0063 0.0359 -0.3105
v -0.0112 0.1214 -0.3432
v -0.3412 0.2858 -0.0832
v -0.0854 -0.1017 0.0179
v -0.0622 -0.0089 -0.2566
v 0.0389 0.0337 -0.2056
v -0.2173 0.2389 -0.0599
v -0.3338 0.2006 -0.1227
v 0.0754 -0.7207 0.0075
v -0.0865 0.2008 -0.3678
v 0.1031 -0.8592 -0.0019
v -0.3094 0.0377 -0.0735
v 0.1419 0.3334 -0.1912
v -0.0004 -0.1765 0.0253
v 0.0007 0.9476 0.3117
v -0.0713 -0.3341 0.0500
v 0.0403 0.0966 -0.1656
v 0.1402 0.2459 -0.1573
v -0.0238 0.0568 -0.3225
v -0.0303 -0.2008 0.0348
v 0.1262 -0.5905 0.0296
v -0.5618 0.3651 0.1109
v -0.0134 0.3163 -0.2813
v -0.1963 0.3025 0.0092
v -0.0873 0.8666 0.3149
v -0.5251 0.2539 0.1008
v -0.4934 0.3506 0.1413
v -0.2315 0.3840 -0.0023
v -0.1894 0.6160 -0.1217
v -0.1149 0.5853 -0.1309
v 0.0762 -0.6895 0.0075
v -0.1388 0.9129 0.2010
v -0.0531 0.2713 -0.3351
v -0.1022 -0.4963 0.0506
v -0.3278 0.0504 -0.0690
v -0.1502 0.2009 0.0450
v 0.1291 0.0866 -0.2273
v -0.2087 0.3573 -0.0127
v -0.3280 0.4860 0.0316
v -0.4919 0.2867 0.1259
v -0.2307 0.4912 0.0136
v -0.3932 0.4736 0.0655
v -0.3068 0.2425 -0.0828
v -0.0913 0.2252 -0.3700
v 0.0746 0.3676 -0.2320
v -0.4537 0.3881 0.1418
v 0.0659 0.0692 -0.1864
v -0.4154 0.4174 0.1525
v -0.2141 0.1113 -0.1300
v 0.1335 -0.5562 0.0401
v 0.1339 -0.8491 -0.0189
v -0.0905 0.2596 -0.3530
v 0.0887 -0.7841 -0.0010
v -0.3018 0.7267 0.0027
v -0.1980 0.3162 -0.0039
v -0.4131 0.3944 0.1518
v -0.2342 0.4580 -0.0056
v 0.0484 0.0754 -0.1616
v -0.0964 -0.5349 0.0486
v -0.0397 -0.2683 0.0473
v -0.0171 0.0800 -0.3320
v -0.4524 0.4125 0.1288
v 0.1361 0.1178 -0.2213
v 0.0754 -0.7839 0.0310
v -0.1975 0.6791 -0.1195
v 0.1086 -0.9533 -0.0135
v 0.1278 -0.8199 -0.0199
v 0.1441 0.3052 -0.2010
v -0.1137 -0.0010 -0.2800
v -0.3560 0.4792 0.1037
v 0.0759 -0.6602 0.0158
v -0.0634 0.8744 0.3220
v -0.1741 0.8466 0.2019
v -0.2644 0.3870 -0.0034
v 0.1290 -0.9217 -0.0214
v -0.5651 0.2354 0.1005
v 0.0640 0.1200 -0.1659
v -0.2503 0.7507 0.0352
v -0.1810 0.3232 -0.0134
v 0.1079 0.0639 -0.2198
v -0.2959 0.7089 -0.0365
v -0.3346 0.0108 -0.0572
v 0.0894 -0.6252 0.0232
v 0.1044 -0.7827 -0.0174
v -0.0136 0.4202 -0.2181
v -0.0945 -0.3322 0.0469
v 0.0316 0.0948 -0.1889
v -0.0655 -0.1036 0.0127
v -0.1129 -0.0100 -0.2613
v -0.0229 0.2903 -0.3014
v -0.3251 0.5120 0.0431
v -0.0713 0.1879 -0.3605
v -0.4128 0.4415 0.1318
v 0.1013 -0.9535 0.0010
v -0.1230 0.9337 0.2016
v -0.3016 0.1573 -0.1267
v -0.2679 0.0646 -0.1280
v -0.0138 0.0965 -0.3371
v -0.5244 0.2526 0.0657
v -0.3218 0.0254 -0.0620
v 0.0629 0.0997 -0.1522
v 0.1300 -0.8860 -0.0182
v 0.0950 -0.5961 0.0357
v -0.0636 0.8457 0.3327
v -0.1956 0.3560 -0.0149
v -0.1645 0.8735 0.2013
v -0.0772 0.2766 -0.3162
v -0.5489 0.2432 0.1010
v -0.0666 0.1550 -0.3518
v -0.1413 0.2217 0.0245
v -0.1627 0.5818 -0.1300
v 0.0288 0.1258 -0.1850
v -0.2659 0.2410 -0.0687
v 0.1448 0.2125 -0.1853
v -0.0626 0.5236 -0.1626
v -0.2958 0.7368 0.0199
v -0.2667 0.4214 -0.0091
v 0.1064 -0.9822 0.0012
v -0.4225 0.3874 0.1483
v 0.0977 -0.5633 0.0469
v -0.2669 0.0933 -0.1310
v -0.0024 -0.1903 0.0441
v -0.3367 0.2418 -0.1028
v 0.0137 0.0481 -0.3174
v 0.1114 -0.8382 -0.0135
v -0.0334 0.9394 0.3080
v -0.3910 0.4629 0.1110
v -0.0629 0.4966 -0.1774
v -0.2955 0.4949 0.0308
v -0.1327 0.1891 0.0308
v -0.0688 0.0052 -0.2871
v 0.1313 -0.9821 -0.0207
v -0.1504 0.8966 0.2020
v 0.0392 0.0565 -0.1874
v -0.0597 -0.1284 0.0166
v -0.1005 -0.3593 0.0495
v 0.1468 0.2793 -0.1574
v 0.1052 -0.8911 -0.0027
v -0.0299 0.0357 -0.3113
v -0.0289 -0.1738 0.0258
v 0.1103 0.1672 -0.1581
v 0.1440 0.1805 -0.2007
v -0.0629 0.5472 -0.1502
v -0.2651 0.4555 -0.0052
v -0.0633 0.2589 -0.3539
v -0.3566 0.4863 0.0684
v -0.0715 0.0219 -0.3022
v -0.0321 0.9672 0.2915
v 0.1310 0.1736 -0.1786
v -0.1572 0.7182 -0.0614
v 0.1085 -0.8200 -0.0143
v -0.1771 0.2794 0.0240
v -0.3325 0.7148 0.0112
v 0.1295 -0.9529 -0.0240
v -0.0565 0.8975 0.3142
v -0.0635 0.4672 -0.1938
v -0.3013 0.4538 0.0295
v -0.3853 0.4723 0.0938
v -0.2646 0.4771 0.0067
v -0.1956 0.7035 -0.0973
v -0.0636 0.2236 -0.3700
v -0.1264 0.1627 0.0314
v -0.0111 0.3481 -0.2604
v 0.1034 -0.9230 -0.0008
v -0.4266 0.4242 0.1401
v 0.0640 0.0624 -0.1560
v 0.0893 -0.1295 0.0180
v -0.3292 0.0273 -0.0328
v -0.0993 -0.9532 -0.0169
v -0.1469 0.8993 0.1403
v -0.4208 0.3217 0.1374
v 0.1434 0.0991 -0.2921
v -0.3919 0.3027 0.0964
v 0.0607 0.9662 0.2857
v -0.0706 -0.5660 0.0511
v -0.3012 0.6892 -0.0669
v -0.2577 0.6218 -0.1109
v 0.0297 0.0857 -0.3320
v -0.0839 -0.7902 -0.0114
v -0.0122 0.3753 -0.2441
v 0.1228 0.4432 -0.1585
v 0.1058 -0.5353 0.0496
v -0.1816 0.4380 -0.0151
v 0.1391 -0.3886 0.0511
v -0.1378 0.9153 0.1714
v -0.1056 -0.9816 -0.0178
v -0.4213 0.3529 0.1437
v -0.3357 0.0060 -0.0323
v 0.0604 0.9435 0.3023
v -0.2854 0.7060 -0.0489
v 0.1400 0.1297 -0.2941
v 0.1021 0.0308 -0.2951
v -0.1119 -0.0086 -0.2324
v -0.2601 0.6506 -0.1156
v -0.3066 0.5177 -0.1322
v 0.0624 -0.1650 0.0224
v 0.1142 -0.4816 0.0516
v 0.0358 0.1112 -0.3382
v 0.0740 0.0398 -0.3087
v 0.0337 0.3869 -0.2313
v -0.3567 0.3030 0.0663
v 0.0885 0.2188 -0.3431
v -0.1235 0.5355 0.0440
v 0.1388 -0.3634 0.0474
v 0.1203 0.2287 -0.3167
v 0.1414 0.3870 -0.1638
v -0.2188 0.2875 -0.0348
v -0.0067 0.0505 -0.1789
v -0.1978 0.3871 -0.0155
v -0.2399 0.6941 -0.1001
v -0.0593 -0.6300 0.0355
v -0.1614 0.4342 0.0483
v -0.1637 0.7283 -0.0401
v 0.1007 0.4232 -0.1869
v -0.1698 0.8438 0.1359
v -0.5235 0.3894 0.1021
v -0.2597 0.3279 0.0079
v 0.0343 0.0537 -0.3190
v 0.0281 -0.1978 0.0402
v -0.1052 -0.8850 -0.0152
v 0.0895 0.8729 0.3174
v 0.1256 0.0333 -0.2700
v -0.4289 0.2993 0.1264
v -0.3290 0.5837 -0.0979
v 0.1386 0.0625 -0.2915
v -0.3879 0.3073 0.1159
v 0.0887 0.1949 -0.3435
v -0.1278 0.5206 0.0290
v -0.2556 0.6679 -0.1149
v 0.1254 0.1957 -0.3184
v -0.1221 0.9340 0.1429
v 0.0911 -0.1001 0.0155
v -0.0875 -0.8607 0.0006
v -0.2273 0.7012 -0.0900
v 0.1258 0.1533 -0.3143
v 0.1287 -0.3350 0.0448
v -0.1593 0.8785 0.1401
v -0.2665 0.3494 -0.0006
v -0.3317 0.4770 -0.1371
v 0.0374 -0.2324 0.0459
v 0.0971 0.8453 0.3240
v -0.1024 -0.9267 -0.0169
v -0.0697 -0.5940 0.0425
v -0.1630 0.7468 0.0040
v -0.0869 -0.8204 -0.0072
v -0.1630 0.3849 0.0220
v 0.0378 0.3428 -0.2576
v 0.0651 0.2853 -0.2963
v 0.1019 0.3937 -0.2030
v 0.1343 0.4160 -0.1588
v -0.2924 0.5857 -0.1121
v -0.1935 0.4230 -0.0155
v -0.3402 0.5346 -0.1018
v -0.5546 0.3814 0.0639
v -0.2936 0.3139 0.0342
v -0.3282 0.6759 -0.0629
v 0.1012 0.4525 -0.1699
v -0.0904 -0.9230 -0.0012
v 0.0738 0.0979 -0.3308
v -0.1347 0.9136 0.1309
v 0.0616 -0.2682 0.0448
v 0.1293 -0.5235 0.0463
v -0.0586 0.0012 -0.2189
v -0.2287 0.6496 -0.1245
v -0.2712 0.3420 -0.0176
v 0.0908 0.2516 -0.3218
v -0.2104 0.4355 -0.0127
v -0.2679 0.6353 -0.1098
v 0.0314 0.9682 0.2949
v -0.1016 -0.8187 -0.0169
v -0.1648 0.7333 -0.0290
v -0.0520 -0.6909 0.0281
v -0.4546 0.3153 0.1339
v -0.3584 0.3039 0.0930
v -0.0544 -0.6581 0.0300
v -0.0924 -0.8910 -0.0032
v 0.0808 0.1256 -0.3345
v 0.0282 -0.1773 0.0256
v 0.1070 0.2237 -0.3310
v 0.1068 -0.3652 0.0509
v -0.0071 0.0274 -0.1978
v -0.2077 0.7527 0.0288
v 0.0388 0.1291 -0.3415
v 0.0718 0.3982 -0.2147
v 0.0362 0.0341 -0.3080
v 0.1341 -0.4928 0.0476
v 0.0696 -0.2996 0.0474
v -0.0720 -0.7823 0.0046
v -0.2317 0.6187 -0.1172
v -0.1498 0.8985 0.1697
v -0.3885 0.3005 0.0671
v 0.1033 0.4817 -0.1525
v -0.4544 0.3485 0.1399
v -0.1030 -0.8440 -0.0150
v -0.0918 -0.5652 0.0440
v 0.1321 0.0402 -0.2872
v -0.2699 0.6128 -0.1103
v 0.0381 0.3181 -0.2740
v 0.1330 0.0589 -0.2541
v -0.3348 0.5065 -0.1194
v -0.0063 0.0795 -0.1587
v 0.0371 0.9378 0.3112
v 0.0793 0.3374 -0.2498
v -0.3608 0.3073 0.1110
v -0.1624 0.8775 0.1682
v -0.3367 -0.0002 0.0059
v -0.4577 0.2909 0.1250
v 0.1040 0.1885 -0.3355
v -0.1634 0.1914 -0.0803
v -0.0784 -0.8227 0.0080
v -0.0948 -0.9837 -0.0003
v 0.1376 -0.4579 0.0490
v 0.1048 0.0261 -0.2561
v -0.0550 -0.7512 0.0314
v -0.1608 0.5224 0.0362
v -0.0964 -0.5968 0.0308
v -0.5073 0.4078 0.0621
v 0.0658 -0.1984 0.0295
v -0.2291 0.3499 -0.0074
v 0.0615 0.0658 -0.3227
v -0.4862 0.3844 0.1353
v -0.3134 0.5527 -0.1150
v -0.5521 0.3783 0.0957
v -0.1934 0.4900 0.0104
v -0.1732 0.8479 0.1679
v -0.0801 -0.8641 0.0193
v 0.1235 0.3894 -0.1887
v -0.2254 0.6789 -0.1158
v -0.0880 -0.9535 0.0010
v 0.1435 0.0907 -0.2576
v -0.5281 0.3962 0.0645
v -0.3405 0.6498 -0.0738
v -0.3360 0.0211 0.0005
v 0.0275 0.2950 -0.2939
v 0.1377 -0.4284 0.0514
v -0.1630 0.1483 -0.1040
v -0.3277 0.3116 0.0308
v -0.2329 0.3216 0.0045
v -0.1951 0.4569 -0.0085
v -0.0525 -0.7217 0.0290
v 0.0674 0.9085 0.3109
v -0.0848 -0.6203 0.0217
v -0.2626 0.6850 -0.0972
v 0.0975 -0.3356 0.0481
v -0.1221 0.9363 0.1687
v 0.0990 0.1569 -0.3324
v 0.0603 -0.2330 0.0374
v -0.2697 0.2906 -0.0439
v -0.0933 -0.7840 -0.0182
v -0.2939 0.6497 -0.1000
v -0.0726 -0.6587 0.0080
v -0.2327 0.7084 -0.0650
v 0.0300 0.9064 0.3222
v -0.0819 -0.9014 0.0217
v 0.0296 -0.1590 0.0129
v -0.0919 -0.7207 -0.0177
v 0.1225 0.9255 0.2812
v 0.0323 0.4640 -0.1873
v -0.1479 0.8383 0.0846
v -0.4858 0.4107 0.0992
v 0.0315 0.0237 -0.3006
v -0.1580 0.4254 -0.0190
v -0.0624 -0.7860 0.0313
v -0.1419 0.8783 0.0953
v -0.2306 0.3020 0.0375
v -0.0460 -0.6903 0.0425
v -0.1266 0.4651 -0.0112
v -0.3795 0.3256 0.1535
v 0.1110 0.1165 -0.3234
v -0.4223 0.2911 0.0665
v -0.1197 0.8145 0.0382
v 0.1304 -0.1655 0.0318
v 0.0936 -0.3041 0.0445
v 0.0347 0.2246 -0.3594
v 0.0736 0.4904 -0.1626
v -0.0920 -0.7528 -0.0196
v 0.0242 0.0016 -0.2765
v -0.2903 0.6234 -0.1048
v -0.3575 0.3129 0.1389
v -0.1304 0.4852 0.0014
v 0.0307 -0.1365 0.0038
v -0.4510 0.2843 0.1025
v -0.1455 0.8539 0.0863
v 0.1128 0.2564 -0.3017
v 0.1049 0.8753 0.3074
v -0.3462 -0.0261 0.0894
v -0.1226 0.7817 0.0383
v -0.0472 -0.6627 0.0440
v 0.0254 0.2513 -0.3509
v 0.0991 -0.2694 0.0396
v 0.1041 0.0901 -0.3226
v -0.1661 0.3922 -0.0200
v -0.4982 0.3947 0.1150
v 0.1347 -0.1327 0.0343
v -0.0676 -0.6893 0.0030
v -0.1101 0.0597 -0.1593
v -0.3863 0.3530 0.1560
v 0.0644 0.2560 -0.3274
v -0.0486 -0.7465 0.0495
v -0.0759 -0.8544 0.0319
v 0.0981 0.9053 0.3010
v 0.0310 0.1585 -0.3481
v 0.0433 0.8504 0.3428
v 0.0966 -0.2329 0.0347
v 0.0814 -0.3279 0.0493
v -0.3368 0.0140 0.0295
v -0.3479 -0.0101 0.0955
v -0.3270 0.3245 0.0075
v 0.1388 0.2538 -0.2576
v -0.1112 0.0048 -0.2075
v 0.0369 0.5251 -0.1543
v -0.2342 0.3086 0.0221
v 0.0711 0.0072 -0.2646
v -0.2146 0.5666 -0.1316
v -0.0666 -0.7205 0.0012
v -0.0970 -0.6263 0.0149
v -0.1225 0.7526 0.0426
v 0.0317 0.4330 -0.2049
v -0.4712 0.2719 0.0693
v -0.3361 -0.0032 0.0365
v -0.0470 -0.7198 0.0427
v -0.1289 0.9063 0.1033
v 0.1309 -0.1019 0.0331
v 0.0306 0.8765 0.3356
v -0.0709 -0.8202 0.0304
v 0.0907 0.0596 -0.3165
v 0.0994 -0.1968 0.0294
v -0.0919 -0.9892 0.0299
v -0.2926 0.6735 -0.0892
v -0.1598 0.4500 -0.0141
v -0.0953 -0.6976 -0.0152
v 0.0871 0.3055 -0.2705
v -0.0676 -0.7547 0.0045
v -0.0633 0.3775 -0.2453
v -0.1644 0.5015 0.0170
v -0.2181 0.5470 -0.1403
v 0.1466 0.2275 -0.2571
v 0.0295 -0.1006 0.0002
v 0.0345 0.1948 -0.3550
v 0.0765 0.0143 -0.2455
v -0.1108 0.0216 -0.1893
v -0.3271 0.3478 -0.0054
v -0.0934 -0.6835 -0.0109
v -0.1555 0.4647 -0.0082
v -0.0571 0.0613 -0.1626
v -0.3587 0.3214 0.1568
v -0.1529 0.8731 0.1117
v 0.0915 -0.1625 0.0242
v 0.1331 -0.3017 0.0411
v -0.1257 0.4171 -0.0235
v -0.4501 0.2809 0.0668
v -0.2777 0.6050 -0.1107
v -0.1207 0.7215 0.0475
v 0.0341 0.4948 -0.1702
v -0.1325 0.8454 0.0644
v -0.3486 -0.0232 0.0636
v 0.1168 0.1351 -0.3208
v -0.3289 0.6471 -0.0845
v 0.0679 0.2244 -0.3487
v -0.3216 0.3499 -0.0334
v 0.0712 0.4595 -0.1800
v 0.0527 -0.1565 0.0181
v 0.1311 0.8439 0.2952
v 0.0609 0.8982 0.3168
v -0.0792 -0.9230 0.0309
v -0.2757 0.6957 -0.0706
v 0.0956 0.9399 0.2904
v -0.1629 0.1092 -0.1268
v -0.3963 0.3399 0.1500
v 0.0668 0.0261 -0.2994
v -0.0802 -0.7480 -0.0139
v 0.1363 0.2244 -0.2907
v 0.0562 0.2451 -0.3429
v 0.1087 -0.1353 0.0238
v -0.1959 0.5170 0.0340
v -0.4910 0.4167 0.0679
v -0.1578 0.8472 0.1049
v 0.1306 -0.2722 0.0384
v -0.3246 0.6148 -0.0945
v -0.5162 0.3756 0.1293
v -0.1613 0.4833 0.0037
v 0.0313 0.2626 -0.3281
v 0.1293 0.0960 -0.3111
v -0.3581 0.3478 0.1640
v -0.1258 0.8761 0.0689
v -0.4198 0.2962 0.1035
v 0.1234 0.2569 -0.2870
v 0.1293 0.8728 0.2900
v 0.0644 -0.1349 0.0128
v -0.2462 0.3029 0.0496
v 0.0550 0.0115 -0.2859
v -0.3895 0.3153 0.1391
v 0.1251 0.2795 -0.2592
v -0.1321 0.3869 -0.0246
v -0.1181 0.9290 0.1132
v -0.2580 0.7044 -0.0635
v -0.0970 -0.6559 -0.0008
v -0.0780 -0.8816 0.0335
v 0.0330 -0.0006 -0.2585
v 0.1391 0.1659 -0.2969
v 0.0777 0.5219 -0.1457
v -0.0577 0.0233 -0.1923
v -0.1185 0.8987 0.0766
v -0.2664 0.5489 -0.1307
v 0.1035 0.2767 -0.2871
v -0.1640 0.2375 -0.0557
v 0.0710 0.1656 -0.3437
v -0.0784 -0.9748 0.0348
v 0.1328 -0.2350 0.0351
v -0.1578 0.7592 0.0416
v 0.1236 0.9055 0.2879
v 0.0608 0.8409 0.3398
v -0.3502 0.0128 0.0567
v 0.0494 0.2736 -0.3115
v -0.2984 0.3242 0.0132
v 0.0236 0.9304 0.3153
v -0.1279 0.4502 -0.0171
v -0.3172 0.6663 -0.0820
v -0.0770 -0.6399 0.0140
v -0.2665 0.3139 0.0293
v 0.0604 -0.1009 0.0077
v 0.0609 0.1919 -0.3503
v -0.2561 0.5782 -0.1215
v 0.1156 0.3057 -0.2484
v -0.0079 0.0052 -0.2236
v -0.3562 -0.0053 0.0670
v 0.0292 0.8418 0.3486
v -0.2952 0.3477 -0.0002
v 0.0707 0.4289 -0.1975
v -0.0783 -0.9538 0.0304
v 0.1322 -0.2003 0.0332
v 0.1196 0.0662 -0.3118
v -0.1223 0.5051 0.0146
v 0.1138 -0.0923 0.0227
v 0.1433 0.1861 -0.2872
v 0.0636 0.8739 0.3268
v -0.2345 0.2635 -0.3255
v -0.3200 0.3011 -0.2562
v 0.0306 0.0579 0.0036
v -0.3278 0.2609 -0.2915
v -0.1829 -0.9205 -0.0167
v 0.0650 -0.0692 0.0103
v 0.0867 0.6340 -0.1107
v -0.0873 0.9624 0.1166
v -0.0024 0.1952 -0.0918
v 0.1372 0.3152 -0.0223
v -0.0280 0.9940 0.1685
v -0.0635 0.4904 -0.0039
v -0.7532 0.1341 0.1636
v -0.0344 0.8152 -0.0045
v -0.2626 0.2243 -0.3522
v 0.1438 0.4845 -0.0459
v -0.2629 0.4608 -0.1769
v -0.0922 0.4248 -0.0264
v 0.1319 0.1938 0.0140
v -0.1026 0.7083 0.0310
v -0.7139 0.1277 0.1393
v 0.0266 0.9962 0.1986
v -0.0549 0.9619 0.0843
v 0.1131 -0.0762 0.0228
v -0.7177 0.1654 0.1089
v -0.0646 0.7625 0.0470
v -0.0563 0.1104 -0.1306
v -0.2003 -0.8207 -0.0033
v 0.1220 0.6183 -0.0908
v -0.2624 0.0240 -0.2926
v -0.1580 -0.7209 -0.0276
v 0.1277 0.0569 0.0323
v 0.0917 0.9669 0.2629
v -0.3359 0.0853 -0.3070
v -0.2183 0.4941 -0.1680
v -0.2645 0.2454 -0.3438
v -0.1849 -0.8994 -0.0131
v 0.0834 0.6093 -0.1162
v 0.0651 -0.0398 0.0125
v -0.7136 0.1811 0.0932
v -0.0024 0.6538 0.0181
v 0.1306 0.3481 -0.0251
v -0.1633 0.0601 -0.1589
v -0.1304 -0.6551 -0.0063
v 0.1235 0.1645 0.0178
v 0.0945 0.2564 -0.0171
v -0.0309 0.7816 -0.0081
v -0.0945 0.3866 -0.0293
v -0.1017 0.9419 0.1020
v -0.7118 0.2796 0.0711
v -0.2014 -0.8479 0.0038
v -0.0652 0.9494 0.0699
v 0.0993 -0.0410 0.0207
v 0.0028 0.7898 -0.0128
v -0.7174 0.1002 0.1442
v -0.0957 0.6790 0.0389
v 0.1086 0.9545 0.2657
v -0.3143 0.1213 -0.3206
v 0.1170 0.6520 -0.0860
v -0.1585 -0.7563 -0.0307
v 0.1459 0.4558 -0.0683
v 0.0674 0.7067 -0.0617
v -0.7477 0.1909 0.0702
v -0.2665 0.5218 -0.1436
v 0.1351 0.0919 0.0324
v -0.1589 -0.6283 0.0037
v 0.1320 0.9375 0.2335
v -0.0339 0.7505 -0.0050
v -0.1623 -0.6687 -0.0148
v -0.0044 0.6793 0.0064
v -0.1869 -0.9816 -0.0142
v 0.1034 -0.0067 0.0241
v -0.1644 0.0054 -0.2067
v -0.7730 0.1845 0.1559
v -0.2547 0.1713 -0.3432
v -0.1056 0.9095 0.0673
v 0.1278 0.2847 -0.0190
v -0.8197 0.1290 0.1040
v -0.0887 0.6526 0.0475
v 0.0261 0.0933 -0.0000
v 0.1361 0.2552 -0.0064
v -0.7499 0.2270 0.0659
v -0.0013 0.5772 0.0461
v -0.0097 0.7385 -0.0192
v -0.1166 0.3779 -0.2442
v -0.0010 0.9973 0.1422
v 0.1396 0.4277 -0.0591
v -0.8048 0.1598 0.1289
v 0.0638 -0.0089 0.0140
v -0.0425 0.9891 0.1683
v 0.1268 0.3957 -0.0522
v 0.1329 0.1304 0.0272
v -0.1639 0.0222 -0.1886
v 0.1037 0.0257 0.0247
v -0.1804 -0.9626 -0.0214
v -0.0049 0.7127 -0.0042
v -0.2124 -0.0090 -0.2534
v -0.7316 0.2718 0.1007
v 0.0692 0.5817 -0.1258
v -0.2622 0.1988 -0.3479
v -0.0530 0.2387 -0.0597
v -0.1643 -0.6037 0.0160
v -0.2995 0.2812 -0.2834
v -0.0959 0.5120 0.0150
v -0.0027 0.5534 0.0298
v -0.2629 0.4297 -0.1945
v -0.0949 0.4557 -0.0180
v -0.8275 0.1048 0.1079
v -0.7809 0.1612 0.1608
v 0.0647 0.0249 0.0144
v -0.0627 0.7581 0.0297
v -0.1598 -0.6860 -0.0201
v -0.7415 0.2535 0.0761
v 0.1300 0.2252 0.0033
v -0.1617 -1.0000 0.0327
v 0.1382 0.9067 0.2750
v -0.2068 -0.7902 -0.0065
v -0.0517 0.3861 0.0181
v 0.0301 0.1287 -0.0020
v -0.7164 0.1950 0.0771
v -0.1080 0.8127 0.0249
v -0.1095 0.1089 -0.1270
v 0.1051 0.6186 -0.1056
v 0.0993 0.0536 0.0218
v -0.0343 0.5523 0.0339
v -0.0122 0.7294 -0.0392
v 0.1407 0.5848 -0.0635
v -0.2011 -0.9544 0.0009
v -0.2953 0.2641 -0.3027
v 0.1312 -0.0702 0.0341
v -0.2439 0.0048 -0.2775
v -0.0659 0.6711 0.0249
v -0.0907 0.9339 0.0719
v -0.7137 0.2867 0.1034
v -0.7740 0.2143 0.1289
v 0.0969 0.1931 0.0041
v 0.0270 -0.0722 0.0011
v -0.0043 0.1524 -0.1150
v -0.1260 -0.7216 -0.0248
v -0.1948 -0.7843 -0.0196
v -0.0685 0.3854 -0.0325
v 0.0625 0.0594 0.0116
v -0.3065 0.0938 -0.3174
v -0.0811 0.9537 0.0897
v 0.0982 0.3157 -0.0296
v -0.7237 0.1004 0.1572
v -0.2097 -0.6183 0.0258
v 0.1420 0.9250 0.2261
v -0.0337 0.7166 -0.0003
v -0.2642 0.4916 -0.1597
v -0.2326 0.2518 -0.3474
v -0.2350 0.0229 -0.2946
v -0.1942 -0.9857 0.0022
v 0.0977 0.6525 -0.1005
v -0.1123 0.7746 0.0341
v 0.1258 0.9380 0.2629
v -0.7478 0.1627 0.1007
v -0.1633 -0.6500 -0.0074
v 0.0378 0.7101 -0.0671
v -0.0295 0.5725 0.0485
v 0.1447 0.5553 -0.0558
v -0.0281 0.9922 0.1408
v -0.7446 0.1371 0.1468
v -0.2178 0.4642 -0.1846
v -0.0629 0.4249 -0.0295
v 0.1277 -0.0394 0.0331
v -0.0946 0.4888 -0.0013
v -0.0060 0.7503 -0.0049
v -0.2351 0.2222 -0.3588
v -0.7156 0.1274 0.1694
v 0.0985 0.1628 0.0110
v -0.1279 -0.7516 -0.0277
v -0.0624 0.9690 0.1041
v 0.1154 0.2593 -0.0138
v 0.0290 -0.0382 0.0040
v -0.1981 -0.5932 0.0331
v 0.0969 0.3552 -0.0304
v -0.0346 0.6807 0.0114
v -0.2680 0.2583 -0.3209
v -0.0599 0.6291 0.0493
v 0.1063 0.2471 -0.0113
v -0.0408 0.9866 0.1342
v -0.0635 0.4557 -0.0212
v -0.2178 0.4333 -0.2021
v -0.1069 0.7538 0.0245
v 0.0294 -0.0081 0.0057
v -0.7279 0.2584 0.0599
v 0.0977 0.6757 -0.0862
v -0.1264 -0.6294 0.0070
v 0.0653 0.0918 0.0098
v -0.1965 -0.8835 0.0008
v 0.1446 0.5181 -0.0664
v -0.2702 0.1493 -0.3357
v 0.0912 0.2891 -0.0273
v -0.2930 0.0619 -0.3102
v 0.1282 -0.0095 0.0347
v -0.0626 0.5159 0.0117
v 0.0370 0.5522 -0.1414
v -0.1698 0.3763 -0.2415
v -0.7883 0.1532 0.1345
v -0.2561 -0.0030 -0.2544
v -0.0263 0.6634 0.0171
v -0.7451 0.2520 0.1052
v -0.2287 0.1920 -0.3521
v -0.1084 0.2372 -0.0558
v 0.1140 0.9564 0.2344
v -0.1913 -0.5601 0.0443
v -0.0055 0.7789 -0.0121
v 0.1139 0.0922 0.0225
v -0.1847 -0.8553 -0.0139
v -0.7979 0.1378 0.1177
v -0.0006 0.4395 0.0374
v 0.0296 0.0231 0.0055
v -0.1386 -0.6045 0.0181
v -0.0575 0.4716 -0.0149
v -0.0676 0.6447 0.0393
v -0.7183 0.2184 0.0614
v -0.7829 0.1926 0.1389
v 0.0599 0.1293 0.0053
v 0.0970 0.2218 -0.0047
v -0.1995 -0.9213 0.0024
v -0.2165 0.1611 -0.3457
v 0.0645 0.9847 0.2008
v -0.8247 0.1350 0.0775
v -0.1111 0.9215 0.0888
v -0.1841 -0.8183 -0.0185
v -0.1238 -0.9993 0.0311
v -0.0012 0.9989 0.1669
v -0.7580 0.2381 0.1122
v -0.1261 -0.6868 -0.0175
v 0.1361 0.0202 0.0338
v -0.0035 0.8135 -0.0098
v 0.0946 0.9692 0.2329
v -0.2189 0.5223 -0.1528
v 0.0268 0.5813 -0.1314
v -0.1916 -0.6905 -0.0183
v -0.7151 0.2246 0.1576
v -0.2235 0.1419 -0.3407
v -0.1987 -0.9954 0.0298
v -0.0321 0.3866 -0.0370
v 0.1409 0.3870 -0.0837
v -0.2672 0.0993 -0.3256
v 0.0283 0.6246 -0.1213
v -0.0952 0.7813 0.0125
v -0.3000 0.2275 -0.3346
v -0.3321 0.0315 -0.2853
v 0.0591 0.1610 0.0013
v -0.7938 0.1985 0.1057
v 0.0589 0.3470 -0.0348
v -0.3030 0.4863 -0.1493
v 0.0314 0.2575 -0.0302
v -0.1242 -0.8193 -0.0218
v -0.0646 0.7157 0.0081
v -0.8012 0.1309 0.1513
v -0.0632 0.5473 0.0373
v 0.0812 0.6528 -0.1077
v 0.0018 0.3901 0.0105
v -0.7526 0.2253 0.1390
v -0.7992 0.1071 0.1389
v -0.1809 -0.6025 0.0188
v -0.8119 0.1577 0.0794
v -0.1618 -0.9514 -0.0270
v -0.3012 0.4555 -0.1669
v 0.0330 0.6537 -0.1248
v -0.0931 0.8110 0.0133
v 0.0850 0.0608 0.0174
v -0.0002 0.2413 -0.0676
v -0.2730 0.1257 -0.3304
v 0.0345 0.2225 -0.0190
v -0.1284 -0.8525 -0.0203
v -0.8005 0.1860 0.0837
v 0.0589 0.3159 -0.0365
v -0.1234 -0.5621 0.0378
v -0.0322 0.9782 0.1017
v -0.2644 0.3987 -0.2120
v -0.2926 0.2479 -0.3232
v -0.0595 0.6880 0.0150
v -0.1645 -0.0081 -0.2314
v -0.7074 0.2464 0.1552
v -0.8048 0.0914 0.1610
v -0.7793 0.1525 0.1040
v 0.1193 0.6737 -0.0617
v -0.1953 -0.6268 0.0119
v -0.7414 0.2439 0.1295
v -0.1638 -0.9826 -0.0219
v 0.0345 0.9870 0.2679
v -0.0612 0.7360 -0.0287
v 0.0618 0.1895 -0.0036
v -0.1807 -0.6651 -0.0128
v -0.0342 0.4255 -0.0324
v -0.7813 0.1288 0.1327
v -0.1251 -0.5902 0.0273
v -0.0310 0.5190 0.0095
v -0.2717 0.3147 -0.2631
v -0.2940 0.0037 -0.2574
v 0.0210 0.1992 -0.0152
v -0.2170 0.2990 -0.2854
v -0.7445 0.1456 0.1289
v 0.0300 0.6782 -0.1186
v -0.0937 0.9652 0.1721
v -0.1945 -0.7510 -0.0247
v 0.0621 0.9831 0.2314
v 0.1376 0.0518 -0.0275
v -0.0277 0.6238 0.0420
v -0.3319 0.3889 -0.1877
v 0.0183 0.9935 0.2570
v -0.0641 0.9782 0.1362
v -0.0555 0.1495 -0.1078
v -0.0021 0.9572 0.0558
v -0.1635 -0.8921 -0.0220
v -0.2560 0.0668 -0.3168
v 0.0985 0.1285 0.0152
v 0.0610 0.2156 -0.0111
v 0.1323 0.6475 -0.0590
v -0.3004 0.1672 -0.3332
v -0.1245 -0.9976 -0.0019
v 0.1414 0.0302 -0.0023
v 0.1466 0.4562 -0.1002
v -0.0322 0.4520 -0.0252
v 0.0962 0.9705 0.2015
v -0.7133 0.1618 0.1786
v -0.1069 0.4338 0.0482
v -0.3065 0.2004 -0.3366
v -0.1073 0.3845 0.0219
v -0.7161 0.1946 0.1717
v -0.0970 0.7499 0.0107
v -0.1090 0.9519 0.1732
v -0.0020 0.4968 -0.0067
v -0.1247 -0.7836 -0.0260
v -0.1973 -0.7210 -0.0215
v -0.7766 0.2218 0.1033
v -0.7091 0.2807 0.1307
v -0.2708 0.3394 -0.2467
v -0.0543 0.1926 -0.0842
v 0.1463 0.4805 -0.0795
v -0.0221 0.4752 -0.0164
v -0.0645 0.5280 0.0208
v -0.1613 -0.9202 -0.0249
v -0.0022 0.9674 0.0707
v -0.0352 0.6427 0.0294
v 0.0636 0.6811 -0.0976
v 0.0625 0.2853 -0.0321
v 0.1355 0.6105 -0.0709
v -0.0055 0.1136 -0.1374
v 0.0919 0.0950 0.0164
v -0.1610 -0.8203 -0.0234
v -0.0051 0.6393 0.0251
v -0.0356 0.9620 0.0735
v -0.0006 0.4800 -0.0153
v -0.8067 0.1822 0.0966
v -0.1129 0.7360 -0.0278
v -0.7240 0.2563 0.1374
v 0.1386 0.1617 0.0255
v -0.2933 0.0303 -0.2928
v -0.3265 0.2234 -0.3243
v 0.0892 0.6991 -0.0611
v -0.7873 0.1694 0.0808
v 0.0847 -0.0369 0.0174
v 0.0613 0.6126 -0.1198
v 0.0325 0.1592 -0.0047
v -0.1270 -0.9528 -0.0269
v 0.1070 0.5114 -0.1350
v -0.2198 0.3878 -0.2281
v -0.8201 0.0916 0.1336
v -0.2892 0.2225 -0.3422
v 0.0620 0.2555 -0.0235
v -0.7833 0.1274 0.1640
v 0.1456 0.4262 -0.1294
v -0.0623 0.8115 0.0016
v -0.2232 0.1191 -0.3357
v -0.0329 0.4877 -0.0086
v 0.0278 0.3470 -0.0410
v -0.2777 0.0105 -0.2790
v -0.0292 0.9543 0.0585
v -0.2436 0.2724 -0.3053
v -0.3192 0.2466 -0.3127
v -0.0069 0.6208 0.0397
v -0.7221 0.2321 0.1499
v -0.1604 -0.5601 0.0350
v 0.0317 0.1883 -0.0105
v -0.7816 0.1902 0.0738
v -0.1616 -0.8540 -0.0218
v 0.1053 0.6845 -0.0687
v -0.0960 0.5430 0.0454
v 0.0604 0.9802 0.2622
v 0.1358 0.5122 -0.0987
v -0.3302 0.4478 -0.1547
v -0.0014 0.4528 -0.0273
v -0.8090 0.1287 0.1321
v 0.0272 0.3161 -0.0417
v 0.1456 0.1982 0.0204
v -0.0873 0.7195 0.0157
v 0.0609 0.6431 -0.1150
v 0.1385 0.0261 -0.0338
v -0.1242 -0.9824 -0.0221
v 0.0914 -0.0711 0.0166
v 0.0621 0.2329 -0.0162
v 0.0245 0.9940 0.2308
v -0.0017 0.5148 0.0033
v -0.0645 0.7815 0.0000
v -0.2175 0.0860 -0.3274
v -0.8129 0.1608 0.1032
v -0.7909 0.1011 0.1678
v 0.1447 0.0487 -0.0029
v 0.0024 0.9918 0.1162
v -0.7409 0.2141 0.1551
v 0.1151 0.9582 0.1912
v 0.0835 0.0226 0.0194
v 0.0294 0.7008 -0.0854
v -0.3303 0.4185 -0.1717
v 0.1284 0.5561 -0.0945
v -0.0026 0.4233 -0.0353
v -0.0961 0.5277 0.0287
v -0.1637 -0.5829 0.0265
v -0.1051 0.9519 0.1327
v -0.7723 0.2203 0.0760
v -0.3246 0.0113 -0.2623
v 0.0060 0.5411 0.0198
v -0.1979 -0.6553 -0.0021
v -0.1088 0.1911 -0.0804
v -0.0066 0.9826 0.0986
v -0.2223 0.3458 -0.2530
v 0.1305 0.4809 -0.1252
v -0.0628 0.7510 0.0016
v -0.3267 0.1579 -0.3223
v -0.1562 -0.9984 -0.0019
v -0.1236 -0.8866 -0.0200
v 0.1010 0.5884 -0.1131
v 0.0372 0.9904 0.2423
v -0.7510 0.1915 0.1652
v 0.0534 0.6655 -0.1154
v -0.3028 0.3941 -0.2015
v -0.7467 0.1592 0.1760
v -0.3215 0.0551 -0.3020
v -0.3012 0.4248 -0.1844
v -0.0525 0.4354 0.0444
v -0.1617 -0.7850 -0.0285
v -0.3228 0.0135 -0.2620
v -0.2445 0.0453 -0.3083
v -0.0185 0.7600 0.0391
v 0.1305 0.5879 -0.0853
v 0.1307 0.9400 0.2026
v -0.1091 0.1481 -0.1042
v 0.0292 0.2863 -0.0382
v -0.0905 0.9662 0.1421
v 0.0841 -0.0069 0.0192
v 0.0324 0.6929 -0.1029
v -0.3232 0.1933 -0.3294
v -0.2110 -0.6921 -0.0093
v -0.0611 0.9821 0.1680
v 0.0990 0.5484 -0.1235
v -0.0023 0.3884 -0.0394
v 0.1385 0.4540 -0.1299
v -0.7123 0.1506 0.1247
v -0.2581 0.2872 -0.2887
v -0.2876 0.1937 -0.3410
v -0.2223 0.3227 -0.2677
v -0.1261 -0.9229 -0.0241
v -0.1587 0.2743 -0.3134
v 0.0980 0.2038 -0.1287
v 0.0514 0.3968 -0.0007
v -0.2192 -0.8499 0.0297
v -0.1586 -0.4237 0.0503
v -0.2741 0.1108 -0.1452
v -0.0606 0.0228 0.0169
v -0.1065 0.9527 0.2047
v 0.0650 0.7523 0.0315
v 0.0264 0.4776 -0.0159
v -0.1676 0.1615 -0.3499
v -0.6583 0.2986 0.1441
v 0.0342 0.6424 0.0260
v -0.0868 0.0942 0.0192
v -0.6211 0.2190 0.0685
v -0.0018 0.3458 -0.0370
v -0.0302 0.6981 -0.1139
v -0.6186 0.3436 0.1016
v 0.1312 0.0322 -0.0681
v -0.0676 0.5866 -0.1317
v -0.2284 -0.7237 0.0012
v 0.1437 0.6477 -0.0016
v -0.1242 -0.3336 0.0444
v -0.1679 0.5225 -0.1589
v 0.0977 0.7494 0.0106
v 0.0742 0.0655 -0.1325
v -0.0020 0.1602 -0.0076
v -0.2498 0.0897 -0.1520
v 0.1297 0.9403 0.1400
v 0.0272 0.4536 -0.0263
v 0.1326 0.5227 0.0294
v -0.0614 -0.0081 0.0166
v -0.5881 0.3612 0.0648
v -0.0020 0.1835 -0.0115
v 0.0311 0.6220 0.0409
v -0.2264 -0.8213 0.0350
v -0.0864 0.1289 0.0166
v -0.0914 0.9656 0.1991
v 0.0961 0.7085 -0.0363
v -0.1681 0.4356 -0.2074
v 0.1376 0.2838 -0.1287
v -0.1554 0.1914 -0.3598
v -0.2273 -0.7544 0.0023
v 0.1437 0.6247 0.0118
v -0.0312 0.6777 -0.1276
v -0.0050 0.9948 0.2339
v 0.0307 0.5161 0.0058
v -0.1608 -0.4606 0.0478
v -0.5901 0.2242 0.1000
v -0.0643 0.5661 -0.1408
v -0.6277 0.3350 0.1137
v -0.0005 0.3164 -0.0430
v 0.0966 0.9717 0.1710
v -0.2615 0.0304 -0.1950
v 0.0655 0.0774 -0.1424
v -0.2226 -0.6616 0.0116
v -0.0703 0.7197 -0.0636
v -0.0363 0.9838 0.2639
v 0.0321 0.4243 -0.0340
v 0.1262 0.5391 0.0454
v -0.1277 -0.3635 0.0475
v -0.3323 0.0259 -0.2328
v 0.1456 0.3544 -0.1119
v -0.1579 0.0210 -0.2991
v -0.0002 0.7041 -0.0950
v -0.6505 0.2529 0.1615
v -0.1680 0.4661 -0.1901
v -0.2345 -0.7878 0.0332
v 0.0706 0.9503 0.0663
v -0.6512 0.3127 0.1313
v 0.0969 0.8121 0.0092
v -0.1669 0.2247 -0.3668
v -0.6812 0.1909 0.1389
v -0.0320 0.2257 -0.0165
v 0.1448 0.9239 0.1781
v -0.0306 0.6484 -0.1351
v 0.0307 0.9821 0.1017
v 0.1285 0.7076 0.0084
v -0.1610 -0.4876 0.0460
v -0.0643 -0.0384 0.0151
v -0.6762 0.2780 0.1545
v -0.1286 -0.3897 0.0513
v -0.6563 0.2333 0.1552
v -0.0019 0.2858 -0.0397
v 0.1256 0.5690 0.0328
v 0.0572 0.9620 0.0782
v 0.1412 0.3206 -0.1173
v -0.1584 0.0091 -0.2893
v 0.1111 0.0462 -0.0708
v -0.6876 0.1633 0.1321
v 0.0623 0.4895 -0.0060
v -0.1621 -0.5257 0.0420
v -0.2077 0.0548 -0.3159
v -0.0321 0.2594 -0.0276
v 0.0975 0.7814 0.0071
v 0.1367 0.6858 0.0071
v 0.0282 0.3876 -0.0385
v -0.0697 -0.0713 0.0136
v -0.1654 0.2570 -0.3513
v -0.2297 -0.6942 0.0067
v -0.1673 0.5461 -0.1465
v -0.2626 0.0676 -0.1592
v -0.0357 0.6119 -0.1253
v -0.2149 0.0251 -0.1905
v 0.0013 0.2540 -0.0311
v -0.1179 0.1554 -0.3510
v -0.5870 0.3578 0.1030
v 0.1161 0.7589 0.0193
v 0.1316 0.9408 0.1700
v -0.0007 0.6163 -0.1251
v -0.1314 -0.4302 0.0502
v -0.1181 0.2766 -0.3193
v -0.1623 -0.0078 -0.2630
v -0.2203 -0.9778 0.0329
v -0.0611 0.9808 0.2012
v 0.1208 0.2908 -0.0995
v -0.0330 0.2871 -0.0360
v -0.1153 0.5228 -0.1621
v -0.6837 0.2208 0.1583
v -0.1565 -0.3340 0.0470
v -0.0671 0.1314 0.0113
v 0.1298 0.6794 -0.0244
v 0.0641 0.6459 0.0323
v -0.5888 0.2305 0.0632
v 0.0974 0.9692 0.1393
v 0.0227 0.7591 0.0419
v -0.2293 0.0814 -0.1536
v -0.6288 0.3337 0.0595
v 0.0711 0.4716 -0.0149
v 0.1152 0.9587 0.1709
v -0.0376 0.9867 0.2354
v -0.3322 0.0482 -0.2121
v -0.6578 0.1994 0.1324
v -0.2154 0.0083 -0.2081
v -0.2455 -0.7294 0.0194
v -0.0027 0.2242 -0.0220
v -0.6533 0.2860 0.1575
v 0.0602 0.5211 0.0129
v -0.6165 0.2124 0.1051
v 0.0049 0.6422 -0.1300
v -0.0665 0.0923 0.0140
v -0.0306 0.7083 -0.0954
v -0.6178 0.3445 0.0714
v -0.3351 0.3592 -0.2032
v 0.0606 0.4560 -0.0225
v -0.2211 -0.9524 0.0301
v -0.1285 -0.4582 0.0485
v -0.0051 0.9896 0.2711
v -0.0401 0.2154 -0.0111
v -0.6878 0.2565 0.1613
v 0.1115 0.9570 0.1260
v 0.0606 0.6270 0.0458
v -0.1187 0.1892 -0.3607
v 0.1026 0.5246 0.0243
v 0.0975 0.7184 0.0098
v -0.0007 0.6799 -0.1234
v -0.6480 0.2190 0.1440
v -0.2144 0.0482 -0.1715
v -0.1158 0.4669 -0.1932
v -0.0864 -0.0701 0.0175
v -0.1680 0.4954 -0.1737
v -0.1147 0.0211 -0.3009
v 0.0638 0.9729 0.1034
v 0.1276 0.3335 -0.0857
v -0.0334 0.3170 -0.0396
v -0.6315 0.2064 0.1014
v -0.3015 0.0158 -0.2250
v -0.0013 0.1997 -0.0154
v -0.1568 -0.3659 0.0491
v -0.6927 0.1609 0.1659
v -0.0278 0.9908 0.2242
v -0.2671 0.3684 -0.2294
v 0.1168 0.8058 0.0192
v -0.1273 -0.4866 0.0469
v 0.0624 0.4239 -0.0309
v -0.0322 0.1930 -0.0072
v -0.2073 0.2806 -0.3019
v 0.1159 0.2468 -0.1187
v 0.0924 0.5435 0.0395
v -0.2189 -0.9232 0.0302
v 0.0362 0.9551 0.0577
v -0.0053 0.9932 0.2569
v -0.1284 0.2221 -0.3694
v -0.2672 0.0634 -0.1775
v 0.0521 0.2942 -0.0552
v 0.1445 0.6153 -0.0321
v -0.2142 -0.7408 -0.0136
v -0.0872 -0.0453 0.0197
v -0.1142 0.0090 -0.2910
v -0.1537 0.2721 -0.3257
v -0.0329 0.3481 -0.0391
v 0.0853 0.6920 0.0171
v 0.0318 0.4915 -0.0082
v -0.0337 0.1611 -0.0009
v 0.1169 0.7811 0.0178
v 0.0874 0.2468 -0.0967
v 0.0638 0.3881 -0.0341
v -0.0627 0.0522 0.0158
v -0.1155 0.4960 -0.1769
v -0.1516 -0.3896 0.0515
v -0.6951 0.1897 0.1653
v 0.1324 0.0555 -0.0613
v -0.1151 0.5462 -0.1496
v -0.1261 0.2573 -0.3542
v 0.0682 0.6654 0.0240
v 0.1416 0.6453 -0.0279
v -0.6855 0.2921 0.1362
v -0.1263 -0.5222 0.0443
v -0.1139 0.7203 -0.0614
v 0.1419 0.9194 0.1240
v 0.0288 0.9659 0.0711
v -0.2179 -0.8869 0.0330
v -0.0628 0.2871 -0.0305
v -0.0424 0.9879 0.2012
v -0.1604 -0.1988 0.0464
v -0.1628 0.0561 -0.3194
v -0.2292 -0.6262 0.0393
v -0.0281 0.1275 0.0012
v -0.1837 -0.5160 0.0495
v 0.0982 0.4576 -0.0184
v -0.1077 0.3348 -0.0045
v 0.0348 0.7245 -0.0398
v -0.2560 -0.7184 0.0333
v 0.1457 0.5514 -0.0306
v 0.0804 0.5035 0.0416
v 0.1027 0.0589 -0.0957
v -0.2024 0.2552 -0.3488
v -0.2847 0.0781 -0.1772
v -0.5881 0.2830 0.1472
v -0.6519 0.3206 0.0677
v -0.6832 0.2062 0.0735
v -0.0943 0.0222 0.0258
v 0.1033 0.3546 -0.0483
v -0.1703 0.3274 -0.2711
v -0.6897 0.3042 0.1005
v -0.1999 0.0104 -0.2878
v -0.0865 0.6817 -0.1253
v -0.3315 0.1276 -0.1614
v -0.1231 -0.1032 0.0324
v 0.1359 0.9090 0.0946
v 0.0996 0.5112 0.0122
v -0.0033 -0.0723 -0.0005
v 0.0420 0.1565 -0.1258
v -0.2030 0.2225 -0.3640
v -0.0716 0.7123 -0.0892
v -0.6203 0.2911 0.1575
v -0.0330 0.0995 0.0046
v 0.1107 0.9123 0.0574
v -0.0634 0.2234 -0.0076
v -0.6965 0.1329 0.1641
v 0.1459 0.5823 -0.0388
v -0.1597 -0.2332 0.0444
v 0.0068 0.7115 -0.0718
v 0.1266 0.7485 0.0368
v -0.6322 0.2057 0.1270
v 0.0620 0.9846 0.1386
v -0.2174 -0.5972 0.0469
v -0.1798 -0.4959 0.0499
v 0.0920 0.6471 0.0440
v -0.2504 -0.7525 0.0331
v -0.1175 0.2937 -0.2977
v 0.1210 0.0595 -0.1202
v -0.1992 0.0277 -0.3012
v -0.0634 0.9775 0.2322
v -0.1704 0.3499 -0.2572
v -0.0007 -0.0393 0.0018
v 0.0284 0.7490 -0.0030
v -0.0972 -0.0099 0.0258
v -0.0631 0.1954 0.0006
v -0.6770 0.3115 0.1090
v -0.1038 -0.0377 0.0258
v -0.1967 0.1933 -0.3576
v 0.0985 0.6748 0.0333
v -0.0005 -0.0086 0.0034
v -0.6556 0.1975 0.1038
v 0.0526 0.5745 0.0512
v -0.1294 -0.1344 0.0343
v -0.5907 0.3300 0.1401
v 0.1015 0.0396 -0.1213
v 0.1329 0.7817 0.0348
v -0.1024 0.9482 0.2647
v -0.6226 0.2256 0.1377
v -0.3008 0.0605 -0.1851
v -0.1689 0.4053 -0.2247
v 0.0265 0.7816 -0.0112
v 0.0577 0.6799 0.0143
v -0.3062 0.3635 -0.2185
v -0.0967 0.2649 -0.0154
v -0.0632 0.3175 -0.0350
v 0.1042 0.9490 0.0954
v -0.1611 -0.2693 0.0452
v -0.2539 -0.6657 0.0421
v -0.2619 0.0137 -0.2118
v 0.0954 0.3885 -0.0299
v 0.1324 0.4890 0.0002
v -0.1682 0.0881 -0.3315
v -0.2566 -0.6908 0.0364
v 0.1073 0.7035 0.0246
v -0.1279 -0.1646 0.0330
v 0.1164 0.9292 0.0845
v 0.0960 0.4228 -0.0245
v -0.6187 0.2523 0.1484
v -0.1054 -0.0712 0.0238
v -0.3143 0.0699 -0.1436
v -0.5864 0.3443 0.1248
v -0.1172 0.1212 -0.3431
v -0.1152 0.0345 -0.3099
v 0.0625 0.5520 0.0371
v -0.0277 0.9927 0.2019
v -0.0865 0.9635 0.2593
v 0.1418 0.5161 -0.0244
v 0.1277 0.8125 0.0321
v -0.0011 0.0226 0.0033
v 0.0933 0.2958 -0.0738
v 0.0463 0.4466 0.0275
v -0.0151 0.5688 -0.1387
v -0.1588 -0.3022 0.0455
v -0.6840 0.2145 0.0611
v 0.0641 0.7148 0.0047
v -0.1173 0.3117 -0.2848
v 0.1274 0.0357 -0.0940
v -0.2009 0.2735 -0.3097
v -0.0869 0.6425 -0.1370
v 0.0265 0.8132 -0.0088
v -0.2617 0.0026 -0.2273
v 0.1382 0.4647 -0.0116
v 0.0284 0.9970 0.1681
v -0.0631 0.3489 -0.0349
v -0.1709 0.1127 -0.3385
v 0.0891 0.9661 0.1113
v -0.0632 0.1638 0.0067
v -0.0328 0.0608 0.0073
v -0.6952 0.1337 0.1407
v -0.0615 0.6984 -0.1149
v 0.1326 0.5140 0.0137
v -0.6519 0.2138 0.0643
v -0.0224 0.5897 -0.1306
v 0.0443 0.1985 -0.1033
v -0.2148 -0.8138 0.0132
v 0.0810 0.1615 -0.1402
v 0.0020 0.0577 0.0008
v -0.1025 0.1284 0.0212
v -0.1158 0.0568 -0.3216
v -0.1245 -0.1954 0.0324
v 0.0649 0.9858 0.1688
v -0.0869 0.9665 0.2327
v -0.3007 0.1206 -0.1472
v 0.1300 0.0566 -0.0934
v -0.1952 0.2692 -0.3251
v -0.2422 -0.7608 0.0232
v 0.1305 0.6089 0.0416
v -0.1474 -0.1084 0.0494
v -0.1171 0.3292 -0.2735
v -0.0947 0.2247 0.0001
v -0.0035 0.9977 0.2013
v 0.1282 0.4513 -0.0214
v -0.0327 0.0226 0.0096
v -0.3314 0.0966 -0.1795
v -0.0869 0.7079 -0.1047
v -0.1647 0.2883 -0.2992
v -0.1160 0.9052 0.2843
v -0.1160 0.4367 -0.2103
v -0.0578 0.6767 -0.1284
v -0.1053 0.9521 0.2332
v -0.1299 -0.2285 0.0353
v 0.0654 0.7488 -0.0029
v -0.3013 0.0381 -0.2021
v -0.1020 0.0984 0.0233
v 0.0321 0.6613 0.0167
v 0.0977 0.0630 -0.1259
v -0.0336 -0.0082 0.0097
v -0.6520 0.3264 0.0986
v -0.0515 0.3364 -0.0085
v 0.1389 0.6477 0.0367
v -0.6849 0.1925 0.0996
v -0.5988 0.2933 0.1544
v -0.0948 0.2465 -0.0083
v -0.2951 0.0954 -0.1620
v -0.6870 0.2940 0.0658
v 0.0934 0.7505 0.0410
v -0.1169 0.3517 -0.2597
v -0.0984 0.2847 -0.0226
v 0.1233 0.9050 0.0699
v -0.3317 0.0700 -0.1964
v -0.1163 0.4067 -0.2275
v 0.1242 0.9349 0.1079
v 0.0309 0.6814 0.0073
v 0.0963 0.4868 -0.0025
v 0.1357 0.3829 -0.0244
v 0.0588 0.7816 -0.0048
v -0.6280 0.2611 0.1556
v -0.0944 0.1606 0.0158
v -0.1515 -0.1329 0.0486
v -0.0577 0.6407 -0.1362
v -0.2150 -0.0053 -0.2320
v 0.1416 0.5892 0.0054
v -0.1217 0.8719 0.2857
v -0.0931 0.3515 -0.0307
v 0.0477 0.2445 -0.0798
v -0.0328 -0.0398 0.0076
v -0.0659 0.9720 0.2644
v -0.1166 0.0890 -0.3340
v 0.0286 0.9951 0.1408
v -0.0269 0.7179 -0.0644
v 0.0378 0.7350 -0.0172
v -0.1264 -0.2670 0.0382
v 0.0304 0.5728 0.0455
v 0.1372 0.8775 0.0672
v 0.1170 0.0422 -0.1201
v -0.0037 0.0914 -0.0011
v 0.1262 0.6845 0.0421
v -0.5943 0.2289 0.1282
v -0.2419 -0.6838 0.0217
v -0.6213 0.3211 0.1354
v -0.2371 -0.6556 0.0292
v -0.6765 0.3093 0.0778
v 0.0620 0.8142 -0.0014
v 0.1400 0.5492 -0.0041
v -0.0636 0.2523 -0.0180
v 0.0291 0.7122 -0.0028
v -0.1591 0.0342 -0.3080
v -0.6611 0.2061 0.0738
v -0.0933 0.3173 -0.0298
v -0.1714 0.1350 -0.3438
v 0.0852 0.4580 0.0159
v 0.1084 0.0355 -0.0977
v -0.0319 -0.0703 0.0050
v -0.2945 0.0601 -0.1532
v -0.1237 0.8424 0.2895
v -0.0764 0.6134 -0.1265
v -0.1506 -0.1675 0.0432
v -0.2200 -0.7820 0.0057
v -0.5928 0.3096 0.1540
v -0.0016 0.1331 -0.0046
v -0.0989 0.0630 0.0252
v 0.1411 0.8431 0.0570
v 0.0891 0.0797 -0.1353
v -0.5908 0.2552 0.1390
v -0.3257 0.3313 -0.2273
v -0.2063 -0.0022 -0.2718
v -0.1691 0.3099 -0.2827
v -0.0992 0.1919 0.0116
v 0.1273 0.7152 0.0369
v 0.0274 0.5510 0.0293
v 0.0936 0.9413 0.0709
v 0.1386 0.4209 -0.0225
v -0.1277 -0.3024 0.0413
v 0.1613 0.8755 0.1044
v 0.1686 0.4639 -0.0085
v 0.2931 0.3080 0.0234
v 0.3546 0.3559 -0.0178
v 0.1686 0.8487 0.1013
v 0.1686 0.4836 0.0035
v 0.3606 0.3371 -0.0144
v 0.8360 0.1178 0.1067
v 0.1845 0.8410 0.1388
v 0.2298 0.5149 0.0345
v 0.3247 0.3181 0.0011
v 0.2890 0.3031 0.0416
v 0.8364 0.1081 0.1061
v 0.1534 0.8994 0.1164
v 0.3217 0.3458 -0.0104
v 0.1532 0.8419 0.0740
v 0.1678 0.4206 -0.0189
v 0.3339 0.3593 -0.0150
v 0.2622 0.3096 0.0215
v 0.1506 0.8719 0.0826
v 0.1693 0.3868 -0.0197
v 0.2632 0.3026 0.0398
v 0.1809 0.8672 0.1704
v 0.1992 0.5194 0.0344
v 0.3567 0.3155 -0.0011
v 0.1626 0.4501 -0.0148
v 0.1865 0.8472 0.1663
v 0.1771 0.5015 0.0170
v 0.1970 0.4264 -0.0152
v 0.2623 0.3547 -0.0040
v 0.2329 0.4534 -0.0067
v 0.3566 0.3008 0.0305
v 0.1558 0.9086 0.1670
v 0.2308 0.4902 0.0126
v 0.1496 0.3431 -0.1400
v 0.1537 0.5345 0.0456
v 0.1976 0.3901 -0.0155
v 0.2619 0.3247 0.0060
v 0.2260 0.3859 -0.0106
v 0.1733 0.8828 0.1704
v 0.1653 0.5200 0.0321
v 0.1538 0.0439 -0.0545
v 0.2308 0.4195 -0.0112
v 0.1525 0.0468 -0.0536
v 0.1543 0.9072 0.1389
v 0.2943 0.3521 -0.0072
v 0.2005 0.4567 -0.0085
v 0.2001 0.4910 0.0110
v 0.2929 0.3218 0.0042
v 0.3250 0.3019 0.0353
v 0.1794 0.8463 0.1237
v 0.2088 0.3735 -0.0127
v 0.1720 0.8792 0.1396
v 0.3169 0.3060 0.0219
v 0.1812 0.8675 0.2324
v 0.2012 0.3159 -0.0029
v 0.2928 0.4811 0.0140
v 0.1741 0.8807 0.2012
v 0.1565 0.0502 -0.0217
v 0.1683 0.0259 0.0062
v 0.1867 0.8491 0.2330
v 0.2076 0.3473 -0.0107
v 0.2925 0.4587 -0.0021
v 0.1968 0.3000 0.0092
v 0.3240 0.4884 0.0302
v 0.1482 0.4316 -0.0914
v 0.1559 0.9075 0.2013
v 0.2902 0.4289 -0.0121
v 0.1795 0.2761 0.0223
v 0.2851 0.3874 -0.0102
v 0.2613 0.4795 0.0081
v 0.3009 0.3942 -0.0135
v 0.2298 0.3199 0.0031
v 0.1743 0.2562 0.0259
v 0.1675 0.2248 0.0316
v 0.2338 0.3523 -0.0061
v 0.2616 0.4556 -0.0052
v 0.2994 0.4183 -0.0143
v 0.1610 0.0307 -0.0251
v 0.1600 0.1958 0.0349
v 0.3519 0.4823 0.0329
v 0.1609 0.0470 0.0103
v 0.2607 0.4220 -0.0096
v 0.2239 0.3033 0.0175
v 0.1494 0.3844 -0.1276
v 0.1915 0.3550 -0.0147
v 0.1496 0.4119 -0.1141
v 0.2639 0.3906 -0.0081
v 0.1559 0.1637 0.0395
v 0.1532 0.2241 0.0159
v 0.1828 0.2576 0.0386
v 0.1512 0.9022 0.2604
v 0.1518 0.1333 0.0406
v 0.2622 0.4959 0.0212
v 0.1550 0.2979 -0.0141
v 0.3548 0.4345 -0.0116
v 0.1816 0.2328 0.0489
v 0.1607 0.2566 0.0095
v 0.1499 0.0857 0.0451
v 0.1646 0.8440 0.2667
v 0.3247 0.4264 -0.0155
v 0.3548 0.4542 0.0026
v 0.1697 0.3531 -0.0186
v 0.2927 0.5031 0.0422
v 0.1616 0.8749 0.2645
v 0.3608 0.4703 0.0171
v 0.1502 0.0545 0.0494
v 0.2312 0.2992 0.0312
v 0.3233 0.3871 -0.0167
v 0.1678 0.3216 -0.0159
v 0.1708 0.8859 0.2347
v 0.1663 0.0306 0.0345
v 0.1883 0.8428 0.2023
v 0.1770 0.3092 -0.0085
v 0.1571 0.0020 0.0425
v 0.1814 0.8662 0.2015
v 0.2946 0.4950 0.0289
v 0.3234 0.4562 -0.0004
v 0.3558 0.4221 -0.0179
v 0.1652 0.2852 -0.0007
v 0.1484 -0.0358 0.0502
v 0.1990 0.2859 0.0352
v 0.3292 0.4740 0.0141
v 0.1563 0.9065 0.2323
v 0.3547 0.3942 -0.0226
v 0.1491 -0.0697 0.0491
v 0.2620 0.5082 0.0364
v 0.6082 0.3064 0.1567
v 0.6554 0.2991 0.1448
v 0.6806 0.2149 0.0618
v 0.4243 0.4240 0.0014
v 0.4954 0.2698 0.0410
v 0.5574 0.3200 0.0090
v 0.1482 -0.0953 0.0469
v 0.2635 -0.6897 0.0290
v 0.7291 0.2723 0.1137
v 0.6130 0.2495 0.1452
v 0.5535 0.3436 0.0148
v 0.2608 -0.6621 0.0363
v 0.4345 0.3966 -0.0083
v 0.4572 0.4273 0.0289
v 0.1920 -0.4671 0.0519
v 0.6200 0.2260 0.1370
v 0.6801 0.3109 0.1012
v 0.7201 0.1016 0.1449
v 0.6478 0.2535 0.1609
v 0.1525 -0.1331 0.0465
v 0.1925 -0.4881 0.0504
v 0.6305 0.2064 0.1264
v 0.6497 0.3141 0.1309
v 0.1497 0.1597 -0.2637
v 0.5580 0.2869 0.0157
v 0.4465 0.4394 0.0350
v 0.7120 0.2782 0.0692
v 0.3903 0.4187 -0.0166
v 0.7130 0.1827 0.0921
v 0.6188 0.2895 0.1574
v 0.6943 0.1343 0.1633
v 0.2621 -0.7540 0.0312
v 0.7190 0.1654 0.1095
v 0.6574 0.2316 0.1548
v 0.5170 0.2768 0.0203
v 0.4173 0.4453 0.0121
v 0.6805 0.2067 0.0744
v 0.3859 0.3870 -0.0246
v 0.1600 -0.1663 0.0480
v 0.7156 0.1301 0.1394
v 0.1497 0.1998 -0.2568
v 0.2692 -0.7224 0.0329
v 0.1943 -0.5269 0.0469
v 0.1623 -0.1930 0.0461
v 0.5234 0.2637 0.0353
v 0.6738 0.3114 0.0770
v 0.7162 0.2220 0.0603
v 0.1658 -0.2321 0.0455
v 0.6190 0.3212 0.1368
v 0.6575 0.1987 0.1296
v 0.6464 0.2866 0.1594
v 0.7252 0.2615 0.0611
v 0.3850 0.4333 -0.0082
v 0.5832 0.3167 0.0162
v 0.6251 0.2623 0.1551
v 0.6452 0.2196 0.1432
v 0.6868 0.2941 0.0651
v 0.7177 0.1274 0.1660
v 0.6816 0.1920 0.1029
v 0.2517 -0.6307 0.0456
v 0.3880 0.4516 0.0064
v 0.1656 -0.2681 0.0446
v 0.4211 0.3829 -0.0172
v 0.5844 0.2940 0.0163
v 0.4153 0.4084 -0.0135
v 0.2785 -0.7087 0.0460
v 0.4911 0.2775 0.0282
v 0.7172 0.1011 0.1584
v 0.1693 -0.3044 0.0466
v 0.7158 0.2856 0.1014
v 0.7186 0.1960 0.0759
v 0.6942 0.1323 0.1434
v 0.5564 0.2575 0.0331
v 0.6860 0.1640 0.1342
v 0.4944 0.3188 0.0018
v 0.6502 0.3214 0.0656
v 0.1649 -0.3337 0.0464
v 0.7085 0.2777 0.1358
v 0.5918 0.3292 0.0269
v 0.7182 0.1955 0.1719
v 0.6755 0.2770 0.1553
v 0.7238 0.1594 0.1790
v 0.6788 0.1896 0.1378
v 0.5852 0.3505 0.0401
v 0.4935 0.3529 -0.0025
v 0.5871 0.2786 0.0215
v 0.6481 0.2001 0.1040
v 0.6263 0.3359 0.1146
v 0.1664 -0.3628 0.0484
v 0.4906 0.2919 0.0132
v 0.6724 0.2142 0.1496
v 0.7054 0.2466 0.1558
v 0.3848 0.4728 0.0322
v 0.6146 0.3456 0.1048
v 0.1623 -0.3904 0.0515
v 0.6177 0.2210 0.0669
v 0.7159 0.2246 0.1573
v 0.3939 0.4658 0.0229
v 0.6470 0.2135 0.0678
v 0.2502 -0.7852 0.0364
v 0.5574 0.3613 0.0301
v 0.7089 0.1512 0.1249
v 0.6861 0.2930 0.1349
v 0.1676 -0.4257 0.0498
v 0.5973 0.2380 0.0458
v 0.6960 0.1912 0.1678
v 0.4560 0.4087 0.0103
v 0.5235 0.3193 0.0028
v 0.5840 0.2531 0.0351
v 0.4632 0.3868 0.0007
v 0.5242 0.3530 0.0080
v 0.6530 0.3263 0.1024
v 0.2491 -0.6950 0.0121
v 0.6300 0.2066 0.1091
v 0.6949 0.1600 0.1704
v 0.1484 0.1245 -0.2559
v 0.1696 -0.4614 0.0468
v 0.6850 0.2568 0.1619
v 0.5221 0.2867 0.0143
v 0.4236 0.4550 0.0320
v 0.6141 0.3483 0.0728
v 0.6182 0.2124 0.1012
v 0.2545 -0.7217 0.0148
v 0.1658 -0.4880 0.0449
v 0.7338 0.2311 0.1454
v 0.6722 0.3062 0.1297
v 0.6231 0.3375 0.0580
v 0.6578 0.2044 0.0798
v 0.6825 0.2225 0.1590
v 0.1716 -0.5241 0.0417
v 0.7214 0.2560 0.1403
v 0.2490 -0.7525 0.0115
v 0.2320 -0.6894 -0.0024
v 0.4254 0.2945 0.0364
v 0.1494 0.2771 -0.1851
v 0.1614 -0.8133 -0.0245
v 0.8039 0.1838 0.1011
v 0.7669 0.2017 0.1496
v 0.7788 0.1613 0.1622
v 0.2009 -0.7222 -0.0260
v 0.8173 0.0933 0.1327
v 0.1696 -0.8526 -0.0228
v 0.1609 -0.5593 0.0352
v 0.2399 -0.7965 0.0227
v 0.8122 0.1279 0.1328
v 0.2006 -0.7511 -0.0280
v 0.7729 0.1858 0.1549
v 0.7421 0.1463 0.1302
v 0.4609 0.2959 0.0146
v 0.2313 -0.6629 0.0069
v 0.8143 0.1597 0.1041
v 0.7401 0.2477 0.1264
v 0.1908 -0.6655 -0.0138
v 0.4587 0.3493 -0.0078
v 0.1972 -0.6257 0.0072
v 0.1704 -0.5835 0.0257
v 0.2355 -0.7579 -0.0025
v 0.2397 -0.8213 0.0350
v 0.1684 -0.9984 -0.0020
v 0.5183 0.3752 0.0183
v 0.1931 -0.6054 0.0170
v 0.5469 0.3776 0.0382
v 0.4602 0.3198 0.0019
v 0.1703 -0.7874 -0.0283
v 0.7525 0.2277 0.1365
v 0.2372 -0.7246 -0.0036
v 0.1996 -0.9988 0.0312
v 0.1970 -0.6838 -0.0183
v 0.2322 -0.8507 0.0296
v 0.2312 -0.8869 0.0330
v 0.2212 -0.7188 -0.0168
v 0.7491 0.1575 0.1751
v 0.7857 0.1925 0.1347
v 0.8000 0.1240 0.1570
v 0.1689 -0.9529 -0.0283
v 0.8135 0.1558 0.0789
v 0.2228 -0.7473 -0.0169
v 0.2318 -0.9216 0.0296
v 0.7961 0.1383 0.1095
v 0.2002 -0.6542 -0.0065
v 0.7913 0.1562 0.1338
v 0.7505 0.1936 0.1642
v 0.8040 0.0912 0.1621
v 0.3918 0.3019 0.0296
v 0.1693 -0.9822 -0.0234
v 0.2351 -0.9509 0.0313
v 0.7408 0.2157 0.1543
v 0.1475 0.3636 -0.1599
v 0.1693 -0.8920 -0.0237
v 0.2197 -0.6310 0.0153
v 0.4906 0.3799 0.0083
v 0.1501 0.2468 -0.1971
v 0.2296 -0.9827 0.0322
v 0.2158 -0.7001 -0.0171
v 0.1648 -0.9237 -0.0265
v 0.7718 0.2175 0.1282
v 0.1484 0.3186 -0.1627
v 0.2169 -0.9183 0.0081
v 0.7428 0.2518 0.0779
v 0.1926 -0.9537 -0.0220
v 0.7784 0.2209 0.0997
v 0.2155 -0.8846 0.0079
v 0.1651 -0.6553 -0.0091
v 0.7517 0.2223 0.0657
v 0.1955 -0.9777 -0.0177
v 0.4176 0.3539 -0.0129
v 0.7874 0.1297 0.1322
v 0.4889 0.4121 0.0368
v 0.7862 0.1551 0.0984
v 0.2054 -0.8548 -0.0065
v 0.2171 -0.9783 0.0070
v 0.7540 0.1902 0.0704
v 0.3903 0.3191 0.0006
v 0.2252 -0.5966 0.0421
v 0.1938 -0.8879 -0.0164
v 0.2081 -0.8221 -0.0092
v 0.3932 0.3390 -0.0112
v 0.7965 0.1085 0.1401
v 0.2209 -0.9568 0.0097
v 0.7928 0.2000 0.1006
v 0.8254 0.1350 0.0797
v 0.2340 -0.6249 0.0316
v 0.4963 0.3965 0.0231
v 0.7599 0.1329 0.1669
v 0.2149 -0.7835 -0.0150
v 0.1924 -0.9172 -0.0192
v 0.1489 0.2492 -0.2227
v 0.7659 0.2327 0.1081
v 0.3892 0.3528 -0.0176
v 0.1943 -0.8177 -0.0204
v 0.2070 -0.9242 -0.0055
v 0.2312 -0.7855 0.0049
v 0.2410 -0.6509 0.0216
v 0.4569 0.2867 0.0310
v 0.1676 -0.7200 -0.0273
v 0.3782 0.3368 -0.0135
v 0.4196 0.3035 0.0172
v 0.1942 -0.8531 -0.0166
v 0.7467 0.2516 0.1008
v 0.2011 -0.5644 0.0408
v 0.1506 0.2195 -0.2222
v 0.7766 0.2145 0.0736
v 0.2040 -0.8850 -0.0067
v 0.1688 -0.7548 -0.0304
v 0.1661 -0.6301 0.0031
v 0.2011 -0.5921 0.0275
v 0.7913 0.0999 0.1670
v 0.1766 -0.6664 -0.0146
v 0.1505 0.1880 -0.2236
v 0.7851 0.1877 0.0769
v 0.8178 0.1275 0.1067
v 0.7530 0.1633 0.1002
v 0.4244 0.3404 -0.0070
v 0.2007 -0.9905 -0.0012
v 0.7601 0.1367 0.1408
v 0.8083 0.1599 0.1278
v 0.2165 -0.8461 0.0059
v 0.7824 0.1253 0.1649
v 0.7907 0.1690 0.0801
v 0.1994 -0.7828 -0.0248
v 0.1682 -0.6025 0.0170
v 0.2222 -0.8171 0.0064
v 0.1692 -1.0000 0.0309
v 0.1500 0.1609 -0.2370
v 0.1631 -0.6897 -0.0208
v 0.5240 0.3881 0.0343
v 0.8285 0.1037 0.1043
v 0.4238 0.3184 0.0037
v 0.2078 -0.9521 -0.0075
v 0.1651 -0.2315 0.2586
v 0.2515 -0.3953 0.1170
v 0.1929 -0.1629 0.2013
v 0.2184 -0.3028 0.2028
v 0.1682 -0.1299 0.2308
v 0.2131 -0.7803 0.1233
v 0.1528 0.1393 0.2956
v 0.2168 -0.3633 0.2240
v 0.1993 -0.4883 0.2388
v 0.4694 0.2724 0.0695
v 0.2485 -0.3642 0.1144
v 0.2246 -0.9214 0.1661
v 0.1882 -0.1341 0.2006
v 0.4253 0.2991 0.1253
v 0.2170 -0.2681 0.1934
v 0.4915 0.4169 0.0670
v 0.1618 -0.1983 0.2566
v 0.1703 -0.1619 0.2368
v 0.2367 -0.7627 0.1092
v 0.2179 -0.3928 0.2268
v 0.5244 0.3881 0.1032
v 0.2014 -0.8825 0.1408
v 0.2378 -0.5875 0.0604
v 0.1693 -1.0000 0.1082
v 0.2017 -0.5244 0.2307
v 0.1885 -0.3335 0.2535
v 0.1667 -0.6931 0.1741
v 0.3793 0.3501 0.1541
v 0.1960 -0.3951 0.2517
v 0.2163 -0.3413 0.2186
v 0.2349 -0.9497 0.1691
v 0.2046 -0.4229 0.2428
v 0.2304 -0.5590 0.0672
v 0.1656 -0.1017 0.2297
v 0.4234 0.3523 0.1424
v 0.1635 -0.3017 0.2622
v 0.1654 -0.7237 0.1612
v 0.2132 -0.2393 0.1899
v 0.2017 -0.9992 0.1383
v 0.4580 0.2818 0.1041
v 0.1949 -0.3701 0.2521
v 0.2313 -0.9848 0.1678
v 0.2009 -0.4582 0.2429
v 0.1693 -0.7453 0.1522
v 0.1654 -0.2688 0.2608
v 0.1851 -0.1033 0.1987
v 0.4250 0.3187 0.1356
v 0.2458 -0.3113 0.1386
v 0.2156 -0.4885 0.2248
v 0.2042 -0.3597 0.2418
v 0.4847 0.4115 0.0985
v 0.2278 -0.9209 0.1405
v 0.1998 -0.7855 0.1262
v 0.1475 0.0149 0.3033
v 0.1881 -0.4563 0.2492
v 0.1999 -0.8953 0.1687
v 0.1659 -1.0000 0.0698
v 0.5284 0.3970 0.0674
v 0.4066 0.3020 0.1201
v 0.2563 -0.5280 0.1065
v 0.2205 -0.9010 0.1323
v 0.1523 -0.0019 0.2923
v 0.2055 -0.4015 0.2426
v 0.5105 0.4073 0.0627
v 0.1913 -0.4263 0.2512
v 0.2175 -0.5171 0.2183
v 0.2541 -0.4898 0.1091
v 0.2097 -0.2716 0.2082
v 0.4974 0.3970 0.1114
v 0.1755 -0.1946 0.2402
v 0.1537 -0.1667 0.2582
v 0.1982 -0.8594 0.1250
v 0.3878 0.3165 0.1405
v 0.2041 -0.2336 0.2055
v 0.2329 -0.9865 0.1384
v 0.2517 -0.4538 0.1087
v 0.1585 -0.7593 0.1446
v 0.2182 -0.4263 0.2271
v 0.2038 -0.3337 0.2362
v 0.1789 -0.2176 0.2426
v 0.3937 0.3477 0.1487
v 0.1917 -0.8205 0.1207
v 0.2173 -0.4600 0.2262
v 0.1998 -0.2003 0.2016
v 0.2385 -0.9527 0.1377
v 0.1518 -0.1333 0.2535
v 0.2518 -0.4303 0.1112
v 0.4562 0.2789 0.0695
v 0.1988 -0.9991 0.1680
v 0.2082 -0.8222 0.1149
v 0.5565 0.3813 0.0683
v 0.2420 -0.9547 0.1035
v 0.1628 -0.7865 0.1279
v 0.2292 -0.5225 0.1985
v 0.2610 -0.4284 0.1377
v 0.1978 -0.2693 0.2280
v 0.1995 -0.9995 0.0697
v 0.2338 -0.6566 0.1679
v 0.1678 -0.4611 0.2514
v 0.2335 -0.8528 0.0700
v 0.1677 -0.8917 0.1691
v 0.1677 -0.4262 0.2555
v 0.2304 -0.4898 0.2005
v 0.2251 -0.6927 0.1649
v 0.2083 -0.8510 0.1174
v 0.2354 -0.9861 0.1049
v 0.2608 -0.4574 0.1358
v 0.2384 -0.8155 0.0636
v 0.2469 -0.3418 0.1634
v 0.2008 -0.3035 0.2331
v 0.2259 -0.8901 0.1020
v 0.2498 -0.3946 0.1692
v 0.1647 -0.8544 0.1245
v 0.2336 -0.4549 0.1986
v 0.1857 -0.1976 0.2253
v 0.2232 -0.7236 0.1545
v 0.2402 -0.7865 0.0767
v 0.2610 -0.4884 0.1400
v 0.2045 -0.7582 0.1436
v 0.4885 0.3858 0.1338
v 0.4246 0.2894 0.0656
v 0.2499 -0.3703 0.1676
v 0.2327 -0.9182 0.1066
v 0.1874 -0.2377 0.2355
v 0.1712 -0.8177 0.1202
v 0.1689 -1.0000 0.1680
v 0.3896 0.3008 0.1051
v 0.2608 -0.5239 0.1348
v 0.2321 -0.4264 0.2030
v 0.2422 -0.6933 0.1454
v 0.2337 -0.9883 0.0685
v 0.2316 -0.3949 0.2022
v 0.2500 -0.4577 0.1690
v 0.2193 -0.8174 0.1003
v 0.1664 -0.4934 0.2450
v 0.2500 -0.3349 0.1335
v 0.1830 -0.1722 0.2210
v 0.5542 0.3780 0.0956
v 0.2516 -0.4261 0.1679
v 0.2440 -0.9446 0.0701
v 0.1988 -0.6887 0.1761
v 0.1668 -0.3321 0.2617
v 0.1666 -0.5274 0.2376
v 0.2309 -0.3677 0.2009
v 0.2410 -0.5670 0.1733
v 0.1634 -0.8762 0.1392
v 0.1990 -0.9996 0.1084
v 0.2207 -0.8575 0.1008
v 0.4558 0.2928 0.1255
v 0.2443 -0.6671 0.1503
v 0.2558 -0.3642 0.1344
v 0.4219 0.2941 0.1012
v 0.2402 -0.9212 0.0689
v 0.4602 0.3463 0.1394
v 0.1623 -0.3967 0.2600
v 0.2279 -0.7537 0.1310
v 0.2394 -0.5977 0.1714
v 0.5161 0.3766 0.1273
v 0.3840 0.2963 0.0672
v 0.1683 -1.0000 0.1379
v 0.1878 -0.3014 0.2500
v 0.2002 -0.7270 0.1600
v 0.2512 -0.5205 0.1616
v 0.2350 -0.8906 0.0730
v 0.2582 -0.3949 0.1389
v 0.4623 0.3163 0.1337
v 0.2392 -0.7234 0.1364
v 0.2274 -0.3340 0.1971
v 0.1680 -0.3645 0.2611
v 0.2497 -0.4867 0.1672
v 0.2286 -0.7824 0.1007
v 0.1857 -0.2796 0.2486
v 0.1786 -0.0925 0.2084
v 0.1516 0.1568 0.2941
v 0.2350 -0.6284 0.1730
v 0.1767 -0.4743 0.2482
v 0.1871 -0.7439 0.1533
v 0.1979 -0.1332 0.1018
v 0.2488 -0.5545 0.1622
v 0.2255 -0.2732 0.1029
v 0.1996 -0.6293 0.2027
v 0.1617 -0.5911 0.2209
v 0.4206 0.4523 0.1024
v 0.1724 -0.3985 0.0537
v 0.2553 -0.6548 0.1355
v 0.1619 -1.0000 0.2015
v 0.4477 0.4140 0.1301
v 0.6210 0.2336 0.0460
v 0.2460 -0.9615 0.0635
v 0.2440 -0.4264 0.1820
v 0.5259 0.3178 0.1388
v 0.1991 -0.3018 0.0674
v 0.2034 -0.1665 0.0997
v 0.2427 -0.4658 0.1815
v 0.2038 -0.5991 0.2126
v 0.2298 -0.3029 0.1017
v 0.6513 0.2890 0.0373
v 0.4628 0.3873 0.1409
v 0.2545 -0.6826 0.1293
v 0.5260 0.3552 0.1400
v 0.1976 -0.2720 0.0689
v 0.3938 0.4775 0.0645
v 0.6208 0.2588 0.0322
v 0.2002 -0.9981 0.2349
v 0.5573 0.3683 0.1094
v 0.2423 -0.4887 0.1799
v 0.5252 0.2862 0.1299
v 0.1940 -0.2414 0.0691
v 0.5863 0.2261 0.1053
v 0.2178 -0.9774 0.2590
v 0.5870 0.3640 0.0720
v 0.1672 -0.9038 0.2101
v 0.2480 -0.7119 0.1284
v 0.2157 -0.2004 0.1096
v 0.5647 0.2363 0.0694
v 0.1936 -0.1034 0.1039
v 0.2480 -0.5975 0.1577
v 0.2410 -0.5276 0.1780
v 0.1922 -0.1993 0.0740
v 0.2173 -0.9485 0.2574
v 0.4383 0.4300 0.1157
v 0.1706 -0.5631 0.2293
v 0.5531 0.2443 0.0587
v 0.6425 0.3111 0.0467
v 0.2014 -0.9175 0.2360
v 0.2180 -0.6506 0.1871
v 0.2198 -0.2345 0.1049
v 0.1676 -0.8992 0.1933
v 0.1865 -0.1709 0.0736
v 0.4118 0.4705 0.0612
v 0.6167 0.3201 0.0364
v 0.2398 -0.3305 0.1727
v 0.2126 -0.3115 0.0795
v 0.2277 -0.9550 0.2329
v 0.2121 -0.2641 0.0862
v 0.4940 0.3232 0.1361
v 0.3874 0.4736 0.0956
v 0.1966 -0.9273 0.2590
v 0.2242 -0.6225 0.1890
v 0.5262 0.2665 0.1233
v 0.2615 -0.5614 0.1371
v 0.1825 -0.1291 0.0788
v 0.4323 0.4560 0.0688
v 0.2259 -0.9805 0.2326
v 0.6119 0.3410 0.0519
v 0.2217 -0.5914 0.1995
v 0.3924 0.4619 0.1151
v 0.4958 0.3526 0.1421
v 0.2601 -0.5956 0.1377
v 0.4914 0.2842 0.1248
v 0.2078 -0.1977 0.0957
v 0.6491 0.2547 0.0366
v 0.5487 0.2434 0.1009
v 0.2428 -0.3627 0.1789
v 0.2252 -0.5590 0.2001
v 0.2017 -0.9888 0.2674
v 0.6191 0.2905 0.0253
v 0.6486 0.2305 0.0465
v 0.2193 -0.9315 0.2326
v 0.2499 -0.7827 0.0622
v 0.2578 -0.6266 0.1369
v 0.5885 0.2293 0.0687
v 0.2070 -0.2259 0.0871
v 0.2000 -0.6623 0.1878
v 0.2432 -0.3960 0.1807
v 0.5849 0.3581 0.1061
v 0.2007 -0.9480 0.2744
v 0.5634 0.2364 0.1007
v 0.1803 -0.1009 0.0824
v 0.2398 -0.4944 0.0908
v 0.2724 -0.6289 0.1095
v 0.2295 -0.9834 0.1999
v 0.1746 -0.1609 0.0624
v 0.4087 0.3942 0.1517
v 0.5847 0.3451 0.1246
v 0.2230 -0.4014 0.0843
v 0.1981 -0.1020 0.1688
v 0.2738 -0.7291 0.0713
v 0.1697 -0.9256 0.2609
v 0.2067 -0.5205 0.0557
v 0.2158 -0.1981 0.1637
v 0.2664 -0.5931 0.0993
v 0.4116 0.4177 0.1529
v 0.2382 -0.5204 0.0859
v 0.1685 -0.1332 0.0620
v 0.2317 -0.9503 0.2022
v 0.2227 -0.3666 0.0847
v 0.2082 -0.4861 0.0606
v 0.5552 0.2534 0.1260
v 0.4539 0.4406 0.0628
v 0.2210 -0.2354 0.1697
v 0.5881 0.3301 0.1409
v 0.1474 0.7817 0.2881
v 0.2625 -0.7565 0.0673
v 0.5248 0.2541 0.1019
v 0.2210 -0.9238 0.2008
v 0.2614 -0.5632 0.1051
v 0.2018 -0.1311 0.1705
v 0.6807 0.2546 0.0408
v 0.2290 -0.2717 0.1691
v 0.2804 -0.6816 0.0852
v 0.2724 -0.6531 0.0544
v 0.4693 0.4298 0.0682
v 0.1682 -0.9993 0.2641
v 0.2144 -0.1686 0.1370
v 0.2043 -0.4550 0.0608
v 0.1740 -0.6741 0.1832
v 0.2362 -0.4291 0.0931
v 0.3901 0.4521 0.1357
v 0.2384 -0.4567 0.0926
v 0.1643 -0.6576 0.1910
v 0.5851 0.2831 0.1464
v 0.2069 -0.1626 0.1707
v 0.2013 -0.4274 0.0615
v 0.6793 0.2329 0.0473
v 0.4865 0.2668 0.0675
v 0.2344 -0.3015 0.1713
v 0.1660 -0.1010 0.0648
v 0.2794 -0.6540 0.0922
v 0.1607 -0.9382 0.2761
v 0.1970 -0.3949 0.0637
v 0.2552 -0.5972 0.0733
v 0.1695 -0.6301 0.2048
v 0.2789 -0.7183 0.0635
v 0.1978 -0.5865 0.2194
v 0.5879 0.2561 0.1385
v 0.2102 -0.1951 0.1776
v 0.2277 -0.5300 0.0731
v 0.5557 0.3175 0.1456
v 0.4247 0.4227 0.1400
v 0.2380 -0.3656 0.1011
v 0.2783 -0.6353 0.0911
v 0.4447 0.4400 0.0911
v 0.3918 0.4183 0.1578
v 0.1968 -0.9989 0.1999
v 0.5895 0.3094 0.1537
v 0.2520 -0.7497 0.0963
v 0.2270 -0.2294 0.1371
v 0.5561 0.3503 0.1338
v 0.3882 0.3862 0.1561
v 0.2230 -0.4888 0.0740
v 0.1994 -0.3659 0.0635
v 0.6816 0.2785 0.0442
v 0.5924 0.2295 0.1277
v 0.2671 -0.6263 0.0679
v 0.1638 -0.6076 0.2148
v 0.1691 -1.0000 0.2348
v 0.4311 0.3838 0.1455
v 0.2336 -0.3928 0.0966
v 0.2609 -0.7190 0.1032
v 0.2186 -0.1922 0.1345
v 0.2023 -0.1025 0.1351
v 0.1791 -0.2645 0.0526
v 0.2118 -0.1554 0.1454
v 0.2230 -0.4576 0.0768
v 0.1773 -0.2271 0.0543
v 0.5960 0.2944 0.1541
v 0.2424 -0.2955 0.1394
v 0.2324 -0.3340 0.0990
v 0.4949 0.2668 0.1026
v 0.7095 0.2535 0.0468
v 0.2695 -0.6909 0.1017
v 0.2814 -0.6636 0.0701
v 0.2039 -0.9074 0.2030
v 0.5561 0.2895 0.1384
v 0.1747 -0.1952 0.0560
v 0.1957 -0.5601 0.2264
v 0.5220 0.2534 0.0662
v 0.2345 -0.2634 0.1346
v 0.2078 -0.1327 0.1397
v 0.4106 0.4424 0.1328
v 0.2705 -0.6603 0.1095
v 0.2816 -0.6905 0.0659
v 0.4574 0.4242 0.1034
v 0.1925 -0.8997 0.1935
v 0.3964 0.4374 0.1528
v 0.1697 -0.9119 0.2348
v 0.1986 -0.3331 0.0642
v 0.2229 -0.4294 0.0795
v 0.2931 0.5088 0.0694
v 0.1646 0.0609 0.0674
v 0.1925 -0.0083 0.1385
v 0.1536 0.6810 0.2578
v 0.3548 0.4255 0.1632
v 0.2272 0.2854 0.0695
v 0.1828 0.1589 0.0806
v 0.1795 0.7415 0.2434
v 0.1760 -0.0408 0.0856
v 0.1834 0.1307 0.1682
v 0.1909 0.0216 0.1384
v 0.1846 0.1934 0.0727
v 0.1617 0.7165 0.2615
v 0.1888 0.3824 0.2233
v 0.3562 0.3898 0.1628
v 0.1973 0.7523 0.2030
v 0.2615 0.5138 0.1037
v 0.1832 0.0985 0.1703
v 0.1786 -0.0632 0.0863
v 0.3323 0.4679 0.1480
v 0.1792 0.1875 0.1796
v 0.1717 0.4592 0.2130
v 0.1898 0.2242 0.0701
v 0.1653 0.0213 0.0909
v 0.1992 -0.0743 0.1390
v 0.2139 0.2721 0.0984
v 0.1985 0.7827 0.2044
v 0.1689 0.0965 0.0687
v 0.1850 0.0581 0.1690
v 0.1967 0.2540 0.0666
v 0.1561 -0.0017 0.1000
v 0.1520 0.6511 0.2544
v 0.3246 0.4772 0.1353
v 0.3618 0.4487 0.1567
v 0.1676 0.4897 0.2033
v 0.1945 0.8123 0.2020
v 0.1666 0.1267 0.0601
v 0.1953 -0.0388 0.1403
v 0.2957 0.4986 0.1118
v 0.3235 0.4253 0.1668
v 0.1860 0.0238 0.1703
v 0.1573 0.6499 0.2347
v 0.2071 0.2780 0.0626
v 0.1941 0.1942 0.1036
v 0.1642 0.7810 0.2687
v 0.1900 0.0923 0.1401
v 0.1663 -0.0718 0.0689
v 0.2615 0.5188 0.0694
v 0.2882 0.5052 0.1030
v 0.1769 0.0762 0.0856
v 0.1882 -0.0086 0.1706
v 0.1901 0.1632 0.1018
v 0.1677 0.5067 0.1902
v 0.2308 0.2830 0.1064
v 0.1623 -0.0420 0.0662
v 0.1903 0.1249 0.1395
v 0.1643 0.8159 0.2674
v 0.3224 0.3887 0.1691
v 0.2054 0.2544 0.1008
v 0.1612 -0.0057 0.0680
v 0.1900 0.0605 0.1390
v 0.1851 0.6879 0.2025
v 0.3614 0.4613 0.1405
v 0.3179 0.4700 0.1532
v 0.1766 0.7123 0.2393
v 0.1911 -0.0397 0.1700
v 0.1681 -0.9526 0.2854
v 0.1923 0.7117 0.2015
v 0.3276 0.4558 0.1605
v 0.3525 0.4711 0.1274
v 0.1700 0.6791 0.2376
v 0.1653 0.0254 0.0686
v 0.1993 0.2271 0.1056
v 0.1698 -0.9836 0.2888
v 0.1940 -0.0702 0.1695
v 0.1787 0.0930 0.0862
v 0.1635 0.7518 0.2662
v 0.2625 0.4970 0.1408
v 0.2304 0.3862 0.1957
v 0.3601 0.4794 0.1040
v 0.1938 0.2240 0.1392
v 0.2904 0.4540 0.1671
v 0.1861 0.7909 0.2490
v 0.2002 0.2550 0.1399
v 0.1580 0.6549 0.2012
v 0.1845 0.0595 0.1056
v 0.3270 0.4977 0.0591
v 0.1861 0.8129 0.2491
v 0.2290 0.4188 0.1889
v 0.2914 0.4756 0.1583
v 0.1897 0.7156 0.2286
v 0.2940 0.3870 0.1754
v 0.1745 0.6750 0.2024
v 0.2279 0.2881 0.1386
v 0.1913 0.1633 0.1395
v 0.2647 0.3515 0.1887
v 0.1923 -0.9593 0.2849
v 0.1876 0.1310 0.1029
v 0.2163 0.4568 0.1864
v 0.2049 0.2840 0.1719
v 0.1835 0.6862 0.2265
v 0.1919 0.1926 0.1396
v 0.2943 0.4256 0.1708
v 0.1865 0.0964 0.1065
v 0.1918 -0.9834 0.2843
v 0.2605 0.3197 0.1903
v 0.1617 0.4259 0.2255
v 0.1934 0.2604 0.1672
v 0.3282 0.4912 0.1025
v 0.2641 0.4557 0.1708
v 0.2035 0.3910 0.2118
v 0.1873 -0.0394 0.1061
v 0.1929 0.7531 0.2322
v 0.2927 0.4869 0.1389
v 0.1728 0.1611 0.0624
v 0.1742 0.1925 0.0544
v 0.3568 0.4893 0.0672
v 0.2622 0.4823 0.1603
v 0.1842 0.2256 0.1702
v 0.1995 0.4267 0.2055
v 0.1912 -0.0702 0.1084
v 0.1671 0.3919 0.2318
v 0.1840 0.0253 0.1075
v 0.2100 0.2773 0.1402
v 0.1980 0.4574 0.1992
v 0.1837 0.1953 0.1668
v 0.1940 0.8126 0.2322
v 0.2656 0.3973 0.1805
v 0.2632 0.5038 0.1256
v 0.1954 0.4834 0.1928
v 0.1618 0.4515 0.2191
v 0.1852 -0.0083 0.1074
v 0.2623 0.4256 0.1764
v 0.1952 0.7803 0.2324
v 0.3137 0.5032 0.0704
v 0.1832 0.1636 0.1682
v 0.2320 0.2982 0.1713
v 0.1805 0.1284 0.0835
v 0.1976 0.2880 0.2048
v 0.1548 0.2234 0.2581
v 0.2274 0.4889 0.1690
v 0.1770 -0.0689 0.2089
v 0.2645 0.3084 0.1735
v 0.1810 0.7502 0.1133
v 0.1561 0.2550 0.2586
v 0.1698 0.6729 0.1723
v 0.1767 0.2853 0.2402
v 0.1757 -0.0389 0.2088
v 0.2311 0.4562 0.1789
v 0.1740 -0.0086 0.2092
v 0.2541 0.3023 0.1585
v 0.1529 0.6505 0.1701
v 0.3531 0.2957 0.0667
v 0.1644 0.5430 0.0689
v 0.1817 0.8123 0.1135
v 0.1519 0.1601 0.2628
v 0.1680 0.3533 0.2409
v 0.2396 0.4339 0.1803
v 0.1941 0.5124 0.1637
v 0.1543 0.1904 0.2575
v 0.3240 0.2978 0.1004
v 0.1755 0.0218 0.2014
v 0.2281 0.5136 0.1327
v 0.1825 0.7803 0.1100
v 0.1714 0.3276 0.2454
v 0.2109 0.3563 0.2153
v 0.2924 0.3027 0.1363
v 0.1636 0.1906 0.2315
v 0.2048 0.4920 0.1809
v 0.2924 0.3147 0.1725
v 0.1743 0.0585 0.1999
v 0.1665 0.6777 0.1353
v 0.2232 0.3011 0.1938
v 0.1637 0.3136 0.2517
v 0.1873 0.5357 0.1271
v 0.1751 0.7050 0.1184
v 0.2931 0.3475 0.1798
v 0.2403 0.5007 0.1500
v 0.2576 0.3785 0.1860
v 0.1575 0.3388 0.2492
v 0.1625 0.1615 0.2320
v 0.2192 0.5049 0.1578
v 0.1704 0.2576 0.2364
v 0.3244 0.2969 0.0616
v 0.2333 0.3175 0.2035
v 0.1610 0.2881 0.2557
v 0.1716 0.0964 0.2036
v 0.2304 0.3522 0.2038
v 0.2645 0.2999 0.1396
v 0.1507 0.6546 0.1378
v 0.3590 0.2994 0.1033
v 0.1664 0.2261 0.2310
v 0.1833 0.2573 0.1966
v 0.1674 0.5478 0.1004
v 0.1711 0.1276 0.2039
v 0.1983 0.5238 0.1397
v 0.1812 0.6965 0.1442
v 0.1539 -0.0047 0.2626
v 0.2621 0.2922 0.1008
v 0.3549 0.3034 0.1260
v 0.1623 0.5425 0.1329
v 0.1927 0.8130 0.1703
v 0.2099 0.5302 0.1174
v 0.1712 0.1624 0.2038
v 0.1712 0.1910 0.2055
v 0.1851 0.7179 0.1404
v 0.1527 0.0252 0.2578
v 0.2281 0.5287 0.0692
v 0.1622 0.0608 0.2326
v 0.1559 0.7470 0.0722
v 0.1951 0.7830 0.1703
v 0.2932 0.2975 0.0696
v 0.1745 0.2240 0.2015
v 0.1674 0.7147 0.0999
v 0.2161 0.5341 0.0747
v 0.1629 0.1348 0.2293
v 0.3220 0.3541 0.1706
v 0.1933 0.7508 0.1729
v 0.1493 -0.0679 0.2551
v 0.1596 0.7807 0.0720
v 0.3540 0.3094 0.1469
v 0.1767 0.2471 0.2087
v 0.1581 0.6825 0.1076
v 0.2155 0.3135 0.2174
v 0.1629 0.0973 0.2292
v 0.3210 0.3186 0.1669
v 0.1768 0.5287 0.1476
v 0.1578 0.8136 0.0728
v 0.2013 0.5380 0.1029
v 0.1497 -0.0383 0.2572
v 0.1882 0.7124 0.1710
v 0.3236 0.3023 0.1275
v 0.2262 0.5263 0.1073
v 0.1542 0.0938 0.2543
v 0.1902 0.7822 0.1332
v 0.1734 0.7512 0.0983
v 0.1845 -0.0710 0.1945
v 0.1641 -0.0382 0.2316
v 0.2932 0.2978 0.1085
v 0.2615 0.2956 0.0617
v 0.1885 0.2907 0.2259
v 0.1829 0.6924 0.1697
v 0.1837 -0.0391 0.1912
v 0.1516 0.1306 0.2626
v 0.1888 0.8112 0.1356
v 0.1652 -0.0711 0.2291
v 0.2093 0.5309 0.0537
v 0.1634 0.0220 0.2318
v 0.1512 0.6945 0.0839
v 0.1527 0.0599 0.2578
v 0.1817 -0.0065 0.1899
v 0.1665 0.5212 0.1683
v 0.3240 0.3061 0.1471
v 0.3559 0.3505 0.1610
v 0.1986 0.3495 0.2251
v 0.1741 0.8128 0.0983
v 0.1968 0.5373 0.0685
v 0.1647 -0.0096 0.2303
v 0.1825 0.0149 0.1838
v 0.2167 0.5348 0.0906
v 0.1529 0.7212 0.0746
v 0.1959 0.3153 0.2313
v 0.3545 0.3210 0.1568
v 0.1889 0.7527 0.1369
v 0.1753 0.7827 0.0962
vt 0.23508 0.21249
vt 0.16021 0.23286
vt 0.19805 0.77529
vt 0.48756 0.23675
vt 0.67577 0.88399
vt 0.92311 0.40915
vt 0.65515 0.87021
vt 0.43559 0.74503
vt 0.41487 0.39835
vt 0.25099 0.39031
vt 0.73980 0.65763
vt 0.25462 0.33766
vt 0.39354 0.85274
vt 0.29651 0.07061
vt 0.19530 0.04244
vt 0.45095 0.73084
vt 0.47625 0.09327
vt 0.46499 0.11739
vt 0.64457 0.73430
vt 0.92858 0.86715
vt 0.16689 0.44155
vt 0.69977 0.88026
vt 0.06308 0.72013
vt 0.67101 0.80400
vt 0.65707 0.14480
vt 0.21692 0.60956
vt 0.15646 0.24134
vt 0.68191 0.89495
vt 0.12144 0.73986
vt 0.49731 0.42927
vt 0.66603 0.63365
vt 0.65332 0.85333
vt 0.25557 0.32431
vt 0.11479 0.47445
vt 0.25053 0.27315
vt 0.94639 0.05421
vt 0.96013 0.87399
vt 0.22859 0.27084
vt 0.24461 0.07093
vt 0.65494 0.18363
vt 0.46295 0.13304
vt 0.59063 0.46729
vt 0.39193 0.84037
vt 0.48021 0.08310
vt 0.16762 0.45864
vt 0.60500 0.57994
vt 0.39386 0.75006
vt 0.48688 0.19015
vt 0.69900 0.89296
vt 0.24679 0.40467
vt 0.46454 0.23151
vt 0.23701 0.22598
vt 0.64091 0.59981
vt 0.41447 0.40033
vt 0.84480 0.36684
vt 0.68499 0.90745
vt 0.46942 0.10557
vt 0.65917 0.64288
vt 0.24208 0.41941
vt 0.06755 0.73483
vt 0.25639 0.30651
vt 0.67337 0.79059
vt 0.24983 0.25636
vt 0.23569 0.18162
vt 0.12388 0.74548
vt 0.96356 0.38810
vt 0.19074 0.02130
vt 0.93409 0.39056
vt 0.66298 0.77775
vt 0.21693 0.17843
vt 0.09558 0.64968
vt 0.22744 0.25554
vt 0.90607 0.42724
vt 0.24025 0.35212
vt 0.45543 0.22670
vt 0.39282 0.82759
vt 0.25818 0.83760
vt 0.13959 0.71329
vt 0.23598 0.07909
vt 0.17086 0.39888
vt 0.64188 0.19615
vt 0.10130 0.46296
vt 0.23587 0.43347
vt 0.16649 0.47480
vt 0.39465 0.72964
vt 0.24977 0.24621
vt 0.72626 0.67048
vt 0.25904 0.28981
vt 0.15408 0.75202
vt 0.96289 0.37471
vt 0.92863 0.40051
vt 0.23402 0.19627
vt 0.28151 0.05105
vt 0.14915 0.21333
vt 0.07075 0.74087
vt 0.49787 0.22681
vt 0.67955 0.78184
vt 0.44544 0.63947
vt 0.55320 0.44351
vt 0.17216 0.38380
vt 0.65573 0.78810
vt 0.21368 0.18954
vt 0.13010 0.54523
vt 0.22859 0.84424
vt 0.64708 0.60332
vt 0.22468 0.23976
vt 0.08676 0.73887
vt 0.20442 0.05875
vt 0.19653 0.03338
vt 0.24600 0.37625
vt 0.39434 0.81092
vt 0.08569 0.43503
vt 0.69148 0.76167
vt 0.62120 0.60444
vt 0.48867 0.08034
vt 0.14624 0.22786
vt 0.47461 0.12851
vt 0.71468 0.87906
vt 0.24011 0.26900
vt 0.23281 0.45116
vt 0.92151 0.87680
vt 0.07201 0.74448
vt 0.66682 0.88255
vt 0.39206 0.44592
vt 0.10927 0.74329
vt 0.48739 0.12090
vt 0.23565 0.94163
vt 0.25090 0.08025
vt 0.20634 0.04580
vt 0.16561 0.26462
vt 0.07961 0.73746
vt 0.65446 0.77542
vt 0.49111 0.19905
vt 0.47664 0.23592
vt 0.21952 0.22578
vt 0.60568 0.24460
vt 0.68861 0.91981
vt 0.62568 0.60477
vt 0.22011 0.21030
vt 0.39551 0.80063
vt 0.47111 0.11776
vt 0.08918 0.71935
vt 0.08762 0.44657
vt 0.13903 0.74039
vt 0.14418 0.23821
vt 0.48373 0.09353
vt 0.47754 0.22395
vt 0.22754 0.46444
vt 0.22042 0.07348
vt 0.71498 0.89346
vt 0.47809 0.22774
vt 0.07899 0.73040
vt 0.91769 0.42057
vt 0.32999 0.08005
vt 0.40345 0.58297
vt 0.66968 0.89525
vt 0.48528 0.13642
vt 0.65298 0.74686
vt 0.17874 0.66465
vt 0.73045 0.52461
vt 0.05293 0.47014
vt 0.64095 0.18266
vt 0.72623 0.65701
vt 0.25000 0.36080
vt 0.14175 0.74587
vt 0.14861 0.62964
vt 0.18081 0.48048
vt 0.71664 0.90269
vt 0.21930 0.19583
vt 0.53394 0.46608
vt 0.40598 0.41322
vt 0.64683 0.68581
vt 0.48740 0.11227
vt 0.08261 0.67133
vt 0.47431 0.21699
vt 0.65849 0.19613
vt 0.72101 0.48180
vt 0.65822 0.75147
vt 0.38149 0.52024
vt 0.07591 0.71622
vt 0.24035 0.23979
vt 0.66265 0.59653
vt 0.39863 0.75859
vt 0.54365 0.42280
vt 0.45136 0.71240
vt 0.24649 0.35944
vt 0.41972 0.41282
vt 0.16267 0.21805
vt 0.07867 0.68290
vt 0.65007 0.59917
vt 0.13812 0.60483
vt 0.47911 0.18605
vt 0.58663 0.14302
vt 0.62068 0.58854
vt 0.07474 0.69982
vt 0.43365 0.73511
vt 0.22438 0.18219
vt 0.66009 0.63969
vt 0.18687 0.62394
vt 0.17015 0.42711
vt 0.22429 0.47872
vt 0.22987 0.17468
vt 0.20444 0.03638
vt 0.11546 0.73334
vt 0.19162 0.05384
vt 0.24038 0.25455
vt 0.44474 0.23534
vt 0.31756 0.48084
vt 0.23849 0.09071
vt 0.25118 0.35065
vt 0.45131 0.74067
vt 0.16962 0.25274
vt 0.08959 0.45976
vt 0.47505 0.10648
vt 0.40098 0.77747
vt 0.28587 0.35330
vt 0.94928 0.90517
vt 0.96422 0.40149
vt 0.95234 0.88888
vt 0.07597 0.70439
vt 0.14001 0.24473
vt 0.17704 0.32822
vt 0.95640 0.36312
vt 0.20598 0.25238
vt 0.94050 0.40084
vt 0.21918 0.05751
vt 0.07198 0.44670
vt 0.21138 0.73070
vt 0.53788 0.73161
vt 0.22657 0.43594
vt 0.24438 0.09914
vt 0.10250 0.70596
vt 0.16865 0.76800
vt 0.46632 0.07177
vt 0.63978 0.16787
vt 0.46770 0.07799
vt 0.40779 0.75218
vt 0.09011 0.72423
vt 0.82692 0.75990
vt 0.20200 0.47737
vt 0.18277 0.76340
vt 0.09065 0.64871
vt 0.20350 0.23822
vt 0.67602 0.71201
vt 0.23485 0.16853
vt 0.70000 0.92045
vt 0.95118 0.37700
vt 0.45416 0.20563
vt 0.11023 0.58030
vt 0.92513 0.88287
vt 0.45665 0.08724
vt 0.06685 0.43311
vt 0.23183 0.42324
vt 0.68161 0.62348
vt 0.19596 0.19555
vt 0.54755 0.74663
vt 0.39894 0.44265
vt 0.10229 0.74069
vt 0.15902 0.61506
vt 0.92432 0.43558
vt 0.17630 0.26567
vt 0.17855 0.31507
vt 0.23860 0.11476
vt 0.95892 0.41406
vt 0.93552 0.42090
vt 0.91451 0.45139
vt 0.40790 0.42769
vt 0.21282 0.21276
vt 0.63016 0.60510
vt 0.08837 0.70955
vt 0.55133 0.47256
vt 0.54867 0.14075
vt 0.56821 0.59657
vt 0.24143 0.15212
vt 0.23484 0.40925
vt 0.46936 0.21011
vt 0.05164 0.42060
vt 0.59368 0.65095
vt 0.07253 0.46447
vt 0.09114 0.67574
vt 0.29591 0.08022
vt 0.46425 0.13660
vt 0.44994 0.18806
vt 0.18597 0.06639
vt 0.10934 0.73077
vt 0.95577 0.35040
vt 0.46800 0.70120
vt 0.19349 0.21113
vt 0.93989 0.88559
vt 0.21128 0.45111
vt 0.73634 0.55058
vt 0.18055 0.30199
vt 0.17620 0.24909
vt 0.10088 0.63030
vt 0.50395 0.59568
vt 0.22907 0.04902
vt 0.24209 0.13324
vt 0.14117 0.25912
vt 0.64330 0.73952
vt 0.71559 0.91123
vt 0.19518 0.22390
vt 0.23907 0.39443
vt 0.56116 0.47087
vt 0.67328 0.59961
vt 0.91638 0.44209
vt 0.20658 0.26497
vt 0.77279 0.49286
vt 0.42107 0.42626
vt 0.94101 0.41161
vt 0.18395 0.28429
vt 0.10655 0.61680
vt 0.17573 0.23718
vt 0.18963 0.07322
vt 0.95355 0.42532
vt 0.25963 0.08686
vt 0.08545 0.69564
vt 0.47568 0.06282
vt 0.48879 0.07228
vt 0.49090 0.21108
vt 0.09068 0.66110
vt 0.41657 0.73951
vt 0.20666 0.46507
vt 0.49289 0.59996
vt 0.10485 0.72092
vt 0.21161 0.21871
vt 0.19453 0.23814
vt 0.22241 0.03903
vt 0.05357 0.45144
vt 0.21545 0.47618
vt 0.16837 0.75861
vt 0.68918 0.89036
vt 0.11036 0.73591
vt 0.45750 0.19434
vt 0.29310 0.84675
vt 0.15808 0.24712
vt 0.26674 0.35274
vt 0.22040 0.16729
vt 0.46631 0.09115
vt 0.94257 0.44392
vt 0.68392 0.61114
vt 0.95241 0.88194
vt 0.22164 0.42092
vt 0.65404 0.16736
vt 0.58382 0.48974
vt 0.20552 0.19567
vt 0.62303 0.77166
vt 0.26839 0.73768
vt 0.17571 0.22357
vt 0.17306 0.36794
vt 0.38572 0.73863
vt 0.95236 0.40116
vt 0.63464 0.60543
vt 0.21085 0.23934
vt 0.41899 0.74948
vt 0.25006 0.11551
vt 0.47173 0.07988
vt 0.45652 0.06623
vt 0.95177 0.38908
vt 0.46894 0.43695
vt 0.05226 0.43394
vt 0.34216 0.07080
vt 0.65695 0.60449
vt 0.94502 0.86135
vt 0.25821 0.36294
vt 0.68545 0.88000
vt 0.19705 0.25267
vt 0.95854 0.34731
vt 0.20569 0.17746
vt 0.62824 0.75775
vt 0.21699 0.43611
vt 0.21283 0.25333
vt 0.25961 0.10568
vt 0.19800 0.77241
vt 0.56283 0.47532
vt 0.71426 0.92307
vt 0.93968 0.87613
vt 0.09921 0.64639
vt 0.93946 0.37930
vt 0.20577 0.22336
vt 0.09428 0.72678
vt 0.40368 0.74276
vt 0.56582 0.68891
vt 0.09693 0.69059
vt 0.47851 0.07278
vt 0.23112 0.38691
vt 0.47099 0.11203
vt 0.17484 0.34907
vt 0.66148 0.61626
vt 0.93307 0.44820
vt 0.19734 0.26600
vt 0.93080 0.88964
vt 0.10325 0.67434
vt 0.21339 0.26948
vt 0.92996 0.42889
vt 0.26943 0.09366
vt 0.46003 0.10065
vt 0.41370 0.44301
vt 0.49624 0.14161
vt 0.06059 0.46590
vt 0.20385 0.06956
vt 0.21896 0.46453
vt 0.63275 0.62525
vt 0.07349 0.42174
vt 0.10103 0.66082
vt 0.94205 0.43315
vt 0.92462 0.45398
vt 0.94560 0.89626
vt 0.09769 0.73518
vt 0.22696 0.40211
vt 0.22817 0.14968
vt 0.29075 0.34864
vt 0.92946 0.05421
vt 0.17576 0.34005
vt 0.15183 0.26337
vt 0.21517 0.04829
vt 0.47227 0.19735
vt 0.70094 0.90707
vt 0.37786 0.08809
vt 0.66959 0.73776
vt 0.22198 0.45044
vt 0.71236 0.33481
vt 0.09799 0.70556
vt 0.42054 0.43671
vt 0.20308 0.07711
vt 0.20400 0.21009
vt 0.55637 0.45663
vt 0.91718 0.46124
vt 0.21012 0.42178
vt 0.48123 0.16099
vt 0.16582 0.37129
vt 0.19590 0.18840
vt 0.16665 0.15144
vt 0.21378 0.28639
vt 0.09674 0.85919
vt 0.28890 0.44891
vt 0.86925 0.39130
vt 0.04711 0.44950
vt 0.09132 0.66168
vt 0.89560 0.12751
vt 0.19604 0.28303
vt 0.12677 0.30688
vt 0.94815 0.34754
vt 0.18259 0.08419
vt 0.14854 0.40710
vt 0.93114 0.35537
vt 0.74118 0.66735
vt 0.14622 0.29500
vt 0.56408 0.62318
vt 0.88761 0.39236
vt 0.92731 0.37213
vt 0.21217 0.16325
vt 0.74627 0.90812
vt 0.18332 0.84694
vt 0.72642 0.62046
vt 0.89240 0.38294
vt 0.19807 0.17364
vt 0.09315 0.67518
vt 0.05385 0.90494
vt 0.05116 0.88493
vt 0.93575 0.92717
vt 0.27976 0.46944
vt 0.20754 0.43572
vt 0.21173 0.30395
vt 0.10134 0.68706
vt 0.77516 0.67053
vt 0.21238 0.34834
vt 0.04714 0.43359
vt 0.12749 0.31899
vt 0.42537 0.70579
vt 0.14821 0.45503
vt 0.32866 0.45423
vt 0.05474 0.42020
vt 0.61512 0.66106
vt 0.13537 0.36386
vt 0.14869 0.42234
vt 0.45463 0.18055
vt 0.56744 0.58126
vt 0.73057 0.92262
vt 0.15098 0.28049
vt 0.93895 0.36853
vt 0.20029 0.10149
vt 0.77515 0.64359
vt 0.91481 0.46980
vt 0.19396 0.30302
vt 0.49414 0.15447
vt 0.21264 0.31792
vt 0.05103 0.92096
vt 0.15054 0.38049
vt 0.92227 0.89484
vt 0.64382 0.42524
vt 0.18374 0.68686
vt 0.05784 0.92294
vt 0.75859 0.89053
vt 0.13814 0.33225
vt 0.75066 0.63458
vt 0.17674 0.11383
vt 0.92237 0.36210
vt 0.79962 0.66158
vt 0.20194 0.37193
vt 0.22264 0.12562
vt 0.50070 0.75021
vt 0.53818 0.75571
vt 0.39062 0.30439
vt 0.21586 0.39040
vt 0.65340 0.13826
vt 0.94392 0.84294
vt 0.09147 0.64723
vt 0.77516 0.65258
vt 0.18133 0.64486
vt 0.19323 0.31534
vt 0.91864 0.94742
vt 0.72866 0.74351
vt 0.17296 0.14345
vt 0.75962 0.87879
vt 0.66893 0.10772
vt 0.19209 0.33026
vt 0.92082 0.90018
vt 0.10094 0.71196
vt 0.16919 0.76560
vt 0.91157 0.37193
vt 0.14952 0.39424
vt 0.13310 0.34696
vt 0.32283 0.52925
vt 0.93614 0.84006
vt 0.87867 0.12751
vt 0.14601 0.46841
vt 0.52950 0.74273
vt 0.12987 0.29581
vt 0.19563 0.78280
vt 0.91412 0.91233
vt 0.47947 0.93392
vt 0.21606 0.40694
vt 0.21528 0.14312
vt 0.41964 0.95525
vt 0.94639 0.12751
vt 0.94100 0.90959
vt 0.20879 0.33188
vt 0.14526 0.30179
vt 0.63854 0.15252
vt 0.07594 0.95693
vt 0.65981 0.72948
vt 0.88538 0.39949
vt 0.06885 0.81624
vt 0.18447 0.17676
vt 0.79962 0.64362
vt 0.18343 0.15518
vt 0.24701 0.48808
vt 0.92051 0.89326
vt 0.66662 0.73610
vt 0.19006 0.34250
vt 0.92992 0.93283
vt 0.95121 0.91009
vt 0.18211 0.87449
vt 0.35438 0.44073
vt 0.46390 0.16026
vt 0.11220 0.71584
vt 0.13325 0.29076
vt 0.20820 0.34371
vt 0.79961 0.67057
vt 0.94388 0.92205
vt 0.20008 0.08831
vt 0.91921 0.90809
vt 0.14261 0.31002
vt 0.04573 0.90496
vt 0.08312 0.68080
vt 0.18760 0.18917
vt 0.06511 0.46378
vt 0.92007 0.89001
vt 0.14305 0.32447
vt 0.57309 0.40284
vt 0.93265 0.36022
vt 0.18889 0.35122
vt 0.06092 0.77321
vt 0.18587 0.26692
vt 0.22920 0.11133
vt 0.09673 0.63155
vt 0.50287 0.74119
vt 0.08209 0.67064
vt 0.88147 0.40353
vt 0.45916 0.15145
vt 0.89560 0.10308
vt 0.20661 0.35489
vt 0.17993 0.09879
vt 0.93012 0.85101
vt 0.09348 0.69299
vt 0.13578 0.27581
vt 0.11546 0.72672
vt 0.72618 0.63905
vt 0.11922 0.36198
vt 0.06985 0.95695
vt 0.67493 0.12267
vt 0.74570 0.92173
vt 0.04664 0.42076
vt 0.47355 0.16946
vt 0.88827 0.39648
vt 0.19444 0.11619
vt 0.12358 0.32858
vt 0.15095 0.94065
vt 0.61162 0.53955
vt 0.20062 0.45132
vt 0.94831 0.85141
vt 0.10933 0.68866
vt 0.18359 0.20668
vt 0.18716 0.77350
vt 0.87867 0.10308
vt 0.23463 0.77259
vt 0.17583 0.29427
vt 0.18381 0.25409
vt 0.93040 0.94545
vt 0.24000 0.04200
vt 0.95999 0.83325
vt 0.44965 0.70108
vt 0.63851 0.13877
vt 0.76974 0.87804
vt 0.06118 0.43345
vt 0.18760 0.24333
vt 0.12087 0.34697
vt 0.81199 0.43073
vt 0.17638 0.28241
vt 0.65300 0.57280
vt 0.28114 0.93254
vt 0.18449 0.78277
vt 0.28747 0.43180
vt 0.75080 0.62045
vt 0.47093 0.16454
vt 0.43942 0.14205
vt 0.79962 0.65303
vt 0.73269 0.91058
vt 0.19865 0.46192
vt 0.18874 0.13929
vt 0.48691 0.16585
vt 0.77516 0.66156
vt 0.23449 0.04951
vt 0.93792 0.34998
vt 0.65667 0.15204
vt 0.94215 0.83334
vt 0.94297 0.35340
vt 0.35693 0.81696
vt 0.10773 0.70250
vt 0.18455 0.22123
vt 0.18643 0.36995
vt 0.69761 0.95959
vt 0.37906 0.72809
vt 0.58276 0.65182
vt 0.13954 0.29904
vt 0.20500 0.87251
vt 0.32941 0.39946
vt 0.06239 0.44825
vt 0.07838 0.74203
vt 0.48707 0.73728
vt 0.56546 0.48718
vt 0.38859 0.71840
vt 0.15339 0.46906
vt 0.73152 0.87867
vt 0.07861 0.69755
vt 0.16101 0.31243
vt 0.92660 0.90944
vt 0.22859 0.84424
vt 0.18379 0.46442
vt 0.11648 0.40417
vt 0.19751 0.93938
vt 0.51132 0.72898
vt 0.15516 0.89860
vt 0.51791 0.77587
vt 0.18453 0.38680
vt 0.92744 0.82205
vt 0.89949 0.41208
vt 0.65316 0.10777
vt 0.14713 0.34684
vt 0.25838 0.81793
vt 0.61334 0.76612
vt 0.12086 0.72925
vt 0.68551 0.96118
vt 0.23200 0.32119
vt 0.77507 0.78057
vt 0.65889 0.13483
vt 0.72970 0.88980
vt 0.22965 0.33216
vt 0.71763 0.46236
vt 0.18775 0.45196
vt 0.11541 0.41928
vt 0.28565 0.92993
vt 0.12870 0.72450
vt 0.75070 0.65853
vt 0.77359 0.90507
vt 0.15340 0.19887
vt 0.08332 0.46048
vt 0.17888 0.90753
vt 0.51599 0.76035
vt 0.16063 0.32763
vt 0.04774 0.46942
vt 0.08204 0.71083
vt 0.95627 0.82033
vt 0.77829 0.79054
vt 0.64165 0.12550
vt 0.50058 0.72338
vt 0.90520 0.40671
vt 0.23058 0.07117
vt 0.14987 0.33462
vt 0.09412 0.72081
vt 0.60200 0.81152
vt 0.18191 0.40187
vt 0.16646 0.28536
vt 0.17699 0.41451
vt 0.13999 0.41943
vt 0.09794 0.74431
vt 0.12890 0.42921
vt 0.73222 0.90250
vt 0.75072 0.67051
vt 0.07599 0.43396
vt 0.21711 0.10644
vt 0.23807 0.06139
vt 0.76103 0.91811
vt 0.17270 0.88853
vt 0.23645 0.28710
vt 0.78402 0.80410
vt 0.18691 0.47903
vt 0.17983 0.16740
vt 0.30057 0.92889
vt 0.15516 0.45777
vt 0.81757 0.31210
vt 0.11582 0.37512
vt 0.90491 0.39986
vt 0.77707 0.89292
vt 0.21368 0.59131
vt 0.15664 0.18274
vt 0.15455 0.84704
vt 0.25410 0.46953
vt 0.48028 0.15008
vt 0.17733 0.43065
vt 0.91604 0.38388
vt 0.39122 0.69355
vt 0.14225 0.40747
vt 0.79963 0.63464
vt 0.07646 0.44576
vt 0.22698 0.09420
vt 0.74650 0.75870
vt 0.17634 0.83582
vt 0.04423 0.45577
vt 0.16364 0.30019
vt 0.11569 0.38898
vt 0.24704 0.05226
vt 0.46815 0.74293
vt 0.15528 0.86857
vt 0.33760 0.35781
vt 0.77519 0.62045
vt 0.23776 0.30569
vt 0.93907 0.85849
vt 0.15642 0.44170
vt 0.52253 0.79372
vt 0.78052 0.88081
vt 0.15702 0.17201
vt 0.13114 0.40501
vt 0.90418 0.38276
vt 0.24182 0.33537
vt 0.16843 0.13248
vt 0.92946 0.07865
vt 0.29689 0.05604
vt 0.41435 0.38575
vt 0.23869 0.82018
vt 0.63348 0.14183
vt 0.48080 0.17921
vt 0.15161 0.75609
vt 0.13504 0.45067
vt 0.76071 0.90618
vt 0.91627 0.82914
vt 0.17486 0.44754
vt 0.09730 0.45557
vt 0.07010 0.70672
vt 0.15837 0.42818
vt 0.20554 0.34435
vt 0.61447 0.91311
vt 0.19958 0.57175
vt 0.67318 0.95852
vt 0.46700 0.73205
vt 0.63751 0.10962
vt 0.20108 0.13999
vt 0.19782 0.40494
vt 0.91094 0.79308
vt 0.78780 0.78433
vt 0.17141 0.89555
vt 0.76132 0.64233
vt 0.94639 0.07865
vt 0.19642 0.02496
vt 0.72945 0.72937
vt 0.07231 0.42423
vt 0.26848 0.67519
vt 0.15447 0.36624
vt 0.13075 0.41878
vt 0.16927 0.92558
vt 0.75067 0.64357
vt 0.16905 0.11555
vt 0.14121 0.43699
vt 0.50378 0.39825
vt 0.87867 0.07865
vt 0.22344 0.81617
vt 0.06963 0.71932
vt 0.92543 0.81038
vt 0.94394 0.93938
vt 0.22252 0.37486
vt 0.21153 0.12073
vt 0.19915 0.38843
vt 0.65670 0.12210
vt 0.16219 0.41272
vt 0.34687 0.73398
vt 0.89669 0.39183
vt 0.11691 0.45903
vt 0.25987 0.27377
vt 0.76846 0.76179
vt 0.16659 0.20316
vt 0.25088 0.48441
vt 0.24429 0.32188
vt 0.46360 0.46312
vt 0.74216 0.90229
vt 0.05987 0.47191
vt 0.10773 0.46988
vt 0.75068 0.64955
vt 0.11764 0.43456
vt 0.79958 0.62044
vt 0.22380 0.30590
vt 0.19068 0.43381
vt 0.12946 0.73565
vt 0.07316 0.73236
vt 0.37239 0.59780
vt 0.91658 0.39611
vt 0.22642 0.34800
vt 0.16128 0.39770
vt 0.90794 0.36861
vt 0.22568 0.08684
vt 0.85702 0.37907
vt 0.20856 0.80501
vt 0.46587 0.14789
vt 0.16752 0.84775
vt 0.09281 0.44487
vt 0.74610 0.89373
vt 0.89560 0.07865
vt 0.06999 0.92891
vt 0.17229 0.18903
vt 0.14885 0.32319
vt 0.52140 0.75388
vt 0.13455 0.46536
vt 0.13348 0.37822
vt 0.24713 0.30973
vt 0.16622 0.16476
vt 0.77514 0.63461
vt 0.08721 0.74636
vt 0.15965 0.33638
vt 0.89012 0.40275
vt 0.11889 0.44614
vt 0.16418 0.38250
vt 0.48389 0.74593
vt 0.19607 0.41956
vt 0.07549 0.73893
vt 0.15542 0.82899
vt 0.23619 0.93683
vt 0.76297 0.89528
vt 0.21319 0.09014
vt 0.22555 0.28976
vt 0.92766 0.92394
vt 0.08202 0.95691
vt 0.22378 0.35686
vt 0.88968 0.41030
vt 0.17469 0.17661
vt 0.92775 0.38159
vt 0.74493 0.87910
vt 0.53151 0.76451
vt 0.24476 0.28017
vt 0.89973 0.41826
vt 0.13325 0.39214
vt 0.17336 0.86005
vt 0.15969 0.35005
vt 0.19998 0.16093
vt 0.19232 0.03178
vt 0.26780 0.85760
vt 0.03145 0.37926
vt 0.13071 0.92570
vt 0.07890 0.41601
vt 0.48949 0.83982
vt 0.93533 0.80330
vt 0.46788 0.79856
vt 0.22180 0.18607
vt 0.07336 0.35084
vt 0.44924 0.69124
vt 0.49928 0.76427
vt 0.47018 0.17869
vt 0.13024 0.12431
vt 0.06105 0.49914
vt 0.47676 0.81820
vt 0.46670 0.85371
vt 0.20620 0.74233
vt 0.13624 0.63769
vt 0.42793 0.08975
vt 0.79547 0.78780
vt 0.82268 0.83560
vt 0.22529 0.63728
vt 0.07418 0.89286
vt 0.12175 0.06073
vt 0.17885 0.04506
vt 0.18415 0.71046
vt 0.30812 0.25098
vt 0.94639 0.17637
vt 0.14934 0.13167
vt 0.28156 0.76422
vt 0.14571 0.21231
vt 0.12767 0.19131
vt 0.34693 0.39715
vt 0.37609 0.53349
vt 0.15431 0.75083
vt 0.36088 0.40915
vt 0.13644 0.49328
vt 0.87867 0.17637
vt 0.94919 0.48044
vt 0.92086 0.84174
vt 0.34194 0.33650
vt 0.21998 0.17500
vt 0.51885 0.82706
vt 0.47041 0.18270
vt 0.13357 0.11078
vt 0.95915 0.47382
vt 0.50386 0.76931
vt 0.58553 0.17579
vt 0.12061 0.20252
vt 0.08024 0.39858
vt 0.48612 0.85344
vt 0.02555 0.39044
vt 0.21085 0.73364
vt 0.13512 0.83156
vt 0.46857 0.84305
vt 0.91253 0.17637
vt 0.56029 0.50575
vt 0.93936 0.82352
vt 0.05926 0.48387
vt 0.50187 0.78320
vt 0.05399 0.66081
vt 0.10903 0.45126
vt 0.09273 0.27871
vt 0.31840 0.39388
vt 0.92946 0.17637
vt 0.09757 0.26316
vt 0.06534 0.69991
vt 0.27573 0.81915
vt 0.36372 0.42272
vt 0.38762 0.53507
vt 0.12916 0.06859
vt 0.11045 0.24881
vt 0.04737 0.57735
vt 0.13082 0.89868
vt 0.09595 0.50664
vt 0.13558 0.47781
vt 0.36323 0.27762
vt 0.28261 0.85828
vt 0.80176 0.82528
vt 0.15301 0.11324
vt 0.07624 0.73079
vt 0.48063 0.75533
vt 0.11950 0.23716
vt 0.50302 0.79500
vt 0.80878 0.81719
vt 0.17732 0.73948
vt 0.46834 0.83092
vt 0.34608 0.38383
vt 0.34529 0.32010
vt 0.08819 0.29217
vt 0.12674 0.62466
vt 0.47290 0.14960
vt 0.34316 0.43092
vt 0.13633 0.52503
vt 0.04770 0.54545
vt 0.51918 0.84048
vt 0.93482 0.92134
vt 0.14749 0.16186
vt 0.32750 0.83759
vt 0.43623 0.95621
vt 0.09511 0.43300
vt 0.79946 0.85165
vt 0.93737 0.49634
vt 0.18963 0.72823
vt 0.36378 0.24928
vt 0.32209 0.36159
vt 0.04436 0.34950
vt 0.11874 0.47503
vt 0.92355 0.82184
vt 0.07854 0.33747
vt 0.05748 0.68636
vt 0.82505 0.86924
vt 0.32073 0.07708
vt 0.12915 0.56870
vt 0.13351 0.07970
vt 0.45392 0.58622
vt 0.06702 0.53470
vt 0.13090 0.87466
vt 0.42730 0.59057
vt 0.91309 0.84145
vt 0.08155 0.38084
vt 0.36088 0.29432
vt 0.13662 0.50753
vt 0.53499 0.65696
vt 0.80452 0.80059
vt 0.09824 0.47605
vt 0.14554 0.10169
vt 0.34671 0.36543
vt 0.36430 0.54468
vt 0.10670 0.20511
vt 0.51723 0.85297
vt 0.80945 0.82659
vt 0.13763 0.17358
vt 0.32820 0.85064
vt 0.34996 0.30069
vt 0.46843 0.78563
vt 0.13584 0.13641
vt 0.19431 0.04143
vt 0.12548 0.22296
vt 0.39368 0.59701
vt 0.27761 0.21321
vt 0.32203 0.37945
vt 0.41111 0.59436
vt 0.08164 0.36612
vt 0.14055 0.82653
vt 0.16414 0.64177
vt 0.13182 0.84812
vt 0.14584 0.14279
vt 0.40484 0.52389
vt 0.07543 0.92088
vt 0.05361 0.66713
vt 0.10131 0.44553
vt 0.80149 0.86797
vt 0.08277 0.30393
vt 0.47948 0.14055
vt 0.43941 0.58360
vt 0.06649 0.52169
vt 0.03938 0.36752
vt 0.92871 0.80539
vt 0.95532 0.48628
vt 0.82426 0.79099
vt 0.08367 0.32211
vt 0.17163 0.03445
vt 0.06693 0.66640
vt 0.22419 0.62367
vt 0.11028 0.19577
vt 0.04696 0.51282
vt 0.42512 0.63419
vt 0.33298 0.34014
vt 0.92077 0.89919
vt 0.08265 0.51052
vt 0.84855 0.65265
vt 0.14299 0.89864
vt 0.49182 0.17829
vt 0.29450 0.84583
vt 0.92317 0.85130
vt 0.34781 0.35245
vt 0.38952 0.58885
vt 0.12879 0.21050
vt 0.13618 0.06815
vt 0.36991 0.54764
vt 0.04508 0.36528
vt 0.93139 0.51017
vt 0.12228 0.65736
vt 0.18825 0.05274
vt 0.48024 0.80164
vt 0.94084 0.78865
vt 0.15576 0.74365
vt 0.14055 0.82820
vt 0.12334 0.07287
vt 0.50826 0.76799
vt 0.06201 0.36379
vt 0.35225 0.27611
vt 0.45696 0.15444
vt 0.47740 0.85369
vt 0.14299 0.58491
vt 0.13382 0.20480
vt 0.09879 0.39912
vt 0.18285 0.02971
vt 0.13389 0.58327
vt 0.14128 0.10852
vt 0.46627 0.81797
vt 0.07519 0.31785
vt 0.04991 0.35080
vt 0.14293 0.59925
vt 0.43867 0.69562
vt 0.13739 0.19503
vt 0.32556 0.32672
vt 0.95281 0.81578
vt 0.38366 0.54912
vt 0.91370 0.90406
vt 0.04627 0.52858
vt 0.14998 0.67243
vt 0.06851 0.68133
vt 0.79224 0.79785
vt 0.13573 0.53988
vt 0.32160 0.08318
vt 0.48614 0.18263
vt 0.18822 0.74125
vt 0.43844 0.64324
vt 0.51030 0.79055
vt 0.11669 0.06385
vt 0.81096 0.83757
vt 0.48538 0.81617
vt 0.12663 0.47077
vt 0.35007 0.34099
vt 0.35473 0.26258
vt 0.15804 0.63952
vt 0.06225 0.54084
vt 0.17919 0.01556
vt 0.09226 0.35734
vt 0.33238 0.39405
vt 0.95741 0.78472
vt 0.09337 0.95016
vt 0.14553 0.74652
vt 0.06920 0.33448
vt 0.46602 0.80739
vt 0.37216 0.85173
vt 0.48083 0.84265
vt 0.32778 0.35015
vt 0.09543 0.41616
vt 0.11819 0.18502
vt 0.14290 0.92267
vt 0.15131 0.09512
vt 0.33604 0.36360
vt 0.11194 0.21445
vt 0.54949 0.82749
vt 0.79610 0.80927
vt 0.12133 0.53759
vt 0.55544 0.66991
vt 0.54896 0.52703
vt 0.91340 0.52665
vt 0.63836 0.18421
vt 0.14318 0.61429
vt 0.01935 0.38175
vt 0.33910 0.30657
vt 0.81895 0.82101
vt 0.40641 0.59863
vt 0.10508 0.17417
vt 0.09944 0.37068
vt 0.12863 0.83058
vt 0.14318 0.84724
vt 0.14077 0.18111
vt 0.13662 0.14147
vt 0.48088 0.83041
vt 0.43024 0.57834
vt 0.35503 0.32616
vt 0.39567 0.59176
vt 0.12674 0.17321
vt 0.13575 0.56712
vt 0.46594 0.75181
vt 0.45417 0.60064
vt 0.04707 0.48534
vt 0.93278 0.81672
vt 0.06305 0.65008
vt 0.13948 0.73915
vt 0.13682 0.23700
vt 0.90591 0.42798
vt 0.08051 0.47958
vt 0.13798 0.09664
vt 0.81242 0.83924
vt 0.51321 0.79927
vt 0.09842 0.38355
vt 0.14308 0.87461
vt 0.40658 0.50854
vt 0.06486 0.34604
vt 0.08361 0.89683
vt 0.33481 0.32225
vt 0.46405 0.73384
vt 0.33522 0.38026
vt 0.79611 0.82124
vt 0.14296 0.08301
vt 0.13953 0.62733
vt 0.49450 0.77148
vt 0.79003 0.87997
vt 0.91941 0.51553
vt 0.08391 0.43206
vt 0.03623 0.37169
vt 0.81792 0.80587
vt 0.15557 0.48428
vt 0.10470 0.22398
vt 0.18459 0.03862
vt 0.15028 0.19859
vt 0.13805 0.15817
vt 0.13515 0.55409
vt 0.14479 0.22757
vt 0.15355 0.73963
vt 0.36976 0.53191
vt 0.16514 0.67607
vt 0.13544 0.08578
vt 0.55281 0.51966
vt 0.84852 0.67061
vt 0.16212 0.72928
vt 0.93798 0.85506
vt 0.43843 0.59664
vt 0.81269 0.86879
vt 0.51698 0.81192
vt 0.46306 0.16251
vt 0.34844 0.29512
vt 0.48133 0.78612
vt 0.35885 0.31162
vt 0.47077 0.18697
vt 0.04715 0.49893
vt 0.15201 0.34077
vt 0.11858 0.28712
vt 0.06001 0.35840
vt 0.13230 0.60070
vt 0.09626 0.30859
vt 0.15357 0.07789
vt 0.39554 0.55208
vt 0.49771 0.81553
vt 0.33218 0.44024
vt 0.18963 0.07322
vt 0.50692 0.85359
vt 0.84854 0.63119
vt 0.11354 0.61154
vt 0.34407 0.27253
vt 0.31049 0.34877
vt 0.44385 0.63758
vt 0.14943 0.53809
vt 0.48070 0.17622
vt 0.49145 0.78046
vt 0.93838 0.84481
vt 0.13012 0.15239
vt 0.10392 0.19401
vt 0.08389 0.72975
vt 0.07742 0.66123
vt 0.10148 0.62123
vt 0.11327 0.65426
vt 0.89560 0.15194
vt 0.92233 0.88580
vt 0.48441 0.14409
vt 0.26221 0.97204
vt 0.89290 0.54758
vt 0.13604 0.25925
vt 0.09096 0.23559
vt 0.93923 0.48705
vt 0.05758 0.32482
vt 0.95422 0.77430
vt 0.54873 0.49569
vt 0.38591 0.50507
vt 0.30338 0.29634
vt 0.33075 0.85923
vt 0.39559 0.57611
vt 0.16360 0.09246
vt 0.49644 0.80166
vt 0.48221 0.64605
vt 0.42330 0.62648
vt 0.49013 0.17427
vt 0.14456 0.32301
vt 0.24872 0.94517
vt 0.10649 0.62664
vt 0.49783 0.67209
vt 0.10193 0.35831
vt 0.48313 0.15618
vt 0.07422 0.53845
vt 0.47999 0.79923
vt 0.08825 0.24762
vt 0.41506 0.60804
vt 0.94010 0.91710
vt 0.05153 0.37261
vt 0.33444 0.45480
vt 0.12141 0.27215
vt 0.51045 0.84116
vt 0.46711 0.76862
vt 0.46451 0.16406
vt 0.40803 0.80389
vt 0.18268 0.06625
vt 0.42253 0.57485
vt 0.93549 0.77776
vt 0.31034 0.33359
vt 0.92275 0.49474
vt 0.41609 0.50960
vt 0.36868 0.32755
vt 0.11609 0.16506
vt 0.95824 0.91225
vt 0.13490 0.58424
vt 0.09951 0.29778
vt 0.11194 0.66456
vt 0.16418 0.73867
vt 0.93809 0.82796
vt 0.60213 0.94000
vt 0.90046 0.53780
vt 0.07811 0.67604
vt 0.09026 0.61940
vt 0.94161 0.89447
vt 0.06282 0.30936
vt 0.45979 0.61342
vt 0.50921 0.82940
vt 0.95100 0.46807
vt 0.40287 0.58058
vt 0.39943 0.50374
vt 0.92946 0.15194
vt 0.05246 0.33876
vt 0.47216 0.63855
vt 0.95377 0.82703
vt 0.07652 0.64757
vt 0.35935 0.75405
vt 0.12600 0.62623
vt 0.38177 0.52313
vt 0.46298 0.16957
vt 0.49192 0.78971
vt 0.06837 0.48017
vt 0.05156 0.65140
vt 0.47447 0.16273
vt 0.11393 0.64164
vt 0.41745 0.09963
vt 0.34889 0.86690
vt 0.14284 0.94068
vt 0.10224 0.21543
vt 0.10789 0.32638
vt 0.14754 0.55428
vt 0.14685 0.04173
vt 0.15772 0.69663
vt 0.36512 0.34380
vt 0.04501 0.38603
vt 0.49745 0.76141
vt 0.94577 0.94329
vt 0.31796 0.31788
vt 0.26401 0.94651
vt 0.56570 0.51939
vt 0.21356 0.75575
vt 0.37587 0.27168
vt 0.08678 0.74620
vt 0.11085 0.17550
vt 0.18348 0.76031
vt 0.12520 0.34905
vt 0.91253 0.15194
vt 0.33367 0.41164
vt 0.09543 0.58340
vt 0.94639 0.15194
vt 0.46950 0.17414
vt 0.04201 0.40870
vt 0.55880 0.52901
vt 0.63365 0.16888
vt 0.12980 0.61300
vt 0.36360 0.35314
vt 0.25112 0.96721
vt 0.41590 0.57006
vt 0.14350 0.06583
vt 0.87867 0.15194
vt 0.95527 0.84815
vt 0.43653 0.60999
vt 0.37161 0.73672
vt 0.33890 0.28790
vt 0.11997 0.69509
vt 0.94648 0.93323
vt 0.15336 0.05354
vt 0.06218 0.62159
vt 0.16649 0.75047
vt 0.28207 0.94670
vt 0.33084 0.42670
vt 0.14495 0.57083
vt 0.28433 0.65140
vt 0.10678 0.34264
vt 0.33458 0.63056
vt 0.46270 0.63482
vt 0.32251 0.30591
vt 0.29228 0.35543
vt 0.13783 0.24530
vt 0.09617 0.22326
vt 0.93908 0.47785
vt 0.73255 0.78887
vt 0.47376 0.67850
vt 0.36413 0.36698
vt 0.07049 0.71172
vt 0.46921 0.17858
vt 0.22777 0.44321
vt 0.11397 0.30338
vt 0.92378 0.93302
vt 0.11970 0.25384
vt 0.03329 0.39907
vt 0.16788 0.08217
vt 0.38739 0.52193
vt 0.41960 0.61492
vt 0.55293 0.50731
vt 0.90743 0.52089
vt 0.12755 0.59505
vt 0.45857 0.76390
vt 0.35061 0.44913
vt 0.08372 0.27253
vt 0.11451 0.91975
vt 0.29700 0.34761
vt 0.05617 0.41091
vt 0.41822 0.60397
vt 0.10693 0.26798
vt 0.15194 0.14849
vt 0.39754 0.56991
vt 0.08328 0.35449
vt 0.12133 0.27732
vt 0.49664 0.85291
vt 0.39770 0.53729
vt 0.10197 0.24639
vt 0.24880 0.95687
vt 0.50624 0.81263
vt 0.14694 0.48092
vt 0.10146 0.65733
vt 0.94559 0.83829
vt 0.70244 0.81253
vt 0.48701 0.78223
vt 0.16448 0.07090
vt 0.49373 0.16426
vt 0.77673 0.93962
vt 0.03789 0.39082
vt 0.09309 0.25918
vt 0.37436 0.52024
vt 0.89540 0.53267
vt 0.36088 0.38158
vt 0.46181 0.17382
vt 0.42188 0.72467
vt 0.84827 0.61666
vt 0.11672 0.62616
vt 0.11594 0.89672
vt 0.34854 0.43890
vt 0.06495 0.71112
vt 0.16881 0.64015
vt 0.07537 0.68074
vt 0.08572 0.65496
vt 0.49866 0.84281
vt 0.04673 0.34184
vt 0.17066 0.05914
vt 0.14285 0.15055
vt 0.45851 0.18828
vt 0.05733 0.39574
vt 0.10561 0.67145
vt 0.92662 0.83415
vt 0.12884 0.58370
vt 0.48230 0.85848
vt 0.91772 0.48398
vt 0.11216 0.31424
vt 0.08380 0.25213
vt 0.48381 0.76889
vt 0.14991 0.49738
vt 0.10154 0.28185
vt 0.42027 0.58336
vt 0.24774 0.26841
vt 0.10238 0.64266
vt 0.14942 0.51044
vt 0.30761 0.37529
vt 0.45979 0.13647
vt 0.84810 0.60913
vt 0.48297 0.16991
vt 0.46403 0.62343
vt 0.40595 0.56753
vt 0.93389 0.90762
vt 0.42526 0.60296
vt 0.31949 0.40852
vt 0.94828 0.83468
vt 0.58127 0.74585
vt 0.08978 0.34109
vt 0.21892 0.32247
vt 0.11252 0.87191
vt 0.06495 0.37888
vt 0.40501 0.53787
vt 0.22320 0.83590
vt 0.34796 0.42529
vt 0.42836 0.61735
vt 0.18589 0.74867
vt 0.39742 0.52093
vt 0.07171 0.29595
vt 0.14486 0.05940
vt 0.92169 0.92241
vt 0.23820 0.65885
vt 0.07547 0.77761
vt 0.12385 0.22339
vt 0.09303 0.29655
vt 0.49650 0.82869
vt 0.92648 0.47615
vt 0.36678 0.80987
vt 0.95033 0.90277
vt 0.11457 0.22091
vt 0.93471 0.76739
vt 0.16250 0.04489
vt 0.93153 0.46695
vt 0.12261 0.24457
vt 0.27780 0.34334
vt 0.94920 0.83758
vt 0.11579 0.84792
vt 0.06684 0.36574
vt 0.11466 0.29261
vt 0.22675 0.87096
vt 0.30766 0.35797
vt 0.09049 0.30393
vt 0.21552 0.74651
vt 0.41226 0.58415
vt 0.48855 0.12045
vt 0.07592 0.28740
vt 0.14936 0.52444
vt 0.91942 0.50641
vt 0.22451 0.87843
vt 0.09183 0.32351
vt 0.67283 0.77122
vt 0.05102 0.32511
vt 0.47210 0.78369
vt 0.10892 0.23432
vt 0.49545 0.75506
vt 0.13861 0.05214
vt 0.19196 0.30704
vt 0.94724 0.76115
vt 0.08723 0.64339
vt 0.09573 0.20574
vt 0.92914 0.89436
vt 0.32956 0.64295
vt 0.36136 0.39569
vt 0.46207 0.14789
vt 0.24219 0.05736
vt 0.49689 0.66149
vt 0.34658 0.41065
vt 0.16874 0.75654
vt 0.27362 0.93519
vt 0.35386 0.45247
vt 0.19687 0.68966
vt 0.24778 0.84969
vt 0.96752 0.53762
vt 0.51086 0.41293
vt 0.10158 0.34122
vt 0.55289 0.57238
vt 0.63475 0.15318
vt 0.08773 0.22689
vt 0.93879 0.45944
vt 0.46362 0.19944
vt 0.32810 0.42255
vt 0.03665 0.39747
vt 0.31605 0.30831
vt 0.35509 0.20941
vt 0.31212 0.37657
vt 0.12295 0.29397
vt 0.38008 0.74720
vt 0.36562 0.37033
vt 0.44476 0.61567
vt 0.07380 0.36501
vt 0.94927 0.85359
vt 0.47074 0.08260
vt 0.45941 0.10898
vt 0.16264 0.04510
vt 0.13863 0.13738
vt 0.16867 0.60404
vt 0.51549 0.64337
vt 0.36333 0.35300
vt 0.08847 0.58664
vt 0.42072 0.82927
vt 0.15776 0.57410
vt 0.14390 0.06033
vt 0.27984 0.62888
vt 0.17125 0.14300
vt 0.55940 0.55612
vt 0.10095 0.20544
vt 0.40555 0.47640
vt 0.20412 0.59286
vt 0.49933 0.24268
vt 0.21801 0.02837
vt 0.45349 0.61576
vt 0.07018 0.38192
vt 0.47296 0.07458
vt 0.10210 0.32628
vt 0.46010 0.12183
vt 0.35003 0.44060
vt 0.31456 0.31946
vt 0.05538 0.63542
vt 0.32896 0.40921
vt 0.47891 0.63428
vt 0.19987 0.60509
vt 0.21132 0.76090
vt 0.36913 0.76274
vt 0.36296 0.38337
vt 0.95548 0.53894
vt 0.31712 0.36013
vt 0.95176 0.45269
vt 0.26347 0.95125
vt 0.17308 0.59049
vt 0.53997 0.60026
vt 0.04426 0.38611
vt 0.55019 0.57779
vt 0.36511 0.34330
vt 0.17323 0.11105
vt 0.15905 0.56135
vt 0.15556 0.03381
vt 0.09344 0.21506
vt 0.08177 0.54133
vt 0.91332 0.56886
vt 0.35598 0.81030
vt 0.94781 0.87403
vt 0.46051 0.52151
vt 0.42209 0.75496
vt 0.24374 0.06951
vt 0.19301 0.67667
vt 0.94706 0.61660
vt 0.05164 0.34008
vt 0.19664 0.61694
vt 0.30645 0.33197
vt 0.48716 0.63997
vt 0.57645 0.54660
vt 0.06395 0.31067
vt 0.94068 0.90362
vt 0.93951 0.86986
vt 0.36863 0.32776
vt 0.11141 0.25305
vt 0.92830 0.61128
vt 0.09398 0.25813
vt 0.08777 0.61763
vt 0.21235 0.81928
vt 0.17175 0.07663
vt 0.97985 0.59976
vt 0.41241 0.80018
vt 0.10386 0.68424
vt 0.15863 0.09431
vt 0.31417 0.39366
vt 0.45924 0.09568
vt 0.43716 0.76939
vt 0.94453 0.74941
vt 0.05545 0.59030
vt 0.87250 0.61286
vt 0.23972 0.93098
vt 0.91938 0.55655
vt 0.05091 0.37365
vt 0.12091 0.31708
vt 0.11785 0.20135
vt 0.42454 0.85345
vt 0.06779 0.39886
vt 0.16408 0.62888
vt 0.09926 0.35854
vt 0.18770 0.54357
vt 0.11464 0.27003
vt 0.34695 0.42359
vt 0.05641 0.32684
vt 0.08747 0.27411
vt 0.08527 0.23925
vt 0.08654 0.63151
vt 0.96746 0.52311
vt 0.30540 0.29798
vt 0.12659 0.70795
vt 0.94421 0.88905
vt 0.18049 0.08391
vt 0.49748 0.64153
vt 0.12768 0.30573
vt 0.15660 0.71070
vt 0.41468 0.45933
vt 0.96931 0.59947
vt 0.19901 0.62820
vt 0.32143 0.26705
vt 0.15832 0.54654
vt 0.94063 0.85484
vt 0.96019 0.43952
vt 0.49174 0.50339
vt 0.11216 0.28450
vt 0.34690 0.41123
vt 0.93142 0.54680
vt 0.41012 0.81408
vt 0.15357 0.07790
vt 0.16547 0.61670
vt 0.12285 0.12746
vt 0.36294 0.39600
vt 0.09703 0.24680
vt 0.52110 0.45595
vt 0.06027 0.35923
vt 0.16269 0.15008
vt 0.30251 0.34739
vt 0.07396 0.41353
vt 0.56729 0.55264
vt 0.42016 0.84245
vt 0.34320 0.85796
vt 0.42399 0.78938
vt 0.18845 0.60397
vt 0.17279 0.76087
vt 0.95272 0.88302
vt 0.33377 0.44192
vt 0.23298 0.44037
vt 0.49160 0.12822
vt 0.52356 0.59965
vt 0.96689 0.45504
vt 0.18909 0.30612
vt 0.35108 0.83989
vt 0.17334 0.69476
vt 0.11373 0.70107
vt 0.15729 0.34074
vt 0.09172 0.20607
vt 0.08252 0.42312
vt 0.11066 0.29223
vt 0.57803 0.55174
vt 0.97955 0.53631
vt 0.10115 0.22442
vt 0.19359 0.51770
vt 0.95210 0.38872
vt 0.07576 0.28769
vt 0.38646 0.49013
vt 0.12702 0.24271
vt 0.21234 0.58422
vt 0.96556 0.42826
vt 0.30070 0.35764
vt 0.32699 0.32232
vt 0.11734 0.34665
vt 0.88300 0.62915
vt 0.48955 0.66783
vt 0.30416 0.07799
vt 0.47914 0.62065
vt 0.91336 0.54353
vt 0.28085 0.93713
vt 0.45102 0.63094
vt 0.24740 0.86356
vt 0.45027 0.12095
vt 0.16442 0.23599
vt 0.45237 0.76781
vt 0.63568 0.13827
vt 0.33136 0.28886
vt 0.33930 0.45787
vt 0.07229 0.48012
vt 0.95895 0.46155
vt 0.36374 0.77685
vt 0.64932 0.27818
vt 0.46861 0.61829
vt 0.12330 0.17394
vt 0.18642 0.33137
vt 0.35117 0.85356
vt 0.49886 0.53690
vt 0.96912 0.40593
vt 0.42807 0.82983
vt 0.07155 0.29589
vt 0.40934 0.82882
vt 0.47070 0.29106
vt 0.30165 0.36870
vt 0.47898 0.66044
vt 0.43617 0.62628
vt 0.44184 0.10932
vt 0.95876 0.59819
vt 0.10948 0.68801
vt 0.16843 0.57608
vt 0.13055 0.14085
vt 0.22439 0.32418
vt 0.46842 0.06134
vt 0.06051 0.37882
vt 0.22782 0.76794
vt 0.33312 0.30511
vt 0.50575 0.64571
vt 0.26317 0.93742
vt 0.90131 0.55194
vt 0.19012 0.52998
vt 0.97359 0.55215
vt 0.11777 0.32636
vt 0.10954 0.21408
vt 0.47912 0.22827
vt 0.55111 0.58739
vt 0.47090 0.50149
vt 0.15306 0.05417
vt 0.34005 0.61854
vt 0.18819 0.58970
vt 0.42768 0.84254
vt 0.11917 0.72539
vt 0.19075 0.76654
vt 0.17221 0.06109
vt 0.05441 0.65129
vt 0.31903 0.34938
vt 0.96115 0.52814
vt 0.08415 0.25338
vt 0.40762 0.84152
vt 0.11781 0.18569
vt 0.13225 0.27284
vt 0.27153 0.27460
vt 0.11762 0.36143
vt 0.39869 0.49008
vt 0.35393 0.78345
vt 0.20114 0.49040
vt 0.42529 0.81631
vt 0.10409 0.31127
vt 0.25014 0.94121
vt 0.17364 0.09498
vt 0.50691 0.63544
vt 0.05356 0.39526
vt 0.09824 0.61650
vt 0.11612 0.34780
vt 0.47620 0.05717
vt 0.16326 0.06996
vt 0.25899 0.90136
vt 0.56936 0.53247
vt 0.46768 0.65544
vt 0.48603 0.50282
vt 0.90126 0.55903
vt 0.08302 0.26063
vt 0.50087 0.34800
vt 0.33282 0.31766
vt 0.35463 0.38243
vt 0.13494 0.15358
vt 0.15052 0.14875
vt 0.35353 0.82227
vt 0.94017 0.63740
vt 0.40940 0.85329
vt 0.56302 0.54243
vt 0.91112 0.60079
vt 0.45553 0.64509
vt 0.04601 0.40750
vt 0.11592 0.71510
vt 0.34703 0.79780
vt 0.42502 0.80154
vt 0.12599 0.27848
vt 0.12876 0.28706
vt 0.19748 0.50361
vt 0.47924 0.12646
vt 0.07952 0.27336
vt 0.12302 0.25463
vt 0.09341 0.23542
vt 0.10785 0.30096
vt 0.36062 0.36677
vt 0.21532 0.85589
vt 0.55587 0.48789
vt 0.93010 0.87738
vt 0.32798 0.26733
vt 0.33728 0.42619
vt 0.15329 0.63022
vt 0.10863 0.19372
vt 0.48911 0.62242
vt 0.32240 0.33440
vt 0.41329 0.47532
vt 0.09354 0.62746
vt 0.14062 0.14275
vt 0.48608 0.08689
vt 0.47129 0.10989
vt 0.91253 0.20080
vt 0.15702 0.17201
vt 0.21847 0.54758
vt 0.38553 0.79313
vt 0.36812 0.77629
vt 0.09806 0.44397
vt 0.34402 0.85292
vt 0.07102 0.55767
vt 0.33797 0.32453
vt 0.48005 0.60682
vt 0.17415 0.03509
vt 0.05575 0.51178
vt 0.18110 0.50168
vt 0.11402 0.38837
vt 0.07885 0.30297
vt 0.14155 0.09854
vt 0.42256 0.53938
vt 0.43802 0.78465
vt 0.09046 0.47787
vt 0.45224 0.81675
vt 0.34459 0.28979
vt 0.40179 0.81622
vt 0.87303 0.65069
vt 0.37079 0.84040
vt 0.16081 0.64638
vt 0.19220 0.63208
vt 0.06799 0.36403
vt 0.34804 0.36447
vt 0.16345 0.53889
vt 0.13307 0.17308
vt 0.13020 0.22447
vt 0.92946 0.20080
vt 0.22110 0.49158
vt 0.09905 0.18618
vt 0.69506 0.55906
vt 0.38088 0.81011
vt 0.15329 0.18292
vt 0.10543 0.17511
vt 0.09326 0.43014
vt 0.11197 0.37392
vt 0.36145 0.29488
vt 0.34363 0.30862
vt 0.05485 0.52731
vt 0.93123 0.87215
vt 0.19630 0.54712
vt 0.47666 0.23230
vt 0.18463 0.49015
vt 0.43413 0.11533
vt 0.33228 0.23852
vt 0.54563 0.54755
vt 0.16584 0.73488
vt 0.58031 0.56290
vt 0.94339 0.51072
vt 0.39727 0.45789
vt 0.34279 0.83765
vt 0.46797 0.60523
vt 0.48594 0.23079
vt 0.40366 0.79693
vt 0.12695 0.23526
vt 0.15564 0.72637
vt 0.56833 0.58243
vt 0.11043 0.59920
vt 0.45117 0.80522
vt 0.09998 0.35614
vt 0.94405 0.74074
vt 0.17413 0.75272
vt 0.13432 0.08545
vt 0.48375 0.20901
vt 0.21699 0.50565
vt 0.94639 0.20080
vt 0.34615 0.38378
vt 0.37126 0.85255
vt 0.14149 0.16016
vt 0.43935 0.83091
vt 0.62625 0.12382
vt 0.36527 0.27931
vt 0.50344 0.59498
vt 0.16722 0.53974
vt 0.48339 0.28284
vt 0.34400 0.82013
vt 0.06411 0.63841
vt 0.14828 0.65188
vt 0.09606 0.29861
vt 0.21466 0.51759
vt 0.12396 0.21364
vt 0.16462 0.55147
vt 0.96763 0.56665
vt 0.01700 0.38048
vt 0.27167 0.85055
vt 0.44739 0.65222
vt 0.11507 0.16565
vt 0.55327 0.54052
vt 0.06839 0.69671
vt 0.93140 0.52063
vt 0.14925 0.19733
vt 0.09008 0.50674
vt 0.36431 0.80532
vt 0.48361 0.37777
vt 0.15093 0.11405
vt 0.39275 0.76321
vt 0.52136 0.54921
vt 0.94529 0.59581
vt 0.11144 0.42032
vt 0.57834 0.57856
vt 0.33401 0.35161
vt 0.18863 0.57831
vt 0.43904 0.84299
vt 0.07442 0.33115
vt 0.91813 0.44021
vt 0.20932 0.02957
vt 0.07067 0.54150
vt 0.05313 0.48497
vt 0.17860 0.53149
vt 0.56488 0.49012
vt 0.47392 0.09804
vt 0.35892 0.26144
vt 0.21578 0.56256
vt 0.12343 0.07321
vt 0.45122 0.75122
vt 0.92423 0.86672
vt 0.16636 0.59027
vt 0.33412 0.61263
vt 0.40891 0.78352
vt 0.18049 0.04679
vt 0.15749 0.66753
vt 0.12381 0.72761
vt 0.02357 0.37390
vt 0.19440 0.74284
vt 0.34401 0.39911
vt 0.16444 0.59946
vt 0.14590 0.13193
vt 0.92540 0.53243
vt 0.96061 0.39732
vt 0.40792 0.49164
vt 0.36590 0.79068
vt 0.51009 0.59932
vt 0.49080 0.60999
vt 0.38860 0.77629
vt 0.12684 0.15191
vt 0.33675 0.33771
vt 0.26232 0.24061
vt 0.21476 0.53306
vt 0.13448 0.57345
vt 0.12654 0.18474
vt 0.05449 0.49830
vt 0.07939 0.32022
vt 0.32589 0.06414
vt 0.18312 0.51606
vt 0.26764 0.86411
vt 0.11086 0.40534
vt 0.37181 0.82674
vt 0.47184 0.46937
vt 0.19078 0.56208
vt 0.43839 0.85374
vt 0.34982 0.27588
vt 0.09258 0.30747
vt 0.40771 0.76480
vt 0.25494 0.07447
vt 0.21307 0.57317
vt 0.43852 0.80071
vt 0.93161 0.59346
vt 0.48033 0.59525
vt 0.31193 0.22199
vt 0.45036 0.53383
vt 0.45240 0.85433
vt 0.18510 0.03881
vt 0.35606 0.31300
vt 0.15026 0.65955
vt 0.40115 0.85244
vt 0.94345 0.54025
vt 0.14859 0.62478
vt 0.37814 0.77016
vt 0.20838 0.54818
vt 0.46897 0.24357
vt 0.37509 0.80029
vt 0.27981 0.23219
vt 0.96475 0.59651
vt 0.45277 0.79767
vt 0.41352 0.48741
vt 0.10480 0.47334
vt 0.03419 0.37679
vt 0.16875 0.48758
vt 0.11369 0.23256
vt 0.47970 0.12643
vt 0.36102 0.40831
vt 0.09382 0.38606
vt 0.08522 0.32273
vt 0.46154 0.23002
vt 0.18052 0.61770
vt 0.14139 0.08247
vt 0.16578 0.02701
vt 0.35230 0.39710
vt 0.36381 0.82311
vt 0.16268 0.72801
vt 0.34866 0.80479
vt 0.93144 0.57296
vt 0.20666 0.50330
vt 0.08668 0.30472
vt 0.95638 0.86475
vt 0.11144 0.44676
vt 0.16696 0.72169
vt 0.06410 0.34686
vt 0.05647 0.56021
vt 0.47708 0.19699
vt 0.33061 0.37995
vt 0.22363 0.80792
vt 0.11852 0.22336
vt 0.06094 0.65056
vt 0.39995 0.84327
vt 0.13421 0.13554
vt 0.15333 0.16256
vt 0.94944 0.52710
vt 0.45138 0.84286
vt 0.56477 0.57112
vt 0.15301 0.61600
vt 0.08872 0.29489
vt 0.35114 0.32673
vt 0.02756 0.39021
vt 0.16378 0.50038
vt 0.92969 0.62725
vt 0.19453 0.76978
vt 0.38818 0.75826
vt 0.96775 0.59567
vt 0.43872 0.75387
vt 0.37179 0.81169
vt 0.16902 0.03380
vt 0.38345 0.85388
vt 0.11351 0.61965
vt 0.15131 0.09513
vt 0.22614 0.50519
vt 0.08296 0.33926
vt 0.05607 0.57693
vt 0.33420 0.36418
vt 0.39938 0.47320
vt 0.55004 0.55780
vt 0.17955 0.62950
vt 0.48537 0.11158
vt 0.36222 0.24752
vt 0.12945 0.73438
vt 0.46791 0.59124
vt 0.13849 0.18125
vt 0.17606 0.54524
vt 0.20904 0.49402
vt 0.92440 0.58166
vt 0.11014 0.43352
vt 0.67129 0.55124
vt 0.09459 0.36979
vt 0.36408 0.42225
vt 0.05996 0.70257
vt 0.09584 0.28132
vt 0.32876 0.39430
vt 0.11437 0.45925
vt 0.97373 0.58252
vt 0.44246 0.80968
vt 0.06843 0.33198
vt 0.57423 0.56492
vt 0.06657 0.48598
vt 0.95540 0.51261
vt 0.15418 0.60101
vt 0.05667 0.54395
vt 0.96910 0.46721
vt 0.25942 0.69586
vt 0.32269 0.43039
vt 0.13107 0.12391
vt 0.17499 0.57705
vt 0.42165 0.76727
vt 0.17871 0.59452
vt 0.26742 0.05046
vt 0.45141 0.83100
vt 0.22495 0.51900
vt 0.20092 0.53127
vt 0.09200 0.41872
vt 0.56561 0.50009
vt 0.50259 0.60048
vt 0.13754 0.15033
vt 0.34845 0.34266
vt 0.40042 0.82843
vt 0.16985 0.50219
vt 0.94951 0.55208
vt 0.16556 0.11404
vt 0.16399 0.51283
vt 0.36032 0.27482
vt 0.28156 0.85396
vt 0.87296 0.67064
vt 0.20574 0.56461
vt 0.18214 0.71668
vt 0.06335 0.68164
vt 0.13153 0.19351
vt 0.15831 0.70308
vt 0.19897 0.02620
vt 0.04570 0.35360
vt 0.96735 0.49409
vt 0.94374 0.59891
vt 0.21297 0.06915
vt 0.36003 0.85291
vt 0.39187 0.47713
vt 0.22399 0.53418
vt 0.33866 0.44351
vt 0.17343 0.56229
vt 0.42271 0.78066
vt 0.63371 0.11080
vt 0.97970 0.56803
vt 0.43886 0.81825
vt 0.07260 0.31570
vt 0.45328 0.78557
vt 0.06672 0.49611
vt 0.49497 0.59783
vt 0.50439 0.48551
vt 0.20228 0.51921
vt 0.48550 0.09928
vt 0.93297 0.85941
vt 0.07913 0.35239
vt 0.09072 0.40167
vt 0.97906 0.46060
vt 0.23809 0.18878
vt 0.12876 0.20488
vt 0.10541 0.24658
vt 0.53939 0.62569
vt 0.10477 0.26543
vt 0.13521 0.10960
vt 0.18439 0.02962
vt 0.24350 0.70938
vt 0.26852 0.84953
vt 0.95536 0.49945
vt 0.17998 0.60480
vt 0.20349 0.57783
vt 0.34717 0.35282
vt 0.92778 0.58949
vt 0.51232 0.56445
vt 0.04136 0.36720
vt 0.93746 0.56319
vt 0.16193 0.13174
vt 0.15672 0.58912
vt 0.13341 0.21172
vt 0.13240 0.06846
vt 0.05910 0.66524
vt 0.36198 0.83492
vt 0.37900 0.82215
vt 0.21665 0.76950
vt 0.29396 0.62157
vt 0.20020 0.45959
vt 0.08909 0.57214
vt 0.31476 0.06300
vt 0.16539 0.52915
vt 0.82577 0.54813
vt 0.38662 0.89442
vt 0.75886 0.38307
vt 0.36319 0.88580
vt 0.75023 0.49612
vt 0.93607 0.58998
vt 0.77625 0.42091
vt 0.29219 0.49400
vt 0.80390 0.56067
vt 0.41844 0.49854
vt 0.91271 0.72784
vt 0.76474 0.20080
vt 0.22931 0.61975
vt 0.63024 0.39175
vt 0.49765 0.58542
vt 0.82788 0.15194
vt 0.95391 0.72604
vt 0.43827 0.87875
vt 0.34712 0.56789
vt 0.76474 0.17637
vt 0.67330 0.43086
vt 0.33790 0.27594
vt 0.27582 0.44230
vt 0.32295 0.22750
vt 0.86990 0.57102
vt 0.51044 0.54983
vt 0.22559 0.57867
vt 0.44500 0.09983
vt 0.90634 0.59191
vt 0.35856 0.86918
vt 0.23286 0.63696
vt 0.50655 0.57139
vt 0.74393 0.41766
vt 0.95607 0.73591
vt 0.53000 0.51880
vt 0.53369 0.53685
vt 0.23813 0.65677
vt 0.87156 0.58268
vt 0.32479 0.25206
vt 0.78052 0.17637
vt 0.55872 0.64258
vt 0.75767 0.42026
vt 0.43691 0.86621
vt 0.40776 0.89218
vt 0.46109 0.48524
vt 0.34442 0.25896
vt 0.22855 0.56491
vt 0.36175 0.11450
vt 0.28244 0.42777
vt 0.38716 0.91385
vt 0.75407 0.37960
vt 0.77315 0.32561
vt 0.77331 0.36678
vt 0.94010 0.69389
vt 0.28636 0.41457
vt 0.90125 0.33769
vt 0.45790 0.46214
vt 0.22434 0.65135
vt 0.47007 0.57756
vt 0.72523 0.27640
vt 0.44084 0.56765
vt 0.28521 0.46593
vt 0.81651 0.52492
vt 0.91867 0.73623
vt 0.53198 0.54878
vt 0.38415 0.86580
vt 0.67931 0.44396
vt 0.57704 0.60600
vt 0.93527 0.73167
vt 0.49415 0.49911
vt 0.75339 0.40631
vt 0.74916 0.29127
vt 0.43964 0.49339
vt 0.56281 0.62431
vt 0.45241 0.90246
vt 0.33486 0.19620
vt 0.31295 0.23693
vt 0.42337 0.90567
vt 0.96558 0.71617
vt 0.36995 0.12929
vt 0.74921 0.30625
vt 0.95565 0.59159
vt 0.40622 0.87842
vt 0.29647 0.47860
vt 0.77408 0.42200
vt 0.23499 0.69015
vt 0.72526 0.28239
vt 0.75385 0.39222
vt 0.47703 0.49255
vt 0.93388 0.72899
vt 0.22907 0.54959
vt 0.93481 0.69859
vt 0.56523 0.60922
vt 0.38601 0.88128
vt 0.23000 0.61087
vt 0.29014 0.40228
vt 0.82681 0.53548
vt 0.27898 0.47346
vt 0.37021 0.89471
vt 0.35821 0.14217
vt 0.42214 0.91558
vt 0.23922 0.67345
vt 0.74924 0.31523
vt 0.48562 0.58224
vt 0.34790 0.55369
vt 0.33155 0.20991
vt 0.43980 0.89137
vt 0.51725 0.55780
vt 0.40357 0.86667
vt 0.30312 0.47159
vt 0.84726 0.57152
vt 0.86174 0.20080
vt 0.45229 0.86533
vt 0.95305 0.59363
vt 0.23445 0.53563
vt 0.31774 0.22307
vt 0.29725 0.43331
vt 0.64217 0.39229
vt 0.49679 0.57076
vt 0.63587 0.09253
vt 0.94655 0.72723
vt 0.82386 0.56002
vt 0.72538 0.31533
vt 0.44188 0.86253
vt 0.25853 0.47952
vt 0.51577 0.53981
vt 0.75010 0.48383
vt 0.35917 0.21828
vt 0.42335 0.89271
vt 0.31392 0.47654
vt 0.77409 0.47141
vt 0.35483 0.15455
vt 0.45246 0.89194
vt 0.55384 0.62776
vt 0.80569 0.54754
vt 0.83942 0.56846
vt 0.61832 0.39121
vt 0.77368 0.43455
vt 0.78052 0.20080
vt 0.92094 0.58450
vt 0.84751 0.58281
vt 0.74435 0.39327
vt 0.95557 0.56526
vt 0.30362 0.26015
vt 0.35626 0.55678
vt 0.34038 0.21258
vt 0.51262 0.59167
vt 0.29743 0.62498
vt 0.84555 0.57085
vt 0.61891 0.57783
vt 0.28929 0.44962
vt 0.94361 0.59123
vt 0.77319 0.33684
vt 0.34250 0.16910
vt 0.81209 0.15194
vt 0.94674 0.73376
vt 0.30968 0.48613
vt 0.44091 0.50374
vt 0.23556 0.51966
vt 0.22266 0.63451
vt 0.72535 0.30635
vt 0.47281 0.47134
vt 0.35598 0.20155
vt 0.85247 0.60838
vt 0.31283 0.25082
vt 0.50640 0.58625
vt 0.74919 0.30026
vt 0.74438 0.40565
vt 0.75048 0.52069
vt 0.34335 0.19687
vt 0.93209 0.73950
vt 0.57252 0.59415
vt 0.73672 0.42055
vt 0.37475 0.86622
vt 0.79826 0.52488
vt 0.84234 0.52174
vt 0.23485 0.64909
vt 0.86174 0.17637
vt 0.33666 0.55879
vt 0.75049 0.37843
vt 0.32955 0.23867
vt 0.31927 0.19108
vt 0.25341 0.66842
vt 0.69036 0.43944
vt 0.76088 0.41692
vt 0.26673 0.47272
vt 0.30569 0.40657
vt 0.23719 0.50568
vt 0.95379 0.71842
vt 0.47461 0.56170
vt 0.50082 0.48466
vt 0.75035 0.50840
vt 0.53371 0.56005
vt 0.35034 0.24346
vt 0.45459 0.47680
vt 0.93703 0.58747
vt 0.39173 0.90667
vt 0.65585 0.27790
vt 0.37742 0.90296
vt 0.80606 0.53410
vt 0.35584 0.23257
vt 0.45235 0.87585
vt 0.48903 0.56739
vt 0.37407 0.88018
vt 0.93624 0.72361
vt 0.77396 0.45912
vt 0.31691 0.20822
vt 0.77180 0.55245
vt 0.41020 0.90684
vt 0.42604 0.49290
vt 0.52302 0.54857
vt 0.92338 0.72760
vt 0.73927 0.38200
vt 0.24192 0.49194
vt 0.30582 0.50004
vt 0.91840 0.69918
vt 0.33327 0.22673
vt 0.48356 0.47833
vt 0.27109 0.45584
vt 0.94756 0.58054
vt 0.77324 0.35181
vt 0.30144 0.41791
vt 0.26201 0.65470
vt 0.69146 0.45020
vt 0.67637 0.45469
vt 0.32893 0.58623
vt 0.88464 0.32169
vt 0.89515 0.57118
vt 0.93243 0.70954
vt 0.34765 0.17239
vt 0.42656 0.45866
vt 0.20978 0.63119
vt 0.35178 0.19691
vt 0.97609 0.40181
vt 0.32107 0.18019
vt 0.47073 0.50781
vt 0.79871 0.52106
vt 0.31576 0.43768
vt 0.86327 0.38062
vt 0.33281 0.17402
vt 0.45250 0.92156
vt 0.43469 0.89572
vt 0.41119 0.86374
vt 0.34873 0.12237
vt 0.54815 0.61236
vt 0.84485 0.53343
vt 0.78322 0.41408
vt 0.62975 0.41862
vt 0.95764 0.70173
vt 0.21081 0.61888
vt 0.60795 0.07878
vt 0.89343 0.56451
vt 0.43381 0.45789
vt 0.72544 0.32582
vt 0.74953 0.36689
vt 0.97832 0.44590
vt 0.26614 0.48006
vt 0.77305 0.29417
vt 0.71340 0.16231
vt 0.79631 0.17637
vt 0.97683 0.41651
vt 0.34748 0.21485
vt 0.78264 0.38686
vt 0.34698 0.15313
vt 0.92812 0.74414
vt 0.66825 0.44848
vt 0.31795 0.46948
vt 0.45361 0.90786
vt 0.30490 0.39087
vt 0.92820 0.70332
vt 0.63550 0.43034
vt 0.74936 0.33694
vt 0.31101 0.45554
vt 0.31092 0.26850
vt 0.51419 0.48704
vt 0.75049 0.42212
vt 0.37341 0.60901
vt 0.41245 0.87500
vt 0.44214 0.47735
vt 0.48223 0.51162
vt 0.46768 0.48719
vt 0.83330 0.52562
vt 0.79856 0.52204
vt 0.34326 0.22914
vt 0.36561 0.90854
vt 0.76853 0.41416
vt 0.30656 0.31427
vt 0.95977 0.74328
vt 0.21138 0.60891
vt 0.63074 0.36488
vt 0.34846 0.60234
vt 0.55448 0.59878
vt 0.45385 0.49964
vt 0.57276 0.64032
vt 0.53563 0.57354
vt 0.89295 0.32969
vt 0.78497 0.39409
vt 0.70152 0.44721
vt 0.48877 0.53639
vt 0.87156 0.61486
vt 0.49083 0.55724
vt 0.74895 0.17637
vt 0.30451 0.28382
vt 0.32659 0.15408
vt 0.78448 0.40648
vt 0.34648 0.18462
vt 0.89835 0.57710
vt 0.36248 0.61018
vt 0.48039 0.55478
vt 0.55482 0.62683
vt 0.91015 0.72767
vt 0.31392 0.29574
vt 0.31511 0.42191
vt 0.74942 0.34818
vt 0.50250 0.54161
vt 0.63644 0.37924
vt 0.35537 0.18571
vt 0.83919 0.54774
vt 0.35142 0.11328
vt 0.32641 0.16819
vt 0.66516 0.44077
vt 0.79695 0.30605
vt 0.52137 0.58828
vt 0.34146 0.24147
vt 0.42399 0.87762
vt 0.34813 0.87250
vt 0.42683 0.51763
vt 0.33664 0.12460
vt 0.44420 0.45524
vt 0.90984 0.61129
vt 0.87203 0.59776
vt 0.35989 0.61295
vt 0.61901 0.35433
vt 0.89165 0.57051
vt 0.92880 0.75372
vt 0.33219 0.25578
vt 0.33612 0.18319
vt 0.74991 0.46540
vt 0.29321 0.38896
vt 0.90751 0.70988
vt 0.27604 0.48367
vt 0.79693 0.29707
vt 0.75459 0.42105
vt 0.97948 0.52045
vt 0.77563 0.38269
vt 0.50592 0.56150
vt 0.35914 0.11457
vt 0.37526 0.92125
vt 0.87634 0.31368
vt 0.90806 0.71909
vt 0.74946 0.35567
vt 0.42809 0.47525
vt 0.93047 0.74928
vt 0.96800 0.72508
vt 0.33280 0.13857
vt 0.32745 0.26924
vt 0.42423 0.86596
vt 0.34795 0.60596
vt 0.35196 0.88716
vt 0.78009 0.41883
vt 0.44367 0.46431
vt 0.77434 0.37869
vt 0.22058 0.61756
vt 0.82070 0.52173
vt 0.95270 0.70403
vt 0.79631 0.20080
vt 0.64172 0.41652
vt 0.77451 0.50826
vt 0.90154 0.58302
vt 0.33115 0.57379
vt 0.39432 0.10003
vt 0.47987 0.55033
vt 0.32352 0.28424
vt 0.95371 0.68752
vt 0.32662 0.46354
vt 0.97757 0.43120
vt 0.72550 0.33331
vt 0.33820 0.16136
vt 0.43734 0.90437
vt 0.51682 0.57326
vt 0.77437 0.49598
vt 0.55654 0.61168
vt 0.22199 0.60593
vt 0.77309 0.30915
vt 0.37088 0.09539
vt 0.36035 0.89953
vt 0.71738 0.05421
vt 0.28287 0.47635
vt 0.29374 0.37447
vt 0.64127 0.44076
vt 0.34934 0.13924
vt 0.74929 0.32571
vt 0.30596 0.46728
vt 0.61805 0.40597
vt 0.64194 0.40440
vt 0.77465 0.52055
vt 0.55562 0.61408
vt 0.77162 0.40641
vt 0.53596 0.58848
vt 0.77312 0.31812
vt 0.43739 0.91784
vt 0.62999 0.40518
vt 0.81982 0.56881
vt 0.33759 0.17077
vt 0.20992 0.64638
vt 0.90953 0.57705
vt 0.33980 0.11130
vt 0.42699 0.88835
vt 0.77423 0.48369
vt 0.92657 0.36290
vt 0.52440 0.57666
vt 0.57266 0.62194
vt 0.84151 0.55976
vt 0.77189 0.39338
vt 0.22520 0.59508
vt 0.74959 0.43467
vt 0.35412 0.12718
vt 0.49894 0.55403
vt 0.91774 0.73158
vt 0.27150 0.47783
vt 0.93715 0.76122
vt 0.34876 0.11286
vt 0.55390 0.91421
vt 0.45128 0.54002
vt 0.66580 0.36379
vt 0.42451 0.54522
vt 0.48345 0.91849
vt 0.33181 0.28345
vt 0.88161 0.56093
vt 0.87298 0.52367
vt 0.72564 0.35203
vt 0.34079 0.18171
vt 0.74972 0.44696
vt 0.68365 0.48088
vt 0.31584 0.29632
vt 0.31514 0.60207
vt 0.28595 0.35830
vt 0.35440 0.91729
vt 0.37333 0.09663
vt 0.46515 0.54542
vt 0.92573 0.76372
vt 0.48212 0.90612
vt 0.88814 0.56984
vt 0.67431 0.37378
vt 0.65046 0.34950
vt 0.79690 0.28509
vt 0.85928 0.53733
vt 0.89529 0.50756
vt 0.29074 0.46879
vt 0.30581 0.31998
vt 0.72572 0.36327
vt 0.66089 0.35078
vt 0.72568 0.45323
vt 0.40881 0.55618
vt 0.71828 0.39573
vt 0.19282 0.76092
vt 0.28290 0.36921
vt 0.70679 0.40236
vt 0.66989 0.46463
vt 0.81209 0.17637
vt 0.71738 0.07865
vt 0.33672 0.60213
vt 0.85690 0.55672
vt 0.34280 0.25691
vt 0.86174 0.15194
vt 0.82251 0.57103
vt 0.69366 0.47174
vt 0.50858 0.87949
vt 0.51686 0.50678
vt 0.36584 0.59139
vt 0.70490 0.34164
vt 0.32090 0.45827
vt 0.33904 0.14012
vt 0.49469 0.87742
vt 0.63850 0.34961
vt 0.44205 0.53076
vt 0.89358 0.52649
vt 0.65650 0.35721
vt 0.42997 0.54930
vt 0.71131 0.38762
vt 0.19783 0.75512
vt 0.85606 0.54445
vt 0.70308 0.39318
vt 0.57999 0.93623
vt 0.26729 0.48853
vt 0.34884 0.15276
vt 0.85646 0.56192
vt 0.69010 0.38073
vt 0.28299 0.38550
vt 0.49722 0.90077
vt 0.35615 0.58597
vt 0.90510 0.49175
vt 0.32018 0.44098
vt 0.49777 0.86610
vt 0.34445 0.12389
vt 0.33427 0.27158
vt 0.82353 0.58856
vt 0.34260 0.17105
vt 0.84481 0.15194
vt 0.72551 0.43479
vt 0.70731 0.42185
vt 0.69256 0.46097
vt 0.67678 0.47352
vt 0.88986 0.52079
vt 0.32262 0.59965
vt 0.90745 0.51312
vt 0.53686 0.49400
vt 0.38337 0.57993
vt 0.88691 0.55554
vt 0.69274 0.48249
vt 0.35393 0.12714
vt 0.69464 0.36342
vt 0.74298 0.92202
vt 0.30849 0.42338
vt 0.30295 0.29941
vt 0.77300 0.27921
vt 0.85594 0.53572
vt 0.82788 0.20080
vt 0.71420 0.41007
vt 0.31956 0.59254
vt 0.86489 0.53055
vt 0.46824 0.91800
vt 0.33348 0.17001
vt 0.82331 0.57169
vt 0.35320 0.23085
vt 0.45731 0.52213
vt 0.41822 0.55909
vt 0.34780 0.24439
vt 0.34898 0.13924
vt 0.69909 0.37239
vt 0.31271 0.46771
vt 0.71183 0.39935
vt 0.29701 0.37254
vt 0.72534 0.17448
vt 0.84784 0.59785
vt 0.72577 0.37076
vt 0.70163 0.45951
vt 0.68128 0.33649
vt 0.29772 0.31292
vt 0.30769 0.40776
vt 0.34932 0.18558
vt 0.85612 0.52502
vt 0.34652 0.90762
vt 0.41374 0.54295
vt 0.69182 0.49324
vt 0.47170 0.52856
vt 0.33583 0.15816
vt 0.31973 0.28135
vt 0.64816 0.35205
vt 0.88048 0.52239
vt 0.72539 0.42250
vt 0.63645 0.35232
vt 0.90627 0.50244
vt 0.73316 0.07865
vt 0.47057 0.90376
vt 0.70142 0.43492
vt 0.42431 0.56059
vt 0.33720 0.89486
vt 0.92278 0.77784
vt 0.44616 0.51579
vt 0.70692 0.38807
vt 0.78052 0.15194
vt 0.35052 0.17151
vt 0.41283 0.09752
vt 0.29267 0.32910
vt 0.62888 0.34618
vt 0.36080 0.20188
vt 0.20093 0.74518
vt 0.31953 0.26723
vt 0.53601 0.51706
vt 0.29537 0.45238
vt 0.36890 0.58322
vt 0.68871 0.35145
vt 0.49716 0.52109
vt 0.89548 0.51983
vt 0.52106 0.49364
vt 0.57104 0.66246
vt 0.33172 0.87636
vt 0.35837 0.15276
vt 0.68350 0.46243
vt 0.85301 0.54828
vt 0.35914 0.11456
vt 0.64671 0.36147
vt 0.53539 0.50672
vt 0.88806 0.54548
vt 0.94416 0.77389
vt 0.72992 0.42172
vt 0.28958 0.34469
vt 0.76474 0.15194
vt 0.38930 0.56488
vt 0.36674 0.59968
vt 0.56196 0.64388
vt 0.35738 0.21670
vt 0.48458 0.89348
vt 0.32694 0.25783
vt 0.86020 0.55393
vt 0.29745 0.38877
vt 0.36430 0.93290
vt 0.70202 0.38114
vt 0.30411 0.43824
vt 0.81209 0.20080
vt 0.33492 0.18255
vt 0.86836 0.53911
vt 0.33570 0.24079
vt 0.85818 0.56801
vt 0.46712 0.89214
vt 0.36253 0.13722
vt 0.30636 0.47551
vt 0.32978 0.21030
vt 0.51190 0.90153
vt 0.72597 0.48396
vt 0.81095 0.88079
vt 0.51755 0.52621
vt 0.68068 0.32700
vt 0.27551 0.65228
vt 0.35814 0.18565
vt 0.81046 0.90052
vt 0.38343 0.59828
vt 0.35945 0.23281
vt 0.21457 0.73355
vt 0.44357 0.55911
vt 0.68582 0.37016
vt 0.41838 0.52659
vt 0.78910 0.86763
vt 0.25690 0.45806
vt 0.29529 0.40337
vt 0.73820 0.39433
vt 0.70194 0.49639
vt 0.33258 0.19410
vt 0.72532 0.30036
vt 0.87808 0.52848
vt 0.43286 0.56576
vt 0.20810 0.74072
vt 0.30245 0.48368
vt 0.43560 0.51558
vt 0.81023 0.88799
vt 0.70542 0.41133
vt 0.50228 0.87922
vt 0.93902 0.80945
vt 0.79079 0.85331
vt 0.35525 0.24424
vt 0.74083 0.40616
vt 0.28776 0.41795
vt 0.67923 0.36457
vt 0.29903 0.63637
vt 0.50975 0.51802
vt 0.24916 0.47108
vt 0.34038 0.22815
vt 0.72527 0.12751
vt 0.45748 0.56011
vt 0.72144 0.41327
vt 0.36863 0.20645
vt 0.35032 0.15533
vt 0.49896 0.89258
vt 0.72857 0.37885
vt 0.47308 0.86725
vt 0.28372 0.43447
vt 0.30470 0.39434
vt 0.94541 0.78496
vt 0.94888 0.81036
vt 0.37747 0.56337
vt 0.68350 0.41668
vt 0.79688 0.27611
vt 0.72620 0.50854
vt 0.37638 0.59852
vt 0.66481 0.31700
vt 0.84522 0.52077
vt 0.34416 0.21380
vt 0.32117 0.25350
vt 0.79045 0.83967
vt 0.72585 0.47167
vt 0.42521 0.50159
vt 0.93244 0.78979
vt 0.36320 0.21926
vt 0.80352 0.91487
vt 0.24725 0.48304
vt 0.46732 0.87739
vt 0.34089 0.16988
vt 0.66970 0.35693
vt 0.27727 0.44861
vt 0.49101 0.09759
vt 0.86746 0.55083
vt 0.42111 0.66666
vt 0.32608 0.22077
vt 0.70132 0.42262
vt 0.34858 0.19674
vt 0.77382 0.44684
vt 0.19655 0.73834
vt 0.84715 0.52012
vt 0.67765 0.41022
vt 0.29903 0.49914
vt 0.72170 0.38204
vt 0.66031 0.31249
vt 0.74923 0.19882
vt 0.36551 0.56003
vt 0.32598 0.22752
vt 0.34646 0.70526
vt 0.72527 0.10308
vt 0.44026 0.56841
vt 0.82066 0.89953
vt 0.27529 0.46511
vt 0.27634 0.40041
vt 0.22580 0.71606
vt 0.42170 0.51194
vt 0.88423 0.52175
vt 0.78976 0.82651
vt 0.72608 0.49625
vt 0.79887 0.88258
vt 0.93503 0.80036
vt 0.69021 0.37388
vt 0.88344 0.54232
vt 0.72854 0.39666
vt 0.92589 0.36979
vt 0.70183 0.48409
vt 0.29486 0.47293
vt 0.51577 0.86680
vt 0.48175 0.88838
vt 0.36926 0.12966
vt 0.87685 0.56444
vt 0.49833 0.90703
vt 0.74895 0.15194
vt 0.45354 0.55358
vt 0.65202 0.34649
vt 0.33835 0.19826
vt 0.69566 0.40399
vt 0.73419 0.40638
vt 0.26184 0.47425
vt 0.49638 0.68045
vt 0.53290 0.52517
vt 0.82086 0.88627
vt 0.27328 0.41307
vt 0.88801 0.53177
vt 0.50257 0.50684
vt 0.31285 0.71505
vt 0.72755 0.41764
vt 0.67400 0.36493
vt 0.45336 0.57272
vt 0.79661 0.89676
vt 0.43185 0.53273
vt 0.70150 0.41156
vt 0.51559 0.87837
vt 0.28503 0.47924
vt 0.38761 0.59444
vt 0.67082 0.32300
vt 0.43917 0.55203
vt 0.68938 0.42182
vt 0.22793 0.70210
vt 0.79840 0.92812
vt 0.87297 0.56805
vt 0.32289 0.23920
vt 0.35449 0.14364
vt 0.72529 0.29138
vt 0.68403 0.38665
vt 0.70204 0.50868
vt 0.73728 0.18665
vt 0.79290 0.90763
vt 0.87132 0.51998
vt 0.70338 0.41690
vt 0.79631 0.15194
vt 0.70575 0.37898
vt 0.36590 0.10650
vt 0.26645 0.42952
vt 0.82376 0.60543
vt 0.51196 0.89180
vt 0.48125 0.86418
vt 0.95791 0.79416
vt 0.71329 0.42109
vt 0.37359 0.57702
vt 0.46414 0.90200
vt 0.21839 0.72883
vt 0.87846 0.54923
vt 0.33233 0.24906
vt 0.37763 0.58996
vt 0.28221 0.49338
vt 0.71565 0.38386
vt 0.86706 0.52094
vt 0.68926 0.42867
vt 0.74912 0.27930
vt 0.94754 0.79891
vt 0.46644 0.86438
vt 0.36102 0.57478
vt 0.70173 0.47180
vt 0.36331 0.11533
vt 0.26152 0.44355
vt 0.66816 0.35897
vt 0.20448 0.75104
vt 0.25515 0.48899
vt 0.68390 0.39416
vt 0.48284 0.87687
vt 0.85366 0.41517
vt 0.89391 0.42168
vt 0.28463 0.56572
vt 0.88667 0.41359
vt 0.30432 0.11879
vt 0.27708 0.50733
vt 0.71505 0.53506
vt 0.78118 0.94739
vt 0.78052 0.07865
vt 0.23351 0.67148
vt 0.43091 0.97303
vt 0.22908 0.75950
vt 0.50111 0.30968
vt 0.74536 0.86711
vt 0.85355 0.39490
vt 0.64178 0.50295
vt 0.87076 0.48316
vt 0.23803 0.72667
vt 0.23232 0.61380
vt 0.77812 0.82283
vt 0.54263 0.22575
vt 0.46940 0.96116
vt 0.76054 0.93789
vt 0.25454 0.49635
vt 0.57378 0.18749
vt 0.77524 0.60927
vt 0.74895 0.10308
vt 0.28090 0.15915
vt 0.70382 0.53822
vt 0.91239 0.32855
vt 0.30133 0.20425
vt 0.25912 0.55720
vt 0.50016 0.92464
vt 0.91425 0.36280
vt 0.84680 0.49557
vt 0.85319 0.40414
vt 0.29910 0.12665
vt 0.70946 0.52843
vt 0.27398 0.51940
vt 0.57960 0.17930
vt 0.72895 0.79933
vt 0.23344 0.68750
vt 0.72527 0.15194
vt 0.30802 0.23644
vt 0.23613 0.60112
vt 0.24961 0.64918
vt 0.74344 0.85360
vt 0.24301 0.70903
vt 0.78742 0.93353
vt 0.54503 0.40980
vt 0.28086 0.14548
vt 0.76402 0.93002
vt 0.25890 0.51367
vt 0.72756 0.85718
vt 0.49528 0.28449
vt 0.77495 0.81017
vt 0.50797 0.91995
vt 0.89501 0.37133
vt 0.70829 0.54677
vt 0.30252 0.18650
vt 0.64136 0.48976
vt 0.71089 0.56924
vt 0.59992 0.18446
vt 0.87113 0.50770
vt 0.23277 0.56494
vt 0.29440 0.24673
vt 0.52494 0.91469
vt 0.74456 0.84005
vt 0.29664 0.22774
vt 0.73007 0.81179
vt 0.31168 0.09212
vt 0.25368 0.52658
vt 0.82076 0.27602
vt 0.50556 0.34934
vt 0.86102 0.37890
vt 0.78467 0.91106
vt 0.23775 0.65915
vt 0.56695 0.28919
vt 0.77179 0.79833
vt 0.28473 0.58174
vt 0.23298 0.64356
vt 0.56251 0.33948
vt 0.15647 0.66856
vt 0.75137 0.57962
vt 0.79791 0.44671
vt 0.64889 0.97629
vt 0.62920 0.48351
vt 0.52416 0.33150
vt 0.27165 0.53216
vt 0.41961 0.96909
vt 0.61705 0.47727
vt 0.23261 0.58324
vt 0.76117 0.21098
vt 0.25109 0.54033
vt 0.31338 0.10205
vt 0.73053 0.82595
vt 0.84467 0.29388
vt 0.53199 0.39609
vt 0.70569 0.52165
vt 0.86418 0.38300
vt 0.79631 0.10308
vt 0.28942 0.25801
vt 0.88827 0.42078
vt 0.20956 0.75906
vt 0.22332 0.79842
vt 0.87058 0.47088
vt 0.22904 0.73855
vt 0.55213 0.29154
vt 0.50015 0.33992
vt 0.26883 0.54621
vt 0.77528 0.60182
vt 0.29870 0.22039
vt 0.54299 0.39130
vt 0.23460 0.62993
vt 0.65437 0.09258
vt 0.52066 0.89317
vt 0.27721 0.17202
vt 0.84481 0.10308
vt 0.28111 0.59699
vt 0.58687 0.17482
vt 0.78117 0.86626
vt 0.74895 0.12751
vt 0.70788 0.53438
vt 0.25244 0.55269
vt 0.21404 0.79024
vt 0.75242 0.57187
vt 0.67852 0.53136
vt 0.29905 0.10175
vt 0.88154 0.41722
vt 0.24476 0.49645
vt 0.86855 0.30575
vt 0.75933 0.80752
vt 0.77788 0.92370
vt 0.53060 0.40861
vt 0.52135 0.36113
vt 0.24787 0.61790
vt 0.29702 0.51252
vt 0.76474 0.07865
vt 0.31410 0.20654
vt 0.28565 0.17471
vt 0.25084 0.71222
vt 0.26853 0.56115
vt 0.89926 0.36222
vt 0.77432 0.93611
vt 0.24786 0.67641
vt 0.46213 0.33293
vt 0.26832 0.24794
vt 0.53132 0.90823
vt 0.74427 0.82730
vt 0.87095 0.49543
vt 0.84959 0.40599
vt 0.86856 0.31822
vt 0.42275 0.08648
vt 0.71594 0.54379
vt 0.78944 0.77165
vt 0.51728 0.91136
vt 0.58679 0.19641
vt 0.29476 0.23596
vt 0.72205 0.57051
vt 0.13262 0.63648
vt 0.66632 0.52324
vt 0.66851 0.96983
vt 0.56831 0.21432
vt 0.84663 0.48329
vt 0.24711 0.73173
vt 0.24395 0.50976
vt 0.21790 0.75084
vt 0.73510 0.78365
vt 0.85075 0.39331
vt 0.45974 0.35860
vt 0.24758 0.60354
vt 0.31514 0.19149
vt 0.76618 0.94592
vt 0.24261 0.64839
vt 0.29253 0.52602
vt 0.27069 0.26013
vt 0.24455 0.69515
vt 0.74469 0.81244
vt 0.86659 0.41457
vt 0.75694 0.78858
vt 0.24549 0.64345
vt 0.69950 0.96360
vt 0.24053 0.74518
vt 0.84646 0.47102
vt 0.78165 0.81625
vt 0.28906 0.53861
vt 0.55046 0.39826
vt 0.71447 0.55417
vt 0.30773 0.24913
vt 0.26555 0.57509
vt 0.28790 0.13053
vt 0.65995 0.51029
vt 0.86694 0.37779
vt 0.25095 0.66495
vt 0.90492 0.35007
vt 0.24119 0.52146
vt 0.21984 0.76895
vt 0.72631 0.52084
vt 0.82201 0.44659
vt 0.53222 0.30017
vt 0.86854 0.29378
vt 0.74050 0.80454
vt 0.53030 0.38713
vt 0.84771 0.38199
vt 0.79631 0.12751
vt 0.51458 0.92580
vt 0.26996 0.27463
vt 0.73130 0.85265
vt 0.24368 0.56825
vt 0.29429 0.14478
vt 0.54540 0.28904
vt 0.86174 0.07865
vt 0.28679 0.55133
vt 0.30044 0.25978
vt 0.23769 0.75284
vt 0.76070 0.79573
vt 0.53249 0.24882
vt 0.51703 0.34926
vt 0.26669 0.59291
vt 0.24831 0.63252
vt 0.29252 0.11546
vt 0.84113 0.37862
vt 0.49478 0.95148
vt 0.59293 0.28567
vt 0.79034 0.91997
vt 0.29203 0.16220
vt 0.63618 0.09240
vt 0.45073 0.98012
vt 0.52863 0.37732
vt 0.31173 0.22279
vt 0.55603 0.65353
vt 0.73062 0.86665
vt 0.50462 0.93062
vt 0.84698 0.50784
vt 0.73026 0.52184
vt 0.28620 0.21583
vt 0.49534 0.38883
vt 0.84465 0.37764
vt 0.58775 0.08946
vt 0.26177 0.71805
vt 0.63215 0.47432
vt 0.86846 0.35884
vt 0.72364 0.52504
vt 0.77357 0.85318
vt 0.86308 0.39848
vt 0.93781 0.34838
vt 0.26562 0.60787
vt 0.53674 0.35315
vt 0.37346 0.56875
vt 0.89509 0.49529
vt 0.27638 0.65809
vt 0.32125 0.16753
vt 0.75878 0.82667
vt 0.49955 0.31983
vt 0.20647 0.78019
vt 0.72250 0.54127
vt 0.84481 0.07865
vt 0.51347 0.37270
vt 0.54773 0.26695
vt 0.28151 0.25734
vt 0.58205 0.29543
vt 0.32018 0.10813
vt 0.89489 0.48302
vt 0.73778 0.53786
vt 0.77255 0.86531
vt 0.25744 0.55809
vt 0.79631 0.07865
vt 0.86843 0.37005
vt 0.27581 0.64161
vt 0.32283 0.15174
vt 0.54823 0.35429
vt 0.26354 0.68169
vt 0.30362 0.27968
vt 0.74934 0.95007
vt 0.87039 0.45861
vt 0.86720 0.40940
vt 0.75659 0.81532
vt 0.82078 0.28499
vt 0.50028 0.39704
vt 0.48088 0.31238
vt 0.59367 0.21260
vt 0.70495 0.55635
vt 0.27747 0.24476
vt 0.51699 0.38401
vt 0.35665 0.09163
vt 0.47084 0.93204
vt 0.77565 0.57559
vt 0.26361 0.62085
vt 0.28901 0.22783
vt 0.25584 0.73688
vt 0.56903 0.24101
vt 0.30510 0.26739
vt 0.22976 0.77779
vt 0.86984 0.42179
vt 0.92669 0.31637
vt 0.28185 0.63090
vt 0.84303 0.42105
vt 0.57597 0.20464
vt 0.74086 0.54804
vt 0.38478 0.95354
vt 0.28636 0.18659
vt 0.48831 0.93646
vt 0.95386 0.77040
vt 0.74125 0.78634
vt 0.90357 0.45959
vt 0.46246 0.93634
vt 0.70131 0.95997
vt 0.76474 0.10308
vt 0.73150 0.93317
vt 0.31055 0.13201
vt 0.86850 0.34388
vt 0.24905 0.58697
vt 0.26402 0.63419
vt 0.69698 0.54990
vt 0.88631 0.37821
vt 0.63606 0.07718
vt 0.92761 0.77972
vt 0.65750 0.48989
vt 0.25050 0.74909
vt 0.51336 0.94441
vt 0.47258 0.36914
vt 0.86174 0.12751
vt 0.87505 0.38715
vt 0.84481 0.12751
vt 0.48544 0.37800
vt 0.77901 0.76843
vt 0.37474 0.94341
vt 0.24579 0.77439
vt 0.31843 0.18008
vt 0.28466 0.20124
vt 0.53419 0.36664
vt 0.51732 0.40726
vt 0.87002 0.43407
vt 0.78052 0.10308
vt 0.65352 0.49600
vt 0.24664 0.76090
vt 0.21511 0.77268
vt 0.31542 0.12130
vt 0.73193 0.94039
vt 0.74512 0.79481
vt 0.72839 0.55444
vt 0.26323 0.66729
vt 0.69067 0.53812
vt 0.74895 0.07865
vt 0.25328 0.57257
vt 0.30408 0.16349
vt 0.73014 0.79286
vt 0.74971 0.93659
vt 0.25170 0.76717
vt 0.54401 0.34795
vt 0.79941 0.57539
vt 0.51240 0.39399
vt 0.22875 0.59790
vt 0.93050 0.34421
vt 0.87562 0.39867
vt 0.70891 0.56536
vt 0.59559 0.23469
vt 0.26460 0.51741
vt 0.71291 0.52592
vt 0.27836 0.61063
vt 0.33460 0.11034
vt 0.69091 0.50398
vt 0.84620 0.45260
vt 0.51935 0.28765
vt 0.85884 0.39525
vt 0.26350 0.65313
vt 0.49592 0.31860
vt 0.66348 0.48072
vt 0.75868 0.86554
vt 0.84466 0.36643
vt 0.23902 0.76430
vt 0.27189 0.70183
vt 0.92077 0.32259
vt 0.74523 0.93079
vt 0.85866 0.41946
vt 0.87828 0.40936
vt 0.73099 0.78434
vt 0.50131 0.38838
vt 0.28646 0.27716
vt 0.27775 0.62432
vt 0.57705 0.28886
vt 0.30720 0.14801
vt 0.70871 0.55917
vt 0.19761 0.77006
vt 0.48511 0.92935
vt 0.67175 0.50537
vt 0.90392 0.48106
vt 0.26097 0.75526
vt 0.52892 0.30106
vt 0.27560 0.68582
vt 0.22585 0.61411
vt 0.76891 0.82794
vt 0.72622 0.53547
vt 0.92544 0.77152
vt 0.36966 0.09477
vt 0.26517 0.50221
vt 0.26339 0.64317
vt 0.46661 0.94339
vt 0.23993 0.78218
vt 0.75952 0.85339
vt 0.84468 0.35147
vt 0.54746 0.33676
vt 0.49594 0.30817
vt 0.96414 0.77764
vt 0.73012 0.96274
vt 0.50244 0.37352
vt 0.52794 0.94252
vt 0.25954 0.54212
vt 0.72918 0.56658
vt 0.90274 0.47037
vt 0.68416 0.52009
vt 0.26745 0.74157
vt 0.20419 0.76502
vt 0.28729 0.26732
vt 0.75047 0.94606
vt 0.54632 0.37184
vt 0.95523 0.34225
vt 0.23179 0.79487
vt 0.28004 0.23112
vt 0.78052 0.12751
vt 0.73484 0.95299
vt 0.84594 0.43419
vt 0.67671 0.49465
vt 0.76203 0.78795
vt 0.89034 0.38037
vt 0.65104 0.07678
vt 0.32906 0.13761
vt 0.70410 0.52768
vt 0.47282 0.93529
vt 0.49837 0.36136
vt 0.73610 0.54433
vt 0.89450 0.45848
vt 0.48249 0.35436
vt 0.92338 0.35483
vt 0.89470 0.47075
vt 0.86174 0.10308
vt 0.30214 0.17693
vt 0.95452 0.34264
vt 0.86853 0.33267
vt 0.75101 0.60561
vt 0.69044 0.53033
vt 0.53378 0.92527
vt 0.76474 0.12751
vt 0.27659 0.67188
vt 0.66288 0.95752
vt 0.26178 0.52955
vt 0.73758 0.55724
vt 0.88167 0.38712
vt 0.27697 0.21388
vt 0.40586 0.96430
vt 0.69606 0.51785
vt 0.27186 0.72369
vt 0.67160 0.48693
vt 0.56558 0.19156
vt 0.86425 0.42062
vt 0.87351 0.38317
vt 0.84576 0.42191
vt 0.33149 0.12313
vt 0.81656 0.41865
vt 0.65546 0.32351
vt 0.84481 0.05421
vt 0.26557 0.14126
vt 0.27378 0.34315
vt 0.97074 0.70042
vt 0.26478 0.54470
vt 0.38612 0.93341
vt 0.69300 0.59333
vt 0.24928 0.76406
vt 0.81877 0.37889
vt 0.50736 0.43178
vt 0.71137 0.79502
vt 0.24880 0.57055
vt 0.43269 0.42647
vt 0.38669 0.57858
vt 0.75171 0.55546
vt 0.52356 0.45859
vt 0.92930 0.76127
vt 0.77668 0.52220
vt 0.26811 0.19826
vt 0.66746 0.55997
vt 0.28052 0.38472
vt 0.82282 0.50798
vt 0.68325 0.82294
vt 0.93775 0.74000
vt 0.28543 0.61279
vt 0.92502 0.70338
vt 0.61926 0.94168
vt 0.25677 0.75347
vt 0.19927 0.75792
vt 0.26704 0.53095
vt 0.53874 0.47671
vt 0.28446 0.62352
vt 0.71249 0.78551
vt 0.25813 0.15486
vt 0.24712 0.58525
vt 0.39350 0.94319
vt 0.70349 0.56932
vt 0.82234 0.47115
vt 0.62925 0.44549
vt 0.81273 0.38360
vt 0.26743 0.18330
vt 0.65538 0.55523
vt 0.75882 0.54585
vt 0.44984 0.94269
vt 0.23496 0.77958
vt 0.27620 0.32523
vt 0.44499 0.44227
vt 0.77546 0.52121
vt 0.51907 0.45223
vt 0.28087 0.68755
vt 0.52094 0.95743
vt 0.78505 0.23532
vt 0.95034 0.73440
vt 0.26801 0.22683
vt 0.77965 0.56922
vt 0.43355 0.93078
vt 0.26177 0.73936
vt 0.19422 0.76460
vt 0.28276 0.36847
vt 0.96640 0.34273
vt 0.63712 0.46514
vt 0.82084 0.31792
vt 0.74147 0.56358
vt 0.48404 0.42346
vt 0.82250 0.48343
vt 0.25428 0.17074
vt 0.69447 0.93090
vt 0.51311 0.43801
vt 0.68391 0.86737
vt 0.81969 0.39431
vt 0.48196 0.36142
vt 0.27039 0.63944
vt 0.55147 0.92135
vt 0.75434 0.53463
vt 0.71423 0.95323
vt 0.68004 0.58165
vt 0.27852 0.31289
vt 0.26924 0.51662
vt 0.50322 0.41899
vt 0.28492 0.35802
vt 0.47764 0.41689
vt 0.30117 0.65190
vt 0.63109 0.54170
vt 0.70019 0.93817
vt 0.62900 0.45892
vt 0.82083 0.31194
vt 0.91994 0.75891
vt 0.50361 0.29484
vt 0.23270 0.76140
vt 0.28198 0.29370
vt 0.84469 0.33652
vt 0.27104 0.65580
vt 0.68324 0.85486
vt 0.67386 0.57411
vt 0.26744 0.72141
vt 0.27059 0.49926
vt 0.81854 0.40623
vt 0.26691 0.21200
vt 0.82298 0.52026
vt 0.90915 0.68908
vt 0.76047 0.52467
vt 0.77311 0.22315
vt 0.28305 0.65824
vt 0.79697 0.37867
vt 0.52013 0.47510
vt 0.67386 0.84543
vt 0.54539 0.93586
vt 0.74207 0.52511
vt 0.28689 0.34226
vt 0.79808 0.41721
vt 0.82080 0.29847
vt 0.28829 0.08826
vt 0.41186 0.94918
vt 0.61722 0.45022
vt 0.27115 0.66966
vt 0.79866 0.50812
vt 0.48057 0.40117
vt 0.26568 0.38110
vt 0.25596 0.58942
vt 0.68748 0.56472
vt 0.69669 0.79711
vt 0.42964 0.44205
vt 0.63835 0.95903
vt 0.72676 0.60567
vt 0.81730 0.43951
vt 0.54481 0.45396
vt 0.23558 0.75181
vt 0.53411 0.95026
vt 0.43124 0.93652
vt 0.97311 0.34302
vt 0.46166 0.40869
vt 0.84464 0.27592
vt 0.25808 0.19484
vt 0.28314 0.64443
vt 0.49927 0.43038
vt 0.22332 0.77468
vt 0.44809 0.42872
vt 0.73801 0.53148
vt 0.25830 0.57272
vt 0.75814 0.56226
vt 0.53807 0.46045
vt 0.90441 0.44880
vt 0.24444 0.74779
vt 0.28440 0.09868
vt 0.29088 0.32888
vt 0.45031 0.93382
vt 0.26657 0.63232
vt 0.49733 0.40877
vt 0.66617 0.95010
vt 0.69819 0.78932
vt 0.79666 0.38330
vt 0.22508 0.75582
vt 0.68530 0.79013
vt 0.74436 0.54745
vt 0.46904 0.41739
vt 0.71738 0.17637
vt 0.79836 0.48356
vt 0.26277 0.49587
vt 0.82266 0.49570
vt 0.79698 0.31802
vt 0.69517 0.94873
vt 0.61694 0.46497
vt 0.26965 0.68377
vt 0.44722 0.42069
vt 0.93410 0.30859
vt 0.28436 0.63147
vt 0.26990 0.36386
vt 0.46512 0.37756
vt 0.43599 0.94419
vt 0.87021 0.44634
vt 0.67371 0.86518
vt 0.29399 0.31668
vt 0.25077 0.73335
vt 0.27017 0.62296
vt 0.83938 0.41990
vt 0.61749 0.43547
vt 0.20321 0.77483
vt 0.27813 0.11091
vt 0.71236 0.93191
vt 0.45008 0.93634
vt 0.80184 0.39336
vt 0.82187 0.44900
vt 0.81209 0.05421
vt 0.67295 0.54465
vt 0.27618 0.19037
vt 0.25960 0.50889
vt 0.79696 0.31204
vt 0.81357 0.41547
vt 0.26605 0.69972
vt 0.68823 0.81824
vt 0.24280 0.76915
vt 0.27004 0.60834
vt 0.67339 0.85506
vt 0.70090 0.23434
vt 0.25440 0.71567
vt 0.26229 0.55617
vt 0.79851 0.49584
vt 0.27430 0.35725
vt 0.47543 0.38541
vt 0.95205 0.76022
vt 0.79881 0.52041
vt 0.80046 0.40563
vt 0.69507 0.80619
vt 0.67921 0.55422
vt 0.51373 0.41926
vt 0.29807 0.29885
vt 0.79975 0.56913
vt 0.64719 0.92748
vt 0.71586 0.93935
vt 0.26937 0.12433
vt 0.27033 0.65682
vt 0.42387 0.95331
vt 0.24512 0.43593
vt 0.82086 0.33662
vt 0.25823 0.24307
vt 0.27460 0.59396
vt 0.26933 0.29661
vt 0.23104 0.74097
vt 0.82788 0.12751
vt 0.72892 0.57204
vt 0.25129 0.19961
vt 0.65445 0.52561
vt 0.74263 0.27627
vt 0.94435 0.74858
vt 0.83840 0.40679
vt 0.93363 0.69752
vt 0.47869 0.45648
vt 0.54316 0.44207
vt 0.43634 0.39066
vt 0.24877 0.53935
vt 0.69409 0.29453
vt 0.82169 0.42203
vt 0.53071 0.42216
vt 0.84469 0.31184
vt 0.78559 0.54742
vt 0.97534 0.38711
vt 0.24896 0.47803
vt 0.65549 0.91755
vt 0.21367 0.76147
vt 0.30177 0.51332
vt 0.76474 0.05421
vt 0.83996 0.39340
vt 0.77936 0.56302
vt 0.49114 0.44467
vt 0.27375 0.58081
vt 0.67439 0.91267
vt 0.25758 0.63221
vt 0.45585 0.37069
vt 0.66665 0.53373
vt 0.25097 0.42328
vt 0.74010 0.56941
vt 0.66694 0.76971
vt 0.45721 0.42133
vt 0.65339 0.96493
vt 0.25971 0.25707
vt 0.26956 0.30696
vt 0.68284 0.79813
vt 0.25103 0.18313
vt 0.79790 0.42077
vt 0.94558 0.74104
vt 0.84470 0.32156
vt 0.41672 0.93382
vt 0.82185 0.43431
vt 0.29874 0.52725
vt 0.71994 0.75716
vt 0.25057 0.52379
vt 0.25629 0.61885
vt 0.52597 0.42853
vt 0.25082 0.50919
vt 0.83222 0.38381
vt 0.68062 0.81052
vt 0.29538 0.54034
vt 0.44874 0.40851
vt 0.15468 0.77720
vt 0.25076 0.46522
vt 0.50164 0.46633
vt 0.92735 0.74305
vt 0.66264 0.85566
vt 0.40087 0.91691
vt 0.46451 0.42964
vt 0.85144 0.28967
vt 0.82217 0.45887
vt 0.71645 0.85406
vt 0.70039 0.81281
vt 0.89430 0.44621
vt 0.24722 0.64827
vt 0.26018 0.68058
vt 0.67390 0.93790
vt 0.25521 0.40950
vt 0.25058 0.22356
vt 0.86852 0.27583
vt 0.24203 0.71028
vt 0.25750 0.71915
vt 0.82086 0.35158
vt 0.25127 0.21235
vt 0.67743 0.82350
vt 0.25671 0.45303
vt 0.66889 0.92542
vt 0.31868 0.64918
vt 0.47465 0.43724
vt 0.25385 0.49154
vt 0.94417 0.71510
vt 0.50921 0.47175
vt 0.79709 0.36666
vt 0.79700 0.32551
vt 0.20924 0.78594
vt 0.43404 0.95639
vt 0.40827 0.92407
vt 0.64220 0.51615
vt 0.66642 0.86872
vt 0.29287 0.55308
vt 0.70864 0.24237
vt 0.86174 0.05421
vt 0.75220 0.52136
vt 0.26043 0.39619
vt 0.42580 0.39619
vt 0.69787 0.82744
vt 0.79773 0.42160
vt 0.93388 0.75305
vt 0.83664 0.41904
vt 0.78512 0.53401
vt 0.71672 0.86677
vt 0.86853 0.28181
vt 0.21594 0.73503
vt 0.47234 0.97657
vt 0.25653 0.69615
vt 0.82087 0.36281
vt 0.68096 0.94862
vt 0.25623 0.60494
vt 0.27599 0.56456
vt 0.46471 0.34741
vt 0.77205 0.55442
vt 0.34682 0.67650
vt 0.43052 0.41169
vt 0.75479 0.52235
vt 0.78052 0.05421
vt 0.26967 0.16092
vt 0.68542 0.21827
vt 0.29199 0.56790
vt 0.23926 0.58233
vt 0.79702 0.33673
vt 0.26318 0.44058
vt 0.49996 0.96633
vt 0.40520 0.92978
vt 0.86804 0.30568
vt 0.94849 0.74994
vt 0.83326 0.41534
vt 0.25670 0.18020
vt 0.63752 0.55599
vt 0.23671 0.47552
vt 0.79761 0.42215
vt 0.24504 0.62759
vt 0.44983 0.96184
vt 0.31402 0.67979
vt 0.27803 0.54882
vt 0.97460 0.37242
vt 0.78512 0.55851
vt 0.81912 0.42034
vt 0.39771 0.89165
vt 0.79821 0.47128
vt 0.77223 0.54546
vt 0.39535 0.92337
vt 0.26525 0.42697
vt 0.69911 0.79219
vt 0.89084 0.29280
vt 0.24110 0.56980
vt 0.71273 0.80391
vt 0.94451 0.74047
vt 0.28000 0.53568
vt 0.52840 0.44175
vt 0.82788 0.10308
vt 0.64982 0.56801
vt 0.50962 0.28238
vt 0.48568 0.45391
vt 0.24714 0.63843
vt 0.94822 0.68976
vt 0.54717 0.42290
vt 0.67660 0.59021
vt 0.79776 0.43443
vt 0.27760 0.63438
vt 0.66619 0.91177
vt 0.97386 0.35772
vt 0.79806 0.45899
vt 0.66104 0.93312
vt 0.71352 0.81332
vt 0.27260 0.72399
vt 0.22905 0.70166
vt 0.70080 0.85444
vt 0.48070 0.43519
vt 0.24173 0.59845
vt 0.23854 0.46432
vt 0.77048 0.53302
vt 0.84465 0.28490
vt 0.64903 0.54296
vt 0.39362 0.87804
vt 0.24790 0.69386
vt 0.79631 0.05421
vt 0.28404 0.52197
vt 0.41840 0.92597
vt 0.79706 0.35170
vt 0.65485 0.97286
vt 0.75858 0.56973
vt 0.72736 0.57977
vt 0.27188 0.41314
vt 0.15538 0.70603
vt 0.65796 0.89979
vt 0.93521 0.74292
vt 0.28865 0.58195
vt 0.66480 0.73656
vt 0.45714 0.44257
vt 0.25955 0.21623
vt 0.50755 0.45132
vt 0.25885 0.22887
vt 0.54036 0.43003
vt 0.69960 0.86764
vt 0.64263 0.52934
vt 0.25928 0.64686
vt 0.71475 0.82613
vt 0.82085 0.32540
vt 0.43509 0.40674
vt 0.25172 0.67788
vt 0.82088 0.37403
vt 0.73388 0.26765
vt 0.92472 0.75130
vt 0.28798 0.50859
vt 0.93127 0.71111
vt 0.39310 0.86603
vt 0.78037 0.52564
vt 0.24534 0.44991
vt 0.26879 0.17395
vt 0.49107 0.46039
vt 0.28716 0.60059
vt 0.24448 0.55532
vt 0.65704 0.88375
vt 0.96114 0.73577
vt 0.46794 0.44930
vt 0.89968 0.43598
vt 0.84468 0.30286
vt 0.82083 0.42147
vt 0.23950 0.61160
vt 0.66744 0.75639
vt 0.22144 0.79463
vt 0.68204 0.92854
vt 0.22402 0.71774
vt 0.27534 0.39890
vt 0.63715 0.90337
vt 0.34679 0.70505
vt 0.38234 0.57530
vt 0.36463 0.54261
vt 0.63397 0.89020
vt 0.25333 0.72629
vt 0.37357 0.54054
vt 0.54289 0.31032
vt 0.59938 0.87790
vt 0.55893 0.64531
vt 0.37902 0.55715
vt 0.38885 0.58106
vt 0.54324 0.30595
vt 0.64112 0.91664
vt 0.36536 0.55549
vt 0.64817 0.88464
vt 0.26775 0.65999
vt 0.36127 0.55024
vt 0.37602 0.58695
vt 0.64728 0.89909
vt 0.28608 0.64420
vt 0.38485 0.58999
vt 0.57799 0.88799
vt 0.40842 0.70009
vt 0.38506 0.54382
vt 0.30844 0.69995
vt 0.58172 0.87607
vt 0.19655 0.73834
vt 0.32072 0.59928
vt 0.35378 0.57907
vt 0.50913 0.61896
vt 0.39849 0.54880
vt 0.56292 0.91420
vt 0.57369 0.64048
vt 0.64716 0.45907
vt 0.18899 0.75648
vt 0.33483 0.60072
vt 0.36604 0.58357
vt 0.33950 0.59019
vt 0.57284 0.89774
vt 0.19260 0.74863
vt 0.94490 0.76373
vt 0.32796 0.58574
vt 0.94652 0.76357
vt 0.61033 0.92076
vt 0.35915 0.56684
vt 0.56199 0.64469
vt 0.56781 0.66479
vt 0.37221 0.57115
vt 0.39404 0.56343
vt 0.61933 0.88928
vt 0.34208 0.59750
vt 0.60052 0.90264
vt 0.38741 0.56400
vt 0.55352 0.88010
vt 0.36464 0.60473
vt 0.56544 0.61064
vt 0.55860 0.89111
vt 0.95314 0.77173
vt 0.94168 0.78239
vt 0.55489 0.87086
vt 0.35136 0.59959
vt 0.57710 0.60747
vt 0.37326 0.60659
vt 0.55396 0.59939
vt 0.64736 0.48366
vt 0.54879 0.90551
vt 0.41220 0.57571
vt 0.21012 0.64877
vt 0.34529 0.56797
vt 0.57187 0.62252
vt 0.34457 0.56108
vt 0.36521 0.59538
vt 0.21133 0.63874
vt 0.21374 0.62478
vt 0.35176 0.58981
vt 0.55612 0.61418
vt 0.33528 0.55949
vt 0.94056 0.77346
vt 0.21676 0.61141
vt 0.55137 0.58868
vt 0.95589 0.78094
vt 0.33350 0.57337
vt 0.37537 0.59897
vt 0.65262 0.46936
vt 0.34706 0.60449
vt 0.65336 0.47756
vt 0.34192 0.57512
vt 0.21844 0.59704
vt 0.22331 0.62603
vt 0.20503 0.63809
vt 0.53053 0.89301
vt 0.22177 0.58248
vt 0.56280 0.62466
vt 0.24957 0.65416
vt 0.57849 0.57905
vt 0.20368 0.62652
vt 0.22052 0.64106
vt 0.22405 0.56064
vt 0.53503 0.86665
vt 0.51234 0.57767
vt 0.56858 0.58251
vt 0.31104 0.63131
vt 0.54993 0.61427
vt 0.53401 0.88073
vt 0.55856 0.58361
vt 0.22450 0.54608
vt 0.38139 0.59777
vt 0.34944 0.55255
vt 0.31507 0.63051
vt 0.54677 0.88896
vt 0.95092 0.79056
vt 0.56500 0.87049
vt 0.36481 0.61253
vt 0.72233 0.71265
vt 0.56275 0.88316
vt 0.55619 0.61242
vt 0.57306 0.59415
vt 0.57434 0.57507
vt 0.24464 0.64809
vt 0.23074 0.50892
vt 0.32175 0.62006
vt 0.56271 0.59488
vt 0.53906 0.89871
vt 0.36551 0.54341
vt 0.23343 0.49471
vt 0.55410 0.62701
vt 0.49433 0.45342
vt 0.50683 0.43168
vt 0.42653 0.39704
vt 0.56744 0.55105
vt 0.41547 0.48688
vt 0.46342 0.46829
vt 0.23673 0.48399
vt 0.25512 0.21366
vt 0.52584 0.39544
vt 0.47189 0.43820
vt 0.56531 0.48641
vt 0.25396 0.22565
vt 0.57611 0.54245
vt 0.55161 0.54034
vt 0.26763 0.31948
vt 0.46407 0.42929
vt 0.52964 0.42588
vt 0.50448 0.27131
vt 0.48360 0.42306
vt 0.23924 0.46840
vt 0.26929 0.30991
vt 0.45697 0.42090
vt 0.51359 0.43823
vt 0.66609 0.38861
vt 0.39715 0.45731
vt 0.54821 0.54713
vt 0.54585 0.40845
vt 0.57986 0.56237
vt 0.58021 0.17929
vt 0.49013 0.44485
vt 0.45560 0.37120
vt 0.25212 0.18271
vt 0.57445 0.18877
vt 0.47722 0.41499
vt 0.40593 0.47637
vt 0.55951 0.55746
vt 0.43607 0.39250
vt 0.42569 0.53951
vt 0.24065 0.45374
vt 0.55502 0.20842
vt 0.67182 0.40245
vt 0.25131 0.19786
vt 0.27197 0.29205
vt 0.24411 0.44280
vt 0.41461 0.47334
vt 0.53985 0.43026
vt 0.52054 0.27370
vt 0.24870 0.42676
vt 0.50692 0.45268
vt 0.46028 0.40777
vt 0.49739 0.43199
vt 0.54983 0.39921
vt 0.57375 0.56740
vt 0.50870 0.46254
vt 0.48050 0.43563
vt 0.46848 0.41749
vt 0.54721 0.42138
vt 0.47575 0.33428
vt 0.50300 0.29501
vt 0.25377 0.23986
vt 0.56383 0.56987
vt 0.25513 0.41113
vt 0.48272 0.53338
vt 0.39167 0.44551
vt 0.57777 0.55084
vt 0.24498 0.20402
vt 0.40899 0.48843
vt 0.44501 0.35797
vt 0.25913 0.39549
vt 0.53112 0.40633
vt 0.58878 0.17553
vt 0.46184 0.35151
vt 0.41379 0.45790
vt 0.50143 0.29943
vt 0.38501 0.48604
vt 0.54374 0.44285
vt 0.26624 0.38210
vt 0.51533 0.40526
vt 0.56068 0.46844
vt 0.48661 0.37629
vt 0.50259 0.41751
vt 0.47503 0.36296
vt 0.47646 0.36977
vt 0.55097 0.47506
vt 0.50070 0.50235
vt 0.39913 0.44424
vt 0.44872 0.41147
vt 0.51947 0.45368
vt 0.27042 0.36644
vt 0.39911 0.48813
vt 0.47374 0.40369
vt 0.49972 0.39696
vt 0.55020 0.57526
vt 0.52287 0.46057
vt 0.27554 0.35724
vt 0.43207 0.42692
vt 0.49592 0.38731
vt 0.55382 0.57053
vt 0.43243 0.41273
vt 0.25212 0.17155
vt 0.55474 0.48824
vt 0.56458 0.19118
vt 0.51482 0.41751
vt 0.27591 0.34309
vt 0.42118 0.43826
vt 0.47666 0.38428
vt 0.56331 0.53685
vt 0.38608 0.47350
vt 0.41348 0.44532
vt 0.56478 0.52810
vt 0.54383 0.49637
vt 0.52737 0.44091
vt 0.26359 0.21180
vt 0.45029 0.42033
vt 0.46606 0.37526
vt 0.65438 0.37662
vt 0.27870 0.32424
vt 0.49655 0.40887
vt 0.39976 0.47383
vt 0.54927 0.55722
vt 0.53672 0.46255
vt 0.44682 0.42621
vt 0.26072 0.19887
vt 0.28296 0.31224
vt 0.50680 0.38143
vt 0.51682 0.42655
vt 0.54458 0.45764
vt 0.43829 0.40728
vt 0.48099 0.40110
vt 0.28366 0.29522
vt 0.51110 0.39393
vt 0.26228 0.18372
vt 0.27272 0.21533
vt 0.40687 0.52051
vt 0.65330 0.43602
vt 0.30939 0.16812
vt 0.54152 0.34708
vt 0.51021 0.35697
vt 0.49890 0.33996
vt 0.28935 0.20153
vt 0.52534 0.28396
vt 0.30976 0.14918
vt 0.29235 0.27978
vt 0.26145 0.16821
vt 0.52570 0.30492
vt 0.28996 0.18713
vt 0.50622 0.34879
vt 0.57522 0.20469
vt 0.39917 0.50189
vt 0.27069 0.22680
vt 0.54633 0.33562
vt 0.51935 0.38511
vt 0.29044 0.22824
vt 0.38379 0.50301
vt 0.28321 0.24549
vt 0.29047 0.26773
vt 0.27035 0.18242
vt 0.25813 0.15489
vt 0.65059 0.07676
vt 0.56029 0.50576
vt 0.28252 0.25548
vt 0.54860 0.49534
vt 0.38614 0.50140
vt 0.30423 0.17664
vt 0.51545 0.37264
vt 0.27076 0.19824
vt 0.66551 0.09162
vt 0.28913 0.22006
vt 0.26579 0.14097
vt 0.26937 0.12440
vt 0.27955 0.20185
vt 0.48269 0.35224
vt 0.52025 0.34768
vt 0.49178 0.31956
vt 0.32296 0.10806
vt 0.58493 0.29209
vt 0.27859 0.18760
vt 0.27810 0.11170
vt 0.58011 0.24584
vt 0.28525 0.23247
vt 0.52843 0.31021
vt 0.49902 0.36122
vt 0.48164 0.31177
vt 0.40149 0.53497
vt 0.35753 0.09287
vt 0.28353 0.09910
vt 0.50321 0.37294
vt 0.66128 0.45918
vt 0.31427 0.13274
vt 0.27244 0.24152
vt 0.56639 0.51705
vt 0.65350 0.42522
vt 0.36424 0.08867
vt 0.28175 0.21106
vt 0.32037 0.12074
vt 0.52211 0.36223
vt 0.65045 0.45090
vt 0.28882 0.11592
vt 0.54246 0.38940
vt 0.31280 0.10567
vt 0.53563 0.36508
vt 0.28352 0.12904
vt 0.29969 0.23458
vt 0.56735 0.32107
vt 0.33319 0.09330
vt 0.37042 0.52057
vt 0.55336 0.26202
vt 0.54790 0.52424
vt 0.59131 0.22779
vt 0.28862 0.14383
vt 0.30003 0.09110
vt 0.60013 0.19496
vt 0.38700 0.53176
vt 0.26307 0.25734
vt 0.30073 0.13184
vt 0.28498 0.15915
vt 0.37649 0.52911
vt 0.55160 0.26331
vt 0.29502 0.09966
vt 0.53888 0.35409
vt 0.58363 0.30704
vt 0.26318 0.24346
vt 0.55606 0.51830
vt 0.49096 0.32430
vt 0.28147 0.17466
vt 0.30606 0.12075
vt 0.66550 0.42181
vt 0.53053 0.37199
vt 0.36939 0.52995
vt 0.29392 0.16292
vt 0.29748 0.11542
vt 0.26977 0.17304
vt 0.26369 0.23143
vt 0.40748 0.50462
vt 0.30265 0.20520
vt 0.37591 0.53404
vt 0.39786 0.52164
vt 0.29670 0.14641
vt 0.53210 0.38588
vt 0.27242 0.27399
vt 0.65968 0.41337
vt 0.54797 0.36848
vt 0.29275 0.13115
vt 0.30361 0.18776
vt 0.29709 0.24583
vt 0.27639 0.26124
vt 0.50256 0.30121
vt 0.29619 0.22891
vt 0.65389 0.40362
vt 0.57435 0.29390
vt 0.56853 0.28029
vt 0.58929 0.19843
vt 0.37694 0.51774
vt 0.50617 0.08352
vt 0.56708 0.22607
vt 0.52781 0.33046
vt 0.27929 0.14604
vt 0.50205 0.31011
vt 0.60097 0.22743
vt 0.29055 0.17583
vt 0.29343 0.25888
vt 0.27422 0.15995
vt 0.65179 0.09187
vt 0.65409 0.39282
vt 0.30268 0.21999
vt 0.55026 0.50613
vt 0.55670 0.28884
vt 0.38821 0.51874
vt 0.30303 0.10382
vt 0.12960 0.40934
vt 0.22101 0.34723
vt 0.15506 0.43955
vt 0.16705 0.38124
vt 0.13677 0.45092
vt 0.20395 0.16326
vt 0.25667 0.82847
vt 0.16278 0.35037
vt 0.15790 0.29784
vt 0.42521 0.50160
vt 0.22051 0.35713
vt 0.23044 0.08298
vt 0.15277 0.45176
vt 0.44137 0.53128
vt 0.16851 0.39607
vt 0.53398 0.52401
vt 0.12865 0.42205
vt 0.13678 0.43745
vt 0.21374 0.17315
vt 0.16332 0.33838
vt 0.51654 0.50516
vt 0.21175 0.10514
vt 0.25336 0.26085
vt 0.65302 0.12514
vt 0.16280 0.28235
vt 0.14266 0.36533
vt 0.16409 0.20181
vt 0.45815 0.55970
vt 0.14871 0.33501
vt 0.16305 0.36260
vt 0.24300 0.07186
vt 0.15499 0.32760
vt 0.25321 0.27406
vt 0.13549 0.46284
vt 0.46637 0.54289
vt 0.12842 0.37765
vt 0.16792 0.18640
vt 0.16762 0.40839
vt 0.66767 0.13790
vt 0.43723 0.51127
vt 0.14719 0.34656
vt 0.35331 0.08198
vt 0.15560 0.31241
vt 0.17351 0.17517
vt 0.12928 0.39225
vt 0.15122 0.46482
vt 0.45183 0.53597
vt 0.20084 0.38093
vt 0.16782 0.29870
vt 0.15290 0.35233
vt 0.51814 0.52582
vt 0.23520 0.09170
vt 0.19757 0.15956
vt 0.27636 0.92146
vt 0.14828 0.31263
vt 0.21201 0.09081
vt 0.65077 0.10925
vt 0.53442 0.50567
vt 0.43659 0.54099
vt 0.23039 0.28648
vt 0.22667 0.10285
vt 0.26625 0.91552
vt 0.15459 0.33464
vt 0.53627 0.51473
vt 0.14772 0.32527
vt 0.17174 0.28649
vt 0.22843 0.30388
vt 0.16168 0.39399
vt 0.51158 0.51783
vt 0.13828 0.42445
vt 0.12477 0.43414
vt 0.20835 0.11826
vt 0.44363 0.55076
vt 0.15954 0.41057
vt 0.40114 0.09187
vt 0.22771 0.32017
vt 0.17177 0.16592
vt 0.16427 0.32852
vt 0.15311 0.36567
vt 0.13928 0.41603
vt 0.45893 0.55353
vt 0.19975 0.13967
vt 0.16638 0.31196
vt 0.15836 0.42497
vt 0.25090 0.08025
vt 0.12478 0.44756
vt 0.22531 0.33203
vt 0.42364 0.50843
vt 0.66627 0.15179
vt 0.21099 0.14128
vt 0.53490 0.49169
vt 0.25963 0.08687
vt 0.17865 0.15414
vt 0.18188 0.28492
vt 0.20979 0.33182
vt 0.15150 0.39396
vt 0.66563 0.10874
vt 0.19207 0.22462
vt 0.13950 0.30840
vt 0.24236 0.13347
vt 0.19691 0.08663
vt 0.13666 0.32179
vt 0.18021 0.29917
vt 0.19030 0.20863
vt 0.21416 0.12556
vt 0.40507 0.09282
vt 0.21207 0.31702
vt 0.24060 0.15373
vt 0.19111 0.36372
vt 0.15185 0.37964
vt 0.23387 0.11170
vt 0.19199 0.34296
vt 0.18941 0.11585
vt 0.18005 0.31529
vt 0.14619 0.42441
vt 0.19380 0.19293
vt 0.22968 0.16633
vt 0.21071 0.30274
vt 0.19197 0.17193
vt 0.49903 0.51938
vt 0.41860 0.52414
vt 0.19166 0.35017
vt 0.24369 0.10052
vt 0.14483 0.40770
vt 0.18796 0.13906
vt 0.65294 0.15216
vt 0.42860 0.54494
vt 0.21426 0.28705
vt 0.17649 0.32973
vt 0.20052 0.20887
vt 0.45263 0.09327
vt 0.17547 0.34042
vt 0.19455 0.31481
vt 0.21976 0.14649
vt 0.14285 0.29214
vt 0.20628 0.36942
vt 0.14598 0.43444
vt 0.52190 0.49132
vt 0.19371 0.33156
vt 0.26706 0.09558
vt 0.17684 0.20773
vt 0.13083 0.36424
vt 0.14657 0.27735
vt 0.17487 0.34877
vt 0.19441 0.26526
vt 0.19151 0.10121
vt 0.66592 0.12483
vt 0.22542 0.12539
vt 0.44686 0.51610
vt 0.19954 0.22025
vt 0.20890 0.35532
vt 0.43176 0.53001
vt 0.25961 0.10572
vt 0.47248 0.52447
vt 0.13282 0.33066
vt 0.20372 0.17637
vt 0.19437 0.25182
vt 0.50368 0.50607
vt 0.41459 0.54272
vt 0.65303 0.13812
vt 0.14226 0.37996
vt 0.18312 0.18857
vt 0.20010 0.28712
vt 0.24818 0.11635
vt 0.20811 0.34599
vt 0.45989 0.51784
vt 0.20332 0.19350
vt 0.17302 0.36675
vt 0.13288 0.34816
vt 0.19633 0.30178
vt 0.21692 0.16512
vt 0.14143 0.38875
vt 0.14622 0.46901
vt 0.26721 0.82852
vt 0.19176 0.23749
vt 0.14501 0.30187
vt 0.18048 0.17775
vt 0.20597 0.46143
vt 0.19977 0.27137
vt 0.21694 0.40096
vt 0.17147 0.23510
vt 0.15114 0.24796
vt 0.51841 0.55883
vt 0.27125 0.35290
vt 0.20684 0.22602
vt 0.65031 0.16747
vt 0.50183 0.54311
vt 0.42116 0.42648
vt 0.27317 0.09058
vt 0.18648 0.33086
vt 0.47657 0.48980
vt 0.24149 0.39258
vt 0.20917 0.44678
vt 0.18873 0.31058
vt 0.17082 0.24917
vt 0.22079 0.38774
vt 0.49666 0.42870
vt 0.49120 0.53084
vt 0.20809 0.21404
vt 0.49381 0.49751
vt 0.23690 0.40526
vt 0.53684 0.57275
vt 0.40692 0.42783
vt 0.66958 0.18321
vt 0.51478 0.48780
vt 0.19021 0.30044
vt 0.46273 0.48360
vt 0.23339 0.41821
vt 0.44678 0.44434
vt 0.23458 0.03284
vt 0.53501 0.47613
vt 0.19992 0.06846
vt 0.20737 0.19982
vt 0.20603 0.43183
vt 0.43168 0.45445
vt 0.20317 0.47456
vt 0.20072 0.25222
vt 0.19210 0.28335
vt 0.22617 0.43625
vt 0.22607 0.04347
vt 0.51006 0.54961
vt 0.15179 0.26189
vt 0.42646 0.45963
vt 0.55388 0.44439
vt 0.21462 0.05925
vt 0.18240 0.22683
vt 0.21193 0.41670
vt 0.19880 0.07587
vt 0.22444 0.44790
vt 0.53750 0.56431
vt 0.55760 0.45699
vt 0.18478 0.36918
vt 0.23485 0.38632
vt 0.23396 0.04946
vt 0.22559 0.40622
vt 0.47085 0.50501
vt 0.52376 0.57525
vt 0.21438 0.04827
vt 0.18424 0.23994
vt 0.45422 0.47913
vt 0.21250 0.26917
vt 0.21876 0.46584
vt 0.53339 0.55468
vt 0.28299 0.05413
vt 0.54680 0.46265
vt 0.18071 0.25356
vt 0.51485 0.57171
vt 0.48382 0.50998
vt 0.21032 0.25361
vt 0.45265 0.49831
vt 0.21359 0.43441
vt 0.40706 0.41349
vt 0.44371 0.46395
vt 0.18508 0.35170
vt 0.18125 0.26821
vt 0.45349 0.11228
vt 0.45063 0.43721
vt 0.42023 0.41268
vt 0.22460 0.05631
vt 0.23761 0.16971
vt 0.20825 0.23894
vt 0.43198 0.44232
vt 0.22110 0.42256
vt 0.17470 0.21958
vt 0.18586 0.34135
vt 0.51894 0.47466
vt 0.21908 0.03704
vt 0.44405 0.45658
vt 0.21540 0.47765
vt 0.23983 0.30293
vt 0.22083 0.23850
vt 0.32336 0.07154
vt 0.23061 0.45381
vt 0.48049 0.55510
vt 0.50921 0.47164
vt 0.24173 0.34729
vt 0.16718 0.46847
vt 0.23225 0.19299
vt 0.20529 0.04533
vt 0.26382 0.29380
vt 0.17714 0.42805
vt 0.23012 0.25633
vt 0.49059 0.55772
vt 0.24324 0.29128
vt 0.22923 0.46616
vt 0.23755 0.06145
vt 0.23885 0.35819
vt 0.25974 0.30923
vt 0.45665 0.46435
vt 0.53588 0.54495
vt 0.17730 0.41112
vt 0.50093 0.46683
vt 0.52502 0.84021
vt 0.23395 0.17951
vt 0.44277 0.47617
vt 0.22608 0.07058
vt 0.22963 0.26994
vt 0.16823 0.45548
vt 0.41119 0.39999
vt 0.18091 0.39597
vt 0.22779 0.21554
vt 0.24537 0.22895
vt 0.53324 0.53570
vt 0.65440 0.19638
vt 0.18866 0.44274
vt 0.25921 0.32392
vt 0.16481 0.21092
vt 0.23630 0.33413
vt 0.50598 0.57137
vt 0.23762 0.31995
vt 0.15928 0.21748
vt 0.47795 0.45804
vt 0.17048 0.44168
vt 0.25811 0.33896
vt 0.41558 0.39903
vt 0.42611 0.49291
vt 0.18257 0.38296
vt 0.22598 0.47944
vt 0.22643 0.22736
vt 0.20444 0.03638
vt 0.25735 0.35204
vt 0.24414 0.25531
vt 0.15839 0.23126
vt 0.23616 0.19882
vt 0.16657 0.25381
vt 0.46747 0.45104
vt 0.16942 0.42834
vt 0.25124 0.28767
vt 0.48421 0.47710
vt 0.49805 0.55358
vt 0.22870 0.35739
vt 0.22873 0.23605
vt 0.52208 0.54860
vt 0.48745 0.56573
vt 0.66607 0.16627
vt 0.49010 0.46170
vt 0.22030 0.18059
vt 0.19375 0.41645
vt 0.50157 0.48402
vt 0.47429 0.56206
vt 0.25035 0.30674
vt 0.25337 0.36093
vt 0.53529 0.41873
vt 0.45677 0.44310
vt 0.24224 0.24110
vt 0.15374 0.24107
vt 0.65494 0.18363
vt 0.48124 0.54492
vt 0.23375 0.34963
vt 0.21807 0.19682
vt 0.19184 0.43352
vt 0.18547 0.47251
vt 0.24705 0.41069
vt 0.18337 0.44719
vt 0.24767 0.32088
vt 0.24118 0.42726
vt 0.48547 0.45595
vt 0.19877 0.38814
vt 0.22610 0.37279
vt 0.44062 0.49185
vt 0.49581 0.39733
vt 0.21979 0.21069
vt 0.23613 0.22380
vt 0.21502 0.07527
vt 0.47274 0.47132
vt 0.23703 0.44032
vt 0.16304 0.26592
vt 0.42843 0.47505
vt 0.19826 0.40240
vt 0.18484 0.45835
vt 0.50543 0.56147
vt 0.21792 0.22406
vt 0.23632 0.21199
vt 0.51543 0.54023
vt 0.20915 0.07887
vt 0.49687 0.56683
vt 0.20276 0.05746
vt 0.24775 0.37797
vt 0.24488 0.33541
vt 0.53887 0.61537
vt 0.24307 0.55848
vt 0.17958 0.51551
vt 0.53222 0.79385
vt 0.48609 0.58264
vt 0.37353 0.60322
vt 0.19745 0.59201
vt 0.54508 0.81897
vt 0.20985 0.50432
vt 0.16009 0.57442
vt 0.17825 0.52889
vt 0.19756 0.60733
vt 0.53592 0.80996
vt 0.43604 0.65472
vt 0.47285 0.57689
vt 0.56841 0.82143
vt 0.52564 0.62945
vt 0.16076 0.55957
vt 0.21072 0.49422
vt 0.50331 0.59618
vt 0.15127 0.59929
vt 0.17223 0.70757
vt 0.19515 0.62120
vt 0.57876 0.67271
vt 0.18190 0.48530
vt 0.17810 0.63880
vt 0.57104 0.83913
vt 0.20917 0.56389
vt 0.16303 0.54205
vt 0.19306 0.63380
vt 0.83571 0.77576
vt 0.53075 0.77934
vt 0.50923 0.59991
vt 0.49688 0.58302
vt 0.16814 0.71951
vt 0.56882 0.85416
vt 0.21097 0.57796
vt 0.17992 0.50188
vt 0.52050 0.61419
vt 0.48332 0.59511
vt 0.16338 0.52737
vt 0.53828 0.77453
vt 0.26980 0.62854
vt 0.18394 0.60532
vt 0.53669 0.83943
vt 0.17528 0.55890
vt 0.22147 0.49193
vt 0.54022 0.62885
vt 0.52473 0.61797
vt 0.20204 0.55431
vt 0.16419 0.51260
vt 0.18775 0.59259
vt 0.16014 0.72618
vt 0.36864 0.60676
vt 0.22112 0.50512
vt 0.17386 0.57317
vt 0.53542 0.85399
vt 0.47033 0.59145
vt 0.17872 0.63082
vt 0.51799 0.63789
vt 0.17694 0.54518
vt 0.56339 0.78896
vt 0.50543 0.58441
vt 0.50148 0.60179
vt 0.54563 0.80523
vt 0.16517 0.49834
vt 0.20876 0.02935
vt 0.56505 0.80007
vt 0.49558 0.59699
vt 0.51152 0.58885
vt 0.54368 0.79031
vt 0.70248 0.71258
vt 0.17940 0.61930
vt 0.32702 0.06556
vt 0.16588 0.48345
vt 0.20041 0.56173
vt 0.53605 0.82646
vt 0.50958 0.62837
vt 0.46348 0.63566
vt 0.52119 0.58669
vt 0.16559 0.61732
vt 0.49098 0.61302
vt 0.54878 0.84313
vt 0.16266 0.63035
vt 0.54780 0.76910
vt 0.19329 0.54604
vt 0.54157 0.59972
vt 0.54731 0.85309
vt 0.47416 0.63930
vt 0.50004 0.61464
vt 0.55379 0.80602
vt 0.46830 0.60488
vt 0.55645 0.78105
vt 0.41083 0.60908
vt 0.17112 0.59057
vt 0.45520 0.61684
vt 0.21761 0.02838
vt 0.18996 0.57794
vt 0.48363 0.65058
vt 0.30142 0.62778
vt 0.55313 0.79280
vt 0.16839 0.60297
vt 0.48136 0.60842
vt 0.19061 0.56227
vt 0.33027 0.06429
vt 0.44305 0.61670
vt 0.14016 0.69863
vt 0.15146 0.63244
vt 0.52322 0.59957
vt 0.48930 0.62495
vt 0.45672 0.64920
vt 0.19847 0.50358
vt 0.55480 0.82419
vt 0.50907 0.61466
vt 0.20605 0.59407
vt 0.20642 0.60824
vt 0.53718 0.58839
vt 0.49971 0.62776
vt 0.15266 0.61731
vt 0.45799 0.65874
vt 0.19887 0.48928
vt 0.16532 0.68276
vt 0.19406 0.53153
vt 0.23367 0.63224
vt 0.47948 0.66468
vt 0.15628 0.60332
vt 0.55703 0.85318
vt 0.47059 0.61996
vt 0.51607 0.62836
vt 0.48921 0.67206
vt 0.12495 0.71020
vt 0.19616 0.51680
vt 0.47953 0.62350
vt 0.55765 0.83843
vt 0.53767 0.60623
vt 0.15788 0.58954
vt 0.42055 0.61685
vt 0.19892 0.57763
vt 0.29363 0.63248
vt 0.11779 0.61445
vt 0.49802 0.64634
vt 0.14633 0.48063
vt 0.43474 0.61181
vt 0.62346 0.84020
vt 0.11446 0.62834
vt 0.56527 0.77188
vt 0.14656 0.64172
vt 0.14669 0.49536
vt 0.48668 0.64077
vt 0.14657 0.50935
vt 0.42565 0.61251
vt 0.55556 0.75669
vt 0.41026 0.55629
vt 0.17893 0.75359
vt 0.62342 0.87305
vt 0.17920 0.67791
vt 0.18289 0.66644
vt 0.48106 0.63445
vt 0.39229 0.69386
vt 0.11997 0.59780
vt 0.41741 0.57454
vt 0.14936 0.52395
vt 0.51582 0.64854
vt 0.62295 0.85669
vt 0.18382 0.65681
vt 0.44606 0.63993
vt 0.42542 0.59471
vt 0.13075 0.59880
vt 0.49513 0.66615
vt 0.43973 0.59822
vt 0.14892 0.53991
vt 0.60186 0.78468
vt 0.42343 0.62287
vt 0.11331 0.65499
vt 0.15928 0.74174
vt 0.62482 0.81842
vt 0.45424 0.60145
vt 0.50696 0.63814
vt 0.46388 0.62213
vt 0.11280 0.66570
vt 0.13173 0.58568
vt 0.50544 0.65361
vt 0.12502 0.62952
vt 0.40349 0.56863
vt 0.43805 0.62702
vt 0.11232 0.64410
vt 0.14591 0.55657
vt 0.45191 0.63253
vt 0.42153 0.60620
vt 0.60713 0.77496
vt 0.42340 0.55781
vt 0.12922 0.61609
vt 0.14075 0.63018
vt 0.16845 0.75121
vt 0.14461 0.57092
vt 0.40700 0.69488
vt 0.58481 0.78134
vt 0.20227 0.72412
vt 0.40838 0.59720
vt 0.43017 0.56172
vt 0.15672 0.74665
vt 0.58317 0.85491
vt 0.52815 0.67421
vt 0.14312 0.58737
vt 0.14110 0.59994
vt 0.59201 0.79695
vt 0.14659 0.57539
vt 0.54433 0.65098
vt 0.13493 0.53872
vt 0.64605 0.83912
vt 0.58513 0.83757
vt 0.40073 0.58448
vt 0.14092 0.61590
vt 0.63376 0.82369
vt 0.54604 0.66781
vt 0.13395 0.57308
vt 0.45730 0.58745
vt 0.57979 0.81722
vt 0.12384 0.47733
vt 0.64351 0.85603
vt 0.43734 0.56432
vt 0.13667 0.62523
vt 0.63748 0.80783
vt 0.42938 0.63137
vt 0.13522 0.55539
vt 0.44255 0.58349
vt 0.15189 0.73878
vt 0.64528 0.87142
vt 0.40568 0.70288
vt 0.13432 0.52648
vt 0.57602 0.79476
vt 0.42664 0.57740
vt 0.52834 0.65383
vt 0.12469 0.55230
vt 0.60610 0.84452
vt 0.63112 0.84089
vt 0.15291 0.48060
vt 0.13615 0.49374
vt 0.41549 0.59125
vt 0.39434 0.59280
vt 0.26114 0.63786
vt 0.57517 0.78418
vt 0.15462 0.49662
vt 0.16160 0.64667
vt 0.60323 0.86005
vt 0.13645 0.47786
vt 0.55734 0.67303
vt 0.13641 0.52169
vt 0.64526 0.81607
vt 0.12405 0.53655
vt 0.15499 0.51188
vt 0.14603 0.73557
vt 0.43337 0.57888
vt 0.45706 0.57087
vt 0.43953 0.64305
vt 0.63116 0.87247
vt 0.32649 0.71944
vt 0.13722 0.50721
vt 0.15739 0.52247
vt 0.53935 0.66807
vt 0.64708 0.82777
vt 0.41602 0.63687
vt 0.44423 0.56662
vt 0.60037 0.82271
vt 0.62999 0.85761
usemtl traje
f 1/1 92/92 139/139
f 2/2 27/27 293/293
f 2/2 116/116 145/145
f 2/2 312/312 188/188
f 3/3 103/103 2029/2029
f 4/4 134/134 51/51
f 4/4 134/134 3624/3624
f 4/4 373/373 26/26
f 5/5 365/365 28/28
f 6/6 153/153 667/667
f 6/6 265/265 153/153
f 6/6 309/309 265/265
f 7/7 3711/3711 3835/3835
f 7/7 3835/3835 3862/3862
f 7/7 4849/4849 4841/4841
f 8/8 196/196 16/16
f 8/8 354/354 321/321
f 8/8 2032/2032 354/354
f 9/9 3158/3158 759/759
f 10/10 302/302 3716/3716
f 11/11 26/26 323/323
f 11/11 113/113 299/299
f 11/11 134/134 26/26
f 11/11 155/155 402/402
f 11/11 419/419 541/541
f 11/11 696/696 599/599
f 11/11 782/782 696/696
f 12/12 33/33 755/755
f 12/12 336/336 3404/3404
f 12/12 755/755 210/210
f 12/12 3404/3404 3447/3447
f 13/13 43/43 2017/2017
f 13/13 1832/1832 43/43
f 13/13 1880/1880 1832/1832
f 13/13 3828/3828 2035/2035
f 14/14 154/154 761/761
f 14/14 742/742 39/39
f 15/15 129/129 203/203
f 15/15 205/205 108/108
f 15/15 1974/1974 1932/1932
f 15/15 2129/2129 1974/1974
f 17/17 146/146 44/44
f 17/17 356/356 338/338
f 18/18 41/41 141/141
f 18/18 57/57 126/126
f 19/19 53/53 114/114
f 19/19 101/101 178/178
f 20/20 250/250 121/121
f 20/20 363/363 376/376
f 20/20 584/584 363/363
f 21/21 730/730 200/200
f 21/21 749/749 45/45
f 22/22 118/118 49/49
f 23/23 797/797 60/60
f 24/24 62/62 3658/3658
f 24/24 3658/3658 3672/3672
f 24/24 3810/3810 158/158
f 25/25 795/795 3714/3714
f 25/25 3714/3714 3824/3824
f 26/26 259/259 347/347
f 26/26 347/347 323/323
f 27/27 2/2 145/145
f 27/27 145/145 221/221
f 28/28 3807/3807 156/156
f 29/29 65/65 683/683
f 29/29 125/125 65/65
f 29/29 683/683 1149/1149
f 30/30 54/54 184/184
f 30/30 99/99 426/426
f 30/30 171/171 54/54
f 30/30 184/184 3778/3778
f 30/30 426/426 359/359
f 30/30 3629/3629 99/99
f 31/31 105/105 388/388
f 31/31 163/163 198/198
f 32/32 3679/3679 4841/4841
f 33/33 12/12 3447/3447
f 33/33 61/61 812/812
f 34/34 3/3 2029/2029
f 34/34 1988/1988 2060/2060
f 34/34 4840/4840 3/3
f 36/36 291/291 177/177
f 36/36 412/412 291/291
f 37/37 748/748 20/20
f 38/38 715/715 119/119
f 41/41 117/117 141/141
f 41/41 157/157 117/117
f 41/41 580/580 832/832
f 41/41 832/832 157/157
f 42/42 164/164 71/71
f 42/42 295/295 164/164
f 42/42 805/805 448/448
f 43/43 76/76 1747/1747
f 44/44 356/356 17/17
f 45/45 84/84 167/167
f 45/45 720/720 653/653
f 48/48 133/133 192/192
f 48/48 333/333 725/725
f 50/50 302/302 275/275
f 50/50 3690/3690 3716/3716
f 51/51 75/75 147/147
f 52/52 1/1 139/139
f 52/52 135/135 106/106
f 52/52 181/181 3616/3616
f 52/52 3691/3691 1/1
f 52/52 3814/3814 3691/3691
f 53/53 105/105 269/269
f 53/53 138/138 114/114
f 53/53 269/269 138/138
f 54/54 9/9 759/759
f 55/55 36/36 177/177
f 56/56 137/137 3844/3844
f 57/57 146/146 214/214
f 57/57 173/173 126/126
f 57/57 214/214 396/396
f 57/57 396/396 251/251
f 58/58 53/53 132/132
f 58/58 190/190 53/53
f 58/58 3653/3653 4831/4831
f 58/58 3842/3842 3653/3653
f 59/59 83/83 3651/3651
f 59/59 253/253 83/83
f 59/59 3651/3651 3690/3690
f 60/60 95/95 131/131
f 60/60 131/131 152/152
f 60/60 823/823 95/95
f 61/61 33/33 3447/3447
f 61/61 88/88 715/715
f 61/61 843/843 812/812
f 62/62 24/24 178/178
f 63/63 119/119 35/35
f 63/63 206/206 119/119
f 63/63 3656/3656 3616/3616
f 64/64 92/92 197/197
f 64/64 202/202 197/197
f 65/65 125/125 199/199
f 66/66 90/90 3757/3757
f 66/66 358/358 90/90
f 68/68 91/91 825/825
f 68/68 378/378 247/247
f 68/68 825/825 731/731
f 69/69 101/101 369/369
f 69/69 172/172 62/62
f 69/69 244/244 172/172
f 70/70 169/169 197/197
f 71/71 142/142 107/107
f 72/72 181/181 106/106
f 72/72 206/206 181/181
f 72/72 393/393 38/38
f 73/73 3838/3838 2943/2943
f 75/75 96/96 175/175
f 75/75 207/207 96/96
f 75/75 248/248 147/147
f 76/76 111/111 1830/1830
f 76/76 2085/2085 1747/1747
f 76/76 2146/2146 111/111
f 77/77 159/159 1833/1833
f 77/77 2147/2147 4828/4828
f 77/77 4828/4828 4871/4871
f 78/78 144/144 165/165
f 78/78 165/165 208/208
f 78/78 554/554 700/700
f 78/78 725/725 822/822
f 78/78 822/822 144/144
f 79/79 209/209 39/39
f 79/79 698/698 829/829
f 80/80 702/702 665/665
f 80/80 704/704 702/702
f 80/80 804/804 704/704
f 81/81 176/176 40/40
f 81/81 2076/2076 93/93
f 81/81 2151/2151 1955/1955
f 82/82 213/213 2060/2060
f 82/82 1988/1988 1827/1827
f 83/83 253/253 230/230
f 84/84 45/45 653/653
f 84/84 1990/1990 167/167
f 85/85 185/185 381/381
f 85/85 350/350 643/643
f 85/85 381/381 47/47
f 86/86 63/63 3616/3616
f 87/87 55/55 177/177
f 87/87 709/709 55/55
f 88/88 35/35 867/867
f 88/88 61/61 3618/3618
f 88/88 808/808 35/35
f 88/88 3148/3148 808/808
f 88/88 3491/3491 3320/3320
f 88/88 3618/3618 3491/3491
f 89/89 208/208 179/179
f 89/89 330/330 208/208
f 89/89 4822/4822 330/330
f 90/90 223/223 3783/3783
f 90/90 247/247 223/223
f 91/91 225/225 6/6
f 92/92 64/64 197/197
f 92/92 169/169 139/139
f 92/92 3622/3622 64/64
f 93/93 2076/2076 2129/2129
f 93/93 2129/2129 67/67
f 94/94 116/116 188/188
f 94/94 188/188 686/686
f 94/94 686/686 1070/1070
f 94/94 1070/1070 2142/2142
f 96/96 4/4 147/147
f 97/97 62/62 172/172
f 97/97 323/323 402/402
f 97/97 3658/3658 62/62
f 98/98 179/179 369/369
f 98/98 179/179 382/382
f 98/98 382/382 78/78
f 98/98 382/382 179/179
f 98/98 662/662 382/382
f 99/99 3629/3629 426/426
f 100/100 80/80 665/665
f 101/101 19/19 4844/4844
f 101/101 69/69 62/62
f 101/101 178/178 158/158
f 102/102 169/169 70/70
f 102/102 345/345 169/169
f 103/103 3/3 4851/4851
f 103/103 2147/2147 2094/2094
f 103/103 4304/4304 3/3
f 105/105 182/182 304/304
f 105/105 304/304 362/362
f 105/105 352/352 269/269
f 106/106 135/135 353/353
f 107/107 95/95 122/122
f 107/107 142/142 408/408
f 107/107 408/408 152/152
f 108/108 400/400 226/226
f 109/109 15/15 203/203
f 109/109 203/203 1918/1918
f 109/109 2098/2098 2129/2129
f 110/110 10/10 3716/3716
f 110/110 302/302 10/10
f 110/110 800/800 385/385
f 110/110 3519/3519 364/364
f 111/111 1866/1866 1641/1641
f 112/112 143/143 252/252
f 113/113 11/11 402/402
f 113/113 259/259 299/299
f 113/113 402/402 323/323
f 114/114 138/138 177/177
f 115/115 236/236 318/318
f 115/115 356/356 44/44
f 116/116 2/2 188/188
f 116/116 94/94 2142/2142
f 116/116 1839/1839 145/145
f 117/117 157/157 141/141
f 118/118 150/150 49/49
f 118/118 3723/3723 654/654
f 119/119 206/206 38/38
f 119/119 715/715 35/35
f 120/120 83/83 230/230
f 120/120 148/148 3792/3792
f 120/120 420/420 401/401
f 120/120 3614/3614 83/83
f 121/121 37/37 20/20
f 122/122 71/71 107/107
f 123/123 5/5 156/156
f 123/123 156/156 3807/3807
f 124/124 170/170 1960/1960
f 124/124 257/257 359/359
f 124/124 1862/1862 257/257
f 124/124 1960/1960 1862/1862
f 125/125 142/142 220/220
f 125/125 220/220 295/295
f 125/125 258/258 142/142
f 125/125 295/295 199/199
f 126/126 214/214 141/141
f 128/128 154/154 39/39
f 129/129 15/15 108/108
f 129/129 108/108 226/226
f 129/129 327/327 1918/1918
f 129/129 415/415 327/327
f 131/131 95/95 107/107
f 132/132 53/53 19/19
f 132/132 58/58 4831/4831
f 132/132 3810/3810 3842/3842
f 132/132 3842/3842 58/58
f 132/132 3842/3842 158/158
f 133/133 48/48 192/192
f 133/133 175/175 319/319
f 133/133 208/208 48/48
f 133/133 248/248 175/175
f 133/133 319/319 208/208
f 134/134 4/4 26/26
f 134/134 25/25 3624/3624
f 134/134 836/836 25/25
f 135/135 52/52 139/139
f 135/135 379/379 353/353
f 136/136 172/172 323/323
f 136/136 179/179 244/244
f 137/137 56/56 246/246
f 137/137 246/246 3468/3468
f 138/138 198/198 177/177
f 138/138 269/269 198/198
f 139/139 345/345 425/425
f 139/139 425/425 268/268
f 140/140 1931/1931 1866/1866
f 141/141 57/57 18/18
f 142/142 295/295 220/220
f 143/143 227/227 252/252
f 143/143 1814/1814 2008/2008
f 144/144 4873/4873 165/165
f 145/145 1867/1867 221/221
f 146/146 57/57 251/251
f 146/146 115/115 44/44
f 147/147 4/4 51/51
f 148/148 120/120 401/401
f 148/148 401/401 329/329
f 149/149 424/424 857/857
f 149/149 698/698 712/712
f 149/149 712/712 633/633
f 150/150 168/168 417/417
f 150/150 417/417 49/49
f 152/152 131/131 107/107
f 152/152 180/180 60/60
f 152/152 238/238 180/180
f 152/152 380/380 238/238
f 153/153 260/260 73/73
f 153/153 394/394 260/260
f 154/154 14/14 39/39
f 154/154 128/128 315/315
f 154/154 676/676 761/761
f 155/155 11/11 273/273
f 155/155 26/26 3675/3675
f 155/155 273/273 402/402
f 155/155 3675/3675 3806/3806
f 156/156 5/5 28/28
f 156/156 28/28 56/56
f 156/156 3807/3807 28/28
f 157/157 18/18 126/126
f 157/157 126/126 141/141
f 157/157 282/282 18/18
f 157/157 398/398 282/282
f 157/157 729/729 485/485
f 157/157 832/832 729/729
f 158/158 19/19 114/114
f 158/158 19/19 178/178
f 158/158 132/132 19/19
f 158/158 3810/3810 132/132
f 158/158 4844/4844 19/19
f 159/159 77/77 4871/4871
f 159/159 191/191 1833/1833
f 159/159 1833/1833 77/77
f 160/160 136/136 323/323
f 161/161 399/399 1920/1920
f 161/161 691/691 739/739
f 161/161 1920/1920 691/691
f 162/162 81/81 40/40
f 162/162 235/235 1856/1856
f 163/163 31/31 388/388
f 163/163 87/87 198/198
f 163/163 684/684 87/87
f 164/164 142/142 71/71
f 164/164 295/295 142/142
f 165/165 4822/4822 89/89
f 166/166 1890/1890 1936/1936
f 166/166 1936/1936 191/191
f 167/167 240/240 717/717
f 168/168 150/150 677/677
f 168/168 300/300 417/417
f 168/168 708/708 628/628
f 169/169 92/92 197/197
f 169/169 345/345 139/139
f 170/170 124/124 359/359
f 170/170 303/303 1796/1796
f 171/171 9/9 54/54
f 171/171 30/30 359/359
f 171/171 267/267 187/187
f 171/171 359/359 267/267
f 172/172 178/178 194/194
f 172/172 194/194 291/291
f 172/172 244/244 179/179
f 172/172 244/244 259/259
f 172/172 259/259 113/113
f 172/172 323/323 97/97
f 172/172 323/323 402/402
f 173/173 57/57 214/214
f 173/173 214/214 126/126
f 174/174 1772/1772 280/280
f 175/175 96/96 147/147
f 176/176 81/81 1955/1955
f 176/176 272/272 40/40
f 176/176 361/361 272/272
f 178/178 24/24 158/158
f 178/178 101/101 62/62
f 178/178 101/101 158/158
f 178/178 158/158 194/194
f 178/178 3773/3773 158/158
f 179/179 98/98 78/78
f 179/179 136/136 382/382
f 179/179 244/244 369/369
f 179/179 382/382 299/299
f 180/180 23/23 60/60
f 180/180 195/195 2057/2057
f 180/180 2057/2057 23/23
f 181/181 52/52 106/106
f 181/181 63/63 86/86
f 182/182 58/58 3653/3653
f 182/182 3653/3653 3779/3779
f 182/182 3779/3779 304/304
f 183/183 1908/1908 47/47
f 183/183 1908/1908 1965/1965
f 183/183 1965/1965 1908/1908
f 185/185 85/85 652/652
f 185/185 199/199 278/278
f 185/185 278/278 239/239
f 185/185 278/278 321/321
f 185/185 321/321 381/381
f 186/186 110/110 364/364
f 186/186 210/210 74/74
f 187/187 9/9 171/171
f 187/187 308/308 3414/3414
f 187/187 3414/3414 3735/3735
f 188/188 348/348 810/810
f 188/188 810/810 686/686
f 189/189 655/655 1081/1081
f 189/189 1081/1081 1886/1886
f 189/189 1886/1886 280/280
f 190/190 58/58 182/182
f 190/190 105/105 53/53
f 190/190 182/182 105/105
f 191/191 166/166 1936/1936
f 191/191 1936/1936 1890/1890
f 191/191 4855/4855 166/166
f 193/193 343/343 40/40
f 193/193 742/742 14/14
f 193/193 761/761 635/635
f 194/194 114/114 177/177
f 194/194 158/158 114/114
f 195/195 180/180 1901/1901
f 195/195 1901/1901 2057/2057
f 196/196 8/8 321/321
f 196/196 278/278 16/16
f 198/198 87/87 177/177
f 199/199 295/295 278/278
f 201/201 148/148 329/329
f 201/201 2366/2366 3638/3638
f 202/202 70/70 197/197
f 202/202 337/337 70/70
f 203/203 129/129 1918/1918
f 204/204 332/332 29/29
f 204/204 1934/1934 285/285
f 205/205 15/15 1932/1932
f 205/205 284/284 108/108
f 206/206 63/63 181/181
f 206/206 72/72 38/38
f 207/207 25/25 151/151
f 207/207 51/51 134/134
f 207/207 75/75 51/51
f 207/207 151/151 96/96
f 208/208 89/89 179/179
f 208/208 165/165 89/89
f 208/208 179/179 78/78
f 208/208 233/233 179/179
f 208/208 319/319 147/147
f 208/208 416/416 48/48
f 209/209 128/128 39/39
f 209/209 231/231 128/128
f 209/209 736/736 711/711
f 210/210 186/186 364/364
f 210/210 336/336 12/12
f 210/210 826/826 74/74
f 211/211 8/8 16/16
f 212/212 335/335 130/130
f 213/213 82/82 1827/1827
f 213/213 143/143 2060/2060
f 213/213 1827/1827 1699/1699
f 214/214 17/17 338/338
f 214/214 57/57 141/141
f 214/214 146/146 17/17
f 215/215 1931/1931 1946/1946
f 215/215 1946/1946 1931/1931
f 216/216 336/336 3599/3599
f 216/216 1682/1682 1650/1650
f 216/216 3481/3481 1682/1682
f 216/216 3510/3510 336/336
f 217/217 407/407 552/552
f 218/218 66/66 3637/3637
f 218/218 351/351 66/66
f 218/218 2386/2386 2413/2413
f 219/219 37/37 121/121
f 219/219 121/121 250/250
f 219/219 341/341 37/37
f 219/219 548/548 552/552
f 219/219 552/552 407/407
f 222/222 262/262 690/690
f 222/222 413/413 550/550
f 222/222 550/550 516/516
f 223/223 286/286 3531/3531
f 223/223 480/480 286/286
f 224/224 366/366 306/306
f 224/224 371/371 353/353
f 225/225 68/68 358/358
f 225/225 91/91 68/68
f 225/225 309/309 6/6
f 225/225 351/351 264/264
f 226/226 149/149 633/633
f 226/226 633/633 296/296
f 227/227 143/143 213/213
f 227/227 213/213 279/279
f 227/227 279/279 328/328
f 227/227 328/328 360/360
f 227/227 360/360 252/252
f 228/228 1724/1724 4777/4777
f 228/228 4761/4761 311/311
f 228/228 4781/4781 4761/4761
f 229/229 98/98 369/369
f 231/231 209/209 711/711
f 231/231 315/315 128/128
f 231/231 372/372 315/315
f 231/231 575/575 263/263
f 232/232 324/324 1783/1783
f 232/232 1667/1667 1718/1718
f 233/233 208/208 179/179
f 233/233 259/259 179/179
f 233/233 259/259 330/330
f 233/233 330/330 208/208
f 235/235 162/162 40/40
f 235/235 343/343 635/635
f 235/235 539/539 1479/1479
f 235/235 1661/1661 1856/1856
f 236/236 115/115 251/251
f 236/236 234/234 357/357
f 236/236 356/356 234/234
f 236/236 356/356 357/357
f 237/237 183/183 47/47
f 237/237 1965/1965 183/183
f 238/238 270/270 180/180
f 238/238 324/324 232/232
f 238/238 380/380 324/324
f 240/240 201/201 329/329
f 240/240 322/322 659/659
f 240/240 659/659 717/717
f 240/240 1754/1754 201/201
f 241/241 233/233 330/330
f 241/241 330/330 4775/4775
f 241/241 347/347 233/233
f 242/242 377/377 1660/1660
f 243/243 224/224 353/353
f 243/243 301/301 326/326
f 243/243 379/379 301/301
f 244/244 69/69 369/369
f 244/244 172/172 136/136
f 245/245 64/64 3659/3659
f 245/245 202/202 64/64
f 245/245 337/337 202/202
f 246/246 56/56 417/417
f 247/247 378/378 223/223
f 248/248 75/75 175/175
f 248/248 133/133 192/192
f 248/248 276/276 147/147
f 249/249 1936/1936 4777/4777
f 250/250 20/20 376/376
f 251/251 115/115 146/146
f 251/251 356/356 236/236
f 252/252 360/360 277/277
f 252/252 1670/1670 112/112
f 253/253 59/59 275/275
f 253/253 275/275 342/342
f 253/253 342/342 230/230
f 255/255 431/431 566/566
f 256/256 346/346 4811/4811
f 256/256 502/502 229/229
f 256/256 4773/4773 4706/4706
f 257/257 397/397 359/359
f 258/258 125/125 29/29
f 259/259 26/26 347/347
f 259/259 172/172 179/179
f 259/259 179/179 299/299
f 259/259 233/233 330/330
f 259/259 244/244 179/179
f 259/259 347/347 26/26
f 260/260 305/305 73/73
f 261/261 293/293 130/130
f 261/261 310/310 574/574
f 261/261 619/619 310/310
f 262/262 222/222 516/516
f 262/262 510/510 484/484
f 262/262 656/656 690/690
f 263/263 297/297 355/355
f 263/263 575/575 500/500
f 264/264 218/218 2413/2413
f 264/264 2413/2413 2528/2528
f 265/265 309/309 314/314
f 265/265 314/314 1636/1636
f 265/265 394/394 153/153
f 265/265 405/405 394/394
f 266/266 427/427 3543/3543
f 266/266 3543/3543 3838/3838
f 267/267 308/308 187/187
f 268/268 325/325 139/139
f 269/269 352/352 198/198
f 270/270 232/232 422/422
f 270/270 238/238 232/232
f 270/270 316/316 180/180
f 270/270 422/422 383/383
f 271/271 303/303 426/426
f 271/271 3432/3432 2659/2659
f 272/272 193/193 40/40
f 273/273 11/11 599/599
f 273/273 26/26 155/155
f 273/273 307/307 402/402
f 273/273 402/402 26/26
f 273/273 3434/3434 402/402
f 274/274 245/245 3467/3467
f 274/274 410/410 245/245
f 274/274 3435/3435 3403/3403
f 275/275 59/59 3690/3690
f 275/275 302/302 409/409
f 275/275 3690/3690 50/50
f 276/276 208/208 147/147
f 276/276 248/248 333/333
f 276/276 416/416 208/208
f 277/277 593/593 1326/1326
f 278/278 185/185 813/813
f 278/278 196/196 321/321
f 278/278 295/295 374/374
f 278/278 374/374 16/16
f 278/278 469/469 612/612
f 279/279 213/213 1699/1699
f 279/279 399/399 328/328
f 279/279 1699/1699 399/399
f 280/280 320/320 404/404
f 280/280 404/404 392/392
f 281/281 154/154 315/315
f 281/281 315/315 395/395
f 282/282 41/41 18/18
f 282/282 398/398 580/580
f 283/283 333/333 192/192
f 283/283 762/762 476/476
f 284/284 205/205 1932/1932
f 284/284 313/313 424/424
f 284/284 400/400 108/108
f 284/284 1742/1742 1394/1394
f 285/285 258/258 29/29
f 285/285 332/332 29/29
f 285/285 332/332 204/204
f 285/285 408/408 258/258
f 285/285 1934/1934 1740/1740
f 286/286 367/367 3531/3531
f 287/287 419/419 299/299
f 287/287 477/477 612/612
f 287/287 612/612 541/541
f 288/288 301/301 425/425
f 288/288 345/345 603/603
f 289/289 391/391 376/376
f 290/290 322/322 401/401
f 290/290 420/420 230/230
f 290/290 600/600 629/629
f 291/291 160/160 323/323
f 291/291 194/194 177/177
f 292/292 262/262 484/484
f 292/292 310/310 607/607
f 293/293 27/27 335/335
f 293/293 212/212 130/130
f 293/293 335/335 212/212
f 293/293 616/616 366/366
f 294/294 311/311 4761/4761
f 294/294 1805/1805 1761/1761
f 295/295 42/42 344/344
f 295/295 344/344 374/374
f 297/297 263/263 500/500
f 297/297 274/274 3403/3403
f 297/297 410/410 274/274
f 297/297 500/500 533/533
f 297/297 3403/3403 3611/3611
f 298/298 414/414 221/221
f 298/298 1791/1791 586/586
f 300/300 168/168 628/628
f 300/300 375/375 417/417
f 301/301 379/379 425/425
f 301/301 640/640 326/326
f 302/302 50/50 3716/3716
f 302/302 110/110 385/385
f 302/302 504/504 409/409
f 303/303 170/170 426/426
f 303/303 271/271 1796/1796
f 304/304 3525/3525 340/340
f 305/305 266/266 3838/3838
f 305/305 3838/3838 73/73
f 306/306 366/366 390/390
f 307/307 421/421 402/402
f 308/308 423/423 3523/3523
f 309/309 225/225 264/264
f 309/309 264/264 314/314
f 310/310 292/292 484/484
f 310/310 440/440 574/574
f 310/310 619/619 607/607
f 311/311 294/294 1761/1761
f 312/312 2/2 293/293
f 312/312 293/293 616/616
f 312/312 348/348 188/188
f 312/312 616/616 326/326
f 312/312 640/640 348/348
f 313/313 284/284 443/443
f 313/313 443/443 561/561
f 314/314 264/264 1681/1681
f 314/314 1681/1681 1636/1636
f 316/316 195/195 180/180
f 316/316 270/270 383/383
f 316/316 565/565 1087/1087
f 316/316 565/565 1277/1277
f 316/316 1087/1087 195/195
f 317/317 357/357 234/234
f 317/317 386/386 626/626
f 318/318 317/317 384/384
f 319/319 175/175 147/147
f 320/320 1772/1772 1660/1660
f 321/321 354/354 381/381
f 322/322 240/240 329/329
f 322/322 290/290 629/629
f 322/322 629/629 659/659
f 323/323 172/172 113/113
f 323/323 172/172 259/259
f 323/323 172/172 291/291
f 323/323 172/172 402/402
f 324/324 285/285 1740/1740
f 325/325 135/135 139/139
f 325/325 379/379 135/135
f 326/326 366/366 243/243
f 326/326 640/640 312/312
f 327/327 296/296 633/633
f 327/327 361/361 1544/1544
f 327/327 415/415 296/296
f 328/328 161/161 739/739
f 330/330 233/233 208/208
f 330/330 4815/4815 4775/4775
f 331/331 49/49 28/28
f 331/331 365/365 49/49
f 332/332 285/285 29/29
f 333/333 248/248 192/192
f 333/333 283/283 476/476
f 334/334 1724/1724 228/228
f 335/335 27/27 221/221
f 336/336 210/210 364/364
f 336/336 364/364 3568/3568
f 336/336 3510/3510 3404/3404
f 337/337 245/245 451/451
f 337/337 410/410 451/451
f 337/337 451/451 70/70
f 339/339 389/389 260/260
f 339/339 405/405 1561/1561
f 340/340 454/454 254/254
f 341/341 20/20 37/37
f 341/341 289/289 376/376
f 341/341 407/407 289/289
f 342/342 370/370 230/230
f 342/342 428/428 370/370
f 343/343 193/193 635/635
f 343/343 235/235 40/40
f 344/344 374/374 612/612
f 344/344 477/477 374/374
f 345/345 70/70 368/368
f 345/345 102/102 70/70
f 345/345 255/255 566/566
f 345/345 288/288 425/425
f 345/345 431/431 255/255
f 345/345 566/566 603/603
f 346/346 101/101 4844/4844
f 346/346 229/229 369/369
f 346/346 256/256 229/229
f 346/346 4811/4811 4793/4793
f 346/346 4844/4844 4811/4811
f 347/347 172/172 323/323
f 347/347 241/241 373/373
f 347/347 259/259 233/233
f 347/347 3750/3750 172/172
f 348/348 640/640 603/603
f 349/349 100/100 665/665
f 349/349 387/387 871/871
f 349/349 430/430 100/100
f 349/349 641/641 572/572
f 350/350 85/85 47/47
f 350/350 1521/1521 643/643
f 351/351 218/218 264/264
f 351/351 225/225 358/358
f 351/351 358/358 66/66
f 352/352 31/31 198/198
f 352/352 105/105 31/31
f 354/354 237/237 381/381
f 354/354 1965/1965 237/237
f 355/355 297/297 3611/3611
f 355/355 372/372 263/263
f 356/356 115/115 318/318
f 356/356 236/236 357/357
f 356/356 251/251 338/338
f 356/356 317/317 234/234
f 356/356 318/318 384/384
f 356/356 384/384 317/317
f 357/357 317/317 626/626
f 357/357 386/386 236/236
f 357/357 471/471 386/386
f 357/357 626/626 471/471
f 358/358 68/68 247/247
f 358/358 247/247 90/90
f 360/360 328/328 437/437
f 360/360 467/467 593/593
f 360/360 593/593 277/277
f 361/361 176/176 1955/1955
f 361/361 327/327 633/633
f 361/361 610/610 272/272
f 361/361 1955/1955 1544/1544
f 362/362 304/304 340/340
f 362/362 340/340 254/254
f 363/363 20/20 341/341
f 363/363 37/37 20/20
f 363/363 341/341 376/376
f 363/363 601/601 37/37
f 364/364 3519/3519 3568/3568
f 365/365 5/5 123/123
f 365/365 22/22 49/49
f 365/365 331/331 28/28
f 365/365 3470/3470 22/22
f 366/366 224/224 243/243
f 366/366 608/608 574/574
f 366/366 616/616 608/608
f 367/367 442/442 3461/3461
f 367/367 3461/3461 3531/3531
f 369/369 101/101 346/346
f 370/370 290/290 230/230
f 371/371 72/72 106/106
f 371/371 106/106 353/353
f 371/371 224/224 306/306
f 371/371 393/393 72/72
f 372/372 231/231 263/263
f 372/372 395/395 315/315
f 372/372 3579/3579 3545/3545
f 373/373 4/4 3624/3624
f 373/373 26/26 347/347
f 373/373 347/347 26/26
f 373/373 3459/3459 3578/3578
f 373/373 3484/3484 347/347
f 373/373 3707/3707 26/26
f 374/374 42/42 448/448
f 374/374 278/278 612/612
f 374/374 344/344 42/42
f 374/374 477/477 16/16
f 375/375 246/246 417/417
f 375/375 300/300 478/478
f 375/375 3580/3580 246/246
f 376/376 391/391 250/250
f 377/377 320/320 1660/1660
f 377/377 1660/1660 294/294
f 378/378 68/68 864/864
f 378/378 480/480 223/223
f 378/378 864/864 450/450
f 379/379 243/243 353/353
f 379/379 325/325 268/268
f 380/380 408/408 324/324
f 381/381 237/237 47/47
f 382/382 46/46 721/721
f 382/382 136/136 46/46
f 382/382 287/287 299/299
f 382/382 554/554 78/78
f 383/383 232/232 1718/1718
f 383/383 1598/1598 1418/1418
f 385/385 504/504 302/302
f 386/386 317/317 318/318
f 386/386 318/318 236/236
f 386/386 471/471 503/503
f 386/386 503/503 471/471
f 386/386 503/503 523/523
f 386/386 503/503 626/626
f 386/386 688/688 661/661
f 387/387 349/349 572/572
f 387/387 413/413 871/871
f 388/388 105/105 362/362
f 388/388 362/362 254/254
f 389/389 305/305 260/260
f 389/389 339/339 1561/1561
f 389/389 406/406 305/305
f 390/390 366/366 574/574
f 391/391 489/489 568/568
f 391/391 568/568 250/250
f 392/392 464/464 280/280
f 393/393 306/306 390/390
f 393/393 371/371 306/306
f 393/393 433/433 38/38
f 394/394 405/405 260/260
f 395/395 372/372 3545/3545
f 396/396 214/214 338/338
f 396/396 338/338 251/251
f 397/397 267/267 359/359
f 397/397 308/308 267/267
f 398/398 157/157 485/485
f 398/398 485/485 580/580
f 399/399 161/161 328/328
f 399/399 1699/1699 1920/1920
f 400/400 149/149 226/226
f 400/400 284/284 424/424
f 400/400 424/424 149/149
f 401/401 322/322 329/329
f 402/402 259/259 26/26
f 402/402 323/323 259/259
f 402/402 421/421 323/323
f 402/402 3434/3434 3551/3551
f 402/402 3551/3551 3522/3522
f 403/403 1670/1670 252/252
f 404/404 320/320 377/377
f 404/404 4795/4795 392/392
f 405/405 265/265 1636/1636
f 405/405 339/339 260/260
f 405/405 1636/1636 1561/1561
f 406/406 266/266 305/305
f 406/406 427/427 266/266
f 407/407 217/217 1253/1253
f 407/407 341/341 219/219
f 407/407 391/391 289/289
f 407/407 517/517 391/391
f 408/408 142/142 258/258
f 408/408 285/285 324/324
f 408/408 380/380 152/152
f 410/410 297/297 533/533
f 410/410 337/337 245/245
f 410/410 533/533 451/451
f 411/411 216/216 1650/1650
f 412/412 11/11 323/323
f 412/412 323/323 291/291
f 413/413 222/222 690/690
f 413/413 387/387 572/572
f 413/413 690/690 847/847
f 413/413 847/847 871/871
f 414/414 130/130 335/335
f 414/414 335/335 221/221
f 414/414 479/479 130/130
f 415/415 129/129 226/226
f 415/415 226/226 296/296
f 416/416 276/276 333/333
f 416/416 333/333 48/48
f 417/417 28/28 49/49
f 417/417 56/56 28/28
f 418/418 281/281 395/395
f 418/418 395/395 3545/3545
f 418/418 591/591 281/281
f 418/418 3513/3513 3180/3180
f 419/419 11/11 299/299
f 419/419 287/287 541/541
f 420/420 120/120 230/230
f 420/420 290/290 401/401
f 421/421 291/291 323/323
f 422/422 232/232 383/383
f 423/423 308/308 397/397
f 424/424 313/313 561/561
f 425/425 379/379 268/268
f 426/426 170/170 359/359
f 427/427 483/483 3246/3246
f 427/427 3246/3246 3543/3543
f 428/428 342/342 532/532
f 428/428 462/462 370/370
f 428/428 532/532 778/778
f 428/428 852/852 821/821
f 429/429 1395/1395 485/485
f 430/430 349/349 788/788
f 430/430 788/788 488/488
f 430/430 850/850 100/100
f 431/431 345/345 368/368
f 432/432 546/546 630/630
f 432/432 756/756 902/902
f 432/432 844/844 718/718
f 432/432 1380/1380 971/971
f 433/433 440/440 484/484
f 433/433 858/858 38/38
f 435/435 461/461 631/631
f 435/435 556/556 461/461
f 435/435 631/631 728/728
f 435/435 728/728 518/518
f 435/435 811/811 773/773
f 436/436 595/595 830/830
f 437/437 328/328 739/739
f 437/437 567/567 648/648
f 437/437 648/648 615/615
f 437/437 691/691 567/567
f 438/438 457/457 1418/1418
f 438/438 507/507 1411/1411
f 438/438 1220/1220 457/457
f 439/439 491/491 1321/1321
f 439/439 525/525 605/605
f 439/439 581/581 644/644
f 439/439 1223/1223 1334/1334
f 440/440 310/310 484/484
f 440/440 393/393 390/390
f 440/440 433/433 393/393
f 441/441 563/563 528/528
f 442/442 445/445 634/634
f 442/442 634/634 3187/3187
f 442/442 3187/3187 3379/3379
f 442/442 3358/3358 3379/3379
f 442/442 3379/3379 3461/3461
f 443/443 284/284 1394/1394
f 443/443 583/583 561/561
f 444/444 521/521 869/869
f 444/444 733/733 475/475
f 444/444 869/869 753/753
f 445/445 442/442 637/637
f 445/445 497/497 2975/2975
f 445/445 637/637 497/497
f 446/446 473/473 651/651
f 446/446 618/618 473/473
f 447/447 479/479 586/586
f 447/447 538/538 740/740
f 448/448 554/554 477/477
f 448/448 805/805 846/846
f 448/448 846/846 623/623
f 449/449 3296/3296 3389/3389
f 449/449 3366/3366 455/455
f 449/449 3389/3389 3366/3366
f 450/450 864/864 520/520
f 451/451 245/245 337/337
f 451/451 368/368 70/70
f 451/451 456/456 368/368
f 451/451 872/872 456/456
f 452/452 592/592 628/628
f 452/452 835/835 493/493
f 453/453 553/553 870/870
f 454/454 588/588 254/254
f 454/454 624/624 588/588
f 456/456 431/431 368/368
f 457/457 383/383 1418/1418
f 457/457 565/565 383/383
f 458/458 564/564 1359/1359
f 458/458 1359/1359 492/492
f 459/459 487/487 714/714
f 459/459 714/714 434/434
f 460/460 552/552 530/530
f 460/460 1340/1340 552/552
f 460/460 1363/1363 1340/1340
f 461/461 435/435 773/773
f 461/461 594/594 631/631
f 461/461 647/647 773/773
f 461/461 672/672 725/725
f 461/461 762/762 725/725
f 461/461 773/773 435/435
f 461/461 773/773 476/476
f 462/462 290/290 370/370
f 462/462 428/428 821/821
f 463/463 433/433 484/484
f 464/464 392/392 602/602
f 464/464 585/585 280/280
f 464/464 602/602 639/639
f 465/465 436/436 830/830
f 465/465 559/559 436/436
f 466/466 826/826 558/558
f 466/466 861/861 826/826
f 467/467 360/360 437/437
f 467/467 437/437 615/615
f 467/467 615/615 593/593
f 468/468 563/563 441/441
f 468/468 569/569 563/563
f 468/468 1423/1423 597/597
f 469/469 278/278 813/813
f 469/469 549/549 541/541
f 469/469 813/813 671/671
f 470/470 526/526 653/653
f 470/470 749/749 764/764
f 470/470 764/764 841/841
f 471/471 453/453 738/738
f 471/471 503/503 553/553
f 471/471 553/553 453/453
f 471/471 626/626 503/503
f 473/473 651/651 785/785
f 473/473 737/737 651/651
f 473/473 785/785 651/651
f 473/473 824/824 509/509
f 473/473 3121/3121 3281/3281
f 473/473 3245/3245 599/599
f 474/474 522/522 617/617
f 474/474 589/589 842/842
f 474/474 617/617 589/589
f 475/475 770/770 804/804
f 477/477 287/287 382/382
f 477/477 344/344 612/612
f 477/477 374/374 448/448
f 477/477 570/570 650/650
f 477/477 775/775 16/16
f 478/478 300/300 628/628
f 479/479 414/414 586/586
f 480/480 378/378 450/450
f 480/480 450/450 571/571
f 480/480 571/571 286/286
f 481/481 711/711 857/857
f 482/482 508/508 791/791
f 482/482 791/791 495/495
f 483/483 1422/1422 3328/3328
f 483/483 1461/1461 1422/1422
f 483/483 1467/1467 1461/1461
f 483/483 3351/3351 3246/3246
f 485/485 729/729 429/429
f 485/485 1395/1395 580/580
f 486/486 463/463 484/484
f 487/487 688/688 714/714
f 487/487 1339/1339 534/534
f 488/488 788/788 842/842
f 489/489 548/548 568/568
f 490/490 813/813 239/239
f 491/491 439/439 644/644
f 491/491 512/512 1286/1286
f 491/491 519/519 604/604
f 491/491 519/519 787/787
f 491/491 644/644 509/509
f 491/491 644/644 620/620
f 492/492 837/837 860/860
f 492/492 1023/1023 837/837
f 492/492 1359/1359 1023/1023
f 493/493 514/514 724/724
f 494/494 468/468 597/597
f 494/494 569/569 468/468
f 495/495 791/791 588/588
f 496/496 583/583 953/953
f 496/496 756/756 630/630
f 497/497 571/571 520/520
f 497/497 637/637 571/571
f 498/498 559/559 465/465
f 498/498 627/627 1310/1310
f 498/498 1310/1310 1372/1372
f 499/499 641/641 802/802
f 499/499 800/800 582/582
f 500/500 575/575 801/801
f 501/501 577/577 840/840
f 501/501 851/851 650/650
f 501/501 1489/1489 851/851
f 502/502 256/256 4706/4706
f 502/502 527/527 229/229
f 502/502 866/866 840/840
f 502/502 4706/4706 4663/4663
f 503/503 386/386 523/523
f 503/503 386/386 626/626
f 503/503 386/386 661/661
f 503/503 626/626 553/553
f 504/504 532/532 409/409
f 504/504 800/800 802/802
f 504/504 802/802 778/778
f 505/505 613/613 635/635
f 505/505 676/676 803/803
f 506/506 584/584 636/636
f 507/507 438/438 1390/1390
f 507/507 1493/1493 1411/1411
f 508/508 627/627 632/632
f 508/508 632/632 684/684
f 508/508 684/684 817/817
f 508/508 817/817 791/791
f 509/509 824/824 3101/3101
f 510/510 262/262 516/516
f 510/510 486/486 484/484
f 511/511 551/551 701/701
f 511/511 609/609 551/551
f 511/511 701/701 531/531
f 512/512 491/491 620/620
f 512/512 491/491 787/787
f 512/512 535/535 1324/1324
f 512/512 620/620 595/595
f 512/512 620/620 651/651
f 512/512 671/671 787/787
f 512/512 787/787 620/620
f 512/512 809/809 491/491
f 513/513 432/432 630/630
f 514/514 614/614 724/724
f 514/514 3310/3310 614/614
f 515/515 418/418 3180/3180
f 515/515 591/591 418/418
f 515/515 668/668 803/803
f 515/515 3056/3056 668/668
f 516/516 537/537 510/510
f 516/516 550/550 558/558
f 517/517 407/407 1438/1438
f 517/517 489/489 391/391
f 517/517 530/530 552/552
f 517/517 562/562 530/530
f 517/517 1275/1275 562/562
f 519/519 491/491 604/604
f 520/520 731/731 754/754
f 520/520 754/754 3366/3366
f 521/521 488/488 842/842
f 521/521 827/827 488/488
f 522/522 494/494 597/597
f 522/522 669/669 494/494
f 523/523 503/503 661/661
f 523/523 642/642 673/673
f 523/523 661/661 774/774
f 524/524 601/601 636/636
f 524/524 611/611 693/693
f 525/525 439/439 1334/1334
f 525/525 1334/1334 2617/2617
f 525/525 3263/3263 3377/3377
f 526/526 470/470 841/841
f 526/526 1389/1389 653/653
f 527/527 502/502 840/840
f 527/527 662/662 229/229
f 528/528 645/645 557/557
f 528/528 1473/1473 441/441
f 529/529 604/604 509/509
f 529/529 3196/3196 604/604
f 530/530 562/562 1455/1455
f 531/531 638/638 772/772
f 531/531 682/682 790/790
f 531/531 772/772 682/682
f 531/531 790/790 642/642
f 531/531 1483/1483 874/874
f 532/532 275/275 409/409
f 532/532 342/342 275/275
f 532/532 504/504 778/778
f 533/533 777/777 872/872
f 533/533 872/872 451/451
f 534/534 774/774 638/638
f 534/534 774/774 673/673
f 534/534 1307/1307 638/638
f 535/535 512/512 595/595
f 535/535 579/579 1403/1403
f 535/535 595/595 436/436
f 536/536 560/560 1463/1463
f 536/536 1495/1495 657/657
f 537/537 486/486 510/510
f 537/537 516/516 558/558
f 537/537 678/678 486/486
f 538/538 563/563 656/656
f 538/538 656/656 740/740
f 539/539 235/235 635/635
f 539/539 613/613 1479/1479
f 540/540 492/492 860/860
f 542/542 3296/3296 449/449
f 543/543 573/573 434/434
f 543/543 573/573 1278/1278
f 543/543 1219/1219 576/576
f 543/543 1245/1245 573/573
f 544/544 566/566 456/456
f 545/545 482/482 845/845
f 545/545 627/627 482/482
f 545/545 734/734 1034/1034
f 546/546 432/432 844/844
f 546/546 777/777 630/630
f 546/546 844/844 718/718
f 546/546 872/872 777/777
f 547/547 631/631 1248/1248
f 547/547 639/639 518/518
f 547/547 655/655 585/585
f 547/547 728/728 692/692
f 548/548 219/219 250/250
f 548/548 489/489 517/517
f 548/548 517/517 552/552
f 549/549 469/469 671/671
f 549/549 737/737 782/782
f 549/549 782/782 541/541
f 550/550 413/413 572/572
f 550/550 572/572 466/466
f 551/551 609/609 799/799
f 551/551 799/799 560/560
f 551/551 859/859 560/560
f 552/552 1340/1340 1253/1253
f 553/553 626/626 781/781
f 553/553 781/781 870/870
f 554/554 382/382 570/570
f 554/554 448/448 623/623
f 554/554 570/570 477/477
f 554/554 725/725 700/700
f 555/555 625/625 429/429
f 555/555 832/832 580/580
f 555/555 1294/1294 625/625
f 556/556 435/435 518/518
f 556/556 587/587 461/461
f 556/556 672/672 587/587
f 556/556 4656/4656 672/672
f 557/557 447/447 586/586
f 558/558 550/550 466/466
f 559/559 498/498 1372/1372
f 559/559 579/579 436/436
f 559/559 1372/1372 1403/1403
f 560/560 970/970 1269/1269
f 560/560 1269/1269 1463/1463
f 561/561 481/481 857/857
f 562/562 1275/1275 1455/1455
f 563/563 538/538 645/645
f 563/563 569/569 839/839
f 563/563 645/645 528/528
f 564/564 458/458 492/492
f 564/564 646/646 1339/1339
f 564/564 1278/1278 1359/1359
f 565/565 316/316 383/383
f 565/565 316/316 1277/1277
f 565/565 578/578 1277/1277
f 565/565 1277/1277 1087/1087
f 566/566 431/431 456/456
f 566/566 544/544 863/863
f 566/566 838/838 603/603
f 567/567 1296/1296 1152/1152
f 568/568 548/548 250/250
f 569/569 494/494 699/699
f 569/569 690/690 839/839
f 570/570 382/382 721/721
f 570/570 477/477 382/382
f 570/570 662/662 650/650
f 571/571 450/450 520/520
f 571/571 637/637 286/286
f 572/572 582/582 466/466
f 572/572 641/641 582/582
f 573/573 459/459 434/434
f 573/573 487/487 459/459
f 573/573 564/564 1339/1339
f 573/573 1209/1209 606/606
f 573/573 1315/1315 1278/1278
f 573/573 1339/1339 487/487
f 574/574 440/440 390/390
f 575/575 231/231 711/711
f 575/575 711/711 801/801
f 576/576 1219/1219 1245/1245
f 577/577 501/501 650/650
f 577/577 662/662 840/840
f 578/578 1220/1220 1277/1277
f 579/579 535/535 436/436
f 579/579 559/559 1403/1403
f 580/580 41/41 282/282
f 581/581 439/439 605/605
f 581/581 605/605 795/795
f 581/581 836/836 782/782
f 583/583 481/481 561/561
f 583/583 496/496 596/596
f 583/583 1238/1238 953/953
f 584/584 20/20 748/748
f 584/584 524/524 636/636
f 584/584 601/601 524/524
f 585/585 464/464 602/602
f 585/585 655/655 280/280
f 586/586 414/414 298/298
f 588/588 163/163 388/388
f 588/588 388/388 254/254
f 590/590 646/646 540/540
f 590/590 1057/1057 1307/1307
f 591/591 154/154 281/281
f 591/591 515/515 803/803
f 591/591 803/803 676/676
f 592/592 478/478 628/628
f 592/592 3250/3250 478/478
f 592/592 3315/3315 3250/3250
f 593/593 615/615 472/472
f 594/594 745/745 1298/1298
f 595/595 620/620 783/783
f 595/595 679/679 651/651
f 595/595 783/783 830/830
f 596/596 481/481 583/583
f 596/596 496/496 630/630
f 596/596 777/777 801/801
f 596/596 801/801 711/711
f 597/597 1348/1348 617/617
f 598/598 682/682 531/531
f 599/599 273/273 155/155
f 599/599 618/618 273/273
f 599/599 696/696 473/473
f 600/600 290/290 462/462
f 600/600 462/462 821/821
f 600/600 680/680 659/659
f 601/601 363/363 584/584
f 601/601 506/506 636/636
f 601/601 584/584 506/506
f 601/601 584/584 748/748
f 601/601 748/748 37/37
f 602/602 464/464 639/639
f 603/603 838/838 810/810
f 604/604 622/622 509/509
f 604/604 3196/3196 3325/3325
f 605/605 525/525 3377/3377
f 605/605 3377/3377 3153/3153
f 606/606 638/638 1323/1323
f 606/606 646/646 1339/1339
f 606/606 1209/1209 1339/1339
f 606/606 1315/1315 573/573
f 606/606 1315/1315 646/646
f 606/606 1339/1339 1307/1307
f 607/607 703/703 740/740
f 608/608 261/261 574/574
f 608/608 293/293 261/261
f 609/609 511/511 531/531
f 610/610 361/361 633/633
f 610/610 742/742 272/272
f 611/611 524/524 636/636
f 612/612 469/469 541/541
f 613/613 505/505 695/695
f 613/613 539/539 635/635
f 613/613 695/695 1090/1090
f 613/613 1300/1300 1479/1479
f 614/614 751/751 724/724
f 614/614 3206/3206 751/751
f 615/615 735/735 710/710
f 615/615 1377/1377 472/472
f 616/616 293/293 366/366
f 616/616 293/293 608/608
f 616/616 366/366 326/326
f 617/617 522/522 597/597
f 617/617 1348/1348 589/589
f 618/618 307/307 273/273
f 618/618 599/599 473/473
f 619/619 703/703 607/607
f 620/620 595/595 651/651
f 620/620 644/644 757/757
f 620/620 651/651 671/671
f 620/620 671/671 512/512
f 620/620 671/671 813/813
f 620/620 757/757 783/783
f 620/620 813/813 490/490
f 621/621 760/760 796/796
f 621/621 796/796 1344/1344
f 622/622 491/491 509/509
f 622/622 604/604 491/491
f 623/623 333/333 476/476
f 623/623 706/706 725/725
f 623/623 773/773 725/725
f 624/624 495/495 588/588
f 624/624 746/746 495/495
f 625/625 1294/1294 429/429
f 626/626 386/386 523/523
f 626/626 503/503 523/523
f 626/626 523/523 790/790
f 627/627 498/498 632/632
f 627/627 508/508 482/482
f 627/627 545/545 1392/1392
f 627/627 1487/1487 1310/1310
f 629/629 600/600 659/659
f 630/630 777/777 596/596
f 631/631 594/594 1298/1298
f 631/631 1298/1298 1248/1248
f 632/632 465/465 709/709
f 632/632 498/498 465/465
f 634/634 445/445 3187/3187
f 636/636 693/693 611/611
f 637/637 367/367 286/286
f 637/637 442/442 367/367
f 638/638 606/606 1307/1307
f 638/638 606/606 1339/1339
f 638/638 670/670 534/534
f 638/638 670/670 772/772
f 638/638 772/772 606/606
f 638/638 774/774 534/534
f 639/639 547/547 585/585
f 639/639 556/556 518/518
f 639/639 585/585 602/602
f 639/639 4728/4728 556/556
f 640/640 288/288 603/603
f 640/640 301/301 288/288
f 641/641 349/349 665/665
f 641/641 499/499 582/582
f 641/641 665/665 802/802
f 642/642 523/523 774/774
f 642/642 531/531 682/682
f 642/642 609/609 531/531
f 643/643 1337/1337 512/512
f 644/644 581/581 782/782
f 644/644 737/737 671/671
f 644/644 782/782 757/757
f 645/645 447/447 557/557
f 645/645 538/538 447/447
f 646/646 492/492 540/540
f 646/646 564/564 492/492
f 646/646 590/590 1307/1307
f 647/647 461/461 725/725
f 647/647 706/706 773/773
f 648/648 567/567 687/687
f 648/648 735/735 615/615
f 649/649 122/122 95/95
f 649/649 846/846 122/122
f 651/651 509/509 644/644
f 651/651 620/620 512/512
f 651/651 644/644 491/491
f 651/651 644/644 671/671
f 651/651 785/785 509/509
f 651/651 809/809 491/491
f 651/651 809/809 675/675
f 652/652 85/85 643/643
f 652/652 643/643 512/512
f 655/655 189/189 280/280
f 655/655 547/547 692/692
f 656/656 262/262 292/292
f 656/656 563/563 839/839
f 657/657 1084/1084 859/859
f 658/658 1086/1086 1073/1073
f 659/659 45/45 167/167
f 659/659 167/167 717/717
f 660/660 681/681 789/789
f 660/660 741/741 1071/1071
f 660/660 789/789 753/753
f 661/661 487/487 534/534
f 661/661 688/688 487/487
f 662/662 98/98 229/229
f 662/662 527/527 840/840
f 662/662 570/570 382/382
f 662/662 577/577 650/650
f 663/663 744/744 781/781
f 663/663 781/781 790/790
f 663/663 1046/1046 744/744
f 664/664 4653/4653 4625/4625
f 666/666 636/636 524/524
f 666/666 766/766 693/693
f 667/667 153/153 868/868
f 669/669 522/522 474/474
f 669/669 699/699 494/494
f 669/669 871/871 699/699
f 670/670 531/531 642/642
f 670/670 531/531 772/772
f 670/670 638/638 531/531
f 670/670 638/638 1307/1307
f 670/670 701/701 799/799
f 670/670 774/774 534/534
f 670/670 774/774 638/638
f 670/670 799/799 774/774
f 670/670 1057/1057 531/531
f 670/670 1057/1057 638/638
f 670/670 1101/1101 1073/1073
f 670/670 1483/1483 1057/1057
f 671/671 652/652 787/787
f 672/672 461/461 587/587
f 672/672 822/822 725/725
f 673/673 642/642 682/682
f 674/674 678/678 812/812
f 674/674 747/747 486/486
f 676/676 154/154 591/591
f 676/676 505/505 635/635
f 677/677 118/118 654/654
f 677/677 150/150 118/118
f 678/678 537/537 558/558
f 678/678 674/674 486/486
f 678/678 755/755 812/812
f 678/678 826/826 210/210
f 679/679 446/446 651/651
f 680/680 600/600 821/821
f 680/680 767/767 659/659
f 681/681 660/660 1071/1071
f 681/681 974/974 818/818
f 681/681 1114/1114 974/974
f 682/682 663/663 790/790
f 683/683 65/65 199/199
f 683/683 199/199 771/771
f 683/683 763/763 1108/1108
f 683/683 1108/1108 1149/1149
f 684/684 632/632 709/709
f 684/684 709/709 87/87
f 686/686 726/726 1136/1136
f 686/686 1080/1080 1070/1070
f 687/687 567/567 1152/1152
f 687/687 768/768 834/834
f 687/687 999/999 768/768
f 687/687 1152/1152 999/999
f 688/688 386/386 471/471
f 688/688 471/471 714/714
f 689/689 501/501 840/840
f 689/689 933/933 1064/1064
f 690/690 656/656 839/839
f 691/691 437/437 739/739
f 691/691 815/815 567/567
f 691/691 1146/1146 932/932
f 691/691 1920/1920 1146/1146
f 692/692 728/728 797/797
f 694/694 675/675 809/809
f 694/694 716/716 3020/3020
f 694/694 780/780 1088/1088
f 694/694 785/785 675/675
f 694/694 1088/1088 716/716
f 695/695 505/505 803/803
f 695/695 776/776 1090/1090
f 696/696 782/782 599/599
f 696/696 824/824 473/473
f 697/697 6/6 667/667
f 698/698 79/79 39/39
f 698/698 149/149 829/829
f 700/700 725/725 78/78
f 701/701 551/551 732/732
f 701/701 670/670 531/531
f 701/701 670/670 1073/1073
f 701/701 1073/1073 1122/1122
f 703/703 130/130 479/479
f 703/703 261/261 130/130
f 703/703 479/479 447/447
f 703/703 619/619 261/261
f 704/704 804/804 200/200
f 705/705 733/733 753/753
f 705/705 793/793 475/475
f 706/706 647/647 725/725
f 706/706 846/846 649/649
f 707/707 789/789 681/681
f 707/707 793/793 705/705
f 707/707 818/818 764/764
f 708/708 168/168 677/677
f 708/708 814/814 628/628
f 709/709 465/465 830/830
f 709/709 830/830 55/55
f 710/710 834/834 974/974
f 710/710 974/974 1170/1170
f 711/711 481/481 596/596
f 711/711 736/736 857/857
f 712/712 698/698 39/39
f 712/712 742/742 633/633
f 713/713 765/765 3074/3074
f 713/713 2993/2993 592/592
f 714/714 471/471 738/738
f 714/714 738/738 434/434
f 715/715 88/88 867/867
f 715/715 858/858 820/820
f 715/715 867/867 35/35
f 718/718 544/544 456/456
f 720/720 470/470 653/653
f 722/722 741/741 842/842
f 722/722 842/842 589/589
f 723/723 697/697 848/848
f 723/723 825/825 697/697
f 723/723 848/848 806/806
f 724/724 751/751 2890/2890
f 724/724 2890/2890 3017/3017
f 724/724 3017/3017 685/685
f 725/725 333/333 623/623
f 725/725 554/554 623/623
f 725/725 762/762 48/48
f 725/725 822/822 144/144
f 726/726 686/686 810/810
f 726/726 752/752 1136/1136
f 726/726 838/838 863/863
f 727/727 833/833 870/870
f 727/727 854/854 833/833
f 727/727 1018/1018 854/854
f 728/728 547/547 518/518
f 728/728 547/547 1067/1067
f 728/728 631/631 547/547
f 728/728 1191/1191 1298/1298
f 729/729 832/832 429/429
f 730/730 704/704 200/200
f 730/730 767/767 821/821
f 731/731 825/825 754/754
f 732/732 551/551 859/859
f 732/732 701/701 1122/1122
f 732/732 760/760 899/899
f 732/732 1086/1086 701/701
f 732/732 1182/1182 926/926
f 732/732 1182/1182 1086/1086
f 733/733 444/444 753/753
f 733/733 705/705 475/475
f 734/734 545/545 845/845
f 734/734 819/819 1034/1034
f 735/735 648/648 687/687
f 735/735 687/687 834/834
f 735/735 834/834 710/710
f 736/736 209/209 79/79
f 736/736 829/829 857/857
f 737/737 549/549 671/671
f 737/737 644/644 651/651
f 737/737 824/824 782/782
f 738/738 854/854 434/434
f 740/740 292/292 607/607
f 740/740 656/656 292/292
f 740/740 703/703 447/447
f 741/741 869/869 842/842
f 741/741 1156/1156 1071/1071
f 742/742 193/193 272/272
f 742/742 610/610 633/633
f 742/742 712/712 39/39
f 743/743 211/211 16/16
f 743/743 775/775 650/650
f 743/743 1144/1144 211/211
f 743/743 1144/1144 851/851
f 744/744 727/727 870/870
f 745/745 594/594 461/461
f 745/745 728/728 1298/1298
f 745/745 773/773 728/728
f 745/745 811/811 728/728
f 746/746 819/819 845/845
f 746/746 845/845 495/495
f 747/747 61/61 715/715
f 747/747 715/715 820/820
f 747/747 820/820 486/486
f 748/748 524/524 601/601
f 748/748 601/601 524/524
f 749/749 470/470 720/720
f 749/749 720/720 45/45
f 749/749 770/770 475/475
f 749/749 793/793 764/764
f 750/750 664/664 4625/4625
f 750/750 933/933 664/664
f 750/750 1155/1155 933/933
f 750/750 4625/4625 1190/1190
f 750/750 4625/4625 4634/4634
f 751/751 1168/1168 2890/2890
f 752/752 726/726 844/844
f 752/752 844/844 971/971
f 752/752 971/971 1136/1136
f 753/753 741/741 660/660
f 754/754 455/455 3366/3366
f 754/754 806/806 455/455
f 755/755 33/33 812/812
f 755/755 678/678 210/210
f 756/756 432/432 513/513
f 756/756 513/513 630/630
f 756/756 792/792 953/953
f 757/757 412/412 36/36
f 757/757 782/782 412/412
f 758/758 921/921 4695/4695
f 758/758 4695/4695 4688/4688
f 759/759 3158/3158 794/794
f 760/760 796/796 948/948
f 760/760 899/899 732/732
f 760/760 926/926 796/796
f 760/760 926/926 890/890
f 761/761 193/193 14/14
f 761/761 676/676 635/635
f 762/762 192/192 48/48
f 762/762 283/283 192/192
f 762/762 461/461 476/476
f 763/763 787/787 519/519
f 763/763 908/908 1108/1108
f 764/764 818/818 849/849
f 764/764 849/849 841/841
f 765/765 452/452 493/493
f 765/765 592/592 452/452
f 765/765 685/685 3074/3074
f 765/765 713/713 592/592
f 765/765 856/856 685/685
f 766/766 524/524 693/693
f 766/766 666/666 524/524
f 767/767 21/21 45/45
f 767/767 45/45 659/659
f 767/767 680/680 821/821
f 767/767 730/730 21/21
f 768/768 999/999 807/807
f 769/769 655/655 692/692
f 769/769 940/940 655/655
f 770/770 21/21 200/200
f 770/770 749/749 21/21
f 771/771 199/199 813/813
f 771/771 813/813 683/683
f 772/772 531/531 874/874
f 772/772 874/874 1315/1315
f 772/772 1315/1315 606/606
f 773/773 461/461 647/647
f 773/773 623/623 476/476
f 773/773 647/647 725/725
f 773/773 706/706 649/649
f 773/773 745/745 461/461
f 773/773 745/745 728/728
f 773/773 811/811 435/435
f 773/773 853/853 728/728
f 774/774 534/534 638/638
f 774/774 642/642 673/673
f 774/774 661/661 534/534
f 774/774 670/670 638/638
f 774/774 670/670 642/642
f 775/775 477/477 650/650
f 775/775 743/743 16/16
f 776/776 803/803 668/668
f 776/776 892/892 1090/1090
f 776/776 3168/3168 892/892
f 777/777 533/533 500/500
f 778/778 665/665 702/702
f 778/778 702/702 704/704
f 778/778 704/704 852/852
f 779/779 666/666 693/693
f 779/779 798/798 666/666
f 779/779 2973/2973 3172/3172
f 779/779 4693/4693 3172/3172
f 779/779 4693/4693 4623/4623
f 780/780 893/893 694/694
f 780/780 893/893 1088/1088
f 780/780 1088/1088 716/716
f 781/781 626/626 790/790
f 781/781 744/744 870/870
f 782/782 11/11 412/412
f 782/782 11/11 541/541
f 782/782 824/824 599/599
f 782/782 836/836 11/11
f 783/783 36/36 55/55
f 783/783 757/757 36/36
f 784/784 758/758 4688/4688
f 785/785 473/473 509/509
f 785/785 651/651 675/675
f 785/785 3121/3121 473/473
f 785/785 3157/3157 3121/3121
f 786/786 615/615 710/710
f 786/786 877/877 1377/1377
f 786/786 1377/1377 615/615
f 787/787 652/652 512/512
f 787/787 671/671 620/620
f 787/787 763/763 683/683
f 788/788 349/349 871/871
f 788/788 474/474 842/842
f 788/788 669/669 474/474
f 788/788 871/871 669/669
f 789/789 705/705 753/753
f 789/789 707/707 705/705
f 790/790 523/523 673/673
f 790/790 673/673 642/642
f 791/791 817/817 588/588
f 792/792 496/496 953/953
f 792/792 756/756 496/496
f 793/793 707/707 764/764
f 793/793 749/749 475/475
f 794/794 54/54 759/759
f 794/794 2991/2991 54/54
f 795/795 605/605 3153/3153
f 795/795 3153/3153 3714/3714
f 796/796 760/760 890/890
f 796/796 890/890 1019/1019
f 796/796 1244/1244 1313/1313
f 797/797 769/769 692/692
f 797/797 823/823 60/60
f 798/798 779/779 666/666
f 798/798 779/779 3172/3172
f 798/798 3172/3172 4681/4681
f 798/798 4652/4652 666/666
f 798/798 4681/4681 4652/4652
f 799/799 609/609 642/642
f 799/799 642/642 774/774
f 799/799 701/701 859/859
f 799/799 859/859 560/560
f 799/799 859/859 970/970
f 799/799 970/970 859/859
f 800/800 110/110 186/186
f 800/800 499/499 802/802
f 800/800 504/504 385/385
f 800/800 861/861 582/582
f 801/801 777/777 500/500
f 802/802 665/665 778/778
f 803/803 776/776 695/695
f 804/804 444/444 475/475
f 804/804 770/770 200/200
f 804/804 827/827 444/444
f 805/805 42/42 71/71
f 806/806 449/449 455/455
f 807/807 981/981 841/841
f 808/808 3656/3656 35/35
f 809/809 512/512 651/651
f 809/809 512/512 893/893
f 809/809 651/651 491/491
f 809/809 651/651 512/512
f 809/809 780/780 694/694
f 809/809 893/893 780/780
f 810/810 348/348 603/603
f 811/811 435/435 728/728
f 811/811 728/728 435/435
f 811/811 745/745 773/773
f 811/811 773/773 728/728
f 812/812 843/843 674/674
f 813/813 185/185 239/239
f 813/813 185/185 652/652
f 813/813 199/199 185/185
f 813/813 652/652 671/671
f 813/813 671/671 787/787
f 813/813 787/787 683/683
f 814/814 452/452 628/628
f 814/814 835/835 452/452
f 815/815 691/691 932/932
f 816/816 981/981 807/807
f 816/816 999/999 981/981
f 817/817 163/163 588/588
f 817/817 684/684 163/163
f 818/818 707/707 681/681
f 818/818 974/974 1025/1025
f 818/818 1025/1025 849/849
f 819/819 734/734 845/845
f 819/819 952/952 1154/1154
f 819/819 1154/1154 1034/1034
f 819/819 3096/3096 952/952
f 820/820 463/463 486/486
f 820/820 858/858 463/463
f 821/821 852/852 730/730
f 822/822 672/672 4656/4656
f 822/822 725/725 144/144
f 822/822 4656/4656 4674/4674
f 822/822 4674/4674 144/144
f 823/823 797/797 728/728
f 823/823 853/853 95/95
f 824/824 473/473 599/599
f 824/824 696/696 3024/3024
f 824/824 737/737 473/473
f 824/824 3024/3024 3101/3101
f 825/825 6/6 697/697
f 825/825 91/91 6/6
f 825/825 723/723 806/806
f 825/825 806/806 754/754
f 826/826 678/678 558/558
f 826/826 861/861 74/74
f 827/827 80/80 100/100
f 827/827 521/521 444/444
f 827/827 804/804 80/80
f 827/827 850/850 488/488
f 828/828 497/497 520/520
f 828/828 520/520 3366/3366
f 829/829 149/149 857/857
f 829/829 736/736 79/79
f 830/830 783/783 55/55
f 831/831 796/796 1019/1019
f 831/831 959/959 796/796
f 832/832 555/555 429/429
f 833/833 453/453 870/870
f 833/833 738/738 453/453
f 834/834 768/768 935/935
f 834/834 1025/1025 974/974
f 835/835 677/677 865/865
f 835/835 708/708 677/677
f 835/835 814/814 708/708
f 835/835 865/865 493/493
f 836/836 134/134 11/11
f 836/836 581/581 795/795
f 836/836 795/795 25/25
f 837/837 1023/1023 973/973
f 838/838 566/566 863/863
f 838/838 726/726 810/810
f 840/840 4663/4663 689/689
f 843/843 61/61 747/747
f 843/843 747/747 674/674
f 844/844 432/432 718/718
f 844/844 432/432 971/971
f 844/844 726/726 863/863
f 844/844 863/863 718/718
f 845/845 482/482 495/495
f 846/846 71/71 122/122
f 846/846 706/706 623/623
f 846/846 805/805 71/71
f 847/847 569/569 699/699
f 847/847 690/690 569/569
f 848/848 449/449 806/806
f 848/848 542/542 449/449
f 848/848 697/697 667/667
f 849/849 807/807 841/841
f 849/849 1025/1025 807/807
f 850/850 430/430 488/488
f 850/850 827/827 100/100
f 851/851 743/743 650/650
f 852/852 428/428 778/778
f 852/852 704/704 730/730
f 853/853 649/649 95/95
f 853/853 773/773 649/649
f 853/853 823/823 728/728
f 854/854 543/543 434/434
f 854/854 738/738 833/833
f 854/854 1018/1018 543/543
f 855/855 959/959 1019/1019
f 856/856 493/493 724/724
f 856/856 724/724 685/685
f 856/856 765/765 493/493
f 857/857 424/424 561/561
f 858/858 433/433 463/463
f 858/858 715/715 38/38
f 859/859 536/536 657/657
f 859/859 551/551 560/560
f 859/859 560/560 536/536
f 859/859 701/701 732/732
f 859/859 970/970 560/560
f 860/860 837/837 973/973
f 861/861 186/186 74/74
f 861/861 466/466 582/582
f 861/861 800/800 186/186
f 862/862 667/667 868/868
f 862/862 848/848 667/667
f 863/863 544/544 718/718
f 864/864 68/68 731/731
f 864/864 731/731 520/520
f 865/865 514/514 493/493
f 865/865 677/677 654/654
f 865/865 2955/2955 514/514
f 866/866 502/502 4663/4663
f 866/866 4663/4663 840/840
f 868/868 73/73 2943/2943
f 868/868 153/153 73/73
f 869/869 521/521 842/842
f 869/869 741/741 753/753
f 871/871 847/847 699/699
f 872/872 546/546 718/718
f 872/872 718/718 456/456
f 873/873 784/784 4688/4688
f 873/873 1011/1011 1072/1072
f 873/873 1011/1011 1175/1175
f 873/873 1072/1072 784/784
f 874/874 951/951 1315/1315
f 874/874 1111/1111 951/951
f 874/874 1483/1483 1111/1111
f 875/875 1935/1935 925/925
f 876/876 1111/1111 1260/1260
f 876/876 1116/1116 1301/1301
f 876/876 1301/1301 1120/1120
f 877/877 710/710 1170/1170
f 877/877 786/786 710/710
f 877/877 923/923 1377/1377
f 878/878 1412/1412 1112/1112
f 878/878 1460/1460 1412/1412
f 879/879 931/931 982/982
f 879/879 1032/1032 2861/2861
f 879/879 1060/1060 2825/2825
f 879/879 1082/1082 931/931
f 879/879 2812/2812 1082/1082
f 879/879 2825/2825 2811/2811
f 879/879 2825/2825 2918/2918
f 879/879 2861/2861 1060/1060
f 880/880 1110/1110 1986/1986
f 881/881 1014/1014 1132/1132
f 881/881 1132/1132 1268/1268
f 881/881 2826/2826 1014/1014
f 882/882 983/983 1109/1109
f 882/882 1017/1017 1382/1382
f 882/882 1472/1472 1017/1017
f 883/883 997/997 1357/1357
f 884/884 501/501 689/689
f 884/884 689/689 1064/1064
f 884/884 1064/1064 933/933
f 884/884 1489/1489 501/501
f 885/885 1047/1047 917/917
f 885/885 1242/1242 1047/1047
f 886/886 918/918 2830/2830
f 887/887 1186/1186 1152/1152
f 887/887 1296/1296 932/932
f 888/888 1059/1059 1097/1097
f 888/888 1075/1075 1059/1059
f 889/889 928/928 1112/1112
f 889/889 1973/1973 2021/2021
f 889/889 2265/2265 1973/1973
f 890/890 926/926 996/996
f 890/890 996/996 910/910
f 890/890 1019/1019 796/796
f 891/891 1409/1409 1349/1349
f 891/891 1800/1800 1166/1166
f 892/892 897/897 1090/1090
f 893/893 512/512 1485/1485
f 893/893 780/780 694/694
f 893/893 998/998 1088/1088
f 893/893 1485/1485 998/998
f 894/894 1034/1034 1154/1154
f 894/894 1130/1130 1487/1487
f 895/895 946/946 1162/1162
f 895/895 1162/1162 1253/1253
f 895/895 1253/1253 1340/1340
f 896/896 1160/1160 1023/1023
f 896/896 1410/1410 954/954
f 897/897 1095/1095 944/944
f 898/898 1414/1414 1036/1036
f 899/899 760/760 621/621
f 899/899 760/760 948/948
f 899/899 1182/1182 732/732
f 899/899 1344/1344 1448/1448
f 900/900 978/978 1100/1100
f 900/900 1494/1494 1176/1176
f 901/901 1151/1151 1917/1917
f 901/901 1324/1324 1151/1151
f 902/902 756/756 953/953
f 902/902 953/953 886/886
f 903/903 941/941 1086/1086
f 903/903 1301/1301 941/941
f 903/903 1301/1301 1483/1483
f 903/903 1347/1347 1301/1301
f 903/903 1396/1396 1363/1363
f 904/904 1012/1012 1052/1052
f 904/904 1903/1903 4553/4553
f 905/905 922/922 1070/1070
f 905/905 1115/1115 922/922
f 906/906 1322/1322 1105/1105
f 907/907 943/943 1399/1399
f 907/907 1054/1054 943/943
f 908/908 763/763 519/519
f 909/909 942/942 1449/1449
f 909/909 1497/1497 1104/1104
f 909/909 1501/1501 906/906
f 910/910 996/996 1426/1426
f 911/911 997/997 1865/1865
f 911/911 1865/1865 2264/2264
f 912/912 919/919 2054/2054
f 912/912 1355/1355 919/919
f 913/913 1049/1049 1419/1419
f 914/914 1161/1161 1099/1099
f 915/915 2719/2719 881/881
f 916/916 969/969 1257/1257
f 916/916 1282/1282 1190/1190
f 916/916 4698/4698 4535/4535
f 917/917 1047/1047 1091/1091
f 917/917 1402/1402 885/885
f 918/918 1074/1074 1153/1153
f 918/918 1153/1153 2903/2903
f 918/918 2805/2805 2830/2830
f 919/919 1283/1283 2069/2069
f 919/919 2069/2069 1972/1972
f 920/920 972/972 1167/1167
f 920/920 1045/1045 1831/1831
f 920/920 1310/1310 1888/1888
f 920/920 1831/1831 2092/2092
f 920/920 1888/1888 1863/1863
f 921/921 1103/1103 986/986
f 921/921 1126/1126 4589/4589
f 921/921 4546/4546 4695/4695
f 922/922 1893/1893 2142/2142
f 922/922 2015/2015 1893/1893
f 923/923 1114/1114 1071/1071
f 923/923 1417/1417 1377/1377
f 924/924 1068/1068 1112/1112
f 926/926 760/760 732/732
f 926/926 890/890 796/796
f 926/926 967/967 996/996
f 926/926 1122/1122 1089/1089
f 928/928 889/889 2021/2021
f 928/928 960/960 1112/1112
f 929/929 938/938 1840/1840
f 929/929 1321/1321 938/938
f 930/930 1369/1369 1314/1314
f 931/931 1289/1289 1441/1441
f 931/931 1441/1441 1419/1419
f 933/933 689/689 664/664
f 933/933 1094/1094 1155/1155
f 933/933 1155/1155 1094/1094
f 933/933 1155/1155 1239/1239
f 933/933 1425/1425 884/884
f 934/934 1037/1037 1297/1297
f 935/935 768/768 807/807
f 936/936 1374/1374 963/963
f 936/936 1427/1427 939/939
f 937/937 1015/1015 1105/1105
f 938/938 901/901 1878/1878
f 938/938 1286/1286 901/901
f 940/940 769/769 797/797
f 940/940 797/797 23/23
f 940/940 1081/1081 655/655
f 940/940 2095/2095 1081/1081
f 941/941 1057/1057 540/540
f 941/941 1057/1057 1086/1086
f 941/941 1111/1111 1462/1462
f 941/941 1301/1301 903/903
f 941/941 1301/1301 1111/1111
f 941/941 1396/1396 1120/1120
f 941/941 1462/1462 973/973
f 941/941 1462/1462 1323/1323
f 942/942 909/909 1104/1104
f 942/942 966/966 1407/1407
f 942/942 1065/1065 1171/1171
f 943/943 1083/1083 1385/1385
f 943/943 1367/1367 1399/1399
f 943/943 1385/1385 1367/1367
f 944/944 988/988 1053/1053
f 945/945 1386/1386 956/956
f 946/946 1120/1120 1162/1162
f 946/946 1457/1457 1260/1260
f 946/946 2040/2040 1457/1457
f 947/947 876/876 1375/1375
f 947/947 1046/1046 876/876
f 947/947 1406/1406 1445/1445
f 949/949 910/910 1426/1426
f 949/949 981/981 910/910
f 949/949 1389/1389 841/841
f 950/950 1066/1066 995/995
f 950/950 1429/1429 1458/1458
f 951/951 606/606 1315/1315
f 951/951 1315/1315 606/606
f 952/952 1096/1096 1154/1154
f 952/952 1154/1154 975/975
f 952/952 1404/1404 1208/1208
f 952/952 2915/2915 1404/1404
f 953/953 918/918 886/886
f 953/953 1074/1074 918/918
f 953/953 1238/1238 1117/1117
f 954/954 1410/1410 1342/1342
f 955/955 743/743 851/851
f 955/955 884/884 1425/1425
f 955/955 1144/1144 743/743
f 956/956 1386/1386 1488/1488
f 957/957 933/933 1239/1239
f 958/958 1005/1005 1164/1164
f 959/959 796/796 831/831
f 959/959 831/831 1019/1019
f 959/959 855/855 1186/1186
f 959/959 948/948 796/796
f 959/959 1186/1186 948/948
f 959/959 1186/1186 1244/1244
f 959/959 1244/1244 831/831
f 960/960 928/928 2021/2021
f 960/960 1075/1075 888/888
f 960/960 1138/1138 1112/1112
f 960/960 2077/2077 1828/1828
f 961/961 1001/1001 1401/1401
f 961/961 1163/1163 1001/1001
f 961/961 1401/1401 1497/1497
f 961/961 1497/1497 906/906
f 962/962 1129/1129 1194/1194
f 962/962 1161/1161 1129/1129
f 964/964 903/903 1086/1086
f 964/964 1347/1347 903/903
f 965/965 1028/1028 1225/1225
f 965/965 1225/1225 1248/1248
f 966/966 942/942 1171/1171
f 966/966 1171/1171 2106/2106
f 967/967 926/926 1089/1089
f 967/967 1089/1089 1213/1213
f 967/967 1481/1481 1431/1431
f 968/968 895/895 1162/1162
f 968/968 1102/1102 990/990
f 969/969 916/916 4535/4535
f 969/969 1004/1004 1257/1257
f 970/970 732/732 1084/1084
f 970/970 859/859 732/732
f 971/971 1006/1006 1136/1136
f 971/971 1177/1177 1142/1142
f 971/971 1177/1177 1217/1217
f 971/971 1380/1380 1021/1021
f 972/972 920/920 1863/1863
f 972/972 1007/1007 1167/1167
f 973/973 1260/1260 1396/1396
f 973/973 1396/1396 1462/1462
f 973/973 1462/1462 860/860
f 973/973 1462/1462 1477/1477
f 974/974 1114/1114 1170/1170
f 976/976 1056/1056 1482/1482
f 976/976 1230/1230 1033/1033
f 977/977 1149/1149 1108/1108
f 977/977 1180/1180 1357/1357
f 977/977 1357/1357 1246/1246
f 977/977 1500/1500 1868/1868
f 977/977 1868/1868 2047/2047
f 977/977 2047/2047 1149/1149
f 978/978 1014/1014 2771/2771
f 978/978 1176/1176 1014/1014
f 978/978 2680/2680 1100/1100
f 978/978 2771/2771 2677/2677
f 979/979 1211/1211 1113/1113
f 979/979 1432/1432 1475/1475
f 979/979 1475/1475 1211/1211
f 980/980 1031/1031 1055/1055
f 980/980 1872/1872 1031/1031
f 981/981 999/999 1019/1019
f 981/981 1019/1019 910/910
f 981/981 1098/1098 841/841
f 982/982 931/931 1419/1419
f 983/983 882/882 1382/1382
f 983/983 1035/1035 1076/1076
f 983/983 1076/1076 1109/1109
f 984/984 940/940 2057/2057
f 985/985 1034/1034 1392/1392
f 985/985 1189/1189 1154/1154
f 985/985 1421/1421 2620/2620
f 985/985 2882/2882 2764/2764
f 986/986 1103/1103 1036/1036
f 987/987 1101/1101 1420/1420
f 988/988 944/944 1063/1063
f 988/988 1165/1165 1053/1053
f 989/989 2048/2048 2889/2889
f 989/989 2889/2889 2851/2851
f 990/990 1030/1030 1226/1226
f 990/990 1448/1448 1030/1030
f 991/991 947/947 1445/1445
f 992/992 1139/1139 1262/1262
f 992/992 1188/1188 1139/1139
f 992/992 1428/1428 1478/1478
f 992/992 1439/1439 1188/1188
f 993/993 913/913 1419/1419
f 993/993 1187/1187 913/913
f 994/994 923/923 1071/1071
f 994/994 1017/1017 1446/1446
f 995/995 1192/1192 1975/1975
f 995/995 1429/1429 950/950
f 996/996 967/967 1431/1431
f 996/996 1431/1431 1426/1426
f 997/997 929/929 1809/1809
f 997/997 1223/1223 929/929
f 997/997 1854/1854 1865/1865
f 997/997 2137/2137 1909/1909
f 998/998 1121/1121 1088/1088
f 998/998 1130/1130 958/958
f 999/999 816/816 807/807
f 999/999 831/831 1019/1019
f 999/999 959/959 831/831
f 1000/1000 953/953 1117/1117
f 1000/1000 1074/1074 953/953
f 1000/1000 1117/1117 1153/1153
f 1001/1001 1163/1163 1118/1118
f 1001/1001 1358/1358 1401/1401
f 1002/1002 1054/1054 1181/1181
f 1002/1002 1972/1972 2297/2297
f 1003/1003 1119/1119 1039/1039
f 1004/1004 969/969 4535/4535
f 1004/1004 1207/1207 1257/1257
f 1004/1004 2868/2868 1207/1207
f 1005/1005 1096/1096 952/952
f 1005/1005 1130/1130 1096/1096
f 1006/1006 971/971 1142/1142
f 1006/1006 1142/1142 1136/1136
f 1007/1007 972/972 1863/1863
f 1007/1007 1236/1236 1421/1421
f 1007/1007 1421/1421 1167/1167
f 1007/1007 1815/1815 1654/1654
f 1008/1008 1129/1129 1829/1829
f 1008/1008 1829/1829 1849/1849
f 1008/1008 1849/1849 1194/1194
f 1009/1009 880/880 1986/1986
f 1009/1009 1425/1425 1193/1193
f 1010/1010 886/886 2830/2830
f 1010/1010 902/902 886/886
f 1010/1010 1137/1137 902/902
f 1010/1010 1137/1137 1021/1021
f 1011/1011 873/873 1072/1072
f 1011/1011 873/873 4562/4562
f 1011/1011 4521/4521 4619/4619
f 1012/1012 1150/1150 956/956
f 1012/1012 1179/1179 1150/1150
f 1012/1012 1464/1464 1732/1732
f 1012/1012 1732/1732 2124/2124
f 1012/1012 2124/2124 1052/1052
f 1013/1013 1141/1141 2895/2895
f 1013/1013 1930/1930 1131/1131
f 1013/1013 2148/2148 1930/1930
f 1013/1013 2895/2895 2770/2770
f 1014/1014 2826/2826 2771/2771
f 1015/1015 1163/1163 1105/1105
f 1015/1015 1432/1432 979/979
f 1016/1016 1252/1252 1378/1378
f 1016/1016 1439/1439 992/992
f 1017/1017 994/994 1156/1156
f 1017/1017 1133/1133 1382/1382
f 1017/1017 1472/1472 1446/1446
f 1018/1018 1062/1062 854/854
f 1018/1018 1062/1062 1134/1134
f 1018/1018 1134/1134 927/927
f 1018/1018 1134/1134 1410/1410
f 1018/1018 1135/1135 1020/1020
f 1018/1018 1219/1219 543/543
f 1019/1019 831/831 796/796
f 1019/1019 890/890 910/910
f 1020/1020 991/991 1445/1445
f 1021/1021 1137/1137 1217/1217
f 1021/1021 1380/1380 902/902
f 1022/1022 1158/1158 1285/1285
f 1022/1022 1452/1452 1367/1367
f 1022/1022 2775/2775 1158/1158
f 1022/1022 2775/2775 2856/2856
f 1022/1022 2856/2856 1158/1158
f 1023/1023 1038/1038 973/973
f 1024/1024 934/934 1297/1297
f 1024/1024 1037/1037 934/934
f 1024/1024 2095/2095 984/984
f 1025/1025 834/834 935/935
f 1025/1025 935/935 807/807
f 1026/1026 1189/1189 2860/2860
f 1026/1026 2776/2776 975/975
f 1027/1027 963/963 1480/1480
f 1027/1027 1035/1035 1201/1201
f 1028/1028 1433/1433 1992/1992
f 1029/1029 989/989 2851/2851
f 1030/1030 1040/1040 990/990
f 1030/1030 1474/1474 1226/1226
f 1031/1031 1254/1254 1055/1055
f 1032/1032 879/879 1147/1147
f 1032/1032 2791/2791 2861/2861
f 1033/1033 912/912 2054/2054
f 1034/1034 894/894 1392/1392
f 1034/1034 985/985 1154/1154
f 1034/1034 1154/1154 1208/1208
f 1035/1035 983/983 1443/1443
f 1035/1035 1484/1484 1201/1201
f 1037/1037 1024/1024 984/984
f 1037/1037 1148/1148 1297/1297
f 1037/1037 1220/1220 1148/1148
f 1038/1038 1107/1107 973/973
f 1038/1038 1457/1457 1107/1107
f 1038/1038 1633/1633 1469/1469
f 1039/1039 1119/1119 922/922
f 1039/1039 1176/1176 1218/1218
f 1040/1040 1085/1085 990/990
f 1040/1040 1820/1820 1085/1085
f 1041/1041 1241/1241 1349/1349
f 1041/1041 1409/1409 1496/1496
f 1042/1042 914/914 1099/1099
f 1042/1042 1264/1264 1161/1161
f 1043/1043 1495/1495 1084/1084
f 1044/1044 1092/1092 948/948
f 1044/1044 1186/1186 1474/1474
f 1044/1044 1474/1474 1092/1092
f 1045/1045 1167/1167 1831/1831
f 1045/1045 1487/1487 1167/1167
f 1046/1046 663/663 682/682
f 1046/1046 947/947 991/991
f 1046/1046 1116/1116 876/876
f 1046/1046 1157/1157 744/744
f 1047/1047 1242/1242 1091/1091
f 1048/1048 1111/1111 1477/1477
f 1048/1048 1477/1477 1111/1111
f 1049/1049 1187/1187 1852/1852
f 1049/1049 1216/1216 1419/1419
f 1049/1049 1852/1852 1928/1928
f 1051/1051 2660/2660 2925/2925
f 1054/1054 907/907 1181/1181
f 1054/1054 1002/1002 2297/2297
f 1054/1054 1083/1083 943/943
f 1056/1056 1169/1169 1482/1482
f 1056/1056 1902/1902 1169/1169
f 1057/1057 531/531 670/670
f 1057/1057 590/590 540/540
f 1057/1057 670/670 701/701
f 1057/1057 670/670 1307/1307
f 1057/1057 941/941 1301/1301
f 1057/1057 941/941 1323/1323
f 1057/1057 1323/1323 638/638
f 1057/1057 1483/1483 531/531
f 1058/1058 1011/1011 4619/4619
f 1059/1059 880/880 1009/1009
f 1059/1059 1239/1239 1097/1097
f 1060/1060 1263/1263 2825/2825
f 1060/1060 2918/2918 1106/1106
f 1061/1061 883/883 1357/1357
f 1061/1061 977/977 1108/1108
f 1061/1061 1108/1108 908/908
f 1061/1061 1343/1343 883/883
f 1062/1062 927/927 1134/1134
f 1062/1062 1018/1018 854/854
f 1062/1062 1018/1018 927/927
f 1063/1063 1095/1095 2935/2935
f 1065/1065 942/942 1104/1104
f 1065/1065 1104/1104 2099/2099
f 1065/1065 2138/2138 1989/1989
f 1066/1066 900/900 1100/1100
f 1066/1066 950/950 900/900
f 1066/1066 1210/1210 1338/1338
f 1067/1067 965/965 1248/1248
f 1067/1067 1498/1498 965/965
f 1068/1068 889/889 1112/1112
f 1069/1069 1143/1143 1270/1270
f 1069/1069 2067/2067 2141/2141
f 1070/1070 922/922 2142/2142
f 1072/1072 758/758 784/784
f 1072/1072 873/873 1175/1175
f 1072/1072 898/898 1036/1036
f 1072/1072 1175/1175 898/898
f 1073/1073 1101/1101 1143/1143
f 1074/1074 1000/1000 1153/1153
f 1075/1075 960/960 1828/1828
f 1075/1075 1110/1110 1059/1059
f 1076/1076 1027/1027 1453/1453
f 1076/1076 1035/1035 1027/1027
f 1076/1076 1280/1280 1231/1231
f 1077/1077 980/980 1055/1055
f 1077/1077 1199/1199 1287/1287
f 1078/1078 1069/1069 1270/1270
f 1078/1078 1127/1127 2067/2067
f 1078/1078 1200/1200 1329/1329
f 1078/1078 2067/2067 1069/1069
f 1079/1079 1451/1451 2880/2880
f 1079/1079 1909/1909 883/883
f 1080/1080 686/686 1136/1136
f 1080/1080 905/905 1070/1070
f 1081/1081 1225/1225 1433/1433
f 1081/1081 1433/1433 1067/1067
f 1082/1082 1289/1289 931/931
f 1083/1083 1054/1054 2847/2847
f 1083/1083 1203/1203 1385/1385
f 1083/1083 2847/2847 2813/2813
f 1084/1084 732/732 859/859
f 1084/1084 1279/1279 1463/1463
f 1084/1084 1463/1463 970/970
f 1085/1085 968/968 990/990
f 1085/1085 1851/1851 968/968
f 1086/1086 670/670 701/701
f 1086/1086 701/701 1073/1073
f 1086/1086 1057/1057 701/701
f 1086/1086 1483/1483 670/670
f 1087/1087 984/984 2057/2057
f 1087/1087 1037/1037 984/984
f 1087/1087 1901/1901 195/195
f 1088/1088 780/780 716/716
f 1088/1088 1121/1121 716/716
f 1089/1089 1122/1122 1178/1178
f 1089/1089 1305/1305 1213/1213
f 1090/1090 897/897 944/944
f 1090/1090 944/944 1053/1053
f 1091/1091 1214/1214 917/917
f 1091/1091 1887/1887 917/917
f 1092/1092 899/899 948/948
f 1092/1092 899/899 1448/1448
f 1092/1092 964/964 1182/1182
f 1092/1092 1182/1182 899/899
f 1092/1092 1448/1448 1275/1275
f 1093/1093 1041/1041 1496/1496
f 1093/1093 1212/1212 1041/1041
f 1093/1093 1781/1781 1212/1212
f 1095/1095 892/892 2833/2833
f 1095/1095 897/897 892/892
f 1095/1095 1063/1063 944/944
f 1095/1095 2913/2913 2935/2935
f 1096/1096 894/894 1154/1154
f 1098/1098 949/949 841/841
f 1098/1098 981/981 949/949
f 1099/1099 1050/1050 1113/1113
f 1099/1099 1113/1113 1042/1042
f 1099/1099 1161/1161 1140/1140
f 1101/1101 670/670 1307/1307
f 1101/1101 987/987 1143/1143
f 1101/1101 1307/1307 1420/1420
f 1102/1102 968/968 1162/1162
f 1102/1102 1249/1249 990/990
f 1103/1103 758/758 1072/1072
f 1103/1103 921/921 758/758
f 1103/1103 1072/1072 1036/1036
f 1104/1104 1320/1320 2099/2099
f 1105/1105 961/961 906/906
f 1105/1105 1322/1322 937/937
f 1106/1106 1232/1232 1060/1060
f 1106/1106 2825/2825 2811/2811
f 1107/1107 1396/1396 973/973
f 1109/1109 1076/1076 1231/1231
f 1110/1110 880/880 1059/1059
f 1110/1110 1075/1075 1828/1828
f 1110/1110 1871/1871 1986/1986
f 1111/1111 876/876 1260/1260
f 1111/1111 1048/1048 951/951
f 1111/1111 1260/1260 973/973
f 1111/1111 1301/1301 1120/1120
f 1111/1111 1301/1301 1260/1260
f 1111/1111 1462/1462 1477/1477
f 1113/1113 1050/1050 1118/1118
f 1113/1113 1118/1118 979/979
f 1113/1113 1264/1264 1042/1042
f 1114/1114 681/681 1071/1071
f 1114/1114 877/877 1170/1170
f 1114/1114 923/923 877/877
f 1115/1115 905/905 1080/1080
f 1115/1115 1039/1039 922/922
f 1115/1115 1080/1080 1136/1136
f 1115/1115 1132/1132 1039/1039
f 1116/1116 682/682 598/598
f 1116/1116 1046/1046 682/682
f 1116/1116 1302/1302 1301/1301
f 1117/1117 1165/1165 1153/1153
f 1118/1118 1050/1050 1001/1001
f 1118/1118 1163/1163 979/979
f 1119/1119 1003/1003 1494/1494
f 1119/1119 1303/1303 1354/1354
f 1119/1119 1494/1494 1303/1303
f 1119/1119 2015/2015 922/922
f 1120/1120 946/946 1260/1260
f 1120/1120 1260/1260 1111/1111
f 1120/1120 1301/1301 1162/1162
f 1120/1120 1301/1301 1396/1396
f 1120/1120 1311/1311 1396/1396
f 1120/1120 1396/1396 1260/1260
f 1120/1120 1396/1396 1457/1457
f 1121/1121 958/958 1164/1164
f 1121/1121 998/998 958/958
f 1122/1122 926/926 732/732
f 1122/1122 1073/1073 1178/1178
f 1123/1123 1079/1079 2880/2880
f 1123/1123 1909/1909 1079/1079
f 1124/1124 2188/2188 1900/1900
f 1125/1125 1276/1276 1400/1400
f 1125/1125 1400/1400 2629/2629
f 1126/1126 921/921 986/986
f 1126/1126 1328/1328 4589/4589
f 1127/1127 1078/1078 1329/1329
f 1128/1128 1171/1171 2026/2026
f 1128/1128 1896/1896 1935/1935
f 1128/1128 1935/1935 1896/1896
f 1129/1129 1008/1008 1194/1194
f 1129/1129 1697/1697 1829/1829
f 1129/1129 2525/2525 1697/1697
f 1130/1130 894/894 1096/1096
f 1130/1130 998/998 1172/1172
f 1130/1130 1005/1005 958/958
f 1130/1130 1250/1250 1487/1487
f 1131/1131 1016/1016 1141/1141
f 1131/1131 1252/1252 1016/1016
f 1131/1131 1930/1930 1252/1252
f 1132/1132 1115/1115 1318/1318
f 1132/1132 1176/1176 1039/1039
f 1132/1132 1318/1318 1268/1268
f 1133/1133 1017/1017 1156/1156
f 1133/1133 1156/1156 722/722
f 1133/1133 1247/1247 1382/1382
f 1134/1134 1018/1018 1020/1020
f 1134/1134 1020/1020 1471/1471
f 1134/1134 1317/1317 954/954
f 1135/1135 727/727 744/744
f 1135/1135 1018/1018 727/727
f 1135/1135 1157/1157 1020/1020
f 1137/1137 1010/1010 1021/1021
f 1137/1137 1010/1010 1415/1415
f 1137/1137 1021/1021 902/902
f 1138/1138 878/878 1112/1112
f 1138/1138 888/888 1097/1097
f 1138/1138 960/960 888/888
f 1138/1138 1460/1460 878/878
f 1139/1139 1029/1029 2784/2784
f 1139/1139 2784/2784 2709/2709
f 1140/1140 962/962 1194/1194
f 1140/1140 1161/1161 962/962
f 1140/1140 1267/1267 1099/1099
f 1141/1141 1013/1013 1131/1131
f 1141/1141 1051/1051 2925/2925
f 1141/1141 1284/1284 1051/1051
f 1141/1141 2925/2925 2770/2770
f 1142/1142 1115/1115 1136/1136
f 1142/1142 1217/1217 1268/1268
f 1143/1143 987/987 1420/1420
f 1144/1144 743/743 851/851
f 1144/1144 1258/1258 1927/1927
f 1144/1144 1927/1927 211/211
f 1145/1145 989/989 1029/1029
f 1145/1145 1864/1864 2048/2048
f 1145/1145 2048/2048 989/989
f 1146/1146 1196/1196 932/932
f 1146/1146 1953/1953 1196/1196
f 1147/1147 879/879 982/982
f 1147/1147 982/982 1274/1274
f 1148/1148 1290/1290 954/954
f 1148/1148 1317/1317 1408/1408
f 1150/1150 1179/1179 4588/4588
f 1150/1150 1353/1353 956/956
f 1150/1150 4424/4424 1353/1353
f 1150/1150 4588/4588 4424/4424
f 1151/1151 1185/1185 1917/1917
f 1152/1152 959/959 999/999
f 1154/1154 952/952 1208/1208
f 1154/1154 1026/1026 975/975
f 1155/1155 750/750 1190/1190
f 1156/1156 741/741 722/722
f 1156/1156 994/994 1071/1071
f 1157/1157 991/991 1020/1020
f 1157/1157 1046/1046 991/991
f 1157/1157 1135/1135 744/744
f 1159/1159 882/882 1109/1109
f 1159/1159 1109/1109 1231/1231
f 1160/1160 896/896 954/954
f 1160/1160 1038/1038 1023/1023
f 1161/1161 914/914 1042/1042
f 1162/1162 1340/1340 1120/1120
f 1162/1162 1455/1455 1253/1253
f 1163/1163 961/961 1105/1105
f 1163/1163 1015/1015 979/979
f 1164/1164 716/716 1121/1121
f 1164/1164 1005/1005 952/952
f 1165/1165 988/988 1183/1183
f 1165/1165 1183/1183 1153/1153
f 1165/1165 1202/1202 1053/1053
f 1166/1166 1127/1127 1329/1329
f 1166/1166 1979/1979 2023/2023
f 1166/1166 2023/2023 1127/1127
f 1167/1167 1208/1208 1685/1685
f 1167/1167 1392/1392 1208/1208
f 1167/1167 1421/1421 1392/1392
f 1168/1168 2776/2776 2860/2860
f 1168/1168 2860/2860 2890/2890
f 1169/1169 1125/1125 1370/1370
f 1169/1169 1370/1370 2658/2658
f 1171/1171 1065/1065 1989/1989
f 1171/1171 1128/1128 1896/1896
f 1171/1171 1896/1896 2106/2106
f 1171/1171 1989/1989 2026/2026
f 1172/1172 998/998 1356/1356
f 1173/1173 1389/1389 1426/1426
f 1173/1173 1990/1990 653/653
f 1174/1174 1119/1119 1354/1354
f 1174/1174 2125/2125 1991/1991
f 1175/1175 1011/1011 1058/1058
f 1175/1175 1058/1058 898/898
f 1176/1176 978/978 900/900
f 1176/1176 1132/1132 1014/1014
f 1176/1176 1494/1494 1218/1218
f 1177/1177 971/971 1021/1021
f 1177/1177 971/971 1217/1217
f 1177/1177 1217/1217 1142/1142
f 1178/1178 1073/1073 1143/1143
f 1179/1179 904/904 4553/4553
f 1179/1179 1012/1012 904/904
f 1179/1179 4565/4565 4588/4588
f 1180/1180 977/977 1061/1061
f 1180/1180 1061/1061 1357/1357
f 1181/1181 907/907 1399/1399
f 1181/1181 1825/1825 1972/1972
f 1181/1181 1972/1972 1002/1002
f 1182/1182 719/719 926/926
f 1182/1182 732/732 899/899
f 1182/1182 964/964 1086/1086
f 1182/1182 1092/1092 964/964
f 1183/1183 988/988 1063/1063
f 1183/1183 2870/2870 1153/1153
f 1184/1184 1314/1314 1369/1369
f 1185/1185 920/920 2092/2092
f 1185/1185 2092/2092 1917/1917
f 1186/1186 887/887 1030/1030
f 1186/1186 959/959 1152/1152
f 1186/1186 1044/1044 948/948
f 1186/1186 1331/1331 1226/1226
f 1186/1186 1387/1387 1244/1244
f 1186/1186 1474/1474 1387/1387
f 1187/1187 993/993 1441/1441
f 1187/1187 1049/1049 913/913
f 1187/1187 1335/1335 2007/2007
f 1187/1187 2007/2007 1852/1852
f 1188/1188 1029/1029 1139/1139
f 1188/1188 1145/1145 1029/1029
f 1189/1189 985/985 2764/2764
f 1189/1189 1026/1026 1154/1154
f 1189/1189 2764/2764 2860/2860
f 1190/1190 1388/1388 1155/1155
f 1191/1191 728/728 1067/1067
f 1191/1191 1067/1067 1248/1248
f 1192/1192 995/995 1066/1066
f 1192/1192 1066/1066 1338/1338
f 1193/1193 1059/1059 1009/1009
f 1195/1195 1360/1360 917/917
f 1195/1195 2012/2012 917/917
f 1196/1196 887/887 932/932
f 1196/1196 1030/1030 887/887
f 1196/1196 1040/1040 1030/1030
f 1198/1198 528/528 557/557
f 1198/1198 557/557 586/586
f 1198/1198 1256/1256 1379/1379
f 1198/1198 1473/1473 528/528
f 1199/1199 1077/1077 1055/1055
f 1199/1199 1159/1159 1287/1287
f 1199/1199 1472/1472 1159/1159
f 1200/1200 1078/1078 1270/1270
f 1201/1201 1423/1423 1271/1271
f 1202/1202 1117/1117 1238/1238
f 1202/1202 1165/1165 1117/1117
f 1202/1202 1238/1238 1366/1366
f 1202/1202 1333/1333 1053/1053
f 1202/1202 1394/1394 1341/1341
f 1202/1202 1454/1454 1333/1333
f 1203/1203 1083/1083 2813/2813
f 1203/1203 2606/2606 1447/1447
f 1205/1205 1255/1255 2624/2624
f 1205/1205 2624/2624 2645/2645
f 1205/1205 2752/2752 1345/1345
f 1206/1206 1261/1261 4470/4470
f 1206/1206 4470/4470 4343/4343
f 1207/1207 1384/1384 1412/1412
f 1207/1207 2646/2646 1384/1384
f 1208/1208 1404/1404 1685/1685
f 1209/1209 1329/1329 1200/1200
f 1210/1210 1066/1066 1100/1100
f 1210/1210 1100/1100 2616/2616
f 1210/1210 2648/2648 1338/1338
f 1211/1211 979/979 1475/1475
f 1211/1211 1264/1264 1113/1113
f 1211/1211 1352/1352 1376/1376
f 1211/1211 1475/1475 1352/1352
f 1212/1212 1691/1691 1715/1715
f 1212/1212 1715/1715 1041/1041
f 1214/1214 1360/1360 917/917
f 1215/1215 1172/1172 1356/1356
f 1215/1215 1403/1403 1250/1250
f 1216/1216 1274/1274 1419/1419
f 1216/1216 1335/1335 1391/1391
f 1216/1216 1391/1391 1274/1274
f 1217/1217 1177/1177 1021/1021
f 1217/1217 1415/1415 1268/1268
f 1219/1219 543/543 1278/1278
f 1219/1219 576/576 1245/1245
f 1219/1219 1018/1018 1410/1410
f 1219/1219 1278/1278 543/543
f 1219/1219 1493/1493 1245/1245
f 1220/1220 438/438 1411/1411
f 1220/1220 565/565 457/457
f 1220/1220 578/578 565/565
f 1220/1220 1037/1037 1087/1087
f 1220/1220 1290/1290 1148/1148
f 1221/1221 973/973 1477/1477
f 1221/1221 1469/1469 1342/1342
f 1221/1221 1477/1477 1260/1260
f 1222/1222 1272/1272 1456/1456
f 1222/1222 1299/1299 1390/1390
f 1222/1222 1390/1390 1418/1418
f 1223/1223 439/439 1321/1321
f 1223/1223 997/997 911/911
f 1223/1223 1321/1321 929/929
f 1224/1224 1279/1279 1084/1084
f 1224/1224 1495/1495 1797/1797
f 1224/1224 1797/1797 1852/1852
f 1225/1225 1028/1028 1992/1992
f 1225/1225 1081/1081 1067/1067
f 1225/1225 1789/1789 1433/1433
f 1227/1227 1689/1689 1728/1728
f 1227/1227 1728/1728 1769/1769
f 1227/1227 2737/2737 1276/1276
f 1228/1228 1364/1364 1353/1353
f 1228/1228 4464/4464 1749/1749
f 1229/1229 1174/1174 1354/1354
f 1229/1229 1429/1429 1623/1623
f 1229/1229 1646/1646 2125/2125
f 1229/1229 2125/2125 1174/1174
f 1230/1230 912/912 1033/1033
f 1230/1230 1355/1355 912/912
f 1231/1231 1280/1280 1668/1668
f 1232/1232 1106/1106 2811/2811
f 1232/1232 1263/1263 1060/1060
f 1234/1234 1266/1266 1399/1399
f 1235/1235 1267/1267 1194/1194
f 1236/1236 1007/1007 1654/1654
f 1236/1236 1654/1654 2478/2478
f 1236/1236 2730/2730 2620/2620
f 1237/1237 1381/1381 2660/2660
f 1238/1238 443/443 1366/1366
f 1238/1238 583/583 443/443
f 1239/1239 933/933 957/957
f 1239/1239 1204/1204 1097/1097
f 1239/1239 1295/1295 933/933
f 1239/1239 1388/1388 1204/1204
f 1241/1241 1715/1715 1368/1368
f 1242/1242 1214/1214 1091/1091
f 1242/1242 1402/1402 1259/1259
f 1242/1242 1435/1435 1214/1214
f 1243/1243 1358/1358 1444/1444
f 1243/1243 1586/1586 1197/1197
f 1244/1244 796/796 959/959
f 1244/1244 959/959 831/831
f 1245/1245 543/543 576/576
f 1245/1245 1209/1209 573/573
f 1245/1245 1405/1405 1209/1209
f 1245/1245 1430/1430 1299/1299
f 1246/1246 1357/1357 1531/1531
f 1246/1246 1500/1500 977/977
f 1247/1247 722/722 589/589
f 1247/1247 1133/1133 722/722
f 1247/1247 1348/1348 1443/1443
f 1247/1247 1443/1443 1382/1382
f 1248/1248 1067/1067 547/547
f 1248/1248 1225/1225 1067/1067
f 1249/1249 964/964 1092/1092
f 1249/1249 1102/1102 1162/1162
f 1249/1249 1347/1347 964/964
f 1249/1249 1448/1448 990/990
f 1250/1250 1130/1130 1172/1172
f 1250/1250 1172/1172 1215/1215
f 1250/1250 1372/1372 1487/1487
f 1251/1251 1592/1592 1424/1424
f 1252/1252 1439/1439 1378/1378
f 1252/1252 1450/1450 1439/1439
f 1252/1252 1930/1930 1737/1737
f 1253/1253 217/217 552/552
f 1254/1254 1199/1199 1055/1055
f 1254/1254 1309/1309 1397/1397
f 1254/1254 1397/1397 1309/1309
f 1255/1255 1407/1407 1698/1698
f 1256/1256 1198/1198 586/586
f 1256/1256 1791/1791 1379/1379
f 1257/1257 1207/1207 1412/1412
f 1258/1258 1009/1009 2113/2113
f 1258/1258 1144/1144 955/955
f 1258/1258 1425/1425 1009/1009
f 1258/1258 1695/1695 1927/1927
f 1259/1259 555/555 580/580
f 1260/1260 876/876 1120/1120
f 1260/1260 973/973 1221/1221
f 1260/1260 1111/1111 1120/1120
f 1260/1260 1120/1120 1396/1396
f 1261/1261 1058/1058 4619/4619
f 1261/1261 1206/1206 1626/1626
f 1261/1261 1414/1414 1058/1058
f 1261/1261 1595/1595 1764/1764
f 1261/1261 1626/1626 1595/1595
f 1261/1261 4454/4454 4470/4470
f 1262/1262 1139/1139 2709/2709
f 1262/1262 1332/1332 1428/1428
f 1263/1263 2593/2593 2711/2711
f 1263/1263 2711/2711 2825/2825
f 1264/1264 1211/1211 1376/1376
f 1264/1264 1312/1312 1161/1161
f 1264/1264 1376/1376 2740/2740
f 1264/1264 2717/2717 2691/2691
f 1265/1265 976/976 1482/1482
f 1265/1265 1230/1230 976/976
f 1265/1265 1482/1482 2658/2658
f 1266/1266 1735/1735 1314/1314
f 1267/1267 1140/1140 1194/1194
f 1267/1267 1235/1235 1424/1424
f 1267/1267 1308/1308 1099/1099
f 1267/1267 1383/1383 1491/1491
f 1268/1268 1115/1115 1142/1142
f 1268/1268 1415/1415 881/881
f 1270/1270 1143/1143 1420/1420
f 1271/1271 1459/1459 1201/1201
f 1272/1272 1222/1222 1418/1418
f 1273/1273 1408/1408 1471/1471
f 1274/1274 982/982 1419/1419
f 1275/1275 517/517 1438/1438
f 1275/1275 990/990 1226/1226
f 1275/1275 1438/1438 1253/1253
f 1275/1275 1438/1438 1455/1455
f 1276/1276 2863/2863 2884/2884
f 1276/1276 2884/2884 1400/1400
f 1277/1277 1220/1220 1087/1087
f 1278/1278 564/564 573/573
f 1278/1278 573/573 543/543
f 1278/1278 1315/1315 1359/1359
f 1279/1279 1224/1224 1658/1658
f 1280/1280 1076/1076 1453/1453
f 1280/1280 1453/1453 1721/1721
f 1280/1280 1705/1705 1668/1668
f 1281/1281 1703/1703 1864/1864
f 1281/1281 1864/1864 1145/1145
f 1282/1282 916/916 1257/1257
f 1282/1282 1257/1257 1412/1412
f 1282/1282 1388/1388 1190/1190
f 1282/1282 1460/1460 1204/1204
f 1283/1283 1513/1513 1700/1700
f 1283/1283 1700/1700 2069/2069
f 1284/1284 1141/1141 1478/1478
f 1284/1284 1478/1478 1016/1016
f 1284/1284 2660/2660 1051/1051
f 1286/1286 512/512 1324/1324
f 1286/1286 1324/1324 901/901
f 1287/1287 1159/1159 1231/1231
f 1288/1288 1350/1350 1781/1781
f 1288/1288 1767/1767 1554/1554
f 1288/1288 1781/1781 1767/1767
f 1289/1289 1335/1335 1441/1441
f 1290/1290 1220/1220 1411/1411
f 1290/1290 1410/1410 954/954
f 1290/1290 1493/1493 1410/1410
f 1291/1291 1403/1403 1215/1215
f 1292/1292 891/891 1166/1166
f 1292/1292 1166/1166 1329/1329
f 1292/1292 1329/1329 1209/1209
f 1292/1292 1405/1405 1299/1299
f 1293/1293 1181/1181 1399/1399
f 1293/1293 1576/1576 1707/1707
f 1293/1293 1707/1707 1825/1825
f 1293/1293 1825/1825 1181/1181
f 1294/1294 555/555 1259/1259
f 1294/1294 1325/1325 1360/1360
f 1294/1294 1402/1402 1325/1325
f 1294/1294 1435/1435 429/429
f 1295/1295 1059/1059 1193/1193
f 1295/1295 1193/1193 1393/1393
f 1295/1295 1239/1239 1059/1059
f 1295/1295 1393/1393 933/933
f 1296/1296 567/567 815/815
f 1296/1296 815/815 932/932
f 1296/1296 887/887 1152/1152
f 1297/1297 1148/1148 1408/1408
f 1298/1298 1191/1191 1248/1248
f 1299/1299 1222/1222 1496/1496
f 1299/1299 1430/1430 1390/1390
f 1300/1300 613/613 1090/1090
f 1300/1300 1490/1490 1479/1479
f 1301/1301 941/941 903/903
f 1301/1301 941/941 1120/1120
f 1301/1301 941/941 1396/1396
f 1301/1301 1120/1120 1111/1111
f 1301/1301 1120/1120 1260/1260
f 1301/1301 1347/1347 1162/1162
f 1302/1302 598/598 531/531
f 1302/1302 1116/1116 598/598
f 1302/1302 1483/1483 1301/1301
f 1303/1303 1494/1494 1354/1354
f 1304/1304 1348/1348 597/597
f 1304/1304 1423/1423 1201/1201
f 1305/1305 1089/1089 1178/1178
f 1305/1305 1178/1178 1143/1143
f 1305/1305 1634/1634 1213/1213
f 1306/1306 1490/1490 1341/1341
f 1306/1306 1570/1570 1479/1479
f 1307/1307 638/638 1339/1339
f 1307/1307 670/670 638/638
f 1307/1307 1371/1371 1420/1420
f 1308/1308 1050/1050 1099/1099
f 1308/1308 1267/1267 1491/1491
f 1308/1308 1330/1330 1050/1050
f 1309/1309 1031/1031 875/875
f 1309/1309 1254/1254 1031/1031
f 1309/1309 1397/1397 1365/1365
f 1309/1309 1417/1417 1254/1254
f 1310/1310 920/920 1185/1185
f 1310/1310 920/920 1487/1487
f 1310/1310 1372/1372 1888/1888
f 1310/1310 1487/1487 920/920
f 1312/1312 1264/1264 2602/2602
f 1312/1312 1351/1351 1161/1161
f 1312/1312 2602/2602 2691/2691
f 1314/1314 1327/1327 1766/1766
f 1315/1315 606/606 1323/1323
f 1315/1315 1323/1323 1462/1462
f 1315/1315 1477/1477 1359/1359
f 1316/1316 1273/1273 1445/1445
f 1316/1316 1361/1361 1273/1273
f 1316/1316 1406/1406 1375/1375
f 1316/1316 1722/1722 1361/1361
f 1317/1317 954/954 1342/1342
f 1317/1317 1134/1134 1471/1471
f 1317/1317 1148/1148 954/954
f 1317/1317 1342/1342 1361/1361
f 1318/1318 1115/1115 1268/1268
f 1319/1319 1343/1343 1502/1502
f 1319/1319 1502/1502 604/604
f 1319/1319 2633/2633 2720/2720
f 1319/1319 2720/2720 1451/1451
f 1320/1320 1497/1497 1197/1197
f 1320/1320 1581/1581 2099/2099
f 1321/1321 491/491 1286/1286
f 1321/1321 1286/1286 938/938
f 1322/1322 1440/1440 937/937
f 1322/1322 1501/1501 1449/1449
f 1324/1324 535/535 1403/1403
f 1324/1324 1403/1403 1151/1151
f 1325/1325 1402/1402 1360/1360
f 1326/1326 593/593 472/472
f 1326/1326 1377/1377 1417/1417
f 1326/1326 1417/1417 1365/1365
f 1327/1327 1314/1314 1184/1184
f 1327/1327 1779/1779 1766/1766
f 1328/1328 1126/1126 986/986
f 1328/1328 1499/1499 1687/1687
f 1328/1328 4428/4428 4589/4589
f 1330/1330 1308/1308 1491/1491
f 1330/1330 1358/1358 1050/1050
f 1330/1330 1491/1491 1444/1444
f 1332/1332 1262/1262 2709/2709
f 1332/1332 1478/1478 1428/1428
f 1332/1332 2679/2679 2606/2606
f 1333/1333 1454/1454 1053/1053
f 1334/1334 911/911 2330/2330
f 1334/1334 1223/1223 911/911
f 1335/1335 1187/1187 1441/1441
f 1335/1335 1289/1289 1470/1470
f 1335/1335 1470/1470 1391/1391
f 1335/1335 1525/1525 2007/2007
f 1336/1336 1450/1450 1715/1715
f 1336/1336 1545/1545 1188/1188
f 1337/1337 1291/1291 1485/1485
f 1337/1337 1442/1442 512/512
f 1337/1337 1485/1485 1442/1442
f 1339/1339 646/646 1307/1307
f 1339/1339 1200/1200 1371/1371
f 1339/1339 1209/1209 1200/1200
f 1339/1339 1307/1307 534/534
f 1339/1339 1371/1371 1307/1307
f 1340/1340 1162/1162 895/895
f 1340/1340 1311/1311 1120/1120
f 1343/1343 908/908 1502/1502
f 1343/1343 1061/1061 908/908
f 1343/1343 1079/1079 883/883
f 1344/1344 796/796 1313/1313
f 1344/1344 899/899 621/621
f 1344/1344 1313/1313 1474/1474
f 1345/1345 1322/1322 1449/1449
f 1345/1345 1449/1449 1407/1407
f 1346/1346 1069/1069 2141/2141
f 1346/1346 1143/1143 1069/1069
f 1346/1346 1305/1305 1143/1143
f 1346/1346 1535/1535 1305/1305
f 1347/1347 903/903 1363/1363
f 1347/1347 1120/1120 1301/1301
f 1347/1347 1162/1162 1120/1120
f 1347/1347 1249/1249 1162/1162
f 1347/1347 1301/1301 903/903
f 1347/1347 1455/1455 1162/1162
f 1348/1348 1247/1247 589/589
f 1348/1348 1484/1484 1443/1443
f 1351/1351 1129/1129 1161/1161
f 1351/1351 1312/1312 2691/2691
f 1351/1351 2525/2525 1129/1129
f 1351/1351 2587/2587 2525/2525
f 1352/1352 2740/2740 1376/1376
f 1353/1353 1364/1364 1468/1468
f 1353/1353 1468/1468 956/956
f 1355/1355 1230/1230 1265/1265
f 1355/1355 1283/1283 919/919
f 1355/1355 1467/1467 1283/1283
f 1356/1356 998/998 1485/1485
f 1357/1357 997/997 2137/2137
f 1358/1358 1001/1001 1050/1050
f 1358/1358 1243/1243 1401/1401
f 1358/1358 1330/1330 1444/1444
f 1359/1359 896/896 1023/1023
f 1359/1359 1219/1219 1410/1410
f 1359/1359 1278/1278 1219/1219
f 1359/1359 1410/1410 896/896
f 1359/1359 1477/1477 1342/1342
f 1360/1360 1195/1195 917/917
f 1360/1360 1402/1402 917/917
f 1361/1361 1038/1038 1160/1160
f 1361/1361 1160/1160 954/954
f 1361/1361 1273/1273 1316/1316
f 1361/1361 1408/1408 1273/1273
f 1362/1362 468/468 441/441
f 1362/1362 1423/1423 468/468
f 1362/1362 1473/1473 1271/1271
f 1363/1363 460/460 530/530
f 1363/1363 530/530 1455/1455
f 1363/1363 1396/1396 1340/1340
f 1364/1364 945/945 956/956
f 1364/1364 1228/1228 1749/1749
f 1364/1364 1749/1749 1616/1616
f 1365/1365 1397/1397 925/925
f 1366/1366 443/443 1394/1394
f 1367/1367 1022/1022 1285/1285
f 1367/1367 1234/1234 1399/1399
f 1367/1367 1285/1285 1234/1234
f 1368/1368 1537/1537 1241/1241
f 1369/1369 930/930 2081/2081
f 1369/1369 1796/1796 1233/1233
f 1369/1369 1922/1922 1796/1796
f 1369/1369 2081/2081 1922/1922
f 1369/1369 2736/2736 1184/1184
f 1370/1370 1125/1125 2629/2629
f 1370/1370 2629/2629 2727/2727
f 1371/1371 1200/1200 1270/1270
f 1372/1372 1185/1185 1151/1151
f 1372/1372 1310/1310 1185/1185
f 1372/1372 1310/1310 1487/1487
f 1372/1372 1403/1403 1753/1753
f 1372/1372 1784/1784 1888/1888
f 1373/1373 1504/1504 1698/1698
f 1374/1374 936/936 939/939
f 1374/1374 1480/1480 963/963
f 1374/1374 1786/1786 1480/1480
f 1375/1375 876/876 1260/1260
f 1377/1377 1326/1326 472/472
f 1379/1379 1791/1791 1590/1590
f 1379/1379 2125/2125 939/939
f 1380/1380 432/432 902/902
f 1381/1381 1237/1237 1284/1284
f 1381/1381 1437/1437 2742/2742
f 1381/1381 2742/2742 2660/2660
f 1383/1383 1267/1267 1424/1424
f 1383/1383 1424/1424 1770/1770
f 1383/1383 1790/1790 1677/1677
f 1384/1384 924/924 1412/1412
f 1384/1384 2646/2646 924/924
f 1385/1385 1022/1022 1367/1367
f 1385/1385 1203/1203 1447/1447
f 1385/1385 1447/1447 1022/1022
f 1386/1386 945/945 1364/1364
f 1386/1386 1364/1364 2127/2127
f 1386/1386 2127/2127 1592/1592
f 1388/1388 1239/1239 1155/1155
f 1388/1388 1282/1282 1204/1204
f 1389/1389 526/526 841/841
f 1389/1389 949/949 1426/1426
f 1389/1389 1173/1173 653/653
f 1390/1390 438/438 1418/1418
f 1391/1391 1289/1289 1274/1274
f 1391/1391 1470/1470 1289/1289
f 1392/1392 545/545 1034/1034
f 1392/1392 894/894 1487/1487
f 1392/1392 1034/1034 1208/1208
f 1394/1394 1202/1202 1366/1366
f 1394/1394 1742/1742 1341/1341
f 1395/1395 1259/1259 580/580
f 1396/1396 903/903 941/941
f 1396/1396 941/941 973/973
f 1396/1396 941/941 1462/1462
f 1396/1396 973/973 1260/1260
f 1396/1396 1107/1107 1457/1457
f 1396/1396 1311/1311 1340/1340
f 1397/1397 875/875 925/925
f 1397/1397 1309/1309 875/875
f 1398/1398 1374/1374 939/939
f 1399/1399 1266/1266 1576/1576
f 1399/1399 1576/1576 1293/1293
f 1400/1400 2884/2884 2629/2629
f 1401/1401 1243/1243 1197/1197
f 1402/1402 1242/1242 885/885
f 1402/1402 1294/1294 1259/1259
f 1403/1403 1291/1291 1557/1557
f 1403/1403 1372/1372 1151/1151
f 1403/1403 1372/1372 1250/1250
f 1404/1404 1434/1434 1605/1605
f 1404/1404 1605/1605 1685/1685
f 1405/1405 1245/1245 1299/1299
f 1405/1405 1292/1292 1209/1209
f 1406/1406 947/947 1375/1375
f 1406/1406 1316/1316 1445/1445
f 1407/1407 966/966 2106/2106
f 1407/1407 1205/1205 1345/1345
f 1407/1407 1255/1255 1205/1205
f 1407/1407 1373/1373 1698/1698
f 1407/1407 2106/2106 1373/1373
f 1408/1408 954/954 1317/1317
f 1408/1408 1317/1317 1361/1361
f 1408/1408 1317/1317 1471/1471
f 1408/1408 1361/1361 954/954
f 1409/1409 891/891 1292/1292
f 1409/1409 1041/1041 1349/1349
f 1409/1409 1292/1292 1299/1299
f 1409/1409 1299/1299 1496/1496
f 1410/1410 1134/1134 954/954
f 1410/1410 1219/1219 1278/1278
f 1410/1410 1278/1278 1359/1359
f 1410/1410 1359/1359 1342/1342
f 1410/1410 1493/1493 1219/1219
f 1412/1412 924/924 1112/1112
f 1413/1413 980/980 1077/1077
f 1413/1413 1077/1077 1287/1287
f 1413/1413 1762/1762 980/980
f 1414/1414 898/898 1058/1058
f 1414/1414 1261/1261 1764/1764
f 1414/1414 1466/1466 1036/1036
f 1414/1414 1764/1764 1736/1736
f 1415/1415 915/915 881/881
f 1415/1415 1217/1217 1137/1137
f 1416/1416 1195/1195 917/917
f 1416/1416 1514/1514 1195/1195
f 1417/1417 923/923 1446/1446
f 1417/1417 1309/1309 1365/1365
f 1417/1417 1446/1446 1254/1254
f 1418/1418 1598/1598 1718/1718
f 1420/1420 1371/1371 1270/1270
f 1421/1421 985/985 1392/1392
f 1421/1421 1236/1236 2620/2620
f 1422/1422 1265/1265 2705/2705
f 1422/1422 1355/1355 1265/1265
f 1423/1423 1304/1304 597/597
f 1423/1423 1362/1362 1271/1271
f 1424/1424 1620/1620 1251/1251
f 1425/1425 933/933 1393/1393
f 1425/1425 1258/1258 955/955
f 1425/1425 1393/1393 1193/1193
f 1427/1427 936/936 963/963
f 1427/1427 1198/1198 1379/1379
f 1427/1427 1379/1379 939/939
f 1427/1427 1459/1459 1271/1271
f 1427/1427 1473/1473 1198/1198
f 1428/1428 992/992 1262/1262
f 1429/1429 995/995 1975/1975
f 1429/1429 1229/1229 1354/1354
f 1429/1429 1354/1354 1458/1458
f 1430/1430 507/507 1390/1390
f 1431/1431 2089/2089 1426/1426
f 1432/1432 1015/1015 937/937
f 1432/1432 2685/2685 1475/1475
f 1433/1433 1028/1028 965/965
f 1433/1433 1498/1498 1067/1067
f 1433/1433 1789/1789 1549/1549
f 1434/1434 2687/2687 1605/1605
f 1435/1435 1242/1242 1259/1259
f 1435/1435 1259/1259 1395/1395
f 1435/1435 1294/1294 1360/1360
f 1435/1435 1360/1360 1214/1214
f 1435/1435 1395/1395 429/429
f 1436/1436 1350/1350 1288/1288
f 1436/1436 1545/1545 1350/1350
f 1436/1436 1703/1703 1281/1281
f 1436/1436 1703/1703 1350/1350
f 1437/1437 1284/1284 1478/1478
f 1437/1437 1332/1332 2606/2606
f 1437/1437 1381/1381 1284/1284
f 1437/1437 2606/2606 1203/1203
f 1438/1438 407/407 1587/1587
f 1439/1439 1016/1016 1378/1378
f 1439/1439 1336/1336 1188/1188
f 1439/1439 1450/1450 1336/1336
f 1440/1440 1322/1322 1345/1345
f 1440/1440 2692/2692 937/937
f 1441/1441 993/993 1419/1419
f 1443/1443 983/983 1382/1382
f 1445/1445 1273/1273 1471/1471
f 1446/1446 923/923 994/994
f 1446/1446 1472/1472 1254/1254
f 1447/1447 2696/2696 1022/1022
f 1448/1448 990/990 1275/1275
f 1448/1448 1249/1249 1092/1092
f 1448/1448 1344/1344 1474/1474
f 1448/1448 1474/1474 990/990
f 1448/1448 1474/1474 1030/1030
f 1449/1449 942/942 1407/1407
f 1450/1450 1252/1252 1368/1368
f 1450/1450 1336/1336 1715/1715
f 1451/1451 1079/1079 1343/1343
f 1451/1451 1343/1343 1319/1319
f 1451/1451 2720/2720 2880/2880
f 1452/1452 1022/1022 1367/1367
f 1453/1453 1027/1027 1480/1480
f 1453/1453 1480/1480 1664/1664
f 1454/1454 1202/1202 1341/1341
f 1454/1454 1490/1490 1053/1053
f 1455/1455 1275/1275 1253/1253
f 1455/1455 1347/1347 1363/1363
f 1455/1455 1438/1438 1275/1275
f 1456/1456 1093/1093 1496/1496
f 1456/1456 1272/1272 1418/1418
f 1457/1457 1260/1260 1120/1120
f 1457/1457 1316/1316 1375/1375
f 1457/1457 1375/1375 1260/1260
f 1457/1457 1469/1469 1260/1260
f 1458/1458 900/900 950/950
f 1459/1459 963/963 1027/1027
f 1459/1459 1427/1427 963/963
f 1459/1459 1476/1476 1201/1201
f 1460/1460 1097/1097 1204/1204
f 1460/1460 1138/1138 1097/1097
f 1460/1460 1282/1282 1412/1412
f 1461/1461 1355/1355 1422/1422
f 1461/1461 1467/1467 1355/1355
f 1462/1462 540/540 860/860
f 1462/1462 941/941 540/540
f 1462/1462 941/941 1111/1111
f 1462/1462 1048/1048 1477/1477
f 1462/1462 1111/1111 973/973
f 1462/1462 1111/1111 1048/1048
f 1463/1463 1269/1269 970/970
f 1463/1463 1279/1279 1658/1658
f 1463/1463 1495/1495 536/536
f 1464/1464 1012/1012 1488/1488
f 1464/1464 1012/1012 1732/1732
f 1465/1465 1492/1492 1603/1603
f 1465/1465 2593/2593 1263/1263
f 1466/1466 1414/1414 1736/1736
f 1466/1466 1499/1499 1036/1036
f 1467/1467 427/427 406/406
f 1467/1467 483/483 427/427
f 1467/1467 1513/1513 1283/1283
f 1468/1468 1364/1364 956/956
f 1469/1469 1038/1038 1361/1361
f 1469/1469 1221/1221 1260/1260
f 1469/1469 1316/1316 1457/1457
f 1469/1469 1361/1361 1316/1316
f 1469/1469 1361/1361 1342/1342
f 1469/1469 1457/1457 1038/1038
f 1469/1469 1633/1633 1361/1361
f 1471/1471 1020/1020 1445/1445
f 1472/1472 882/882 1159/1159
f 1472/1472 1199/1199 1254/1254
f 1473/1473 1362/1362 441/441
f 1473/1473 1427/1427 1271/1271
f 1474/1474 1030/1030 990/990
f 1474/1474 1186/1186 1030/1030
f 1474/1474 1186/1186 1226/1226
f 1474/1474 1244/1244 1387/1387
f 1474/1474 1313/1313 1244/1244
f 1474/1474 1448/1448 1092/1092
f 1475/1475 979/979 1211/1211
f 1475/1475 2685/2685 1352/1352
f 1476/1476 1027/1027 1201/1201
f 1476/1476 1459/1459 1027/1027
f 1477/1477 951/951 1048/1048
f 1477/1477 1048/1048 1111/1111
f 1477/1477 1111/1111 1260/1260
f 1477/1477 1221/1221 1342/1342
f 1477/1477 1315/1315 951/951
f 1477/1477 1315/1315 1462/1462
f 1477/1477 1462/1462 1111/1111
f 1478/1478 1016/1016 992/992
f 1478/1478 1141/1141 1016/1016
f 1478/1478 1284/1284 1016/1016
f 1478/1478 1332/1332 1437/1437
f 1481/1481 967/967 1213/1213
f 1482/1482 1169/1169 2658/2658
f 1483/1483 531/531 1057/1057
f 1483/1483 1057/1057 1301/1301
f 1483/1483 1086/1086 903/903
f 1483/1483 1301/1301 1111/1111
f 1483/1483 1302/1302 531/531
f 1484/1484 1035/1035 1443/1443
f 1484/1484 1304/1304 1201/1201
f 1484/1484 1348/1348 1304/1304
f 1485/1485 512/512 1442/1442
f 1485/1485 1215/1215 1356/1356
f 1485/1485 1291/1291 1215/1215
f 1486/1486 1231/1231 1668/1668
f 1486/1486 1762/1762 1231/1231
f 1487/1487 627/627 1392/1392
f 1487/1487 920/920 1167/1167
f 1487/1487 1045/1045 920/920
f 1487/1487 1167/1167 1392/1392
f 1487/1487 1392/1392 1167/1167
f 1488/1488 1012/1012 956/956
f 1488/1488 1386/1386 1792/1792
f 1488/1488 1792/1792 1674/1674
f 1489/1489 884/884 955/955
f 1489/1489 955/955 851/851
f 1490/1490 1090/1090 1053/1053
f 1490/1490 1300/1300 1090/1090
f 1490/1490 1306/1306 1479/1479
f 1490/1490 1454/1454 1341/1341
f 1491/1491 1383/1383 1677/1677
f 1492/1492 1263/1263 1232/1232
f 1492/1492 1465/1465 1263/1263
f 1492/1492 2573/2573 2440/2440
f 1493/1493 507/507 1430/1430
f 1493/1493 1290/1290 1411/1411
f 1493/1493 1430/1430 507/507
f 1493/1493 1430/1430 1245/1245
f 1494/1494 900/900 1458/1458
f 1494/1494 1003/1003 1039/1039
f 1494/1494 1039/1039 1218/1218
f 1494/1494 1458/1458 1354/1354
f 1495/1495 1043/1043 1084/1084
f 1495/1495 1084/1084 657/657
f 1495/1495 1224/1224 1084/1084
f 1495/1495 1625/1625 1797/1797
f 1496/1496 1222/1222 1456/1456
f 1497/1497 909/909 906/906
f 1497/1497 1320/1320 1104/1104
f 1497/1497 1401/1401 1197/1197
f 1498/1498 1433/1433 965/965
f 1499/1499 986/986 1036/1036
f 1499/1499 1328/1328 986/986
f 1499/1499 1466/1466 1736/1736
f 1500/1500 1246/1246 1726/1726
f 1500/1500 1584/1584 1714/1714
f 1500/1500 1627/1627 1584/1584
f 1501/1501 909/909 1449/1449
f 1501/1501 1322/1322 906/906
f 1502/1502 519/519 604/604
f 1502/1502 908/908 519/519
f 1503/1503 2002/2002 1562/1562
f 1503/1503 2036/2036 2002/2002
f 1505/1505 1624/1624 2070/2070
f 1505/1505 1667/1667 1783/1783
f 1506/1506 1936/1936 2131/2131
f 1506/1506 2097/2097 1936/1936
f 1507/1507 1559/1559 1622/1622
f 1507/1507 1622/1622 2496/2496
f 1507/1507 1673/1673 1730/1730
f 1508/1508 1771/1771 1647/1647
f 1508/1508 1771/1771 1662/1662
f 1508/1508 1865/1865 1996/1996
f 1508/1508 1876/1876 1771/1771
f 1508/1508 2116/2116 1876/1876
f 1509/1509 1548/1548 1731/1731
f 1509/1509 1614/1614 2120/2120
f 1509/1509 1684/1684 1614/1614
f 1510/1510 2022/2022 2043/2043
f 1510/1510 2043/2043 2345/2345
f 1510/1510 2447/2447 1566/1566
f 1511/1511 1328/1328 1687/1687
f 1511/1511 1696/1696 4368/4368
f 1512/1512 1750/1750 1694/1694
f 1512/1512 1792/1792 1750/1750
f 1513/1513 389/389 1561/1561
f 1513/1513 406/406 389/389
f 1513/1513 1467/1467 406/406
f 1513/1513 1561/1561 1700/1700
f 1514/1514 2012/2012 1195/1195
f 1516/1516 925/925 2026/2026
f 1516/1516 1365/1365 925/925
f 1516/1516 1782/1782 1365/1365
f 1517/1517 1551/1551 1683/1683
f 1517/1517 2464/2464 2439/2439
f 1518/1518 1038/1038 1361/1361
f 1518/1518 1547/1547 1716/1716
f 1518/1518 1552/1552 1361/1361
f 1518/1518 1633/1633 1038/1038
f 1519/1519 1560/1560 1682/1682
f 1519/1519 1600/1600 2059/2059
f 1519/1519 2013/2013 2041/2041
f 1519/1519 2421/2421 1600/1600
f 1519/1519 2541/2541 2491/2491
f 1520/1520 1638/1638 1787/1787
f 1520/1520 1793/1793 1671/1671
f 1521/1521 350/350 47/47
f 1521/1521 1337/1337 643/643
f 1521/1521 1557/1557 1337/1337
f 1522/1522 1558/1558 1668/1668
f 1522/1522 1705/1705 1721/1721
f 1522/1522 1794/1794 1558/1558
f 1523/1523 1336/1336 1715/1715
f 1523/1523 1545/1545 1336/1336
f 1524/1524 1546/1546 1608/1608
f 1524/1524 1648/1648 2010/2010
f 1524/1524 2055/2055 1546/1546
f 1525/1525 1335/1335 1216/1216
f 1525/1525 1635/1635 2007/2007
f 1526/1526 1547/1547 1693/1693
f 1526/1526 1693/1693 1716/1716
f 1526/1526 1716/1716 1547/1547
f 1526/1526 1807/1807 1716/1716
f 1527/1527 1772/1772 1660/1660
f 1527/1527 1808/1808 1992/1992
f 1528/1528 1570/1570 1341/1341
f 1528/1528 1742/1742 1819/1819
f 1529/1529 1644/1644 2072/2072
f 1529/1529 2018/2018 1720/1720
f 1529/1529 2469/2469 2392/2392
f 1530/1530 1643/1643 1997/1997
f 1530/1530 1938/1938 2067/2067
f 1530/1530 2067/2067 2023/2023
f 1530/1530 2133/2133 2075/2075
f 1531/1531 1357/1357 2137/2137
f 1531/1531 1637/1637 1712/1712
f 1532/1532 1522/1522 1721/1721
f 1532/1532 1567/1567 2135/2135
f 1533/1533 1556/1556 1741/1741
f 1534/1534 1653/1653 1747/1747
f 1534/1534 1709/1709 1739/1739
f 1534/1534 1711/1711 1641/1641
f 1535/1535 1346/1346 2141/2141
f 1535/1535 1569/1569 1305/1305
f 1535/1535 1719/1719 2107/2107
f 1536/1536 1578/1578 1736/1736
f 1536/1536 1642/1642 2143/2143
f 1537/1537 891/891 1349/1349
f 1537/1537 1349/1349 1241/1241
f 1537/1537 1368/1368 1252/1252
f 1537/1537 1737/1737 1800/1800
f 1537/1537 1800/1800 891/891
f 1538/1538 1649/1649 2140/2140
f 1538/1538 2140/2140 4367/4367
f 1539/1539 1652/1652 1900/1900
f 1539/1539 1652/1652 2043/2043
f 1539/1539 2022/2022 1652/1652
f 1540/1540 1669/1669 1949/1949
f 1540/1540 1732/1732 1674/1674
f 1540/1540 1842/1842 1801/1801
f 1540/1540 1949/1949 1842/1842
f 1541/1541 1942/1942 1804/1804
f 1542/1542 1555/1555 2535/2535
f 1543/1543 1673/1673 1702/1702
f 1543/1543 1854/1854 1676/1676
f 1543/1543 1854/1854 1982/1982
f 1545/1545 1145/1145 1188/1188
f 1545/1545 1281/1281 1145/1145
f 1545/1545 1436/1436 1281/1281
f 1545/1545 1523/1523 1715/1715
f 1545/1545 1691/1691 1350/1350
f 1546/1546 1723/1723 1608/1608
f 1546/1546 2121/2121 1612/1612
f 1547/1547 1763/1763 1798/1798
f 1548/1548 1509/1509 2039/2039
f 1548/1548 1756/1756 1731/1731
f 1548/1548 1995/1995 1964/1964
f 1549/1549 1527/1527 1992/1992
f 1550/1550 2071/2071 1617/1617
f 1551/1551 1517/1517 2439/2439
f 1552/1552 1408/1408 1361/1361
f 1552/1552 1518/1518 1693/1693
f 1552/1552 1716/1716 1889/1889
f 1552/1552 1743/1743 1408/1408
f 1553/1553 1515/1515 1639/1639
f 1553/1553 1639/1639 1937/1937
f 1553/1553 1937/1937 2059/2059
f 1553/1553 2339/2339 2465/2465
f 1553/1553 2465/2465 1515/1515
f 1554/1554 1767/1767 1584/1584
f 1555/1555 1656/1656 1582/1582
f 1556/1556 1724/1724 334/334
f 1556/1556 1724/1724 1593/1593
f 1556/1556 1897/1897 1741/1741
f 1556/1556 1897/1897 2091/2091
f 1556/1556 2009/2009 1897/1897
f 1556/1556 2091/2091 1724/1724
f 1557/1557 1291/1291 1337/1337
f 1557/1557 1521/1521 2030/2030
f 1558/1558 1645/1645 1668/1668
f 1558/1558 1773/1773 2000/2000
f 1558/1558 1794/1794 1773/1773
f 1559/1559 1507/1507 1730/1730
f 1559/1559 1978/1978 2020/2020
f 1559/1559 2020/2020 1622/1622
f 1560/1560 1519/1519 2041/2041
f 1560/1560 1744/1744 1682/1682
f 1561/1561 1636/1636 1663/1663
f 1562/1562 2002/2002 1606/1606
f 1563/1563 1530/1530 2075/2075
f 1564/1564 1662/1662 1647/1647
f 1564/1564 2397/2397 2534/2534
f 1565/1565 1516/1516 2026/2026
f 1565/1565 1760/1760 1516/1516
f 1566/1566 1734/1734 1510/1510
f 1567/1567 1532/1532 1664/1664
f 1567/1567 1589/1589 2084/2084
f 1568/1568 1758/1758 4388/4388
f 1569/1569 1535/1535 2107/2107
f 1569/1569 1634/1634 1305/1305
f 1569/1569 1894/1894 2107/2107
f 1570/1570 1306/1306 1341/1341
f 1570/1570 1528/1528 2034/2034
f 1570/1570 1661/1661 1479/1479
f 1570/1570 1999/1999 1856/1856
f 1571/1571 1540/1540 1674/1674
f 1572/1572 1919/1919 1933/1933
f 1572/1572 1976/1976 1629/1629
f 1573/1573 2004/2004 2052/2052
f 1573/1573 2052/2052 2558/2558
f 1573/1573 2558/2558 2380/2380
f 1574/1574 1776/1776 1888/1888
f 1574/1574 1905/1905 2001/2001
f 1574/1574 2001/2001 1776/1776
f 1575/1575 1588/1588 1658/1658
f 1575/1575 1658/1658 2007/2007
f 1576/1576 1266/1266 1766/1766
f 1576/1576 1707/1707 1293/1293
f 1576/1576 1766/1766 1707/1707
f 1577/1577 1965/1965 354/354
f 1577/1577 2032/2032 2074/2074
f 1577/1577 2074/2074 1965/1965
f 1578/1578 1536/1536 2143/2143
f 1578/1578 1687/1687 1736/1736
f 1578/1578 1696/1696 1687/1687
f 1579/1579 1456/1456 1418/1418
f 1579/1579 1898/1898 1456/1456
f 1580/1580 1631/1631 1777/1777
f 1580/1580 1717/1717 1631/1631
f 1580/1580 1831/1831 2028/2028
f 1580/1580 2028/2028 1591/1591
f 1581/1581 1320/1320 1618/1618
f 1581/1581 2010/2010 2099/2099
f 1582/1582 1656/1656 1997/1997
f 1582/1582 1834/1834 1632/1632
f 1583/1583 1551/1551 2439/2439
f 1583/1583 1683/1683 1551/1551
f 1583/1583 2439/2439 3573/3573
f 1583/1583 3546/3546 3510/3510
f 1584/1584 1240/1240 1714/1714
f 1585/1585 1707/1707 1766/1766
f 1586/1586 1243/1243 1444/1444
f 1586/1586 1618/1618 1197/1197
f 1586/1586 2112/2112 1618/1618
f 1587/1587 407/407 1253/1253
f 1587/1587 1253/1253 1438/1438
f 1588/1588 1797/1797 1658/1658
f 1588/1588 2119/2119 1797/1797
f 1589/1589 1567/1567 1664/1664
f 1589/1589 1623/1623 1975/1975
f 1589/1589 1786/1786 1746/1746
f 1589/1589 2025/2025 2084/2084
f 1590/1590 1791/1791 1991/1991
f 1590/1590 2125/2125 1379/1379
f 1594/1594 2150/2150 2014/2014
f 1596/1596 2061/2061 1745/1745
f 1597/1597 1785/1785 1641/1641
f 1598/1598 383/383 1718/1718
f 1599/1599 1758/1758 2037/2037
f 1600/1600 2339/2339 2059/2059
f 1601/1601 1527/1527 1660/1660
f 1602/1602 1695/1695 2113/2113
f 1602/1602 2032/2032 1927/1927
f 1603/1603 1492/1492 2440/2440
f 1603/1603 1873/1873 2323/2323
f 1604/1604 1633/1633 1457/1457
f 1605/1605 1780/1780 1591/1591
f 1605/1605 2483/2483 1780/1780
f 1606/1606 1874/1874 2002/2002
f 1606/1606 2029/2029 1757/1757
f 1607/1607 2139/2139 1573/1573
f 1608/1608 1565/1565 1989/1989
f 1608/1608 1723/1723 1565/1565
f 1608/1608 2138/2138 2099/2099
f 1609/1609 4344/4344 4397/4397
f 1609/1609 4397/4397 1731/1731
f 1610/1610 2096/2096 2124/2124
f 1611/1611 1653/1653 1739/1739
f 1611/1611 1778/1778 1747/1747
f 1611/1611 2509/2509 1778/1778
f 1612/1612 1651/1651 1782/1782
f 1613/1613 1643/1643 2023/2023
f 1613/1613 1737/1737 2044/2044
f 1613/1613 2044/2044 1997/1997
f 1614/1614 1684/1684 1751/1751
f 1614/1614 2055/2055 2120/2120
f 1615/1615 1729/1729 2050/2050
f 1615/1615 1961/1961 1853/1853
f 1617/1617 1515/1515 1799/1799
f 1617/1617 1659/1659 1550/1550
f 1618/1618 1320/1320 1197/1197
f 1619/1619 1790/1790 1592/1592
f 1619/1619 2058/2058 2024/2024
f 1620/1620 1792/1792 1251/1251
f 1621/1621 1805/1805 294/294
f 1621/1621 2086/2086 1593/1593
f 1622/1622 1843/1843 2360/2360
f 1622/1622 2020/2020 1843/1843
f 1623/1623 1429/1429 1975/1975
f 1623/1623 1589/1589 1746/1746
f 1624/1624 1505/1505 1783/1783
f 1624/1624 1505/1505 2070/2070
f 1625/1625 1463/1463 1658/1658
f 1625/1625 1495/1495 1463/1463
f 1626/1626 1206/1206 4343/4343
f 1626/1626 1764/1764 1595/1595
f 1627/1627 1500/1500 1726/1726
f 1627/1627 1726/1726 1531/1531
f 1627/1627 1768/1768 1584/1584
f 1628/1628 1520/1520 1787/1787
f 1630/1630 1862/1862 2042/2042
f 1630/1630 2042/2042 1804/1804
f 1630/1630 2383/2383 397/397
f 1630/1630 2504/2504 1804/1804
f 1631/1631 1596/1596 1745/1745
f 1631/1631 1985/1985 1596/1596
f 1631/1631 2266/2266 1985/1985
f 1632/1632 2384/2384 1582/1582
f 1633/1633 1469/1469 1457/1457
f 1633/1633 1518/1518 1361/1361
f 1633/1633 1518/1518 1693/1693
f 1633/1633 1693/1693 1798/1798
f 1633/1633 1798/1798 1518/1518
f 1634/1634 1837/1837 1213/1213
f 1635/1635 1525/1525 1216/1216
f 1636/1636 1681/1681 2408/2408
f 1636/1636 2408/2408 2122/2122
f 1637/1637 1712/1712 1768/1768
f 1637/1637 1712/1712 1906/1906
f 1637/1637 1768/1768 1627/1627
f 1637/1637 1768/1768 1887/1887
f 1637/1637 1906/1906 1996/1996
f 1637/1637 1996/1996 1508/1508
f 1637/1637 1996/1996 1906/1906
f 1637/1637 2116/2116 1996/1996
f 1638/1638 1520/1520 1671/1671
f 1638/1638 1671/1671 2058/2058
f 1638/1638 2058/2058 1616/1616
f 1639/1639 1515/1515 1617/1617
f 1639/1639 1993/1993 2000/2000
f 1640/1640 1689/1689 1940/1940
f 1640/1640 2087/2087 2139/2139
f 1640/1640 2139/2139 1607/1607
f 1641/1641 1711/1711 1830/1830
f 1642/1642 1536/1536 1736/1736
f 1642/1642 1758/1758 1599/1599
f 1642/1642 1764/1764 1626/1626
f 1642/1642 1998/1998 2143/2143
f 1643/1643 1530/1530 2023/2023
f 1643/1643 1613/1613 1997/1997
f 1644/1644 1529/1529 2392/2392
f 1644/1644 2392/2392 2306/2306
f 1645/1645 1558/1558 2000/2000
f 1645/1645 1762/1762 1668/1668
f 1645/1645 1993/1993 1762/1762
f 1646/1646 1229/1229 1746/1746
f 1646/1646 1398/1398 2125/2125
f 1646/1646 1746/1746 1398/1398
f 1647/1647 1702/1702 1771/1771
f 1647/1647 1771/1771 1543/1543
f 1647/1647 2126/2126 2397/2397
f 1648/1648 1524/1524 1608/1608
f 1648/1648 1608/1608 2099/2099
f 1649/1649 1775/1775 2140/2140
f 1649/1649 2019/2019 1881/1881
f 1649/1649 4335/4335 4319/4319
f 1650/1650 1583/1583 3510/3510
f 1651/1651 252/252 277/277
f 1651/1651 403/403 252/252
f 1651/1651 1612/1612 2121/2121
f 1652/1652 1539/1539 2043/2043
f 1652/1652 1585/1585 1766/1766
f 1652/1652 1779/1779 1900/1900
f 1653/1653 1534/1534 1739/1739
f 1653/1653 1611/1611 1747/1747
f 1654/1654 1815/1815 2478/2478
f 1655/1655 1597/1597 1931/1931
f 1655/1655 1785/1785 1597/1597
f 1655/1655 1931/1931 2108/2108
f 1655/1655 2108/2108 1826/1826
f 1656/1656 1555/1555 1542/1542
f 1656/1656 1738/1738 2075/2075
f 1656/1656 2133/2133 1997/1997
f 1657/1657 1606/1606 2002/2002
f 1657/1657 1874/1874 1606/1606
f 1657/1657 2114/2114 1699/1699
f 1658/1658 1224/1224 1852/1852
f 1658/1658 1852/1852 2007/2007
f 1659/1659 1617/1617 1799/1799
f 1659/1659 1698/1698 1550/1550
f 1659/1659 1799/1799 1515/1515
f 1659/1659 2390/2390 2425/2425
f 1659/1659 2425/2425 2527/2527
f 1660/1660 377/377 242/242
f 1660/1660 1621/1621 294/294
f 1660/1660 1807/1807 1870/1870
f 1660/1660 1870/1870 1621/1621
f 1660/1660 2118/2118 1807/1807
f 1661/1661 235/235 1479/1479
f 1661/1661 1570/1570 1856/1856
f 1662/1662 1771/1771 1647/1647
f 1663/1663 1636/1636 2122/2122
f 1664/1664 1532/1532 1721/1721
f 1665/1665 1706/1706 1863/1863
f 1665/1665 1776/1776 2145/2145
f 1666/1666 249/249 4777/4777
f 1666/1666 1724/1724 1533/1533
f 1666/1666 1936/1936 249/249
f 1666/1666 1936/1936 4416/4416
f 1666/1666 4416/4416 1724/1724
f 1667/1667 232/232 1783/1783
f 1667/1667 1505/1505 1579/1579
f 1667/1667 1579/1579 1718/1718
f 1669/1669 1540/1540 1571/1571
f 1669/1669 1571/1571 1694/1694
f 1669/1669 1694/1694 1884/1884
f 1670/1670 403/403 1651/1651
f 1670/1670 1651/1651 2080/2080
f 1670/1670 1847/1847 112/112
f 1672/1672 1585/1585 1652/1652
f 1673/1673 1507/1507 2496/2496
f 1673/1673 1543/1543 1676/1676
f 1673/1673 2496/2496 1702/1702
f 1674/1674 1464/1464 1488/1488
f 1675/1675 1729/1729 2079/2079
f 1675/1675 1956/1956 1729/1729
f 1676/1676 1809/1809 1941/1941
f 1677/1677 1619/1619 2024/2024
f 1677/1677 1710/1710 1491/1491
f 1678/1678 1735/1735 1234/1234
f 1678/1678 1752/1752 2042/2042
f 1678/1678 2042/2042 2104/2104
f 1678/1678 2104/2104 1735/1735
f 1679/1679 1791/1791 221/221
f 1680/1680 1542/1542 2567/2567
f 1680/1680 1967/1967 2134/2134
f 1680/1680 2134/2134 1542/1542
f 1680/1680 2567/2567 2179/2179
f 1681/1681 264/264 2528/2528
f 1681/1681 2528/2528 2408/2408
f 1684/1684 1509/1509 1731/1731
f 1684/1684 4411/4411 1751/1751
f 1685/1685 1605/1605 1591/1591
f 1686/1686 1500/1500 1714/1714
f 1686/1686 1714/1714 2070/2070
f 1687/1687 1499/1499 1736/1736
f 1688/1688 1554/1554 1584/1584
f 1688/1688 1703/1703 1554/1554
f 1688/1688 1818/1818 1864/1864
f 1689/1689 1227/1227 1276/1276
f 1689/1689 1607/1607 1728/1728
f 1689/1689 1640/1640 1607/1607
f 1690/1690 1503/1503 1562/1562
f 1690/1690 1933/1933 1503/1503
f 1691/1691 1212/1212 1781/1781
f 1691/1691 1545/1545 1715/1715
f 1691/1691 1781/1781 1350/1350
f 1692/1692 1506/1506 2131/2131
f 1693/1693 1518/1518 1716/1716
f 1693/1693 1807/1807 1716/1716
f 1693/1693 2009/2009 2149/2149
f 1693/1693 2086/2086 2149/2149
f 1694/1694 1571/1571 1674/1674
f 1694/1694 1750/1750 1849/1849
f 1694/1694 1849/1849 1884/1884
f 1695/1695 1258/1258 2113/2113
f 1695/1695 1602/1602 1927/1927
f 1696/1696 1511/1511 1687/1687
f 1696/1696 1578/1578 2102/2102
f 1696/1696 1883/1883 4266/4266
f 1696/1696 4402/4402 4368/4368
f 1697/1697 2525/2525 1829/1829
f 1698/1698 1504/1504 1550/1550
f 1698/1698 1659/1659 2527/2527
f 1699/1699 2065/2065 1920/1920
f 1700/1700 1561/1561 1663/1663
f 1700/1700 1663/1663 2122/2122
f 1701/1701 1753/1753 1557/1557
f 1702/1702 1508/1508 1771/1771
f 1702/1702 1865/1865 1508/1508
f 1702/1702 2496/2496 2562/2562
f 1703/1703 1288/1288 1554/1554
f 1703/1703 1436/1436 1288/1288
f 1703/1703 1436/1436 1350/1350
f 1703/1703 1688/1688 1864/1864
f 1705/1705 1280/1280 1721/1721
f 1705/1705 1522/1522 1668/1668
f 1706/1706 1815/1815 1863/1863
f 1706/1706 2103/2103 2182/2182
f 1707/1707 1293/1293 1399/1399
f 1707/1707 1399/1399 1293/1293
f 1707/1707 1576/1576 1293/1293
f 1707/1707 1585/1585 1672/1672
f 1707/1707 1652/1652 1860/1860
f 1707/1707 1672/1672 1652/1652
f 1707/1707 1860/1860 1825/1825
f 1708/1708 1878/1878 1745/1745
f 1709/1709 1534/1534 1755/1755
f 1709/1709 1882/1882 1739/1739
f 1710/1710 1444/1444 1491/1491
f 1710/1710 1586/1586 1444/1444
f 1711/1711 1534/1534 1747/1747
f 1711/1711 2085/2085 1830/1830
f 1712/1712 1514/1514 1768/1768
f 1712/1712 1637/1637 1531/1531
f 1712/1712 1637/1637 1759/1759
f 1712/1712 1637/1637 1906/1906
f 1712/1712 1759/1759 1531/1531
f 1712/1712 1906/1906 1771/1771
f 1713/1713 1519/1519 1682/1682
f 1713/1713 1682/1682 2541/2541
f 1714/1714 1767/1767 2070/2070
f 1715/1715 1241/1241 1041/1041
f 1715/1715 1450/1450 1368/1368
f 1716/1716 1552/1552 1693/1693
f 1716/1716 1601/1601 1660/1660
f 1716/1716 1660/1660 2086/2086
f 1716/1716 2086/2086 1693/1693
f 1716/1716 2086/2086 1889/1889
f 1717/1717 2266/2266 1631/1631
f 1718/1718 1579/1579 1418/1418
f 1719/1719 1535/1535 2141/2141
f 1719/1719 1929/1929 1563/1563
f 1719/1719 2073/2073 2107/2107
f 1721/1721 1453/1453 1664/1664
f 1722/1722 1518/1518 1361/1361
f 1722/1722 1547/1547 1518/1518
f 1722/1722 1763/1763 1547/1547
f 1723/1723 1546/1546 1612/1612
f 1723/1723 1760/1760 1565/1565
f 1724/1724 228/228 311/311
f 1724/1724 1556/1556 1533/1533
f 1724/1724 1666/1666 4777/4777
f 1724/1724 1761/1761 1593/1593
f 1724/1724 4416/4416 228/228
f 1725/1725 1517/1517 1683/1683
f 1725/1725 1850/1850 1338/1338
f 1726/1726 1246/1246 1531/1531
f 1726/1726 1627/1627 1531/1531
f 1727/1727 1690/1690 1562/1562
f 1728/1728 1607/1607 1769/1769
f 1729/1729 1615/1615 1853/1853
f 1729/1729 1921/1921 2050/2050
f 1729/1729 1956/1956 1921/1921
f 1730/1730 1673/1673 1676/1676
f 1730/1730 1676/1676 1941/1941
f 1732/1732 1012/1012 1464/1464
f 1732/1732 1464/1464 1674/1674
f 1732/1732 1540/1540 1801/1801
f 1732/1732 1801/1801 1610/1610
f 1733/1733 1543/1543 1771/1771
f 1734/1734 1843/1843 1510/1510
f 1734/1734 2551/2551 2444/2444
f 1735/1735 1266/1266 1234/1234
f 1737/1737 1537/1537 1252/1252
f 1737/1737 1613/1613 1800/1800
f 1738/1738 1563/1563 2075/2075
f 1738/1738 1656/1656 1542/1542
f 1738/1738 1914/1914 1563/1563
f 1741/1741 1798/1798 1604/1604
f 1741/1741 1859/1859 1957/1957
f 1741/1741 1859/1859 2014/2014
f 1741/1741 1897/1897 2009/2009
f 1741/1741 2014/2014 1594/1594
f 1742/1742 284/284 1932/1932
f 1742/1742 1528/1528 1341/1341
f 1742/1742 1932/1932 1819/1819
f 1743/1743 1297/1297 1408/1408
f 1743/1743 2144/2144 1297/1297
f 1744/1744 1560/1560 1913/1913
f 1744/1744 1650/1650 1682/1682
f 1744/1744 1803/1803 1650/1650
f 1744/1744 1913/1913 1948/1948
f 1746/1746 1229/1229 1623/1623
f 1746/1746 1374/1374 1398/1398
f 1747/1747 1778/1778 2017/2017
f 1748/1748 1846/1846 1899/1899
f 1748/1748 1899/1899 1704/1704
f 1748/1748 2096/2096 1610/1610
f 1750/1750 1235/1235 1194/1194
f 1750/1750 1424/1424 1235/1235
f 1750/1750 1620/1620 1424/1424
f 1752/1752 1234/1234 1285/1285
f 1752/1752 1678/1678 1234/1234
f 1752/1752 2042/2042 1541/1541
f 1753/1753 1403/1403 1557/1557
f 1754/1754 1788/1788 2005/2005
f 1754/1754 1841/1841 201/201
f 1754/1754 1855/1855 1821/1821
f 1754/1754 2051/2051 1841/1841
f 1755/1755 1534/1534 1641/1641
f 1755/1755 1785/1785 1968/1968
f 1756/1756 1548/1548 1964/1964
f 1756/1756 1609/1609 1731/1731
f 1756/1756 1793/1793 1609/1609
f 1757/1757 1562/1562 1606/1606
f 1757/1757 1727/1727 1562/1562
f 1757/1757 2094/2094 1727/1727
f 1758/1758 1568/1568 2088/2088
f 1758/1758 1626/1626 4343/4343
f 1758/1758 1642/1642 1626/1626
f 1758/1758 2088/2088 2037/2037
f 1758/1758 4388/4388 4355/4355
f 1759/1759 1627/1627 1726/1726
f 1759/1759 1637/1637 1627/1627
f 1759/1759 1726/1726 1531/1531
f 1760/1760 1612/1612 1782/1782
f 1760/1760 1723/1723 1612/1612
f 1760/1760 1782/1782 1516/1516
f 1761/1761 1724/1724 311/311
f 1762/1762 1287/1287 1231/1231
f 1762/1762 1413/1413 1287/1287
f 1762/1762 1486/1486 1668/1668
f 1762/1762 1872/1872 980/980
f 1763/1763 1316/1316 1469/1469
f 1763/1763 1469/1469 1633/1633
f 1763/1763 1633/1633 1798/1798
f 1763/1763 1722/1722 1316/1316
f 1764/1764 1642/1642 1736/1736
f 1765/1765 1933/1933 1503/1503
f 1765/1765 2002/2002 1795/1795
f 1765/1765 2036/2036 1503/1503
f 1766/1766 1266/1266 1314/1314
f 1767/1767 1240/1240 1584/1584
f 1767/1767 1579/1579 1505/1505
f 1767/1767 1714/1714 1240/1240
f 1768/1768 1416/1416 917/917
f 1768/1768 1514/1514 1416/1416
f 1768/1768 1637/1637 2116/2116
f 1768/1768 1802/1802 1584/1584
f 1768/1768 1802/1802 1627/1627
f 1769/1769 1573/1573 2404/2404
f 1769/1769 1607/1607 1573/1573
f 1770/1770 1424/1424 1592/1592
f 1771/1771 1508/1508 1647/1647
f 1772/1772 320/320 280/280
f 1772/1772 1527/1527 1549/1549
f 1772/1772 1951/1951 1660/1660
f 1772/1772 1951/1951 1789/1789
f 1773/1773 1879/1879 2000/2000
f 1774/1774 1881/1881 1838/1838
f 1774/1774 1947/1947 1806/1806
f 1775/1775 1649/1649 1881/1881
f 1775/1775 1806/1806 2140/2140
f 1775/1775 1881/1881 1806/1806
f 1776/1776 1665/1665 1863/1863
f 1776/1776 2001/2001 2145/2145
f 1777/1777 1631/1631 1745/1745
f 1778/1778 13/13 1977/1977
f 1778/1778 1977/1977 2017/2017
f 1779/1779 1327/1327 1900/1900
f 1779/1779 1652/1652 1766/1766
f 1780/1780 1969/1969 1591/1591
f 1781/1781 1579/1579 1767/1767
f 1781/1781 1898/1898 1579/1579
f 1782/1782 277/277 1326/1326
f 1782/1782 1326/1326 1365/1365
f 1782/1782 1651/1651 277/277
f 1783/1783 324/324 1740/1740
f 1783/1783 2070/2070 1624/1624
f 1784/1784 1372/1372 1753/1753
f 1784/1784 2003/2003 1888/1888
f 1785/1785 1655/1655 1826/1826
f 1785/1785 1755/1755 1641/1641
f 1786/1786 1374/1374 1746/1746
f 1786/1786 1589/1589 1664/1664
f 1786/1786 1664/1664 1480/1480
f 1787/1787 1616/1616 1749/1749
f 1787/1787 1638/1638 1616/1616
f 1787/1787 1749/1749 4385/4385
f 1788/1788 1754/1754 1821/1821
f 1788/1788 2117/2117 1877/1877
f 1789/1789 1225/1225 1992/1992
f 1789/1789 1886/1886 1549/1549
f 1790/1790 1383/1383 1770/1770
f 1790/1790 1619/1619 1677/1677
f 1790/1790 1770/1770 1592/1592
f 1791/1791 298/298 221/221
f 1791/1791 1256/1256 586/586
f 1791/1791 1679/1679 1991/1991
f 1792/1792 1386/1386 1592/1592
f 1792/1792 1512/1512 1694/1694
f 1792/1792 1592/1592 1251/1251
f 1792/1792 1620/1620 1750/1750
f 1792/1792 1694/1694 1674/1674
f 1793/1793 1520/1520 1628/1628
f 1793/1793 1628/1628 1609/1609
f 1794/1794 1522/1522 1532/1532
f 1794/1794 1532/1532 2135/2135
f 1794/1794 1836/1836 1773/1773
f 1796/1796 271/271 2659/2659
f 1797/1797 1625/1625 1658/1658
f 1797/1797 1928/1928 1852/1852
f 1798/1798 1633/1633 1604/1604
f 1798/1798 1693/1693 1518/1518
f 1798/1798 1693/1693 1547/1547
f 1798/1798 2009/2009 1693/1693
f 1800/1800 1613/1613 2023/2023
f 1801/1801 1748/1748 1610/1610
f 1802/1802 1688/1688 1584/1584
f 1802/1802 1768/1768 1627/1627
f 1803/1803 1583/1583 1650/1650
f 1803/1803 1683/1683 1583/1583
f 1803/1803 1744/1744 1948/1948
f 1803/1803 1948/1948 1683/1683
f 1804/1804 2042/2042 1541/1541
f 1805/1805 1593/1593 1761/1761
f 1805/1805 1621/1621 1593/1593
f 1806/1806 1939/1939 2140/2140
f 1806/1806 1947/1947 1720/1720
f 1806/1806 2018/2018 1939/1939
f 1807/1807 1526/1526 1716/1716
f 1807/1807 1693/1693 2149/2149
f 1807/1807 1716/1716 2086/2086
f 1807/1807 1923/1923 1716/1716
f 1807/1807 2086/2086 1870/1870
f 1807/1807 2118/2118 1923/1923
f 1808/1808 1527/1527 1601/1601
f 1808/1808 1923/1923 2118/2118
f 1808/1808 2045/2045 1992/1992
f 1808/1808 2118/2118 2045/2045
f 1809/1809 929/929 1840/1840
f 1809/1809 1840/1840 1941/1941
f 1810/1810 1845/1845 2049/2049
f 1810/1810 1845/1845 4279/4279
f 1810/1810 2019/2019 4319/4319
f 1811/1811 1925/1925 2243/2243
f 1811/1811 1950/1950 1981/1981
f 1812/1812 140/140 111/111
f 1812/1812 1844/1844 1983/1983
f 1812/1812 1946/1946 215/215
f 1812/1812 1983/1983 1943/1943
f 1813/1813 1701/1701 1557/1557
f 1813/1813 1753/1753 1701/1701
f 1814/1814 143/143 112/112
f 1814/1814 2053/2053 2008/2008
f 1815/1815 1007/1007 1863/1863
f 1815/1815 1706/1706 2182/2182
f 1816/1816 1629/1629 2097/2097
f 1816/1816 1859/1859 2011/2011
f 1816/1816 1919/1919 1629/1629
f 1817/1817 1725/1725 1683/1683
f 1818/1818 1945/1945 1970/1970
f 1820/1820 1040/1040 1196/1196
f 1820/1820 1851/1851 1085/1085
f 1820/1820 2002/2002 1851/1851
f 1822/1822 1958/1958 1994/1994
f 1822/1822 4278/4278 4287/4287
f 1823/1823 2112/2112 1710/1710
f 1824/1824 2128/2128 2252/2252
f 1825/1825 1860/1860 1972/1972
f 1826/1826 1602/1602 2113/2113
f 1827/1827 1874/1874 1699/1699
f 1828/1828 2111/2111 1871/1871
f 1830/1830 111/111 1641/1641
f 1831/1831 1167/1167 1685/1685
f 1831/1831 1580/1580 1777/1777
f 1831/1831 1685/1685 1591/1591
f 1832/1832 1880/1880 1665/1665
f 1832/1832 1959/1959 43/43
f 1833/1833 1890/1890 2097/2097
f 1833/1833 1933/1933 2147/2147
f 1833/1833 1976/1976 1933/1933
f 1833/1833 2097/2097 1976/1976
f 1834/1834 2044/2044 2148/2148
f 1834/1834 2148/2148 2300/2300
f 1835/1835 1935/1935 1031/1031
f 1836/1836 1794/1794 2135/2135
f 1836/1836 1879/1879 1773/1773
f 1836/1836 2135/2135 2041/2041
f 1837/1837 1894/1894 2050/2050
f 1837/1837 2152/2152 1213/1213
f 1838/1838 1881/1881 2049/2049
f 1838/1838 1952/1952 1704/1704
f 1839/1839 116/116 2142/2142
f 1839/1839 1867/1867 145/145
f 1839/1839 2015/2015 1867/1867
f 1840/1840 938/938 1878/1878
f 1840/1840 1878/1878 1708/1708
f 1841/1841 2038/2038 2340/2340
f 1841/1841 2051/2051 1877/1877
f 1841/1841 2366/2366 201/201
f 1842/1842 1846/1846 1801/1801
f 1842/1842 1949/1949 1984/1984
f 1843/1843 1869/1869 1510/1510
f 1843/1843 2066/2066 2100/2100
f 1843/1843 2100/2100 2302/2302
f 1844/1844 1812/1812 111/111
f 1844/1844 2033/2033 1983/1983
f 1844/1844 2146/2146 2033/2033
f 1845/1845 1810/1810 4279/4279
f 1845/1845 1810/1810 4319/4319
f 1845/1845 1903/1903 2049/2049
f 1845/1845 4279/4279 4269/4269
f 1846/1846 1748/1748 1801/1801
f 1846/1846 2123/2123 1899/1899
f 1847/1847 1670/1670 2080/2080
f 1847/1847 2053/2053 112/112
f 1848/1848 1822/1822 1994/1994
f 1848/1848 2055/2055 1751/1751
f 1849/1849 1750/1750 1194/1194
f 1849/1849 1829/1829 1963/1963
f 1850/1850 1192/1192 1338/1338
f 1850/1850 1725/1725 1817/1817
f 1850/1850 2025/2025 1975/1975
f 1851/1851 2068/2068 968/968
f 1854/1854 997/997 1809/1809
f 1854/1854 1543/1543 1702/1702
f 1854/1854 1543/1543 1733/1733
f 1854/1854 1733/1733 1771/1771
f 1854/1854 1809/1809 1676/1676
f 1854/1854 1909/1909 1982/1982
f 1855/1855 240/240 167/167
f 1855/1855 1754/1754 240/240
f 1855/1855 1990/1990 1821/1821
f 1856/1856 81/81 162/162
f 1856/1856 1999/1999 1819/1819
f 1857/1857 1842/1842 1984/1984
f 1858/1858 2043/2043 1900/1900
f 1859/1859 1594/1594 2014/2014
f 1859/1859 1692/1692 1957/1957
f 1859/1859 1741/1741 1594/1594
f 1859/1859 1741/1741 1604/1604
f 1859/1859 1816/1816 2097/2097
f 1859/1859 2040/2040 2011/2011
f 1859/1859 2097/2097 1692/1692
f 1859/1859 2150/2150 1594/1594
f 1860/1860 2054/2054 1972/1972
f 1860/1860 2064/2064 1912/1912
f 1861/1861 976/976 1033/1033
f 1861/1861 1056/1056 976/976
f 1861/1861 1902/1902 1056/1056
f 1861/1861 2020/2020 1902/1902
f 1862/1862 397/397 257/257
f 1862/1862 1630/1630 397/397
f 1862/1862 1960/1960 2104/2104
f 1862/1862 2104/2104 2042/2042
f 1864/1864 1818/1818 1970/1970
f 1865/1865 1702/1702 2562/2562
f 1865/1865 1854/1854 1702/1702
f 1866/1866 111/111 140/140
f 1866/1866 140/140 1812/1812
f 1866/1866 1597/1597 1641/1641
f 1866/1866 1812/1812 1931/1931
f 1866/1866 1931/1931 140/140
f 1867/1867 1679/1679 221/221
f 1868/1868 1500/1500 2130/2130
f 1869/1869 1734/1734 2444/2444
f 1869/1869 1843/1843 1734/1734
f 1869/1869 2022/2022 1510/1510
f 1870/1870 2016/2016 1889/1889
f 1870/1870 2086/2086 1621/1621
f 1871/1871 1110/1110 1828/1828
f 1871/1871 1968/1968 1986/1986
f 1872/1872 1835/1835 1031/1031
f 1872/1872 1993/1993 1835/1835
f 1874/1874 127/127 3/3
f 1874/1874 1657/1657 1699/1699
f 1874/1874 1904/1904 2002/2002
f 1874/1874 2029/2029 1606/1606
f 1874/1874 2029/2029 1904/1904
f 1875/1875 1998/1998 1824/1824
f 1875/1875 2232/2232 1926/1926
f 1876/1876 1712/1712 1771/1771
f 1876/1876 2012/2012 1712/1712
f 1876/1876 2116/2116 1887/1887
f 1878/1878 901/901 1917/1917
f 1878/1878 1917/1917 1745/1745
f 1879/1879 1937/1937 2000/2000
f 1879/1879 2013/2013 2059/2059
f 1879/1879 2059/2059 1937/1937
f 1880/1880 13/13 2035/2035
f 1880/1880 2103/2103 1665/1665
f 1881/1881 1774/1774 1806/1806
f 1881/1881 2019/2019 2049/2049
f 1882/1882 1709/1709 1755/1755
f 1882/1882 1915/1915 1739/1739
f 1882/1882 2077/2077 2021/2021
f 1882/1882 2111/2111 1828/1828
f 1883/1883 1696/1696 2102/2102
f 1883/1883 2109/2109 4266/4266
f 1884/1884 1849/1849 1963/1963
f 1885/1885 2082/2082 1944/1944
f 1885/1885 2318/2318 2115/2115
f 1886/1886 174/174 280/280
f 1886/1886 1789/1789 1951/1951
f 1886/1886 1951/1951 174/174
f 1886/1886 1951/1951 1549/1549
f 1887/1887 1091/1091 917/917
f 1887/1887 1768/1768 917/917
f 1887/1887 1945/1945 1768/1768
f 1888/1888 1776/1776 1863/1863
f 1890/1890 191/191 1936/1936
f 1890/1890 1833/1833 191/191
f 1890/1890 1936/1936 2097/2097
f 1890/1890 2097/2097 191/191
f 1891/1891 1793/1793 1756/1756
f 1891/1891 2058/2058 1793/1793
f 1892/1892 1950/1950 2105/2105
f 1892/1892 2078/2078 1877/1877
f 1892/1892 2117/2117 2079/2079
f 1893/1893 2015/2015 2142/2142
f 1894/1894 1569/1569 2107/2107
f 1894/1894 1634/1634 1569/1569
f 1894/1894 1837/1837 1634/1634
f 1895/1895 1730/1730 2110/2110
f 1895/1895 2110/2110 2061/2061
f 1896/1896 1128/1128 2026/2026
f 1896/1896 1935/1935 2106/2106
f 1896/1896 2026/2026 925/925
f 1897/1897 1741/1741 1957/1957
f 1897/1897 2009/2009 1741/1741
f 1898/1898 1093/1093 1456/1456
f 1898/1898 1781/1781 1093/1093
f 1899/1899 1774/1774 1838/1838
f 1899/1899 1838/1838 1704/1704
f 1900/1900 1184/1184 1124/1124
f 1900/1900 1327/1327 1184/1184
f 1901/1901 180/180 195/195
f 1901/1901 1087/1087 2057/2057
f 1902/1902 1125/1125 1169/1169
f 1902/1902 1940/1940 1125/1125
f 1903/1903 904/904 2124/2124
f 1903/1903 1845/1845 4269/4269
f 1903/1903 2096/2096 2049/2049
f 1903/1903 4269/4269 4553/4553
f 1904/1904 1795/1795 2002/2002
f 1904/1904 1933/1933 1795/1795
f 1905/1905 1574/1574 2003/2003
f 1905/1905 1784/1784 1943/1943
f 1905/1905 1943/1943 2033/2033
f 1906/1906 1712/1712 1531/1531
f 1906/1906 1771/1771 1508/1508
f 1906/1906 1854/1854 1771/1771
f 1906/1906 1909/1909 1854/1854
f 1906/1906 2126/2126 1771/1771
f 1907/1907 1824/1824 2037/2037
f 1907/1907 1939/1939 2072/2072
f 1908/1908 183/183 1965/1965
f 1908/1908 2030/2030 47/47
f 1909/1909 1906/1906 2137/2137
f 1909/1909 2137/2137 883/883
f 1910/1910 1580/1580 2101/2101
f 1910/1910 1717/1717 1580/1580
f 1910/1910 2266/2266 1717/1717
f 1910/1910 2304/2304 2266/2266
f 1911/1911 1958/1958 4243/4243
f 1911/1911 2053/2053 2080/2080
f 1911/1911 4313/4313 2053/2053
f 1912/1912 1869/1869 2324/2324
f 1912/1912 2064/2064 1869/1869
f 1912/1912 2302/2302 2213/2213
f 1913/1913 1560/1560 2041/2041
f 1913/1913 2084/2084 1948/1948
f 1914/1914 1738/1738 1542/1542
f 1914/1914 1961/1961 2107/2107
f 1914/1914 2073/2073 1563/1563
f 1914/1914 2134/2134 2093/2093
f 1915/1915 1882/1882 2021/2021
f 1915/1915 1962/1962 1739/1739
f 1916/1916 2039/2039 2063/2063
f 1917/1917 2092/2092 1745/1745
f 1918/1918 327/327 1544/1544
f 1919/1919 1572/1572 1629/1629
f 1919/1919 1816/1816 2011/2011
f 1919/1919 2036/2036 1503/1503
f 1920/1920 1953/1953 1146/1146
f 1922/1922 2081/2081 1796/1796
f 1922/1922 2081/2081 2104/2104
f 1922/1922 2104/2104 1960/1960
f 1923/1923 1601/1601 1716/1716
f 1923/1923 1808/1808 1601/1601
f 1924/1924 1884/1884 2090/2090
f 1924/1924 1949/1949 1884/1884
f 1925/1925 1811/1811 1981/1981
f 1925/1925 1967/1967 2199/2199
f 1925/1925 2093/2093 1967/1967
f 1925/1925 2199/2199 2243/2243
f 1927/1927 2032/2032 211/211
f 1929/1929 1719/1719 2141/2141
f 1929/1929 1938/1938 1563/1563
f 1931/1931 215/215 1946/1946
f 1931/1931 1597/1597 1866/1866
f 1931/1931 1812/1812 215/215
f 1931/1931 1946/1946 215/215
f 1932/1932 2129/2129 1819/1819
f 1933/1933 1765/1765 1795/1795
f 1933/1933 1833/1833 1976/1976
f 1933/1933 1919/1919 1503/1503
f 1933/1933 1976/1976 1765/1765
f 1933/1933 2147/2147 1833/1833
f 1934/1934 204/204 29/29
f 1934/1934 2047/2047 2130/2130
f 1935/1935 875/875 1031/1031
f 1935/1935 1896/1896 925/925
f 1935/1935 2071/2071 2106/2106
f 1936/1936 1666/1666 1533/1533
f 1936/1936 1666/1666 2131/2131
f 1936/1936 1890/1890 166/166
f 1936/1936 2097/2097 1890/1890
f 1936/1936 2150/2150 2097/2097
f 1936/1936 4249/4249 4416/4416
f 1936/1936 4865/4865 4777/4777
f 1937/1937 1639/1639 2000/2000
f 1938/1938 1530/1530 1563/1563
f 1938/1938 1929/1929 2141/2141
f 1939/1939 1907/1907 2140/2140
f 1939/1939 2018/2018 2072/2072
f 1940/1940 1276/1276 1125/1125
f 1940/1940 1689/1689 1276/1276
f 1941/1941 1840/1840 1708/1708
f 1942/1942 1285/1285 1158/1158
f 1942/1942 1752/1752 1285/1285
f 1942/1942 1987/1987 1804/1804
f 1943/1943 1753/1753 1813/1813
f 1943/1943 1784/1784 1753/1753
f 1943/1943 1813/1813 1980/1980
f 1943/1943 1946/1946 1812/1812
f 1944/1944 1508/1508 1662/1662
f 1945/1945 1688/1688 1802/1802
f 1945/1945 1802/1802 1768/1768
f 1945/1945 1818/1818 1688/1688
f 1945/1945 2115/2115 1970/1970
f 1945/1945 2116/2116 2115/2115
f 1946/1946 1980/1980 1908/1908
f 1947/1947 1774/1774 1899/1899
f 1947/1947 2083/2083 1720/1720
f 1948/1948 1817/1817 1683/1683
f 1948/1948 2025/2025 1817/1817
f 1949/1949 1669/1669 1884/1884
f 1949/1949 1924/1924 1984/1984
f 1950/1950 1892/1892 2079/2079
f 1950/1950 2079/2079 1981/1981
f 1951/1951 1772/1772 174/174
f 1951/1951 1772/1772 1549/1549
f 1951/1951 1870/1870 1660/1660
f 1951/1951 2144/2144 1870/1870
f 1952/1952 1748/1748 1704/1704
f 1953/1953 1820/1820 1196/1196
f 1954/1954 1995/1995 1916/1916
f 1954/1954 2112/2112 2006/2006
f 1955/1955 1918/1918 1544/1544
f 1955/1955 2151/2151 1918/1918
f 1956/1956 1675/1675 2117/2117
f 1956/1956 1788/1788 1821/1821
f 1956/1956 2089/2089 1921/1921
f 1956/1956 2117/2117 1788/1788
f 1957/1957 1692/1692 2131/2131
f 1957/1957 2091/2091 1897/1897
f 1958/1958 1822/1822 4287/4287
f 1958/1958 1911/1911 2080/2080
f 1958/1958 2121/2121 1994/1994
f 1958/1958 4287/4287 4243/4243
f 1959/1959 76/76 43/43
f 1959/1959 1905/1905 2033/2033
f 1959/1959 2146/2146 76/76
f 1960/1960 170/170 1796/1796
f 1960/1960 1796/1796 1922/1922
f 1961/1961 1615/1615 2050/2050
f 1961/1961 1914/1914 2093/2093
f 1961/1961 2050/2050 2107/2107
f 1962/1962 1611/1611 1739/1739
f 1962/1962 1915/1915 2021/2021
f 1962/1962 2195/2195 1611/1611
f 1963/1963 1829/1829 2525/2525
f 1963/1963 1924/1924 2090/2090
f 1963/1963 2198/2198 1924/1924
f 1964/1964 1891/1891 1756/1756
f 1965/1965 1908/1908 183/183
f 1965/1965 1931/1931 1946/1946
f 1965/1965 1946/1946 1908/1908
f 1966/1966 1926/1926 2200/2200
f 1966/1966 2102/2102 1926/1926
f 1966/1966 2109/2109 2102/2102
f 1967/1967 1680/1680 2179/2179
f 1967/1967 2179/2179 2199/2199
f 1968/1968 1785/1785 1826/1826
f 1968/1968 1826/1826 2113/2113
f 1968/1968 2111/2111 1755/1755
f 1969/1969 1910/1910 2101/2101
f 1969/1969 2101/2101 1591/1591
f 1970/1970 2115/2115 2256/2256
f 1970/1970 2256/2256 2211/2211
f 1971/1971 1842/1842 1857/1857
f 1971/1971 1846/1846 1842/1842
f 1971/1971 2046/2046 2353/2353
f 1972/1972 1002/1002 1054/1054
f 1972/1972 1054/1054 1002/1002
f 1972/1972 2054/2054 2213/2213
f 1972/1972 2069/2069 2865/2865
f 1972/1972 2257/2257 2297/2297
f 1973/1973 1962/1962 2021/2021
f 1974/1974 2129/2129 1932/1932
f 1975/1975 1192/1192 1850/1850
f 1976/1976 1572/1572 1933/1933
f 1976/1976 2097/2097 1629/1629
f 1977/1977 13/13 2017/2017
f 1978/1978 1559/1559 2087/2087
f 1978/1978 1640/1640 1940/1940
f 1978/1978 2087/2087 1640/1640
f 1979/1979 1166/1166 1800/1800
f 1979/1979 1800/1800 2023/2023
f 1980/1980 1557/1557 2030/2030
f 1980/1980 1813/1813 1557/1557
f 1980/1980 1946/1946 1943/1943
f 1980/1980 2030/2030 1908/1908
f 1981/1981 1853/1853 1961/1961
f 1984/1984 1924/1924 2046/2046
f 1985/1985 2031/2031 1596/1596
f 1985/1985 2266/2266 2031/2031
f 1986/1986 1968/1968 2113/2113
f 1987/1987 1942/1942 1804/1804
f 1987/1987 2362/2362 1804/1804
f 1988/1988 34/34 2029/2029
f 1988/1988 82/82 2060/2060
f 1989/1989 1565/1565 2026/2026
f 1990/1990 84/84 653/653
f 1990/1990 1173/1173 1426/1426
f 1990/1990 1855/1855 167/167
f 1990/1990 2027/2027 1821/1821
f 1991/1991 1119/1119 1174/1174
f 1991/1991 1679/1679 1867/1867
f 1992/1992 1433/1433 1549/1549
f 1992/1992 2045/2045 1789/1789
f 1993/1993 1639/1639 1617/1617
f 1993/1993 1645/1645 2000/2000
f 1993/1993 1872/1872 1762/1762
f 1993/1993 2056/2056 1835/1835
f 1995/1995 1548/1548 2039/2039
f 1995/1995 1954/1954 2006/2006
f 1995/1995 2006/2006 1964/1964
f 1995/1995 2039/2039 1916/1916
f 1996/1996 1865/1865 2137/2137
f 1996/1996 1906/1906 1508/1508
f 1996/1996 2137/2137 1906/1906
f 1997/1997 1834/1834 1582/1582
f 1998/1998 1642/1642 2037/2037
f 1998/1998 1875/1875 1926/1926
f 1998/1998 2037/2037 1824/1824
f 1999/1999 1570/1570 2034/2034
f 1999/1999 2034/2034 1819/1819
f 2001/2001 1905/1905 1959/1959
f 2002/2002 1657/1657 1606/1606
f 2002/2002 1795/1795 1657/1657
f 2002/2002 1820/1820 1953/1953
f 2002/2002 2036/2036 1795/1795
f 2002/2002 2036/2036 1851/1851
f 2003/2003 1574/1574 1888/1888
f 2003/2003 1784/1784 1905/1905
f 2004/2004 2372/2372 2052/2052
f 2005/2005 1788/1788 1877/1877
f 2006/2006 1710/1710 1677/1677
f 2006/2006 1823/1823 1710/1710
f 2006/2006 2024/2024 1964/1964
f 2007/2007 1635/1635 2119/2119
f 2007/2007 2119/2119 1575/1575
f 2008/2008 4328/4328 2060/2060
f 2009/2009 1556/1556 1593/1593
f 2009/2009 1798/1798 1741/1741
f 2009/2009 1897/1897 1556/1556
f 2010/2010 1581/1581 1618/1618
f 2010/2010 1648/1648 2099/2099
f 2011/2011 895/895 968/968
f 2011/2011 2040/2040 895/895
f 2012/2012 1514/1514 1712/1712
f 2012/2012 1876/1876 1887/1887
f 2012/2012 1887/1887 917/917
f 2013/2013 1519/1519 2059/2059
f 2013/2013 1879/1879 1836/1836
f 2014/2014 1533/1533 1741/1741
f 2014/2014 1741/1741 2009/2009
f 2015/2015 1119/1119 1991/1991
f 2015/2015 1839/1839 2142/2142
f 2015/2015 1991/1991 1867/1867
f 2016/2016 1552/1552 1889/1889
f 2016/2016 1743/1743 1552/1552
f 2017/2017 43/43 1747/1747
f 2018/2018 1529/1529 2072/2072
f 2018/2018 1806/1806 1720/1720
f 2019/2019 1649/1649 4319/4319
f 2019/2019 1810/1810 2049/2049
f 2020/2020 1861/1861 2066/2066
f 2020/2020 1940/1940 1902/1902
f 2020/2020 1978/1978 1940/1940
f 2020/2020 2066/2066 1843/1843
f 2022/2022 1539/1539 2043/2043
f 2022/2022 2064/2064 1652/1652
f 2024/2024 1891/1891 1964/1964
f 2024/2024 2006/2006 1677/1677
f 2024/2024 2058/2058 1891/1891
f 2025/2025 1589/1589 1975/1975
f 2025/2025 1850/1850 1817/1817
f 2025/2025 1948/1948 2084/2084
f 2027/2027 1990/1990 1426/1426
f 2027/2027 2089/2089 1821/1821
f 2028/2028 1831/1831 1591/1591
f 2029/2029 103/103 2094/2094
f 2029/2029 1827/1827 1988/1988
f 2029/2029 1874/1874 3/3
f 2029/2029 1874/1874 1827/1827
f 2029/2029 2094/2094 1904/1904
f 2030/2030 1521/1521 47/47
f 2031/2031 2061/2061 1596/1596
f 2032/2032 8/8 211/211
f 2032/2032 1577/1577 354/354
f 2032/2032 1602/1602 2074/2074
f 2033/2033 1943/1943 1983/1983
f 2034/2034 1528/1528 1819/1819
f 2035/2035 2218/2218 1880/1880
f 2036/2036 1503/1503 1933/1933
f 2036/2036 1765/1765 1503/1503
f 2036/2036 1765/1765 1795/1795
f 2036/2036 1919/1919 2068/2068
f 2036/2036 1933/1933 1765/1765
f 2036/2036 2002/2002 1765/1765
f 2036/2036 2068/2068 1851/1851
f 2037/2037 1642/1642 1599/1599
f 2038/2038 1841/1841 1877/1877
f 2038/2038 2078/2078 2340/2340
f 2039/2039 1509/1509 2120/2120
f 2039/2039 2120/2120 2063/2063
f 2040/2040 946/946 895/895
f 2040/2040 1604/1604 1457/1457
f 2040/2040 1859/1859 1604/1604
f 2041/2041 2013/2013 1836/1836
f 2042/2042 1752/1752 1541/1541
f 2042/2042 1752/1752 1942/1942
f 2042/2042 1942/1942 1541/1541
f 2043/2043 1539/1539 1900/1900
f 2043/2043 2217/2217 2345/2345
f 2044/2044 1737/1737 1930/1930
f 2044/2044 1834/1834 1997/1997
f 2045/2045 1660/1660 1772/1772
f 2045/2045 1772/1772 1789/1789
f 2046/2046 1857/1857 1984/1984
f 2046/2046 1971/1971 1857/1857
f 2046/2046 2346/2346 2353/2353
f 2047/2047 29/29 1149/1149
f 2047/2047 1934/1934 29/29
f 2048/2048 1864/1864 1970/1970
f 2048/2048 1970/1970 2211/2211
f 2048/2048 2211/2211 2889/2889
f 2049/2049 1952/1952 1838/1838
f 2050/2050 1894/1894 2107/2107
f 2051/2051 1754/1754 2005/2005
f 2051/2051 2005/2005 1877/1877
f 2052/2052 2292/2292 2558/2558
f 2053/2053 1814/1814 112/112
f 2053/2053 1847/1847 112/112
f 2053/2053 1847/1847 2080/2080
f 2054/2054 919/919 1972/1972
f 2054/2054 1860/1860 1912/1912
f 2054/2054 1912/1912 2213/2213
f 2055/2055 1524/1524 2120/2120
f 2055/2055 1614/1614 1751/1751
f 2055/2055 1848/1848 1994/1994
f 2055/2055 1994/1994 1546/1546
f 2056/2056 1993/1993 1617/1617
f 2056/2056 2071/2071 1835/1835
f 2057/2057 940/940 23/23
f 2058/2058 1619/1619 1592/1592
f 2058/2058 1671/1671 1793/1793
f 2058/2058 2127/2127 1616/1616
f 2060/2060 143/143 2008/2008
f 2060/2060 4328/4328 4276/4276
f 2061/2061 1708/1708 1745/1745
f 2061/2061 2110/2110 1708/1708
f 2062/2062 1968/1968 1871/1871
f 2062/2062 2111/2111 1968/1968
f 2063/2063 2010/2010 1618/1618
f 2063/2063 2112/2112 1916/1916
f 2064/2064 1860/1860 1652/1652
f 2064/2064 2022/2022 1869/1869
f 2065/2065 2114/2114 1920/1920
f 2066/2066 1861/1861 2132/2132
f 2066/2066 2132/2132 2100/2100
f 2067/2067 1127/1127 2023/2023
f 2067/2067 1938/1938 2141/2141
f 2068/2068 1919/1919 2011/2011
f 2068/2068 2011/2011 968/968
f 2069/2069 1700/1700 2122/2122
f 2069/2069 2122/2122 2865/2865
f 2070/2070 1767/1767 1505/1505
f 2070/2070 1783/1783 2130/2130
f 2071/2071 1504/1504 2106/2106
f 2071/2071 1550/1550 1504/1504
f 2071/2071 1935/1935 1835/1835
f 2071/2071 2056/2056 1617/1617
f 2072/2072 1644/1644 2306/2306
f 2073/2073 1719/1719 1563/1563
f 2073/2073 1914/1914 2107/2107
f 2074/2074 1931/1931 1965/1965
f 2074/2074 2108/2108 1931/1931
f 2074/2074 2108/2108 1965/1965
f 2076/2076 81/81 1856/1856
f 2076/2076 1856/1856 1819/1819
f 2077/2077 960/960 2021/2021
f 2077/2077 1882/1882 1828/1828
f 2078/2078 1892/1892 2105/2105
f 2078/2078 2038/2038 1877/1877
f 2078/2078 2105/2105 2267/2267
f 2078/2078 2311/2311 2340/2340
f 2079/2079 1729/1729 1853/1853
f 2079/2079 1853/1853 1981/1981
f 2080/2080 1651/1651 2121/2121
f 2081/2081 930/930 1314/1314
f 2081/2081 1314/1314 1735/1735
f 2081/2081 1922/1922 1796/1796
f 2082/2082 1885/1885 2115/2115
f 2083/2083 1529/1529 1720/1720
f 2083/2083 1899/1899 2123/2123
f 2083/2083 1947/1947 1899/1899
f 2083/2083 2123/2123 2315/2315
f 2083/2083 2315/2315 1529/1529
f 2085/2085 76/76 1830/1830
f 2085/2085 1711/1711 1747/1747
f 2086/2086 1660/1660 1870/1870
f 2086/2086 1716/1716 1693/1693
f 2086/2086 1716/1716 1807/1807
f 2086/2086 1807/1807 2149/2149
f 2086/2086 1870/1870 1889/1889
f 2086/2086 2149/2149 1593/1593
f 2087/2087 1559/1559 1730/1730
f 2087/2087 1730/1730 1895/1895
f 2088/2088 1568/1568 4355/4355
f 2088/2088 1907/1907 2037/2037
f 2088/2088 4355/4355 4367/4367
f 2089/2089 1431/1431 1481/1481
f 2089/2089 1956/1956 1821/1821
f 2089/2089 2027/2027 1426/1426
f 2089/2089 2152/2152 1921/1921
f 2090/2090 1884/1884 1963/1963
f 2091/2091 2131/2131 1724/1724
f 2092/2092 1777/1777 1745/1745
f 2092/2092 1831/1831 1777/1777
f 2093/2093 1925/1925 1981/1981
f 2093/2093 1981/1981 1961/1961
f 2094/2094 1757/1757 2029/2029
f 2094/2094 4304/4304 1727/1727
f 2095/2095 940/940 984/984
f 2095/2095 1886/1886 1081/1081
f 2095/2095 2144/2144 1886/1886
f 2096/2096 1748/1748 1952/1952
f 2096/2096 1903/1903 2124/2124
f 2096/2096 1952/1952 2049/2049
f 2097/2097 104/104 191/191
f 2097/2097 1506/1506 1692/1692
f 2097/2097 1594/1594 1629/1629
f 2097/2097 1859/1859 1594/1594
f 2098/2098 109/109 1918/1918
f 2098/2098 2151/2151 67/67
f 2100/2100 2054/2054 1972/1972
f 2100/2100 2132/2132 2054/2054
f 2101/2101 1580/1580 1591/1591
f 2102/2102 1578/1578 2143/2143
f 2102/2102 2143/2143 1926/1926
f 2103/2103 1706/1706 1665/1665
f 2103/2103 1880/1880 2326/2326
f 2104/2104 2081/2081 1735/1735
f 2105/2105 1811/1811 2243/2243
f 2105/2105 1950/1950 1811/1811
f 2106/2106 1504/1504 1373/1373
f 2108/2108 1602/1602 1826/1826
f 2108/2108 2074/2074 1602/1602
f 2108/2108 2074/2074 1965/1965
f 2109/2109 1883/1883 2102/2102
f 2109/2109 2272/2272 4299/4299
f 2109/2109 4299/4299 4266/4266
f 2110/2110 1730/1730 1941/1941
f 2110/2110 1941/1941 1708/1708
f 2111/2111 1882/1882 1755/1755
f 2111/2111 2062/2062 1871/1871
f 2112/2112 1586/1586 1710/1710
f 2112/2112 1823/1823 2006/2006
f 2112/2112 1954/1954 1916/1916
f 2112/2112 2063/2063 1618/1618
f 2113/2113 1009/1009 1986/1986
f 2114/2114 1657/1657 2002/2002
f 2114/2114 1953/1953 1920/1920
f 2114/2114 2002/2002 1953/1953
f 2114/2114 2065/2065 1699/1699
f 2116/2116 1508/1508 1944/1944
f 2116/2116 1508/1508 1996/1996
f 2116/2116 1637/1637 1508/1508
f 2116/2116 1637/1637 1887/1887
f 2116/2116 1887/1887 1768/1768
f 2116/2116 1944/1944 2082/2082
f 2116/2116 1945/1945 1887/1887
f 2116/2116 2082/2082 2115/2115
f 2117/2117 1675/1675 2079/2079
f 2117/2117 1892/1892 1877/1877
f 2118/2118 1660/1660 2045/2045
f 2119/2119 1049/1049 1928/1928
f 2119/2119 1216/1216 1049/1049
f 2119/2119 1588/1588 1575/1575
f 2119/2119 1635/1635 1216/1216
f 2119/2119 1928/1928 1797/1797
f 2120/2120 1524/1524 2010/2010
f 2120/2120 2010/2010 2063/2063
f 2121/2121 1546/1546 1994/1994
f 2121/2121 1958/1958 2080/2080
f 2122/2122 2408/2408 2865/2865
f 2123/2123 1846/1846 1971/1971
f 2123/2123 1971/1971 2353/2353
f 2124/2124 904/904 1052/1052
f 2124/2124 1732/1732 1610/1610
f 2125/2125 1398/1398 939/939
f 2125/2125 1590/1590 1991/1991
f 2126/2126 1647/1647 1771/1771
f 2126/2126 1906/1906 1909/1909
f 2126/2126 2286/2286 2397/2397
f 2127/2127 1364/1364 1616/1616
f 2127/2127 2058/2058 1592/1592
f 2128/2128 1824/1824 1907/1907
f 2128/2128 1907/1907 2072/2072
f 2128/2128 2072/2072 2306/2306
f 2128/2128 2284/2284 2252/2252
f 2129/2129 15/15 109/109
f 2129/2129 2076/2076 1819/1819
f 2129/2129 2098/2098 67/67
f 2130/2130 1500/1500 1686/1686
f 2130/2130 1686/1686 2070/2070
f 2130/2130 1740/1740 1934/1934
f 2130/2130 1783/1783 1740/1740
f 2130/2130 2047/2047 1868/1868
f 2131/2131 1666/1666 1724/1724
f 2131/2131 2091/2091 1957/1957
f 2132/2132 1033/1033 2054/2054
f 2132/2132 1861/1861 1033/1033
f 2133/2133 1530/1530 1997/1997
f 2133/2133 1656/1656 2075/2075
f 2134/2134 1914/1914 1542/1542
f 2134/2134 1967/1967 2093/2093
f 2135/2135 1567/1567 2084/2084
f 2135/2135 1913/1913 2041/2041
f 2135/2135 2084/2084 1913/1913
f 2136/2136 1910/1910 1969/1969
f 2136/2136 1969/1969 1780/1780
f 2137/2137 997/997 883/883
f 2137/2137 997/997 1909/1909
f 2137/2137 1865/1865 1909/1909
f 2137/2137 1906/1906 1531/1531
f 2137/2137 1909/1909 883/883
f 2138/2138 1065/1065 2099/2099
f 2138/2138 1608/1608 1989/1989
f 2139/2139 2004/2004 1573/1573
f 2139/2139 2087/2087 2295/2295
f 2139/2139 2295/2295 2372/2372
f 2139/2139 2372/2372 2004/2004
f 2140/2140 1907/1907 2088/2088
f 2140/2140 2088/2088 4367/4367
f 2143/2143 1998/1998 1926/1926
f 2144/2144 1024/1024 1297/1297
f 2144/2144 1743/1743 2016/2016
f 2144/2144 1951/1951 1886/1886
f 2144/2144 2016/2016 1870/1870
f 2144/2144 2095/2095 1024/1024
f 2145/2145 1832/1832 1665/1665
f 2145/2145 1959/1959 1832/1832
f 2145/2145 2001/2001 1959/1959
f 2146/2146 1844/1844 111/111
f 2146/2146 1959/1959 2033/2033
f 2147/2147 77/77 1833/1833
f 2147/2147 1690/1690 1727/1727
f 2147/2147 1904/1904 2094/2094
f 2147/2147 1933/1933 1690/1690
f 2147/2147 1933/1933 1904/1904
f 2147/2147 4304/4304 4819/4819
f 2148/2148 1013/1013 2770/2770
f 2148/2148 2044/2044 1930/1930
f 2149/2149 2009/2009 1593/1593
f 2149/2149 2086/2086 1693/1693
f 2150/2150 1533/1533 2014/2014
f 2150/2150 1859/1859 2097/2097
f 2150/2150 1936/1936 1533/1533
f 2151/2151 81/81 93/93
f 2151/2151 93/93 67/67
f 2151/2151 2098/2098 1918/1918
f 2152/2152 1481/1481 1213/1213
f 2152/2152 1837/1837 2050/2050
f 2152/2152 2050/2050 1921/1921
f 2152/2152 2089/2089 1481/1481
f 2153/2153 2249/2249 2470/2470
f 2153/2153 2287/2287 2249/2249
f 2153/2153 2470/2470 2565/2565
f 2154/2154 2356/2356 2246/2246
f 2154/2154 3796/3796 3760/3760
f 2155/2155 2240/2240 2294/2294
f 2155/2155 2294/2294 2365/2365
f 2155/2155 2497/2497 2240/2240
f 2155/2155 2497/2497 2365/2365
f 2156/2156 2251/2251 2511/2511
f 2156/2156 2356/2356 2251/2251
f 2157/2157 2344/2344 2816/2816
f 2157/2157 2533/2533 2344/2344
f 2158/2158 1910/1910 2136/2136
f 2158/2158 2136/2136 2292/2292
f 2159/2159 2237/2237 2428/2428
f 2159/2159 3660/3660 2237/2237
f 2160/2160 2236/2236 2493/2493
f 2160/2160 2367/2367 2236/2236
f 2161/2161 2274/2274 2555/2555
f 2161/2161 2287/2287 2274/2274
f 2161/2161 3608/3608 3456/3456
f 2161/2161 3644/3644 3758/3758
f 2162/2162 1942/1942 1158/1158
f 2162/2162 2362/2362 1942/1942
f 2164/2164 2172/2172 2291/2291
f 2164/2164 2291/2291 2379/2379
f 2164/2164 2501/2501 3746/3746
f 2165/2165 2183/2183 3753/3753
f 2165/2165 2247/2247 2535/2535
f 2165/2165 3841/3841 2247/2247
f 2166/2166 2289/2289 2316/2316
f 2166/2166 2554/2554 2289/2289
f 2168/2168 2651/2651 2724/2724
f 2169/2169 2401/2401 2482/2482
f 2169/2169 2482/2482 2506/2506
f 2169/2169 3769/3769 2221/2221
f 2169/2169 3836/3836 3769/3769
f 2170/2170 2195/2195 2354/2354
f 2171/2171 2187/2187 2522/2522
f 2171/2171 2257/2257 2331/2331
f 2171/2171 2522/2522 2479/2479
f 2172/2172 2164/2164 2526/2526
f 2172/2172 2192/2192 2291/2291
f 2172/2172 2741/2741 2192/2192
f 2173/2173 2814/2814 2898/2898
f 2173/2173 2898/2898 2929/2929
f 2174/2174 1963/1963 2525/2525
f 2175/2175 2269/2269 2201/2201
f 2175/2175 2371/2371 2214/2214
f 2176/2176 2268/2268 2369/2369
f 2176/2176 2333/2333 2268/2268
f 2177/2177 2486/2486 2380/2380
f 2177/2177 2901/2901 2486/2486
f 2178/2178 2260/2260 2278/2278
f 2180/2180 1966/1966 2200/2200
f 2180/2180 2200/2200 2499/2499
f 2180/2180 2272/2272 1966/1966
f 2181/2181 2136/2136 1780/1780
f 2181/2181 2483/2483 2521/2521
f 2182/2182 2103/2103 2326/2326
f 2182/2182 2326/2326 2156/2156
f 2183/2183 2189/2189 3781/3781
f 2183/2183 2312/2312 2210/2210
f 2183/2183 3687/3687 3776/3776
f 2183/2183 3776/3776 3753/3753
f 2184/2184 2167/2167 2318/2318
f 2184/2184 2260/2260 2498/2498
f 2184/2184 2271/2271 2167/2167
f 2184/2184 2532/2532 2260/2260
f 2185/2185 2325/2325 2887/2887
f 2186/2186 1873/1873 1603/1603
f 2186/2186 2323/2323 1873/1873
f 2187/2187 2171/2171 2331/2331
f 2187/2187 2220/2220 2549/2549
f 2187/2187 2302/2302 2865/2865
f 2188/2188 1858/1858 1900/1900
f 2188/2188 2278/2278 2217/2217
f 2188/2188 2765/2765 2278/2278
f 2189/2189 2183/2183 2329/2329
f 2189/2189 2210/2210 2375/2375
f 2189/2189 2254/2254 3822/3822
f 2189/2189 2329/2329 2210/2210
f 2190/2190 2177/2177 2380/2380
f 2190/2190 2293/2293 2177/2177
f 2191/2191 2317/2317 2488/2488
f 2191/2191 2333/2333 2488/2488
f 2191/2191 2508/2508 2317/2317
f 2192/2192 2412/2412 2518/2518
f 2192/2192 2714/2714 2412/2412
f 2193/2193 1123/1123 2880/2880
f 2193/2193 1909/1909 1123/1123
f 2193/2193 2880/2880 2446/2446
f 2194/2194 2495/2495 2325/2325
f 2194/2194 2512/2512 2495/2495
f 2195/2195 2265/2265 2354/2354
f 2195/2195 2276/2276 2265/2265
f 2195/2195 2509/2509 1611/1611
f 2196/2196 2230/2230 2361/2361
f 2196/2196 3760/3760 3796/3796
f 2196/2196 3796/3796 2235/2235
f 2197/2197 2347/2347 2431/2431
f 2198/2198 1963/1963 2508/2508
f 2198/2198 2346/2346 1924/1924
f 2199/2199 3767/3767 3834/3834
f 2199/2199 3834/3834 2243/2243
f 2200/2200 2232/2232 2499/2499
f 2201/2201 3764/3764 2175/2175
f 2202/2202 2349/2349 3680/3680
f 2202/2202 2500/2500 2351/2351
f 2202/2202 3680/3680 3763/3763
f 2203/2203 2155/2155 2365/2365
f 2203/2203 2365/2365 2807/2807
f 2204/2204 2305/2305 2544/2544
f 2204/2204 2544/2544 2255/2255
f 2205/2205 2514/2514 2332/2332
f 2205/2205 3705/3705 2514/2514
f 2207/2207 2339/2339 2248/2248
f 2207/2207 3805/3805 2201/2201
f 2208/2208 2753/2753 2865/2865
f 2209/2209 2347/2347 2197/2197
f 2209/2209 2513/2513 2347/2347
f 2209/2209 3837/3837 3811/3811
f 2210/2210 2429/2429 2460/2460
f 2210/2210 2460/2460 2375/2375
f 2212/2212 2239/2239 2350/2350
f 2213/2213 2324/2324 2187/2187
f 2214/2214 2371/2371 2250/2250
f 2215/2215 2327/2327 2516/2516
f 2215/2215 2516/2516 2328/2328
f 2216/2216 2308/2308 2417/2417
f 2216/2216 2417/2417 2505/2505
f 2217/2217 1858/1858 2188/2188
f 2217/2217 2043/2043 1858/1858
f 2217/2217 2260/2260 2345/2345
f 2217/2217 2363/2363 2278/2278
f 2218/2218 2326/2326 1880/1880
f 2219/2219 2173/2173 2929/2929
f 2219/2219 2418/2418 2173/2173
f 2221/2221 2571/2571 2452/2452
f 2221/2221 3661/3661 3769/3769
f 2221/2221 3678/3678 3769/3769
f 2221/2221 3769/3769 3661/3661
f 2221/2221 3769/3769 3678/3678
f 2222/2222 2343/2343 2370/2370
f 2222/2222 2427/2427 2343/2343
f 2222/2222 2726/2726 2432/2432
f 2222/2222 2885/2885 2726/2726
f 2223/2223 2320/2320 2294/2294
f 2223/2223 2337/2337 2320/2320
f 2224/2224 2319/2319 2782/2782
f 2224/2224 2410/2410 2319/2319
f 2224/2224 2904/2904 2239/2239
f 2225/2225 2197/2197 2431/2431
f 2225/2225 2824/2824 2787/2787
f 2226/2226 2286/2286 2193/2193
f 2226/2226 2564/2564 2245/2245
f 2227/2227 2531/2531 2285/2285
f 2229/2229 2317/2317 4218/4218
f 2229/2229 2333/2333 2191/2191
f 2229/2229 4176/4176 4238/4238
f 2230/2230 2253/2253 2361/2361
f 2230/2230 2281/2281 2394/2394
f 2231/2231 2186/2186 2308/2308
f 2231/2231 2341/2341 2273/2273
f 2231/2231 2526/2526 3405/3405
f 2231/2231 3777/3777 2341/2341
f 2232/2232 1875/1875 1824/1824
f 2232/2232 2200/2200 1926/1926
f 2232/2232 2569/2569 2499/2499
f 2233/2233 2255/2255 2275/2275
f 2233/2233 2536/2536 2255/2255
f 2234/2234 2372/2372 2031/2031
f 2235/2235 2261/2261 2395/2395
f 2235/2235 2281/2281 2196/2196
f 2235/2235 2477/2477 2281/2281
f 2235/2235 3828/3828 2261/2261
f 2236/2236 2309/2309 2282/2282
f 2236/2236 2540/2540 2493/2493
f 2237/2237 2290/2290 2428/2428
f 2238/2238 2254/2254 2375/2375
f 2238/2238 2899/2899 2989/2989
f 2238/2238 3797/3797 3822/3822
f 2239/2239 2845/2845 2350/2350
f 2239/2239 2904/2904 2845/2845
f 2240/2240 2223/2223 2294/2294
f 2241/2241 2222/2222 2370/2370
f 2241/2241 2432/2432 2222/2222
f 2244/2244 2316/2316 2381/2381
f 2245/2245 2444/2444 2534/2534
f 2246/2246 2326/2326 2218/2218
f 2246/2246 3796/3796 2154/2154
f 2247/2247 3841/3841 2535/2535
f 2249/2249 2352/2352 2434/2434
f 2249/2249 2434/2434 2398/2398
f 2251/2251 2538/2538 2511/2511
f 2252/2252 2232/2232 1824/1824
f 2253/2253 2553/2553 3800/3800
f 2253/2253 3800/3800 3709/3709
f 2254/2254 2189/2189 2375/2375
f 2254/2254 2238/2238 3822/3822
f 2255/2255 2544/2544 2275/2275
f 2256/2256 2115/2115 2167/2167
f 2257/2257 1972/1972 2213/2213
f 2257/2257 2213/2213 2331/2331
f 2258/2258 2298/2298 2369/2369
f 2258/2258 2359/2359 2228/2228
f 2259/2259 2170/2170 2285/2285
f 2259/2259 2531/2531 2394/2394
f 2260/2260 2178/2178 2570/2570
f 2260/2260 2217/2217 2278/2278
f 2260/2260 2570/2570 2498/2498
f 2261/2261 13/13 1778/1778
f 2261/2261 3828/3828 13/13
f 2262/2262 2540/2540 2236/2236
f 2262/2262 2545/2545 2214/2214
f 2263/2263 2301/2301 2177/2177
f 2264/2264 1865/1865 2562/2562
f 2264/2264 2562/2562 2187/2187
f 2265/2265 2276/2276 1973/1973
f 2265/2265 2932/2932 2354/2354
f 2266/2266 2234/2234 2031/2031
f 2266/2266 2348/2348 2234/2234
f 2267/2267 2105/2105 2243/2243
f 2268/2268 2229/2229 4238/4238
f 2268/2268 2359/2359 2369/2369
f 2269/2269 2374/2374 2201/2201
f 2269/2269 2425/2425 2390/2390
f 2270/2270 2166/2166 2468/2468
f 2270/2270 2547/2547 2166/2166
f 2271/2271 2184/2184 2355/2355
f 2271/2271 2184/2184 2570/2570
f 2271/2271 2355/2355 2167/2167
f 2272/2272 2109/2109 1966/1966
f 2272/2272 2180/2180 2523/2523
f 2272/2272 2403/2403 4132/4132
f 2272/2272 4236/4236 4299/4299
f 2273/2273 2186/2186 2231/2231
f 2273/2273 3827/3827 2364/2364
f 2274/2274 2153/2153 2565/2565
f 2274/2274 2565/2565 2288/2288
f 2275/2275 2406/2406 2766/2766
f 2276/2276 1962/1962 1973/1973
f 2276/2276 2195/2195 1962/1962
f 2277/2277 2338/2338 3638/3638
f 2277/2277 3702/3702 2409/2409
f 2278/2278 2467/2467 2178/2178
f 2278/2278 2765/2765 2467/2467
f 2279/2279 2157/2157 2859/2859
f 2279/2279 2561/2561 2157/2157
f 2280/2280 2123/2123 2353/2353
f 2280/2280 2315/2315 2123/2123
f 2280/2280 2385/2385 2315/2315
f 2280/2280 2414/2414 2385/2385
f 2281/2281 2230/2230 2196/2196
f 2281/2281 2477/2477 2560/2560
f 2281/2281 2560/2560 2394/2394
f 2282/2282 2262/2262 2236/2236
f 2282/2282 2419/2419 2262/2262
f 2282/2282 2760/2760 2419/2419
f 2283/2283 2561/2561 2279/2279
f 2283/2283 3761/3761 2561/2561
f 2284/2284 2128/2128 2306/2306
f 2284/2284 2306/2306 2382/2382
f 2284/2284 2416/2416 2252/2252
f 2285/2285 2170/2170 2354/2354
f 2286/2286 1909/1909 2193/2193
f 2286/2286 2126/2126 1909/1909
f 2286/2286 2226/2226 2534/2534
f 2287/2287 2153/2153 2274/2274
f 2287/2287 2161/2161 3758/3758
f 2287/2287 2352/2352 2249/2249
f 2287/2287 3636/3636 3722/3722
f 2288/2288 2565/2565 2757/2757
f 2288/2288 2757/2757 2901/2901
f 2288/2288 2901/2901 2177/2177
f 2289/2289 2482/2482 2316/2316
f 2289/2289 2546/2546 2482/2482
f 2290/2290 2568/2568 2428/2428
f 2290/2290 2839/2839 2568/2568
f 2291/2291 2192/2192 2518/2518
f 2291/2291 2518/2518 2448/2448
f 2292/2292 2136/2136 2181/2181
f 2292/2292 2181/2181 2521/2521
f 2292/2292 2521/2521 2459/2459
f 2293/2293 2263/2263 2177/2177
f 2293/2293 2649/2649 2263/2263
f 2294/2294 2779/2779 2365/2365
f 2295/2295 1895/1895 2061/2061
f 2295/2295 2087/2087 1895/1895
f 2296/2296 4234/4234 2317/2317
f 2297/2297 2257/2257 2171/2171
f 2298/2298 2258/2258 2228/2228
f 2298/2298 2414/2414 2436/2436
f 2298/2298 2436/2436 2369/2369
f 2299/2299 1944/1944 1662/1662
f 2299/2299 2318/2318 1944/1944
f 2300/2300 2148/2148 2770/2770
f 2300/2300 2384/2384 1834/1834
f 2300/2300 2429/2429 2210/2210
f 2300/2300 2557/2557 2384/2384
f 2301/2301 2288/2288 2177/2177
f 2302/2302 1912/1912 2324/2324
f 2302/2302 1972/1972 2865/2865
f 2302/2302 2100/2100 1972/1972
f 2303/2303 2175/2175 2214/2214
f 2303/2303 2269/2269 2175/2175
f 2303/2303 2425/2425 2269/2269
f 2304/2304 1910/1910 2158/2158
f 2304/2304 2158/2158 2348/2348
f 2304/2304 2348/2348 2266/2266
f 2305/2305 2373/2373 2424/2424
f 2305/2305 2424/2424 2544/2544
f 2306/2306 2469/2469 2382/2382
f 2307/2307 2168/2168 2724/2724
f 2307/2307 3781/3781 2168/2168
f 2308/2308 2186/2186 2440/2440
f 2308/2308 2364/2364 2502/2502
f 2308/2308 2440/2440 2417/2417
f 2309/2309 2786/2786 2282/2282
f 2310/2310 2225/2225 2787/2787
f 2310/2310 2787/2787 2712/2712
f 2311/2311 2078/2078 2267/2267
f 2311/2311 3667/3667 3670/3670
f 2311/2311 3670/3670 2340/2340
f 2312/2312 2384/2384 2210/2210
f 2313/2313 2233/2233 2275/2275
f 2313/2313 2275/2275 2766/2766
f 2314/2314 2197/2197 2241/2241
f 2314/2314 2209/2209 2197/2197
f 2314/2314 2370/2370 3628/3628
f 2314/2314 3837/3837 2209/2209
f 2315/2315 2469/2469 1529/1529
f 2316/2316 2244/2244 2381/2381
f 2316/2316 2401/2401 2169/2169
f 2316/2316 2422/2422 2452/2452
f 2317/2317 2191/2191 2488/2488
f 2317/2317 2229/2229 2191/2191
f 2318/2318 1885/1885 1944/1944
f 2318/2318 2167/2167 2115/2115
f 2318/2318 2299/2299 2475/2475
f 2319/2319 2233/2233 2313/2313
f 2319/2319 2410/2410 2233/2233
f 2320/2320 2337/2337 2185/2185
f 2320/2320 2794/2794 2294/2294
f 2321/2321 3715/3715 3139/3139
f 2322/2322 2298/2298 2228/2228
f 2322/2322 2458/2458 2385/2385
f 2323/2323 2186/2186 2273/2273
f 2323/2323 2216/2216 2505/2505
f 2323/2323 2273/2273 2242/2242
f 2323/2323 2364/2364 2216/2216
f 2324/2324 1869/1869 2444/2444
f 2324/2324 2213/2213 2302/2302
f 2324/2324 2220/2220 2187/2187
f 2324/2324 2245/2245 2220/2220
f 2324/2324 2360/2360 2245/2245
f 2325/2325 2495/2495 2739/2739
f 2325/2325 2739/2739 2653/2653
f 2326/2326 2246/2246 2356/2356
f 2326/2326 2356/2356 2156/2156
f 2327/2327 2352/2352 3829/3829
f 2327/2327 2435/2435 2516/2516
f 2327/2327 3829/3829 3419/3419
f 2328/2328 2516/2516 2819/2819
f 2328/2328 2819/2819 2928/2928
f 2329/2329 2183/2183 2210/2210
f 2330/2330 911/911 2264/2264
f 2330/2330 2264/2264 2479/2479
f 2331/2331 2213/2213 2187/2187
f 2332/2332 2203/2203 2807/2807
f 2333/2333 2176/2176 2369/2369
f 2333/2333 2229/2229 2268/2268
f 2333/2333 2346/2346 2476/2476
f 2333/2333 2476/2476 2488/2488
f 2334/2334 2359/2359 4217/4217
f 2334/2334 2489/2489 2228/2228
f 2335/2335 2238/2238 2375/2375
f 2335/2335 2510/2510 2797/2797
f 2336/2336 2219/2219 2929/2929
f 2336/2336 2929/2929 2837/2837
f 2337/2337 2194/2194 2325/2325
f 2337/2337 2325/2325 2185/2185
f 2337/2337 2438/2438 2185/2185
f 2338/2338 2540/2540 2250/2250
f 2338/2338 3676/3676 3638/3638
f 2338/2338 3698/3698 3676/3676
f 2339/2339 1553/1553 2059/2059
f 2339/2339 2374/2374 2465/2465
f 2339/2339 2421/2421 2248/2248
f 2341/2341 3703/3703 2273/2273
f 2341/2341 3777/3777 3703/3703
f 2342/2342 2211/2211 2256/2256
f 2344/2344 2321/2321 3139/3139
f 2344/2344 2520/2520 2321/2321
f 2346/2346 2046/2046 1924/1924
f 2346/2346 2198/2198 2488/2488
f 2346/2346 2436/2436 2353/2353
f 2346/2346 2476/2476 2436/2436
f 2347/2347 2513/2513 2431/2431
f 2348/2348 2158/2158 2292/2292
f 2348/2348 2292/2292 2052/2052
f 2348/2348 2372/2372 2234/2234
f 2349/2349 2202/2202 2351/2351
f 2349/2349 2351/2351 2154/2154
f 2349/2349 3760/3760 2361/2361
f 2351/2351 2251/2251 2154/2154
f 2352/2352 2215/2215 2434/2434
f 2352/2352 2287/2287 3722/3722
f 2352/2352 2327/2327 2215/2215
f 2352/2352 3722/3722 3829/3829
f 2353/2353 2414/2414 2280/2280
f 2355/2355 2184/2184 2271/2271
f 2355/2355 2256/2256 2167/2167
f 2355/2355 2342/2342 2256/2256
f 2355/2355 2461/2461 2342/2342
f 2356/2356 2154/2154 2251/2251
f 2357/2357 2169/2169 2221/2221
f 2357/2357 2316/2316 2169/2169
f 2358/2358 2283/2283 2490/2490
f 2358/2358 2490/2490 2585/2585
f 2359/2359 2258/2258 2369/2369
f 2359/2359 2268/2268 4238/4238
f 2359/2359 2334/2334 2228/2228
f 2359/2359 4208/4208 4217/4217
f 2360/2360 1843/1843 2302/2302
f 2360/2360 2302/2302 2187/2187
f 2360/2360 2324/2324 2444/2444
f 2360/2360 2444/2444 2245/2245
f 2361/2361 2253/2253 3709/3709
f 2361/2361 3709/3709 3680/3680
f 2361/2361 3760/3760 2196/2196
f 2362/2362 1987/1987 1942/1942
f 2362/2362 2162/2162 2824/2824
f 2362/2362 2225/2225 2431/2431
f 2362/2362 2504/2504 1804/1804
f 2362/2362 2824/2824 2225/2225
f 2363/2363 2217/2217 2278/2278
f 2364/2364 2163/2163 2502/2502
f 2364/2364 2242/2242 2273/2273
f 2364/2364 2308/2308 2216/2216
f 2364/2364 2323/2323 2242/2242
f 2364/2364 3827/3827 2502/2502
f 2365/2365 2779/2779 2844/2844
f 2365/2365 2844/2844 2927/2927
f 2366/2366 1841/1841 2340/2340
f 2366/2366 3702/3702 3638/3638
f 2367/2367 2160/2160 3641/3641
f 2367/2367 2309/2309 2236/2236
f 2367/2367 2843/2843 2309/2309
f 2370/2370 2314/2314 2241/2241
f 2370/2370 3832/3832 3628/3628
f 2371/2371 2338/2338 2250/2250
f 2371/2371 3698/3698 2338/2338
f 2372/2372 2061/2061 2031/2031
f 2372/2372 2295/2295 2061/2061
f 2372/2372 2348/2348 2052/2052
f 2373/2373 2205/2205 2407/2407
f 2373/2373 2466/2466 2424/2424
f 2373/2373 3801/3801 2205/2205
f 2374/2374 2207/2207 2201/2201
f 2374/2374 2269/2269 2390/2390
f 2374/2374 2339/2339 2207/2207
f 2375/2375 2510/2510 2335/2335
f 2376/2376 2336/2336 2708/2708
f 2376/2376 2377/2377 2336/2336
f 2377/2377 2219/2219 2336/2336
f 2377/2377 2418/2418 2219/2219
f 2377/2377 4161/4161 2418/2418
f 2378/2378 2433/2433 2479/2479
f 2378/2378 2462/2462 2744/2744
f 2378/2378 2522/2522 2549/2549
f 2378/2378 2657/2657 2614/2614
f 2379/2379 2291/2291 2448/2448
f 2381/2381 2244/2244 2401/2401
f 2381/2381 2316/2316 2357/2357
f 2381/2381 2368/2368 2244/2244
f 2381/2381 2492/2492 2368/2368
f 2382/2382 2458/2458 2489/2489
f 2382/2382 2472/2472 2556/2556
f 2383/2383 2513/2513 2405/2405
f 2383/2383 3523/3523 397/397
f 2383/2383 3523/3523 2405/2405
f 2384/2384 1632/1632 1834/1834
f 2384/2384 2183/2183 2165/2165
f 2384/2384 2312/2312 2183/2183
f 2384/2384 2402/2402 1582/1582
f 2386/2386 218/218 3637/3637
f 2386/2386 2501/2501 2379/2379
f 2386/2386 3637/3637 3746/3746
f 2387/2387 2334/2334 4217/4217
f 2387/2387 2472/2472 2489/2489
f 2387/2387 2489/2489 2334/2334
f 2387/2387 4137/4137 4109/4109
f 2388/2388 2241/2241 2197/2197
f 2388/2388 2445/2445 2678/2678
f 2389/2389 2435/2435 3449/3449
f 2389/2389 3449/3449 2548/2548
f 2389/2389 3602/3602 3500/3500
f 2390/2390 1659/1659 1515/1515
f 2391/2391 2422/2422 2316/2316
f 2391/2391 2482/2482 2517/2517
f 2391/2391 3285/3285 2422/2422
f 2393/2393 2674/2674 3227/3227
f 2393/2393 3227/3227 3547/3547
f 2395/2395 2261/2261 1778/1778
f 2396/2396 2480/2480 2559/2559
f 2396/2396 2569/2569 2480/2480
f 2397/2397 1564/1564 1647/1647
f 2397/2397 1647/1647 2534/2534
f 2397/2397 2286/2286 2534/2534
f 2398/2398 2434/2434 2694/2694
f 2399/2399 2438/2438 2550/2550
f 2399/2399 2512/2512 2337/2337
f 2399/2399 3511/3511 2512/2512
f 2400/2400 2423/2423 3577/3577
f 2400/2400 2519/2519 2423/2423
f 2401/2401 2244/2244 2206/2206
f 2401/2401 2316/2316 2381/2381
f 2402/2402 2384/2384 2515/2515
f 2402/2402 2441/2441 1582/1582
f 2402/2402 2441/2441 2515/2515
f 2402/2402 2515/2515 2535/2535
f 2403/2403 2272/2272 2523/2523
f 2403/2403 2523/2523 2537/2537
f 2403/2403 2537/2537 4158/4158
f 2404/2404 1573/1573 2380/2380
f 2405/2405 2481/2481 3523/3523
f 2405/2405 2513/2513 2481/2481
f 2406/2406 2529/2529 2690/2690
f 2406/2406 2690/2690 2766/2766
f 2407/2407 2205/2205 2332/2332
f 2407/2407 2332/2332 2807/2807
f 2408/2408 2208/2208 2865/2865
f 2408/2408 2528/2528 2208/2208
f 2409/2409 2338/2338 2277/2277
f 2410/2410 2224/2224 2930/2930
f 2410/2410 2494/2494 2536/2536
f 2410/2410 2536/2536 2233/2233
f 2411/2411 2212/2212 2350/2350
f 2412/2412 2612/2612 2753/2753
f 2412/2412 2911/2911 2612/2612
f 2413/2413 2379/2379 2448/2448
f 2413/2413 2386/2386 2379/2379
f 2414/2414 2298/2298 2322/2322
f 2414/2414 2322/2322 2385/2385
f 2415/2415 2449/2449 2566/2566
f 2415/2415 2497/2497 2155/2155
f 2415/2415 3552/3552 2449/2449
f 2416/2416 2284/2284 2382/2382
f 2416/2416 2382/2382 2530/2530
f 2416/2416 2456/2456 2507/2507
f 2416/2416 2507/2507 2543/2543
f 2416/2416 2543/2543 2252/2252
f 2418/2418 2473/2473 2173/2173
f 2418/2418 4170/4170 2473/2473
f 2419/2419 2760/2760 2683/2683
f 2420/2420 2531/2531 2227/2227
f 2420/2420 2674/2674 2393/2393
f 2421/2421 1519/1519 2491/2491
f 2421/2421 2339/2339 1600/1600
f 2421/2421 2491/2491 2248/2248
f 2422/2422 2391/2391 2517/2517
f 2422/2422 2463/2463 2506/2506
f 2422/2422 2482/2482 2391/2391
f 2422/2422 2492/2492 2463/2463
f 2422/2422 2539/2539 2452/2452
f 2422/2422 2706/2706 2539/2539
f 2423/2423 2542/2542 3440/3440
f 2423/2423 3440/3440 3515/3515
f 2423/2423 4165/4165 2542/2542
f 2424/2424 2466/2466 2623/2623
f 2424/2424 2529/2529 2406/2406
f 2424/2424 2623/2623 2529/2529
f 2425/2425 2303/2303 2545/2545
f 2425/2425 2545/2545 2527/2527
f 2426/2426 2296/2296 2317/2317
f 2426/2426 2525/2525 2455/2455
f 2426/2426 4129/4129 2296/2296
f 2428/2428 2568/2568 2703/2703
f 2429/2429 2300/2300 2770/2770
f 2429/2429 2817/2817 2743/2743
f 2430/2430 2235/2235 2395/2395
f 2432/2432 2241/2241 2388/2388
f 2433/2433 2330/2330 2479/2479
f 2433/2433 2378/2378 2614/2614
f 2433/2433 2479/2479 2670/2670
f 2433/2433 2724/2724 2479/2479
f 2434/2434 2215/2215 2328/2328
f 2434/2434 2328/2328 2694/2694
f 2435/2435 2327/2327 3419/3419
f 2435/2435 2389/2389 2516/2516
f 2435/2435 3419/3419 3449/3449
f 2436/2436 2333/2333 2369/2369
f 2436/2436 2414/2414 2353/2353
f 2437/2437 2538/2538 2351/2351
f 2438/2438 2337/2337 2185/2185
f 2438/2438 2337/2337 2223/2223
f 2438/2438 2399/2399 2337/2337
f 2439/2439 2464/2464 3607/3607
f 2439/2439 3607/3607 3573/3573
f 2440/2440 2186/2186 1603/1603
f 2440/2440 2573/2573 2505/2505
f 2441/2441 1555/1555 1582/1582
f 2441/2441 2402/2402 2515/2515
f 2441/2441 2402/2402 2535/2535
f 2441/2441 2535/2535 1555/1555
f 2442/2442 2468/2468 2485/2485
f 2444/2444 1564/1564 2534/2534
f 2445/2445 2197/2197 2225/2225
f 2445/2445 2225/2225 2310/2310
f 2445/2445 2388/2388 2197/2197
f 2445/2445 2712/2712 2678/2678
f 2446/2446 2226/2226 2193/2193
f 2446/2446 2462/2462 2564/2564
f 2447/2447 1510/1510 2345/2345
f 2447/2447 2551/2551 1566/1566
f 2448/2448 2518/2518 2208/2208
f 2449/2449 2457/2457 2566/2566
f 2450/2450 2376/2376 2708/2708
f 2451/2451 2467/2467 2726/2726
f 2451/2451 2592/2592 2524/2524
f 2451/2451 2698/2698 2592/2592
f 2451/2451 2765/2765 2726/2726
f 2452/2452 2357/2357 2221/2221
f 2452/2452 2381/2381 2357/2357
f 2452/2452 2539/2539 2350/2350
f 2453/2453 2355/2355 2570/2570
f 2453/2453 2461/2461 2355/2355
f 2454/2454 2172/2172 2526/2526
f 2454/2454 2526/2526 3501/3501
f 2455/2455 2587/2587 2667/2667
f 2456/2456 2416/2416 2530/2530
f 2456/2456 2530/2530 2556/2556
f 2456/2456 4115/4115 2507/2507
f 2457/2457 2399/2399 2550/2550
f 2457/2457 2550/2550 2566/2566
f 2458/2458 2322/2322 2228/2228
f 2458/2458 2469/2469 2385/2385
f 2459/2459 2190/2190 2380/2380
f 2460/2460 2429/2429 2743/2743
f 2460/2460 2484/2484 2375/2375
f 2460/2460 2510/2510 2484/2484
f 2461/2461 2453/2453 2524/2524
f 2461/2461 2524/2524 2342/2342
f 2461/2461 2524/2524 2592/2592
f 2462/2462 2378/2378 2549/2549
f 2462/2462 2446/2446 2729/2729
f 2462/2462 2549/2549 2564/2564
f 2463/2463 2452/2452 2571/2571
f 2463/2463 2492/2492 2452/2452
f 2464/2464 1338/1338 2700/2700
f 2464/2464 1517/1517 1725/1725
f 2464/2464 1725/1725 1338/1338
f 2464/2464 2700/2700 3214/3214
f 2465/2465 2374/2374 2390/2390
f 2465/2465 2390/2390 1515/1515
f 2466/2466 2373/2373 2503/2503
f 2466/2466 2503/2503 2583/2583
f 2466/2466 2583/2583 2623/2623
f 2467/2467 2451/2451 2570/2570
f 2467/2467 2451/2451 2726/2726
f 2468/2468 2166/2166 2316/2316
f 2468/2468 2316/2316 2485/2485
f 2469/2469 2306/2306 2392/2392
f 2469/2469 2315/2315 2385/2385
f 2469/2469 2458/2458 2382/2382
f 2470/2470 2249/2249 2398/2398
f 2470/2470 2733/2733 2565/2565
f 2471/2471 2396/2396 2559/2559
f 2472/2472 2387/2387 4109/4109
f 2472/2472 2456/2456 2556/2556
f 2474/2474 2494/2494 3512/3512
f 2474/2474 3512/3512 3487/3487
f 2474/2474 3588/3588 2536/2536
f 2475/2475 2299/2299 1662/1662
f 2475/2475 2532/2532 2318/2318
f 2475/2475 2551/2551 2563/2563
f 2476/2476 2333/2333 2436/2436
f 2476/2476 2346/2346 2333/2333
f 2476/2476 2346/2346 2488/2488
f 2477/2477 2170/2170 2259/2259
f 2477/2477 2235/2235 2430/2430
f 2477/2477 2430/2430 2395/2395
f 2477/2477 2509/2509 2170/2170
f 2478/2478 1815/1815 2182/2182
f 2478/2478 2156/2156 2511/2511
f 2478/2478 2182/2182 2156/2156
f 2479/2479 2187/2187 2865/2865
f 2479/2479 2264/2264 2187/2187
f 2480/2480 2569/2569 2543/2543
f 2480/2480 4168/4168 2559/2559
f 2481/2481 2209/2209 3811/3811
f 2481/2481 2513/2513 2209/2209
f 2481/2481 3448/3448 3523/3523
f 2482/2482 2391/2391 2316/2316
f 2483/2483 2181/2181 1780/1780
f 2483/2483 2190/2190 2521/2521
f 2483/2483 2687/2687 2190/2190
f 2485/2485 2316/2316 2452/2452
f 2485/2485 2452/2452 2350/2350
f 2486/2486 2404/2404 2380/2380
f 2487/2487 1465/1465 1603/1603
f 2487/2487 1603/1603 2505/2505
f 2489/2489 2458/2458 2228/2228
f 2489/2489 2472/2472 2382/2382
f 2490/2490 2279/2279 2763/2763
f 2490/2490 2283/2283 2279/2279
f 2490/2490 2823/2823 2605/2605
f 2491/2491 3422/3422 2248/2248
f 2492/2492 2381/2381 2452/2452
f 2492/2492 2422/2422 2517/2517
f 2494/2494 2474/2474 2536/2536
f 2494/2494 2598/2598 3219/3219
f 2495/2495 2159/2159 2428/2428
f 2495/2495 2428/2428 2739/2739
f 2496/2496 1622/1622 2360/2360
f 2496/2496 2360/2360 2562/2562
f 2497/2497 2155/2155 2203/2203
f 2497/2497 2155/2155 2365/2365
f 2497/2497 2415/2415 2155/2155
f 2497/2497 2415/2415 2566/2566
f 2497/2497 2566/2566 2240/2240
f 2498/2498 2570/2570 2184/2184
f 2499/2499 2569/2569 2471/2471
f 2500/2500 2202/2202 3763/3763
f 2500/2500 2437/2437 2351/2351
f 2500/2500 2590/2590 2437/2437
f 2500/2500 2750/2750 2590/2590
f 2500/2500 3407/3407 3268/3268
f 2501/2501 2164/2164 2379/2379
f 2501/2501 2386/2386 3746/3746
f 2502/2502 2163/2163 2364/2364
f 2502/2502 3501/3501 2526/2526
f 2503/2503 2373/2373 2407/2407
f 2503/2503 2407/2407 2603/2603
f 2504/2504 1630/1630 1804/1804
f 2504/2504 2362/2362 2431/2431
f 2504/2504 2383/2383 1630/1630
f 2505/2505 1603/1603 2323/2323
f 2505/2505 2417/2417 2440/2440
f 2506/2506 2463/2463 2571/2571
f 2506/2506 2482/2482 2422/2422
f 2506/2506 3836/3836 2169/2169
f 2507/2507 2480/2480 2543/2543
f 2508/2508 1963/1963 2174/2174
f 2508/2508 2174/2174 2525/2525
f 2508/2508 2191/2191 2488/2488
f 2508/2508 2426/2426 2317/2317
f 2508/2508 2488/2488 2198/2198
f 2508/2508 2525/2525 2426/2426
f 2509/2509 2195/2195 2170/2170
f 2509/2509 2395/2395 1778/1778
f 2509/2509 2477/2477 2395/2395
f 2510/2510 2375/2375 2484/2484
f 2510/2510 2443/2443 2724/2724
f 2510/2510 2614/2614 2797/2797
f 2510/2510 2724/2724 2443/2443
f 2510/2510 2724/2724 2614/2614
f 2512/2512 2159/2159 2495/2495
f 2512/2512 2194/2194 2337/2337
f 2512/2512 3511/3511 2159/2159
f 2513/2513 2383/2383 2504/2504
f 2513/2513 2504/2504 2431/2431
f 2514/2514 2203/2203 2332/2332
f 2514/2514 2497/2497 2203/2203
f 2515/2515 2165/2165 2535/2535
f 2515/2515 2384/2384 2165/2165
f 2516/2516 2389/2389 3500/3500
f 2516/2516 3500/3500 2841/2841
f 2517/2517 2482/2482 2401/2401
f 2518/2518 2412/2412 2753/2753
f 2518/2518 2753/2753 2208/2208
f 2519/2519 4214/4214 2423/2423
f 2520/2520 2548/2548 2321/2321
f 2520/2520 3517/3517 2548/2548
f 2521/2521 2190/2190 2459/2459
f 2522/2522 2187/2187 2549/2549
f 2522/2522 2378/2378 2479/2479
f 2523/2523 2180/2180 2499/2499
f 2523/2523 2471/2471 2559/2559
f 2523/2523 2499/2499 2471/2471
f 2524/2524 2453/2453 2570/2570
f 2524/2524 2461/2461 2592/2592
f 2524/2524 2570/2570 2451/2451
f 2524/2524 2592/2592 2342/2342
f 2526/2526 2164/2164 3746/3746
f 2526/2526 2231/2231 2308/2308
f 2526/2526 2308/2308 2502/2502
f 2526/2526 3427/3427 3405/3405
f 2526/2526 3501/3501 3427/3427
f 2526/2526 3746/3746 3777/3777
f 2527/2527 2624/2624 1698/1698
f 2528/2528 2413/2413 2448/2448
f 2528/2528 2448/2448 2208/2208
f 2529/2529 2623/2623 2690/2690
f 2530/2530 2382/2382 2556/2556
f 2531/2531 2230/2230 2394/2394
f 2531/2531 2259/2259 2285/2285
f 2531/2531 2420/2420 2393/2393
f 2531/2531 2553/2553 2230/2230
f 2532/2532 2184/2184 2318/2318
f 2532/2532 2563/2563 2260/2260
f 2533/2533 2520/2520 2344/2344
f 2533/2533 3598/3598 2520/2520
f 2534/2534 1647/1647 2397/2397
f 2534/2534 2226/2226 2245/2245
f 2536/2536 2552/2552 2255/2255
f 2536/2536 3588/3588 2552/2552
f 2537/2537 2523/2523 2559/2559
f 2537/2537 2559/2559 4148/4148
f 2538/2538 2251/2251 2351/2351
f 2538/2538 2695/2695 2511/2511
f 2539/2539 2411/2411 2350/2350
f 2539/2539 2613/2613 2411/2411
f 2540/2540 2214/2214 2250/2250
f 2540/2540 2262/2262 2214/2214
f 2540/2540 2338/2338 2409/2409
f 2540/2540 2409/2409 2493/2493
f 2541/2541 1519/1519 1713/1713
f 2541/2541 3422/3422 2491/2491
f 2542/2542 4108/4108 4170/4170
f 2542/2542 4170/4170 3486/3486
f 2543/2543 2569/2569 2252/2252
f 2544/2544 2406/2406 2275/2275
f 2544/2544 2424/2424 2406/2406
f 2545/2545 2262/2262 2419/2419
f 2545/2545 2303/2303 2214/2214
f 2545/2545 2419/2419 2527/2527
f 2546/2546 2554/2554 3401/3401
f 2546/2546 3739/3739 2482/2482
f 2547/2547 2519/2519 2400/2400
f 2547/2547 2554/2554 2166/2166
f 2547/2547 4222/4222 2519/2519
f 2548/2548 3449/3449 2321/2321
f 2550/2550 2223/2223 2240/2240
f 2550/2550 2438/2438 2223/2223
f 2551/2551 1564/1564 2444/2444
f 2551/2551 1662/1662 1564/1564
f 2551/2551 1734/1734 1566/1566
f 2551/2551 2475/2475 1662/1662
f 2552/2552 2204/2204 2255/2255
f 2553/2553 2253/2253 2230/2230
f 2553/2553 2393/2393 3547/3547
f 2553/2553 2531/2531 2393/2393
f 2553/2553 3457/3457 3800/3800
f 2554/2554 2400/2400 3401/3401
f 2554/2554 2546/2546 2289/2289
f 2554/2554 2547/2547 2400/2400
f 2555/2555 2274/2274 2288/2288
f 2555/2555 2288/2288 2301/2301
f 2557/2557 2210/2210 2384/2384
f 2557/2557 2300/2300 2210/2210
f 2558/2558 2292/2292 2459/2459
f 2558/2558 2459/2459 2380/2380
f 2560/2560 2259/2259 2394/2394
f 2560/2560 2477/2477 2259/2259
f 2561/2561 2533/2533 2157/2157
f 2561/2561 3558/3558 2533/2533
f 2562/2562 2360/2360 2187/2187
f 2563/2563 2345/2345 2260/2260
f 2563/2563 2447/2447 2345/2345
f 2563/2563 2532/2532 2475/2475
f 2563/2563 2551/2551 2447/2447
f 2564/2564 2220/2220 2245/2245
f 2564/2564 2226/2226 2446/2446
f 2564/2564 2549/2549 2220/2220
f 2565/2565 2639/2639 2757/2757
f 2566/2566 2550/2550 2240/2240
f 2567/2567 1542/1542 2535/2535
f 2567/2567 3791/3791 2179/2179
f 2568/2568 2585/2585 2652/2652
f 2568/2568 2652/2652 2703/2703
f 2569/2569 2232/2232 2252/2252
f 2569/2569 2396/2396 2471/2471
f 2570/2570 2178/2178 2467/2467
f 2570/2570 2355/2355 2271/2271
f 2571/2571 2221/2221 3769/3769
f 2571/2571 3425/3425 3454/3454
f 2572/2572 2637/2637 2828/2828
f 2572/2572 2879/2879 2853/2853
f 2572/2572 2894/2894 2637/2637
f 2573/2573 1492/1492 1232/1232
f 2573/2573 2593/2593 2505/2505
f 2573/2573 2738/2738 2711/2711
f 2575/2575 2695/2695 2665/2665
f 2575/2575 2827/2827 2642/2642
f 2576/2576 2628/2628 2891/2891
f 2576/2576 2874/2874 2592/2592
f 2577/2577 2630/2630 2888/2888
f 2577/2577 2888/2888 2596/2596
f 2578/2578 2631/2631 2891/2891
f 2579/2579 2674/2674 2594/2594
f 2579/2579 2872/2872 3326/3326
f 2581/2581 2404/2404 2486/2486
f 2581/2581 2661/2661 2404/2404
f 2581/2581 2871/2871 2901/2901
f 2581/2581 2923/2923 2661/2661
f 2582/2582 2783/2783 2694/2694
f 2583/2583 2503/2503 2603/2603
f 2583/2583 2603/2603 2664/2664
f 2584/2584 2650/2650 2754/2754
f 2584/2584 2693/2693 2650/2650
f 2585/2585 2490/2490 2605/2605
f 2585/2585 2605/2605 2652/2652
f 2586/2586 2655/2655 2662/2662
f 2586/2586 2662/2662 2697/2697
f 2587/2587 1351/1351 2667/2667
f 2587/2587 2455/2455 2525/2525
f 2588/2588 2657/2657 2744/2744
f 2588/2588 2744/2744 2835/2835
f 2589/2589 2609/2609 4062/4062
f 2589/2589 4068/4068 1352/1352
f 2590/2590 2695/2695 2437/2437
f 2590/2590 2750/2750 2665/2665
f 2591/2591 3336/3336 2574/2574
f 2592/2592 2698/2698 2576/2576
f 2592/2592 2802/2802 2342/2342
f 2593/2593 1465/1465 2487/2487
f 2593/2593 2487/2487 2505/2505
f 2593/2593 2573/2573 2711/2711
f 2594/2594 2707/2707 2746/2746
f 2595/2595 2581/2581 2486/2486
f 2596/2596 2888/2888 2862/2862
f 2596/2596 4089/4089 2577/2577
f 2597/2597 2627/2627 2718/2718
f 2597/2597 2701/2701 2627/2627
f 2597/2597 2718/2718 2896/2896
f 2598/2598 2410/2410 2668/2668
f 2598/2598 2494/2494 2410/2410
f 2598/2598 2815/2815 3014/3014
f 2599/2599 2634/2634 2669/2669
f 2599/2599 2669/2669 2694/2694
f 2600/2600 2705/2705 2727/2727
f 2601/2601 2723/2723 2683/2683
f 2602/2602 1264/1264 2691/2691
f 2603/2603 2407/2407 2688/2688
f 2603/2603 2688/2688 2682/2682
f 2604/2604 2597/2597 2875/2875
f 2604/2604 2875/2875 2690/2690
f 2605/2605 2450/2450 2708/2708
f 2605/2605 2689/2689 2450/2450
f 2605/2605 2823/2823 2689/2689
f 2606/2606 2679/2679 2696/2696
f 2606/2606 2696/2696 1447/1447
f 2607/2607 2632/2632 2927/2927
f 2607/2607 2684/2684 2632/2632
f 2607/2607 2684/2684 2864/2864
f 2607/2607 2864/2864 2671/2671
f 2608/2608 1319/1319 3325/3325
f 2608/2608 2633/2633 1319/1319
f 2609/2609 2589/2589 1352/1352
f 2609/2609 2641/2641 4062/4062
f 2609/2609 2685/2685 2749/2749
f 2610/2610 2684/2684 2789/2789
f 2610/2610 2789/2789 2892/2892
f 2610/2610 2877/2877 2635/2635
f 2611/2611 2655/2655 3931/3931
f 2611/2611 4161/4161 2377/2377
f 2612/2612 2307/2307 2724/2724
f 2612/2612 2724/2724 2670/2670
f 2613/2613 2686/2686 2411/2411
f 2613/2613 2850/2850 2686/2686
f 2614/2614 2657/2657 2797/2797
f 2615/2615 2639/2639 2565/2565
f 2615/2615 2748/2748 2639/2639
f 2617/2617 1334/1334 2330/2330
f 2617/2617 2330/2330 2433/2433
f 2618/2618 2301/2301 2263/2263
f 2618/2618 2555/2555 2301/2301
f 2619/2619 2654/2654 2689/2689
f 2619/2619 2655/2655 2654/2654
f 2619/2619 2934/2934 2866/2866
f 2620/2620 2730/2730 2642/2642
f 2621/2621 2427/2427 2222/2222
f 2621/2621 2659/2659 2728/2728
f 2621/2621 2728/2728 2427/2427
f 2621/2621 2765/2765 2722/2722
f 2621/2621 2885/2885 2726/2726
f 2622/2622 2724/2724 2743/2743
f 2623/2623 2583/2583 2725/2725
f 2623/2623 2604/2604 2690/2690
f 2624/2624 1255/1255 1698/1698
f 2624/2624 2527/2527 2683/2683
f 2624/2624 2723/2723 2752/2752
f 2625/2625 2638/2638 2681/2681
f 2626/2626 2746/2746 2869/2869
f 2626/2626 2790/2790 2806/2806
f 2626/2626 2941/2941 2646/2646
f 2627/2627 2630/2630 2704/2704
f 2627/2627 2704/2704 2718/2718
f 2628/2628 2678/2678 2712/2712
f 2629/2629 2656/2656 2727/2727
f 2629/2629 2884/2884 2656/2656
f 2630/2630 2701/2701 2597/2597
f 2630/2630 2937/2937 2888/2888
f 2631/2631 2709/2709 2897/2897
f 2631/2631 2897/2897 2891/2891
f 2632/2632 2684/2684 2713/2713
f 2632/2632 2713/2713 2912/2912
f 2633/2633 2608/2608 3354/3354
f 2633/2633 2938/2938 2785/2785
f 2633/2633 3045/3045 2938/2938
f 2634/2634 2599/2599 2748/2748
f 2634/2634 2733/2733 2669/2669
f 2634/2634 2748/2748 2733/2733
f 2635/2635 2905/2905 2751/2751
f 2636/2636 2750/2750 3356/3356
f 2636/2636 2900/2900 2665/2665
f 2637/2637 2894/2894 2926/2926
f 2637/2637 2939/2939 2828/2828
f 2638/2638 2650/2650 2715/2715
f 2638/2638 2731/2731 2903/2903
f 2639/2639 2615/2615 2565/2565
f 2639/2639 2748/2748 2901/2901
f 2640/2640 2596/2596 2862/2862
f 2640/2640 2862/2862 2751/2751
f 2641/2641 2609/2609 2749/2749
f 2641/2641 2749/2749 2778/2778
f 2641/2641 4050/4050 4062/4062
f 2643/2643 2724/2724 2622/2622
f 2643/2643 2933/2933 2479/2479
f 2644/2644 1422/1422 2705/2705
f 2644/2644 2705/2705 2600/2600
f 2645/2645 2752/2752 1205/1205
f 2646/2646 2917/2917 924/924
f 2647/2647 2625/2625 2681/2681
f 2647/2647 2663/2663 2574/2574
f 2647/2647 3399/3399 2625/2625
f 2648/2648 1210/1210 2616/2616
f 2648/2648 2580/2580 1338/1338
f 2648/2648 2700/2700 2580/2580
f 2649/2649 2676/2676 2263/2263
f 2649/2649 3292/3292 2676/2676
f 2650/2650 2638/2638 2699/2699
f 2650/2650 2693/2693 2715/2715
f 2650/2650 2699/2699 2675/2675
f 2651/2651 2433/2433 2724/2724
f 2651/2651 2617/2617 2433/2433
f 2652/2652 2605/2605 2708/2708
f 2652/2652 2708/2708 2837/2837
f 2653/2653 2739/2739 2837/2837
f 2654/2654 2376/2376 2450/2450
f 2654/2654 2732/2732 2376/2376
f 2655/2655 2586/2586 3364/3364
f 2655/2655 2611/2611 2732/2732
f 2655/2655 2619/2619 2662/2662
f 2655/2655 2732/2732 2654/2654
f 2655/2655 3309/3309 3931/3931
f 2656/2656 2928/2928 2727/2727
f 2657/2657 2378/2378 2672/2672
f 2657/2657 2588/2588 2767/2767
f 2657/2657 2672/2672 2744/2744
f 2657/2657 2767/2767 2797/2797
f 2658/2658 1370/1370 2727/2727
f 2659/2659 1233/1233 1796/1796
f 2659/2659 2621/2621 2736/2736
f 2659/2659 2736/2736 1233/1233
f 2659/2659 3432/3432 2728/2728
f 2660/2660 1284/1284 1237/1237
f 2660/2660 2920/2920 2622/2622
f 2661/2661 1227/1227 1769/1769
f 2661/2661 1769/1769 2404/2404
f 2661/2661 2737/2737 1227/1227
f 2662/2662 2619/2619 2866/2866
f 2662/2662 2866/2866 2780/2780
f 2663/2663 2647/2647 2681/2681
f 2663/2663 2681/2681 2759/2759
f 2663/2663 2734/2734 2574/2574
f 2663/2663 2870/2870 2734/2734
f 2664/2664 2603/2603 2682/2682
f 2666/2666 1440/1440 1345/1345
f 2666/2666 2752/2752 2809/2809
f 2667/2667 1351/1351 2691/2691
f 2667/2667 4103/4103 2455/2455
f 2668/2668 2410/2410 2930/2930
f 2668/2668 2930/2930 2686/2686
f 2669/2669 2398/2398 2694/2694
f 2669/2669 2470/2470 2398/2398
f 2670/2670 2479/2479 2865/2865
f 2671/2671 2803/2803 2653/2653
f 2671/2671 2864/2864 2803/2803
f 2672/2672 2378/2378 2744/2744
f 2673/2673 2599/2599 2694/2694
f 2674/2674 2579/2579 3326/3326
f 2674/2674 2707/2707 2594/2594
f 2675/2675 2754/2754 2650/2650
f 2676/2676 2618/2618 2263/2263
f 2678/2678 2628/2628 2576/2576
f 2678/2678 2698/2698 2388/2388
f 2679/2679 1332/1332 2709/2709
f 2679/2679 2578/2578 2696/2696
f 2679/2679 2709/2709 2578/2578
f 2680/2680 2616/2616 1100/1100
f 2680/2680 2677/2677 2800/2800
f 2680/2680 2756/2756 2616/2616
f 2680/2680 2793/2793 978/978
f 2680/2680 2793/2793 2677/2677
f 2680/2680 2800/2800 2756/2756
f 2681/2681 2638/2638 2903/2903
f 2682/2682 2688/2688 2751/2751
f 2683/2683 2527/2527 2419/2419
f 2683/2683 2867/2867 2601/2601
f 2684/2684 2607/2607 2671/2671
f 2684/2684 2607/2607 2864/2864
f 2684/2684 2610/2610 2635/2635
f 2684/2684 2635/2635 2713/2713
f 2684/2684 2671/2671 2789/2789
f 2685/2685 1432/1432 2749/2749
f 2685/2685 2609/2609 1352/1352
f 2686/2686 2930/2930 2411/2411
f 2687/2687 2293/2293 2190/2190
f 2687/2687 2483/2483 1605/1605
f 2687/2687 2649/2649 2293/2293
f 2688/2688 2407/2407 2807/2807
f 2688/2688 2807/2807 2751/2751
f 2689/2689 2654/2654 2450/2450
f 2690/2690 2875/2875 2766/2766
f 2692/2692 1440/1440 2666/2666
f 2692/2692 2666/2666 2795/2795
f 2692/2692 2778/2778 2810/2810
f 2692/2692 2795/2795 2778/2778
f 2692/2692 2810/2810 937/937
f 2693/2693 2584/2584 2754/2754
f 2693/2693 2754/2754 2838/2838
f 2693/2693 2768/2768 2715/2715
f 2694/2694 2328/2328 2928/2928
f 2694/2694 2702/2702 2582/2582
f 2694/2694 2928/2928 2656/2656
f 2695/2695 2538/2538 2437/2437
f 2695/2695 2575/2575 2642/2642
f 2695/2695 2590/2590 2665/2665
f 2695/2695 2710/2710 2511/2511
f 2696/2696 2578/2578 2891/2891
f 2696/2696 2775/2775 1022/1022
f 2696/2696 2891/2891 2775/2775
f 2697/2697 2662/2662 2780/2780
f 2697/2697 2780/2780 2906/2906
f 2698/2698 2432/2432 2388/2388
f 2698/2698 2451/2451 2726/2726
f 2698/2698 2678/2678 2576/2576
f 2698/2698 2726/2726 2432/2432
f 2699/2699 2638/2638 2625/2625
f 2699/2699 3193/3193 2675/2675
f 2700/2700 1338/1338 2580/2580
f 2700/2700 2721/2721 3214/3214
f 2701/2701 2630/2630 2627/2627
f 2702/2702 2694/2694 2857/2857
f 2702/2702 2783/2783 2582/2582
f 2703/2703 2652/2652 2837/2837
f 2704/2704 2442/2442 2485/2485
f 2704/2704 2630/2630 2735/2735
f 2705/2705 1265/1265 2658/2658
f 2705/2705 2658/2658 2727/2727
f 2706/2706 2613/2613 2539/2539
f 2706/2706 2850/2850 2613/2613
f 2707/2707 2420/2420 2227/2227
f 2707/2707 2674/2674 2420/2420
f 2707/2707 2758/2758 2746/2746
f 2707/2707 2921/2921 2758/2758
f 2708/2708 2336/2336 2837/2837
f 2709/2709 2631/2631 2578/2578
f 2709/2709 2784/2784 2897/2897
f 2710/2710 2695/2695 2642/2642
f 2710/2710 2730/2730 2511/2511
f 2711/2711 2738/2738 2811/2811
f 2712/2712 2445/2445 2310/2310
f 2713/2713 2635/2635 2751/2751
f 2714/2714 2911/2911 2412/2412
f 2714/2714 3361/3361 2911/2911
f 2716/2716 2591/2591 2574/2574
f 2716/2716 3257/3257 2591/2591
f 2717/2717 1264/1264 2740/2740
f 2717/2717 4090/4090 4097/4097
f 2717/2717 4097/4097 2691/2691
f 2718/2718 2485/2485 2350/2350
f 2718/2718 2704/2704 2485/2485
f 2718/2718 2818/2818 2896/2896
f 2719/2719 915/915 2804/2804
f 2719/2719 1415/1415 1010/1010
f 2719/2719 2768/2768 2838/2838
f 2719/2719 2804/2804 1415/1415
f 2719/2719 2826/2826 881/881
f 2720/2720 2840/2840 2886/2886
f 2720/2720 2886/2886 2840/2840
f 2721/2721 2648/2648 2616/2616
f 2721/2721 2700/2700 2648/2648
f 2721/2721 3233/3233 3214/3214
f 2722/2722 2881/2881 1184/1184
f 2723/2723 2601/2601 2853/2853
f 2723/2723 2624/2624 2683/2683
f 2724/2724 2433/2433 2614/2614
f 2724/2724 2433/2433 2670/2670
f 2724/2724 2460/2460 2743/2743
f 2724/2724 2510/2510 2460/2460
f 2724/2724 2643/2643 2479/2479
f 2725/2725 2583/2583 2664/2664
f 2725/2725 2831/2831 2623/2623
f 2726/2726 2222/2222 2432/2432
f 2728/2728 2621/2621 2427/2427
f 2730/2730 1236/1236 2478/2478
f 2730/2730 2478/2478 2511/2511
f 2730/2730 2710/2710 2642/2642
f 2732/2732 2377/2377 2376/2376
f 2732/2732 2611/2611 2377/2377
f 2733/2733 2470/2470 2669/2669
f 2733/2733 2639/2639 2565/2565
f 2733/2733 2748/2748 2639/2639
f 2734/2734 2716/2716 2574/2574
f 2735/2735 2442/2442 2704/2704
f 2735/2735 2468/2468 2442/2442
f 2735/2735 2630/2630 2577/2577
f 2736/2736 1369/1369 1233/1233
f 2736/2736 2621/2621 2722/2722
f 2736/2736 2722/2722 1184/1184
f 2737/2737 2863/2863 1276/1276
f 2738/2738 1232/1232 2811/2811
f 2738/2738 2573/2573 1232/1232
f 2739/2739 2428/2428 2703/2703
f 2739/2739 2703/2703 2837/2837
f 2741/2741 2172/2172 2454/2454
f 2741/2741 2714/2714 2192/2192
f 2741/2741 3384/3384 2714/2714
f 2742/2742 1203/1203 2813/2813
f 2742/2742 1437/1437 1203/1203
f 2742/2742 2813/2813 2920/2920
f 2742/2742 2920/2920 2660/2660
f 2744/2744 2462/2462 2729/2729
f 2744/2744 2849/2849 2835/2835
f 2744/2744 2886/2886 2849/2849
f 2745/2745 2820/2820 2677/2677
f 2746/2746 2626/2626 2806/2806
f 2746/2746 2806/2806 2869/2869
f 2747/2747 2721/2721 2616/2616
f 2748/2748 2599/2599 2755/2755
f 2748/2748 2615/2615 2639/2639
f 2748/2748 2871/2871 2901/2901
f 2749/2749 1432/1432 937/937
f 2750/2750 2500/2500 3268/3268
f 2750/2750 2636/2636 2665/2665
f 2750/2750 3241/3241 3356/3356
f 2750/2750 3268/3268 3241/3241
f 2752/2752 2645/2645 2624/2624
f 2752/2752 2666/2666 1345/1345
f 2753/2753 2612/2612 2670/2670
f 2753/2753 2670/2670 2865/2865
f 2754/2754 3270/3270 2781/2781
f 2755/2755 2599/2599 2673/2673
f 2756/2756 2902/2902 2924/2924
f 2756/2756 2924/2924 2616/2616
f 2757/2757 2639/2639 2901/2901
f 2757/2757 2871/2871 2901/2901
f 2757/2757 2901/2901 2595/2595
f 2758/2758 2285/2285 2354/2354
f 2758/2758 2829/2829 2869/2869
f 2758/2758 2869/2869 2746/2746
f 2758/2758 2921/2921 2285/2285
f 2759/2759 2681/2681 2903/2903
f 2760/2760 2894/2894 2786/2786
f 2761/2761 2820/2820 2781/2781
f 2761/2761 2836/2836 2800/2800
f 2761/2761 3080/3080 3171/3171
f 2762/2762 3097/3097 2872/2872
f 2763/2763 2279/2279 2859/2859
f 2763/2763 2859/2859 2780/2780
f 2764/2764 2788/2788 2860/2860
f 2765/2765 2451/2451 2467/2467
f 2765/2765 2798/2798 2726/2726
f 2765/2765 2881/2881 2621/2621
f 2765/2765 2881/2881 2722/2722
f 2767/2767 2588/2588 2835/2835
f 2767/2767 2855/2855 2797/2797
f 2768/2768 1010/1010 2830/2830
f 2768/2768 2693/2693 2838/2838
f 2768/2768 2719/2719 1010/1010
f 2768/2768 2830/2830 2715/2715
f 2769/2769 2827/2827 2890/2890
f 2771/2771 2826/2826 2677/2677
f 2772/2772 2922/2922 2849/2849
f 2774/2774 2682/2682 2751/2751
f 2774/2774 2796/2796 2682/2682
f 2775/2775 1022/1022 1158/1158
f 2776/2776 1026/1026 2860/2860
f 2776/2776 1168/1168 751/751
f 2776/2776 2792/2792 975/975
f 2776/2776 3062/3062 3096/3096
f 2777/2777 2853/2853 2879/2879
f 2777/2777 2879/2879 2799/2799
f 2779/2779 2794/2794 2878/2878
f 2780/2780 2859/2859 2906/2906
f 2782/2782 2313/2313 2896/2896
f 2782/2782 2319/2319 2313/2313
f 2783/2783 2673/2673 2694/2694
f 2783/2783 2702/2702 2857/2857
f 2783/2783 2755/2755 2673/2673
f 2783/2783 2857/2857 2656/2656
f 2784/2784 1029/1029 2851/2851
f 2784/2784 2851/2851 2773/2773
f 2785/2785 2886/2886 2633/2633
f 2785/2785 2886/2886 2849/2849
f 2785/2785 2938/2938 2633/2633
f 2785/2785 3045/3045 3108/3108
f 2786/2786 2760/2760 2282/2282
f 2786/2786 2894/2894 2760/2760
f 2786/2786 2894/2894 2867/2867
f 2787/2787 2628/2628 2712/2712
f 2788/2788 2769/2769 2890/2890
f 2788/2788 2882/2882 2769/2769
f 2789/2789 2671/2671 2910/2910
f 2790/2790 2626/2626 2646/2646
f 2791/2791 1032/1032 1147/1147
f 2791/2791 2812/2812 2931/2931
f 2791/2791 2931/2931 2861/2861
f 2792/2792 2776/2776 3096/3096
f 2792/2792 2822/2822 975/975
f 2793/2793 978/978 2677/2677
f 2793/2793 2680/2680 978/978
f 2794/2794 2320/2320 2185/2185
f 2794/2794 2779/2779 2294/2294
f 2795/2795 2666/2666 2809/2809
f 2795/2795 2883/2883 2778/2778
f 2795/2795 2883/2883 2809/2809
f 2796/2796 2664/2664 2682/2682
f 2796/2796 2831/2831 2664/2664
f 2797/2797 2855/2855 2899/2899
f 2798/2798 2621/2621 2726/2726
f 2798/2798 2765/2765 2621/2621
f 2799/2799 2879/2879 2828/2828
f 2799/2799 4527/4527 2777/2777
f 2801/2801 2846/2846 2907/2907
f 2801/2801 2984/2984 3034/3034
f 2801/2801 3063/3063 2984/2984
f 2802/2802 2211/2211 2342/2342
f 2803/2803 2864/2864 2878/2878
f 2803/2803 2878/2878 2887/2887
f 2803/2803 2887/2887 2919/2919
f 2803/2803 2919/2919 2653/2653
f 2804/2804 915/915 1415/1415
f 2805/2805 918/918 2903/2903
f 2805/2805 2638/2638 2715/2715
f 2805/2805 2731/2731 2638/2638
f 2805/2805 2903/2903 2731/2731
f 2806/2806 2790/2790 2893/2893
f 2806/2806 2872/2872 2746/2746
f 2806/2806 2916/2916 2872/2872
f 2807/2807 2365/2365 2927/2927
f 2807/2807 2912/2912 2751/2751
f 2807/2807 2927/2927 2912/2912
f 2808/2808 2917/2917 2941/2941
f 2809/2809 2723/2723 2832/2832
f 2809/2809 2752/2752 2723/2723
f 2810/2810 2749/2749 937/937
f 2810/2810 2778/2778 2749/2749
f 2812/2812 879/879 2931/2931
f 2812/2812 1147/1147 1274/1274
f 2812/2812 1274/1274 1289/1289
f 2812/2812 1289/1289 1082/1082
f 2812/2812 2791/2791 1147/1147
f 2813/2813 2847/2847 2933/2933
f 2813/2813 2933/2933 2920/2920
f 2814/2814 2877/2877 2892/2892
f 2814/2814 2892/2892 2910/2910
f 2815/2815 2598/2598 2668/2668
f 2815/2815 2668/2668 2907/2907
f 2815/2815 2846/2846 3034/3034
f 2816/2816 2344/2344 3139/3139
f 2816/2816 3139/3139 3392/3392
f 2817/2817 2429/2429 2770/2770
f 2817/2817 2925/2925 2743/2743
f 2818/2818 2718/2718 2845/2845
f 2818/2818 2904/2904 2896/2896
f 2819/2819 2516/2516 2841/2841
f 2819/2819 2841/2841 2909/2909
f 2820/2820 2745/2745 2838/2838
f 2820/2820 2761/2761 2800/2800
f 2820/2820 2800/2800 2677/2677
f 2820/2820 2838/2838 2781/2781
f 2821/2821 2721/2721 2747/2747
f 2821/2821 2747/2747 2616/2616
f 2821/2821 2902/2902 3130/3130
f 2822/2822 952/952 975/975
f 2822/2822 2792/2792 3096/3096
f 2822/2822 2858/2858 952/952
f 2823/2823 2490/2490 2763/2763
f 2823/2823 2763/2763 2866/2866
f 2823/2823 2934/2934 2689/2689
f 2824/2824 2162/2162 2856/2856
f 2824/2824 2856/2856 2787/2787
f 2825/2825 879/879 2811/2811
f 2825/2825 2711/2711 2811/2811
f 2826/2826 2719/2719 2745/2745
f 2826/2826 2745/2745 2677/2677
f 2827/2827 2575/2575 2665/2665
f 2827/2827 2769/2769 2852/2852
f 2827/2827 2852/2852 2642/2642
f 2827/2827 2908/2908 2890/2890
f 2829/2829 2758/2758 2354/2354
f 2829/2829 2808/2808 2941/2941
f 2829/2829 2941/2941 2869/2869
f 2830/2830 2805/2805 2715/2715
f 2831/2831 2597/2597 2604/2604
f 2831/2831 2604/2604 2623/2623
f 2831/2831 2725/2725 2664/2664
f 2833/2833 2716/2716 2734/2734
f 2833/2833 3168/3168 2716/2716
f 2834/2834 2581/2581 2871/2871
f 2834/2834 2748/2748 2755/2755
f 2834/2834 2871/2871 2748/2748
f 2836/2836 2761/2761 3171/3171
f 2836/2836 2848/2848 2800/2800
f 2838/2838 2745/2745 2719/2719
f 2838/2838 2754/2754 2781/2781
f 2838/2838 2876/2876 2781/2781
f 2839/2839 2358/2358 2585/2585
f 2839/2839 2585/2585 2568/2568
f 2840/2840 2720/2720 2886/2886
f 2840/2840 2886/2886 2729/2729
f 2841/2841 3175/3175 2909/2909
f 2842/2842 2877/2877 2814/2814
f 2842/2842 4014/4014 2877/2877
f 2843/2843 2367/2367 3641/3641
f 2843/2843 2786/2786 2309/2309
f 2843/2843 2926/2926 2786/2786
f 2845/2845 2718/2718 2350/2350
f 2846/2846 2801/2801 3034/3034
f 2846/2846 2815/2815 2907/2907
f 2847/2847 1054/1054 2297/2297
f 2847/2847 2297/2297 2171/2171
f 2847/2847 2933/2933 2171/2171
f 2848/2848 2836/2836 3171/3171
f 2848/2848 2902/2902 2800/2800
f 2849/2849 2785/2785 2772/2772
f 2849/2849 2922/2922 2835/2835
f 2850/2850 2801/2801 2907/2907
f 2850/2850 2907/2907 2686/2686
f 2851/2851 2802/2802 2773/2773
f 2852/2852 2882/2882 2642/2642
f 2853/2853 2777/2777 2832/2832
f 2853/2853 2832/2832 2723/2723
f 2854/2854 2641/2641 2778/2778
f 2854/2854 2883/2883 4042/4042
f 2855/2855 2767/2767 2922/2922
f 2855/2855 2922/2922 3048/3048
f 2856/2856 2162/2162 1158/1158
f 2856/2856 2775/2775 2891/2891
f 2857/2857 2694/2694 2656/2656
f 2858/2858 1164/1164 952/952
f 2858/2858 2822/2822 3126/3126
f 2858/2858 2961/2961 1164/1164
f 2859/2859 2157/2157 2816/2816
f 2859/2859 2816/2816 2906/2906
f 2860/2860 2788/2788 2890/2890
f 2861/2861 2931/2931 1060/1060
f 2862/2862 2774/2774 2751/2751
f 2863/2863 2737/2737 2661/2661
f 2863/2863 2755/2755 2884/2884
f 2863/2863 2923/2923 2755/2755
f 2864/2864 2607/2607 2927/2927
f 2864/2864 2779/2779 2878/2878
f 2864/2864 2844/2844 2779/2779
f 2864/2864 2927/2927 2844/2844
f 2866/2866 2763/2763 2780/2780
f 2867/2867 2683/2683 2760/2760
f 2867/2867 2760/2760 2786/2786
f 2868/2868 1004/1004 4678/4678
f 2868/2868 2646/2646 1207/1207
f 2869/2869 2806/2806 2746/2746
f 2870/2870 1183/1183 1063/1063
f 2870/2870 2663/2663 2759/2759
f 2870/2870 2903/2903 1153/1153
f 2870/2870 2935/2935 2734/2734
f 2871/2871 2581/2581 2901/2901
f 2871/2871 2757/2757 2901/2901
f 2872/2872 2579/2579 2594/2594
f 2872/2872 2594/2594 2746/2746
f 2872/2872 2974/2974 3326/3326
f 2873/2873 2454/2454 3526/3526
f 2873/2873 2741/2741 2454/2454
f 2874/2874 2802/2802 2592/2592
f 2874/2874 2897/2897 2802/2802
f 2875/2875 2597/2597 2896/2896
f 2875/2875 2896/2896 2766/2766
f 2876/2876 2838/2838 2781/2781
f 2877/2877 2610/2610 2892/2892
f 2877/2877 2940/2940 2635/2635
f 2877/2877 4014/4014 2940/2940
f 2878/2878 2794/2794 2887/2887
f 2879/2879 2572/2572 2828/2828
f 2880/2880 2720/2720 2840/2840
f 2880/2880 2729/2729 2446/2446
f 2880/2880 2840/2840 2729/2729
f 2881/2881 1124/1124 1184/1184
f 2881/2881 2188/2188 1124/1124
f 2881/2881 2765/2765 2188/2188
f 2881/2881 2765/2765 2621/2621
f 2882/2882 985/985 2620/2620
f 2882/2882 2620/2620 2642/2642
f 2882/2882 2788/2788 2764/2764
f 2882/2882 2852/2852 2769/2769
f 2883/2883 2795/2795 2809/2809
f 2883/2883 2854/2854 2778/2778
f 2883/2883 4035/4035 4042/4042
f 2884/2884 2755/2755 2783/2783
f 2884/2884 2783/2783 2656/2656
f 2885/2885 2222/2222 2432/2432
f 2885/2885 2222/2222 2726/2726
f 2885/2885 2432/2432 2726/2726
f 2885/2885 2621/2621 2222/2222
f 2886/2886 2720/2720 2633/2633
f 2886/2886 2744/2744 2729/2729
f 2886/2886 2785/2785 2849/2849
f 2887/2887 2325/2325 2919/2919
f 2887/2887 2794/2794 2185/2185
f 2888/2888 2774/2774 2862/2862
f 2888/2888 2796/2796 2774/2774
f 2888/2888 2937/2937 2796/2796
f 2889/2889 2211/2211 2802/2802
f 2889/2889 2802/2802 2851/2851
f 2891/2891 2628/2628 2787/2787
f 2891/2891 2787/2787 2856/2856
f 2892/2892 2789/2789 2910/2910
f 2893/2893 2646/2646 2868/2868
f 2893/2893 2790/2790 2646/2646
f 2893/2893 3057/3057 2916/2916
f 2893/2893 3951/3951 3938/3938
f 2894/2894 2572/2572 2853/2853
f 2894/2894 2601/2601 2867/2867
f 2894/2894 2853/2853 2601/2601
f 2895/2895 1141/1141 2770/2770
f 2896/2896 2313/2313 2766/2766
f 2897/2897 2576/2576 2891/2891
f 2897/2897 2773/2773 2802/2802
f 2897/2897 2784/2784 2773/2773
f 2897/2897 2874/2874 2576/2576
f 2898/2898 2814/2814 2910/2910
f 2898/2898 2910/2910 2837/2837
f 2899/2899 2238/2238 2335/2335
f 2899/2899 2335/2335 2797/2797
f 2899/2899 2855/2855 2989/2989
f 2900/2900 2827/2827 2665/2665
f 2900/2900 2990/2990 2827/2827
f 2901/2901 2581/2581 2595/2595
f 2901/2901 2595/2595 2486/2486
f 2901/2901 2757/2757 2595/2595
f 2902/2902 2756/2756 2800/2800
f 2902/2902 2821/2821 2924/2924
f 2902/2902 2848/2848 3171/3171
f 2902/2902 2985/2985 3130/3130
f 2903/2903 2870/2870 2759/2759
f 2904/2904 2224/2224 2782/2782
f 2904/2904 2782/2782 2896/2896
f 2904/2904 2818/2818 2845/2845
f 2905/2905 2596/2596 2640/2640
f 2905/2905 2640/2640 2751/2751
f 2905/2905 3997/3997 2596/2596
f 2906/2906 2816/2816 3392/3392
f 2907/2907 2668/2668 2686/2686
f 2909/2909 3005/3005 2727/2727
f 2910/2910 2653/2653 2837/2837
f 2910/2910 2671/2671 2653/2653
f 2911/2911 2307/2307 2612/2612
f 2911/2911 3146/3146 2307/2307
f 2912/2912 2713/2713 2751/2751
f 2913/2913 1095/1095 2833/2833
f 2913/2913 2833/2833 2935/2935
f 2914/2914 2795/2795 2809/2809
f 2914/2914 2883/2883 2795/2795
f 2914/2914 2936/2936 4021/4021
f 2915/2915 1434/1434 1404/1404
f 2915/2915 2649/2649 2687/2687
f 2915/2915 2687/2687 1434/1434
f 2915/2915 3126/3126 2649/2649
f 2916/2916 2762/2762 2872/2872
f 2916/2916 2806/2806 2893/2893
f 2916/2916 3097/3097 2762/2762
f 2917/2917 1068/1068 924/924
f 2917/2917 2646/2646 2941/2941
f 2917/2917 2932/2932 1068/1068
f 2918/2918 2825/2825 1106/1106
f 2919/2919 2325/2325 2653/2653
f 2920/2920 2933/2933 2622/2622
f 2921/2921 2227/2227 2285/2285
f 2921/2921 2707/2707 2227/2227
f 2922/2922 2767/2767 2835/2835
f 2923/2923 2581/2581 2834/2834
f 2923/2923 2834/2834 2755/2755
f 2923/2923 2863/2863 2661/2661
f 2924/2924 2821/2821 2616/2616
f 2925/2925 2622/2622 2743/2743
f 2925/2925 2660/2660 2622/2622
f 2925/2925 2817/2817 2770/2770
f 2926/2926 2843/2843 3078/3078
f 2926/2926 2894/2894 2786/2786
f 2927/2927 2632/2632 2912/2912
f 2928/2928 2819/2819 2909/2909
f 2928/2928 2909/2909 2727/2727
f 2929/2929 2898/2898 2837/2837
f 2930/2930 2212/2212 2411/2411
f 2930/2930 2224/2224 2239/2239
f 2930/2930 2239/2239 2212/2212
f 2931/2931 879/879 2918/2918
f 2931/2931 2918/2918 1060/1060
f 2932/2932 889/889 1068/1068
f 2932/2932 2265/2265 889/889
f 2932/2932 2808/2808 2829/2829
f 2932/2932 2829/2829 2354/2354
f 2932/2932 2917/2917 2808/2808
f 2933/2933 2171/2171 2479/2479
f 2933/2933 2643/2643 2622/2622
f 2933/2933 2847/2847 2171/2171
f 2934/2934 2619/2619 2689/2689
f 2934/2934 2823/2823 2866/2866
f 2935/2935 2833/2833 2734/2734
f 2935/2935 2870/2870 1063/1063
f 2936/2936 2809/2809 2832/2832
f 2936/2936 2832/2832 2777/2777
f 2936/2936 2914/2914 2809/2809
f 2937/2937 2597/2597 2831/2831
f 2937/2937 2630/2630 2597/2597
f 2937/2937 2831/2831 2796/2796
f 2938/2938 2633/2633 2785/2785
f 2938/2938 2785/2785 2633/2633
f 2938/2938 3045/3045 2785/2785
f 2939/2939 2965/2965 2828/2828
f 2940/2940 2905/2905 2635/2635
f 2940/2940 3997/3997 2905/2905
f 2941/2941 2626/2626 2869/2869
f 2944/2944 3154/3154 3740/3740
f 2945/2945 848/848 862/862
f 2945/2945 862/862 868/868
f 2945/2945 868/868 2943/2943
f 2946/2946 2978/2978 3251/3251
f 2946/2946 3162/3162 2978/2978
f 2946/2946 3279/3279 3203/3203
f 2947/2947 2926/2926 3078/3078
f 2947/2947 3337/3337 2926/2926
f 2948/2948 3064/3064 2979/2979
f 2948/2948 3095/3095 3064/3064
f 2948/2948 3300/3300 3334/3334
f 2949/2949 2990/2990 3356/3356
f 2949/2949 3248/3248 2990/2990
f 2950/2950 3079/3079 3737/3737
f 2950/2950 3737/3737 3798/3798
f 2951/2951 2983/2983 3956/3956
f 2951/2951 3018/3018 3086/3086
f 2951/2951 3956/3956 3941/3941
f 2952/2952 3103/3103 3123/3123
f 2952/2952 3169/3169 3027/3027
f 2952/2952 3708/3708 3169/3169
f 2954/2954 3104/3104 2962/2962
f 2954/2954 3111/3111 3374/3374
f 2954/2954 3374/3374 3308/3308
f 2955/2955 865/865 654/654
f 2955/2955 2988/2988 3341/3341
f 2955/2955 3173/3173 3149/3149
f 2955/2955 3310/3310 514/514
f 2956/2956 2977/2977 3092/3092
f 2956/2956 3110/3110 3041/3041
f 2956/2956 3306/3306 3217/3217
f 2957/2957 3710/3710 3755/3755
f 2957/2957 3755/3755 3028/3028
f 2958/2958 3047/3047 3204/3204
f 2958/2958 3204/3204 3191/3191
f 2959/2959 2855/2855 3048/3048
f 2959/2959 3048/3048 3106/3106
f 2960/2960 2986/2986 3112/3112
f 2960/2960 3077/3077 3055/3055
f 2960/2960 3332/3332 3926/3926
f 2960/2960 3926/3926 3294/3294
f 2961/2961 2858/2858 3126/3126
f 2961/2961 2997/2997 1164/1164
f 2961/2961 3073/3073 2997/2997
f 2961/2961 3218/3218 3073/3073
f 2962/2962 3104/3104 3239/3239
f 2963/2963 3164/3164 3744/3744
f 2963/2963 3339/3339 3243/3243
f 2963/2963 3726/3726 3169/3169
f 2963/2963 3754/3754 3445/3445
f 2965/2965 2939/2939 2637/2637
f 2965/2965 3071/3071 2828/2828
f 2966/2966 3061/3061 2981/2981
f 2966/2966 3395/3395 3239/3239
f 2966/2966 3774/3774 3489/3489
f 2967/2967 746/746 624/624
f 2967/2967 3096/3096 746/746
f 2968/2968 2850/2850 2706/2706
f 2968/2968 3063/3063 2850/2850
f 2969/2969 3081/3081 3167/3167
f 2969/2969 3167/3167 3151/3151
f 2970/2970 3382/3382 3369/3369
f 2972/2972 3001/3001 3242/3242
f 2972/2972 3053/3053 3171/3171
f 2972/2972 3080/3080 3113/3113
f 2972/2972 3271/3271 3177/3177
f 2973/2973 779/779 3958/3958
f 2973/2973 3035/3035 3065/3065
f 2973/2973 3953/3953 3172/3172
f 2974/2974 2872/2872 2998/2998
f 2974/2974 2998/2998 3147/3147
f 2974/2974 3174/3174 3326/3326
f 2975/2975 497/497 828/828
f 2975/2975 828/828 2999/2999
f 2976/2976 3091/3091 3005/3005
f 2976/2976 3105/3105 3091/3091
f 2977/2977 2942/2942 3092/3092
f 2977/2977 2956/2956 3217/3217
f 2977/2977 3120/3120 2942/2942
f 2977/2977 3217/3217 3120/3120
f 2978/2978 3132/3132 3251/3251
f 2979/2979 3064/3064 3369/3369
f 2979/2979 3369/3369 3040/3040
f 2980/2980 2947/2947 3078/3078
f 2981/2981 2966/2966 3098/3098
f 2981/2981 3061/3061 2966/2966
f 2982/2982 3143/3143 3011/3011
f 2982/2982 3288/3288 3011/3011
f 2983/2983 2951/2951 3086/3086
f 2983/2983 3118/3118 3788/3788
f 2983/2983 3788/3788 3867/3867
f 2983/2983 3949/3949 3956/3956
f 2984/2984 2873/2873 3526/3526
f 2984/2984 3526/3526 3557/3557
f 2984/2984 3557/3557 3503/3503
f 2985/2985 2902/2902 3171/3171
f 2985/2985 3007/3007 3130/3130
f 2985/2985 3099/3099 3007/3007
f 2986/2986 2960/2960 3294/3294
f 2986/2986 3253/3253 3112/3112
f 2987/2987 3022/3022 3115/3115
f 2987/2987 3122/3122 3161/3161
f 2988/2988 2955/2955 3149/3149
f 2988/2988 3009/3009 3341/3341
f 2989/2989 2855/2855 2959/2959
f 2990/2990 2900/2900 2636/2636
f 2990/2990 3074/3074 3166/3166
f 2990/2990 3085/3085 3074/3074
f 2990/2990 3114/3114 3085/3085
f 2990/2990 3166/3166 2827/2827
f 2991/2991 184/184 54/54
f 2991/2991 794/794 3128/3128
f 2991/2991 3075/3075 3778/3778
f 2991/2991 3128/3128 3054/3054
f 2991/2991 3778/3778 184/184
f 2992/2992 2969/2969 3151/3151
f 2992/2992 3151/3151 3132/3132
f 2992/2992 3403/3403 2969/2969
f 2993/2993 2964/2964 3289/3289
f 2993/2993 3074/3074 3085/3085
f 2993/2993 3114/3114 2964/2964
f 2993/2993 3289/3289 592/592
f 2997/2997 716/716 1164/1164
f 2997/2997 3157/3157 3020/3020
f 2998/2998 2872/2872 3097/3097
f 2998/2998 3097/3097 3147/3147
f 2999/2999 828/828 3366/3366
f 3000/3000 3095/3095 3129/3129
f 3000/3000 3129/3129 3223/3223
f 3000/3000 3223/3223 3255/3255
f 3000/3000 3255/3255 2970/2970
f 3001/3001 2972/2972 3113/3113
f 3001/3001 3378/3378 3242/3242
f 3002/3002 2957/2957 3028/3028
f 3003/3003 3282/3282 3100/3100
f 3003/3003 3621/3621 3438/3438
f 3004/3004 3023/3023 3158/3158
f 3004/3004 3061/3061 3098/3098
f 3005/3005 2600/2600 2727/2727
f 3005/3005 3091/3091 2600/2600
f 3006/3006 3150/3150 3033/3033
f 3006/3006 3945/3945 2973/2973
f 3007/3007 3155/3155 3130/3130
f 3007/3007 3360/3360 3224/3224
f 3008/3008 3097/3097 3938/3938
f 3008/3008 3383/3383 3147/3147
f 3009/3009 2988/2988 3149/3149
f 3009/3009 3090/3090 3365/3365
f 3009/3009 3365/3365 3341/3341
f 3010/3010 2985/2985 3171/3171
f 3012/3012 3226/3226 3094/3094
f 3013/3013 3137/3137 2994/2994
f 3013/3013 3387/3387 3035/3035
f 3014/3014 2815/2815 3034/3034
f 3014/3014 3034/3034 3503/3503
f 3016/3016 3134/3134 3256/3256
f 3016/3016 3163/3163 3134/3134
f 3017/3017 2890/2890 2908/2908
f 3017/3017 2908/2908 2827/2827
f 3017/3017 3074/3074 685/685
f 3018/3018 2951/2951 3941/3941
f 3018/3018 3022/3022 2987/2987
f 3018/3018 3135/3135 3086/3086
f 3018/3018 3966/3966 3022/3022
f 3019/3019 3152/3152 3232/3232
f 3019/3019 3222/3222 3232/3232
f 3019/3019 3343/3343 3165/3165
f 3019/3019 3343/3343 3330/3330
f 3020/3020 716/716 2997/2997
f 3020/3020 3157/3157 694/694
f 3021/3021 2944/2944 3740/3740
f 3022/3022 3122/3122 3115/3115
f 3022/3022 3944/3944 3055/3055
f 3022/3022 3966/3966 3944/3944
f 3023/3023 3054/3054 3128/3128
f 3023/3023 3357/3357 3144/3144
f 3024/3024 155/155 3806/3806
f 3024/3024 599/599 155/155
f 3024/3024 696/696 599/599
f 3024/3024 3046/3046 3101/3101
f 3025/3025 3109/3109 3804/3804
f 3025/3025 3804/3804 3621/3621
f 3026/3026 2839/2839 2290/2290
f 3026/3026 3780/3780 3664/3664
f 3026/3026 3784/3784 2839/2839
f 3028/3028 3755/3755 3032/3032
f 3029/3029 3152/3152 3141/3141
f 3029/3029 3159/3159 3343/3343
f 3029/3029 3330/3330 3152/3152
f 3029/3029 3343/3343 3330/3330
f 3030/3030 2980/2980 3116/3116
f 3030/3030 3116/3116 3127/3127
f 3030/3030 3387/3387 2980/2980
f 3031/3031 2952/2952 3123/3123
f 3031/3031 3123/3123 3248/3248
f 3032/3032 3755/3755 3632/3632
f 3033/3033 3150/3150 3286/3286
f 3033/3033 3253/3253 2986/2986
f 3033/3033 3294/3294 3935/3935
f 3033/3033 3939/3939 3006/3006
f 3034/3034 2984/2984 3503/3503
f 3035/3035 2973/2973 3172/3172
f 3035/3035 3349/3349 3065/3065
f 3036/3036 3069/3069 3203/3203
f 3037/3037 3090/3090 3109/3109
f 3038/3038 3512/3512 3794/3794
f 3038/3038 3794/3794 3142/3142
f 3039/3039 2991/2991 3054/3054
f 3040/3040 3369/3369 3392/3392
f 3041/3041 3145/3145 3397/3397
f 3042/3042 3208/3208 3483/3483
f 3042/3042 3275/3275 3208/3208
f 3043/3043 3007/3007 3224/3224
f 3043/3043 3155/3155 3007/3007
f 3043/3043 3355/3355 3155/3155
f 3044/3044 2945/2945 2943/2943
f 3045/3045 2953/2953 3108/3108
f 3046/3046 3024/3024 3806/3806
f 3046/3046 3066/3066 3101/3101
f 3046/3046 3359/3359 3340/3340
f 3046/3046 3843/3843 3359/3359
f 3047/3047 3125/3125 3216/3216
f 3047/3047 3216/3216 3373/3373
f 3047/3047 3376/3376 3204/3204
f 3048/3048 2772/2772 3108/3108
f 3048/3048 2922/2922 2772/2772
f 3048/3048 3108/3108 2953/2953
f 3048/3048 3124/3124 3106/3106
f 3049/3049 3305/3305 3200/3200
f 3049/3049 3330/3330 3200/3200
f 3050/3050 3159/3159 3141/3141
f 3050/3050 3371/3371 3015/3015
f 3050/3050 3374/3374 3371/3371
f 3051/3051 3030/3030 3127/3127
f 3051/3051 3083/3083 3207/3207
f 3051/3051 3154/3154 2944/2944
f 3052/3052 2967/2967 3381/3381
f 3052/3052 3126/3126 2967/2967
f 3052/3052 3381/3381 3109/3109
f 3053/3053 2972/2972 3177/3177
f 3053/3053 3010/3010 3171/3171
f 3054/3054 3144/3144 3039/3039
f 3056/3056 3168/3168 668/668
f 3056/3056 3180/3180 3367/3367
f 3057/3057 2893/2893 3938/3938
f 3058/3058 2969/2969 3738/3738
f 3058/3058 3081/3081 2969/2969
f 3058/3058 3831/3831 3081/3081
f 3059/3059 3265/3265 3772/3772
f 3059/3059 3772/3772 3415/3415
f 3060/3060 3021/3021 3809/3809
f 3060/3060 3160/3160 3021/3021
f 3060/3060 3833/3833 3426/3426
f 3061/3061 2981/2981 3098/3098
f 3061/3061 3774/3774 2981/2981
f 3062/3062 2776/2776 751/751
f 3062/3062 3206/3206 3185/3185
f 3063/3063 2801/2801 2850/2850
f 3063/3063 2873/2873 2984/2984
f 3063/3063 3384/3384 2873/2873
f 3064/3064 2970/2970 3369/3369
f 3066/3066 3046/3046 3234/3234
f 3066/3066 3196/3196 3101/3101
f 3067/3067 3025/3025 3621/3621
f 3068/3068 3102/3102 3352/3352
f 3069/3069 3162/3162 3203/3203
f 3070/3070 2945/2945 3044/3044
f 3071/3071 2965/2965 3337/3337
f 3071/3071 3337/3337 2994/2994
f 3071/3071 3972/3972 2828/2828
f 3072/3072 3142/3142 3314/3314
f 3072/3072 3314/3314 2971/2971
f 3073/3073 3119/3119 3281/3281
f 3073/3073 3157/3157 2997/2997
f 3074/3074 2993/2993 713/713
f 3075/3075 2991/2991 3039/3039
f 3075/3075 3144/3144 3293/3293
f 3075/3075 3273/3273 3606/3606
f 3075/3075 3606/3606 3634/3634
f 3075/3075 3634/3634 3778/3778
f 3077/3077 2960/2960 3112/3112
f 3077/3077 3161/3161 3055/3055
f 3077/3077 3229/3229 3161/3161
f 3078/3078 2843/2843 3641/3641
f 3079/3079 3249/3249 3285/3285
f 3079/3079 3285/3285 2391/2391
f 3079/3079 3642/3642 3737/3737
f 3080/3080 2761/2761 2781/2781
f 3080/3080 2972/2972 3171/3171
f 3081/3081 3378/3378 3167/3167
f 3081/3081 3831/3831 3242/3242
f 3082/3082 2989/2989 2959/2959
f 3082/3082 3106/3106 3231/3231
f 3082/3082 3797/3797 2989/2989
f 3083/3083 3051/3051 2944/2944
f 3084/3084 2975/2975 2999/2999
f 3087/3087 2996/2996 2962/2962
f 3088/3088 3117/3117 3224/3224
f 3089/3089 3008/3008 3970/3970
f 3090/3090 3009/3009 3109/3109
f 3090/3090 3119/3119 3218/3218
f 3090/3090 3194/3194 3365/3365
f 3091/3091 2958/2958 3191/3191
f 3091/3091 3191/3191 2600/2600
f 3092/3092 2942/2942 3626/3626
f 3092/3092 3626/3626 3110/3110
f 3093/3093 3072/3072 2971/2971
f 3094/3094 3069/3069 3036/3036
f 3094/3094 3226/3226 3012/3012
f 3094/3094 3513/3513 3069/3069
f 3095/3095 2948/2948 3334/3334
f 3095/3095 2970/2970 3064/3064
f 3095/3095 3000/3000 2970/2970
f 3095/3095 3197/3197 3334/3334
f 3096/3096 819/819 746/746
f 3096/3096 2915/2915 952/952
f 3096/3096 3062/3062 3185/3185
f 3096/3096 3126/3126 2915/2915
f 3097/3097 2916/2916 3057/3057
f 3097/3097 3008/3008 3147/3147
f 3097/3097 3057/3057 3938/3938
f 3098/3098 2966/2966 3395/3395
f 3098/3098 3239/3239 3141/3141
f 3098/3098 3395/3395 3239/3239
f 3099/3099 2985/2985 3010/3010
f 3099/3099 3010/3010 3230/3230
f 3099/3099 3360/3360 3007/3007
f 3100/3100 3282/3282 3350/3350
f 3100/3100 3621/3621 3003/3003
f 3100/3100 3652/3652 3003/3003
f 3100/3100 3803/3803 3621/3621
f 3102/3102 3133/3133 3352/3352
f 3102/3102 3623/3623 3133/3133
f 3103/3103 2952/2952 3027/3027
f 3103/3103 3215/3215 3123/3123
f 3105/3105 2958/2958 3091/3091
f 3105/3105 3125/3125 2958/2958
f 3106/3106 3082/3082 2959/2959
f 3106/3106 3124/3124 3231/3231
f 3107/3107 3071/3071 2994/2994
f 3108/3108 2772/2772 2785/2785
f 3109/3109 3009/3009 3149/3149
f 3109/3109 3381/3381 3666/3666
f 3109/3109 3666/3666 3804/3804
f 3110/3110 2956/2956 3092/3092
f 3110/3110 3671/3671 3041/3041
f 3111/3111 2954/2954 2962/2962
f 3111/3111 2962/2962 2996/2996
f 3111/3111 2962/2962 3732/3732
f 3111/3111 2996/2996 3087/3087
f 3111/3111 3087/3087 2962/2962
f 3111/3111 3087/3087 3649/3649
f 3111/3111 3262/3262 3374/3374
f 3113/3113 3080/3080 2781/2781
f 3113/3113 3270/3270 3001/3001
f 3114/3114 2993/2993 3085/3085
f 3114/3114 3215/3215 2964/2964
f 3116/3116 2980/2980 3078/3078
f 3116/3116 3078/3078 3641/3641
f 3116/3116 3665/3665 3673/3673
f 3117/3117 808/808 3148/3148
f 3117/3117 3088/3088 3616/3616
f 3117/3117 3201/3201 3224/3224
f 3117/3117 3355/3355 3201/3201
f 3117/3117 3656/3656 808/808
f 3118/3118 2983/2983 3086/3086
f 3118/3118 3190/3190 3693/3693
f 3118/3118 3693/3693 3788/3788
f 3119/3119 3037/3037 3011/3011
f 3119/3119 3073/3073 3218/3218
f 3119/3119 3090/3090 3037/3037
f 3121/3121 3157/3157 3281/3281
f 3122/3122 2987/2987 3115/3115
f 3122/3122 3022/3022 3055/3055
f 3123/3123 3215/3215 3248/3248
f 3124/3124 3048/3048 2953/2953
f 3124/3124 3156/3156 2953/2953
f 3124/3124 3260/3260 3231/3231
f 3125/3125 3047/3047 2958/2958
f 3125/3125 3304/3304 3216/3216
f 3125/3125 3439/3439 3304/3304
f 3126/3126 2822/2822 3096/3096
f 3126/3126 3052/3052 3365/3365
f 3126/3126 3096/3096 2967/2967
f 3126/3126 3096/3096 3185/3185
f 3126/3126 3267/3267 2649/2649
f 3127/3127 3116/3116 3673/3673
f 3128/3128 794/794 3158/3158
f 3128/3128 3158/3158 3023/3023
f 3129/3129 3003/3003 3297/3297
f 3129/3129 3095/3095 3282/3282
f 3129/3129 3282/3282 3003/3003
f 3131/3131 2944/2944 3021/3021
f 3131/3131 3083/3083 2944/2944
f 3131/3131 3160/3160 3286/3286
f 3131/3131 3207/3207 3083/3083
f 3132/3132 3151/3151 3323/3323
f 3132/3132 3323/3323 3251/3251
f 3133/3133 2957/2957 3002/3002
f 3133/3133 3276/3276 3327/3327
f 3133/3133 3623/3623 2957/2957
f 3134/3134 3209/3209 3366/3366
f 3135/3135 3018/3018 2987/2987
f 3135/3135 3283/3283 3086/3086
f 3136/3136 3252/3252 3295/3295
f 3136/3136 3375/3375 3084/3084
f 3137/3137 3013/3013 3172/3172
f 3137/3137 3107/3107 2994/2994
f 3137/3137 3961/3961 3107/3107
f 3138/3138 2953/2953 3045/3045
f 3138/3138 3045/3045 3278/3278
f 3138/3138 3234/3234 2953/2953
f 3138/3138 3278/3278 3234/3234
f 3139/3139 3176/3176 3392/3392
f 3140/3140 3026/3026 3664/3664
f 3140/3140 3664/3664 3363/3363
f 3141/3141 3152/3152 3232/3232
f 3141/3141 3159/3159 3029/3029
f 3141/3141 3232/3232 3222/3222
f 3141/3141 3239/3239 3232/3232
f 3142/3142 3236/3236 3314/3314
f 3142/3142 3724/3724 3566/3566
f 3142/3142 3794/3794 3724/3724
f 3143/3143 3119/3119 3011/3011
f 3143/3143 3281/3281 3119/3119
f 3144/3144 3054/3054 3023/3023
f 3144/3144 3075/3075 3039/3039
f 3144/3144 3170/3170 3199/3199
f 3144/3144 3272/3272 3170/3170
f 3145/3145 3016/3016 3397/3397
f 3145/3145 3671/3671 3016/3016
f 3146/3146 3042/3042 3612/3612
f 3146/3146 3361/3361 3042/3042
f 3146/3146 3781/3781 2307/2307
f 3148/3148 88/88 3320/3320
f 3149/3149 3173/3173 2995/2995
f 3150/3150 2973/2973 3286/3286
f 3150/3150 3006/3006 2973/2973
f 3151/3151 3167/3167 3323/3323
f 3152/3152 3019/3019 3232/3232
f 3152/3152 3330/3330 3019/3019
f 3152/3152 3330/3330 3029/3029
f 3152/3152 3330/3330 3232/3232
f 3153/3153 3198/3198 3402/3402
f 3153/3153 3377/3377 3198/3198
f 3154/3154 3051/3051 3127/3127
f 3154/3154 3127/3127 3673/3673
f 3154/3154 3712/3712 3740/3740
f 3155/3155 3233/3233 3130/3130
f 3156/3156 3124/3124 2953/2953
f 3157/3157 785/785 694/694
f 3157/3157 3073/3073 3281/3281
f 3158/3158 3061/3061 3004/3004
f 3159/3159 3050/3050 3015/3015
f 3159/3159 3076/3076 3272/3272
f 3159/3159 3189/3189 3343/3343
f 3159/3159 3199/3199 3076/3076
f 3159/3159 3272/3272 3189/3189
f 3159/3159 3371/3371 3199/3199
f 3160/3160 3060/3060 3301/3301
f 3160/3160 3131/3131 3021/3021
f 3160/3160 3188/3188 3112/3112
f 3160/3160 3253/3253 3286/3286
f 3161/3161 3122/3122 3055/3055
f 3162/3162 2946/2946 3203/3203
f 3162/3162 3132/3132 2978/2978
f 3162/3162 3579/3579 3132/3132
f 3163/3163 3179/3179 3134/3134
f 3163/3163 3410/3410 3179/3179
f 3164/3164 2963/2963 3243/3243
f 3164/3164 3261/3261 3744/3744
f 3166/3166 3017/3017 2827/2827
f 3166/3166 3074/3074 3017/3017
f 3167/3167 3287/3287 3323/3323
f 3168/3168 776/776 668/668
f 3168/3168 2833/2833 892/892
f 3168/3168 3056/3056 3367/3367
f 3168/3168 3257/3257 2716/2716
f 3169/3169 3726/3726 3027/3027
f 3170/3170 3272/3272 3199/3199
f 3172/3172 2973/2973 3958/3958
f 3172/3172 3013/3013 3035/3035
f 3172/3172 3958/3958 3258/3258
f 3173/3173 2955/2955 654/654
f 3173/3173 3723/3723 2995/2995
f 3174/3174 2974/2974 3147/3147
f 3174/3174 3261/3261 3243/3243
f 3175/3175 2976/2976 3005/3005
f 3175/3175 3005/3005 2909/2909
f 3176/3176 3040/3040 3392/3392
f 3176/3176 3300/3300 3040/3040
f 3176/3176 3509/3509 3300/3300
f 3178/3178 3319/3319 3347/3347
f 3178/3178 3518/3518 3549/3549
f 3178/3178 3549/3549 3220/3220
f 3179/3179 3311/3311 3134/3134
f 3180/3180 3056/3056 515/515
f 3180/3180 3094/3094 3367/3367
f 3180/3180 3513/3513 3094/3094
f 3181/3181 3082/3082 3231/3231
f 3181/3181 3231/3231 3353/3353
f 3182/3182 3028/3028 3032/3032
f 3182/3182 3032/3032 3632/3632
f 3182/3182 3912/3912 3028/3028
f 3183/3183 3084/3084 2999/2999
f 3183/3183 3252/3252 3084/3084
f 3185/3185 3206/3206 3341/3341
f 3186/3186 3296/3296 3217/3217
f 3186/3186 3306/3306 3041/3041
f 3187/3187 445/445 3375/3375
f 3187/3187 3375/3375 3295/3295
f 3188/3188 3160/3160 3301/3301
f 3188/3188 3229/3229 3112/3112
f 3189/3189 3212/3212 3291/3291
f 3190/3190 3118/3118 3086/3086
f 3190/3190 3313/3313 3596/3596
f 3190/3190 3584/3584 3632/3632
f 3190/3190 3596/3596 3693/3693
f 3191/3191 2644/2644 2600/2600
f 3192/3192 3210/3210 3535/3535
f 3192/3192 3307/3307 3210/3210
f 3193/3193 3270/3270 2675/2675
f 3194/3194 3090/3090 3218/3218
f 3194/3194 3218/3218 2961/2961
f 3194/3194 3333/3333 3267/3267
f 3195/3195 3050/3050 3141/3141
f 3195/3195 3232/3232 3200/3200
f 3195/3195 3232/3232 3308/3308
f 3195/3195 3308/3308 3050/3050
f 3195/3195 3330/3330 3305/3305
f 3196/3196 509/509 3101/3101
f 3196/3196 529/529 509/509
f 3196/3196 3066/3066 3278/3278
f 3197/3197 3095/3095 3334/3334
f 3198/3198 3059/3059 3415/3415
f 3198/3198 3415/3415 3190/3190
f 3199/3199 3272/3272 3076/3076
f 3200/3200 3195/3195 3305/3305
f 3200/3200 3232/3232 3308/3308
f 3201/3201 3043/3043 3224/3224
f 3202/3202 3165/3165 3343/3343
f 3202/3202 3291/3291 3212/3212
f 3202/3202 3298/3298 3222/3222
f 3202/3202 3343/3343 3165/3165
f 3203/3203 3226/3226 3036/3036
f 3203/3203 3279/3279 3302/3302
f 3204/3204 3328/3328 3191/3191
f 3205/3205 3334/3334 3184/3184
f 3205/3205 3372/3372 3334/3334
f 3206/3206 3062/3062 751/751
f 3206/3206 3310/3310 3341/3341
f 3207/3207 3131/3131 3286/3286
f 3207/3207 3286/3286 3065/3065
f 3208/3208 2950/2950 3798/3798
f 3208/3208 3798/3798 3584/3584
f 3209/3209 2999/2999 3366/3366
f 3209/3209 3183/3183 2999/2999
f 3210/3210 3237/3237 3535/3535
f 3211/3211 2699/2699 2625/2625
f 3211/3211 3193/3193 2699/2699
f 3211/3211 3323/3323 3193/3193
f 3212/3212 3322/3322 3298/3298
f 3213/3213 3190/3190 3086/3086
f 3215/3215 3103/3103 3027/3027
f 3215/3215 3114/3114 3248/3248
f 3215/3215 3289/3289 2964/2964
f 3216/3216 3304/3304 3571/3571
f 3216/3216 3571/3571 3686/3686
f 3217/3217 3070/3070 3120/3120
f 3219/3219 2598/2598 3014/3014
f 3219/3219 3014/3014 3533/3533
f 3220/3220 3319/3319 3178/3178
f 3221/3221 3195/3195 3200/3200
f 3221/3221 3305/3305 3200/3200
f 3221/3221 3344/3344 3200/3200
f 3222/3222 3019/3019 3343/3343
f 3222/3222 3098/3098 3141/3141
f 3223/3223 3129/3129 3324/3324
f 3223/3223 3324/3324 3438/3438
f 3224/3224 3360/3360 3616/3616
f 3224/3224 3616/3616 3088/3088
f 3225/3225 3144/3144 3199/3199
f 3225/3225 3199/3199 3293/3293
f 3226/3226 3094/3094 3036/3036
f 3227/3227 2674/2674 3326/3326
f 3227/3227 3247/3247 3547/3547
f 3227/3227 3326/3326 3243/3243
f 3227/3227 3370/3370 3339/3339
f 3228/3228 3025/3025 3067/3067
f 3228/3228 3365/3365 3025/3025
f 3229/3229 3077/3077 3112/3112
f 3229/3229 3188/3188 3301/3301
f 3229/3229 3254/3254 3161/3161
f 3229/3229 3321/3321 3210/3210
f 3230/3230 3010/3010 3053/3053
f 3230/3230 3053/3053 3177/3177
f 3232/3232 3029/3029 3141/3141
f 3232/3232 3104/3104 2954/2954
f 3232/3232 3195/3195 3200/3200
f 3232/3232 3200/3200 3330/3330
f 3232/3232 3330/3330 3200/3200
f 3232/3232 3344/3344 3308/3308
f 3233/3233 2721/2721 2821/2821
f 3233/3233 2821/2821 3130/3130
f 3233/3233 3355/3355 3214/3214
f 3234/3234 3046/3046 3340/3340
f 3234/3234 3312/3312 2953/2953
f 3234/3234 3340/3340 3312/3312
f 3235/3235 3396/3396 2943/2943
f 3236/3236 3142/3142 3566/3566
f 3236/3236 3379/3379 3314/3314
f 3237/3237 3321/3321 3433/3433
f 3237/3237 3567/3567 3535/3535
f 3238/3238 3396/3396 3235/3235
f 3238/3238 3576/3576 3396/3396
f 3239/3239 3104/3104 3232/3232
f 3240/3240 3205/3205 3555/3555
f 3241/3241 3391/3391 3386/3386
f 3244/3244 3335/3335 3258/3258
f 3244/3244 3345/3345 3928/3928
f 3245/3245 473/473 3281/3281
f 3245/3245 3281/3281 3288/3288
f 3245/3245 3318/3318 599/599
f 3246/3246 3351/3351 3373/3373
f 3246/3246 3373/3373 3686/3686
f 3247/3247 3227/3227 3339/3339
f 3247/3247 3339/3339 3445/3445
f 3247/3247 3581/3581 3547/3547
f 3248/3248 2949/2949 3386/3386
f 3248/3248 3114/3114 2990/2990
f 3249/3249 2968/2968 3285/3285
f 3249/3249 3079/3079 2950/2950
f 3249/3249 3384/3384 2968/2968
f 3250/3250 3580/3580 478/478
f 3251/3251 3323/3323 3368/3368
f 3252/3252 3136/3136 3084/3084
f 3252/3252 3380/3380 3295/3295
f 3252/3252 3492/3492 3380/3380
f 3253/3253 3033/3033 3286/3286
f 3253/3253 3160/3160 3112/3112
f 3254/3254 3210/3210 3338/3338
f 3254/3254 3229/3229 3210/3210
f 3254/3254 3338/3338 3161/3161
f 3255/3255 3284/3284 2970/2970
f 3255/3255 3585/3585 3284/3284
f 3256/3256 3134/3134 3366/3366
f 3257/3257 3168/3168 3367/3367
f 3257/3257 3336/3336 2591/2591
f 3257/3257 3367/3367 3226/3226
f 3258/3258 3335/3335 3906/3906
f 3258/3258 3958/3958 3928/3928
f 3259/3259 3276/3276 3002/3002
f 3259/3259 3309/3309 3364/3364
f 3259/3259 3364/3364 3327/3327
f 3260/3260 3124/3124 3312/3312
f 3260/3260 3329/3329 3231/3231
f 3261/3261 3164/3164 3243/3243
f 3261/3261 3174/3174 3147/3147
f 3261/3261 3348/3348 3529/3529
f 3261/3261 3452/3452 3744/3744
f 3263/3263 525/525 2617/2617
f 3263/3263 2617/2617 2651/2651
f 3263/3263 3265/3265 3059/3059
f 3264/3264 3041/3041 3397/3397
f 3264/3264 3186/3186 3397/3397
f 3264/3264 3296/3296 3186/3186
f 3264/3264 3389/3389 3397/3397
f 3264/3264 3397/3397 3041/3041
f 3265/3265 2651/2651 2168/2168
f 3265/3265 3263/3263 2651/2651
f 3265/3265 3620/3620 3772/3772
f 3266/3266 3371/3371 3374/3374
f 3266/3266 3374/3374 3262/3262
f 3266/3266 3600/3600 3178/3178
f 3267/3267 3126/3126 3185/3185
f 3267/3267 3126/3126 3365/3365
f 3267/3267 3185/3185 3341/3341
f 3267/3267 3292/3292 2649/2649
f 3267/3267 3333/3333 3126/3126
f 3267/3267 3365/3365 3228/3228
f 3268/3268 3407/3407 3241/3241
f 3269/3269 3290/3290 3312/3312
f 3269/3269 3592/3592 3290/3290
f 3270/3270 2754/2754 2675/2675
f 3270/3270 3113/3113 2781/2781
f 3270/3270 3378/3378 3001/3001
f 3271/3271 2972/2972 3242/3242
f 3271/3271 3390/3390 3177/3177
f 3271/3271 3420/3420 3390/3390
f 3272/3272 3322/3322 3189/3189
f 3272/3272 3357/3357 3322/3322
f 3273/3273 3075/3075 3293/3293
f 3273/3273 3549/3549 3606/3606
f 3274/3274 3235/3235 2943/2943
f 3274/3274 3363/3363 3235/3235
f 3275/3275 2950/2950 3208/3208
f 3275/3275 3249/3249 2950/2950
f 3276/3276 3133/3133 3002/3002
f 3276/3276 3259/3259 3327/3327
f 3277/3277 3260/3260 3312/3312
f 3278/3278 3045/3045 3354/3354
f 3278/3278 3066/3066 3234/3234
f 3278/3278 3354/3354 3196/3196
f 3279/3279 2946/2946 3251/3251
f 3279/3279 3251/3251 3368/3368
f 3279/3279 3399/3399 3302/3302
f 3280/3280 3289/3289 3362/3362
f 3280/3280 3610/3610 3250/3250
f 3281/3281 3143/3143 2982/2982
f 3282/3282 3095/3095 3334/3334
f 3282/3282 3240/3240 3388/3388
f 3282/3282 3388/3388 3350/3350
f 3283/3283 3135/3135 2987/2987
f 3283/3283 3213/3213 3086/3086
f 3283/3283 3307/3307 3192/3192
f 3283/3283 3385/3385 3213/3213
f 3284/3284 3068/3068 3382/3382
f 3284/3284 3382/3382 2970/2970
f 3285/3285 2706/2706 2422/2422
f 3285/3285 2968/2968 2706/2706
f 3286/3286 2973/2973 3065/3065
f 3287/3287 3323/3323 3167/3167
f 3287/3287 3378/3378 3193/3193
f 3288/3288 2982/2982 3011/3011
f 3288/3288 3281/3281 2982/2982
f 3288/3288 3434/3434 3318/3318
f 3289/3289 3215/3215 3362/3362
f 3289/3289 3280/3280 3250/3250
f 3289/3289 3315/3315 592/592
f 3290/3290 3277/3277 3312/3312
f 3290/3290 3329/3329 3277/3277
f 3291/3291 3202/3202 3343/3343
f 3291/3291 3343/3343 3189/3189
f 3292/3292 2618/2618 2676/2676
f 3292/3292 3267/3267 3228/3228
f 3292/3292 3608/3608 2618/2618
f 3293/3293 3144/3144 3225/3225
f 3293/3293 3199/3199 3319/3319
f 3294/3294 3033/3033 2986/2986
f 3295/3295 3380/3380 2971/2971
f 3296/3296 542/542 848/848
f 3296/3296 848/848 2945/2945
f 3296/3296 3317/3317 3217/3217
f 3297/3297 3003/3003 3438/3438
f 3298/3298 3004/3004 3098/3098
f 3298/3298 3098/3098 3222/3222
f 3298/3298 3202/3202 3212/3212
f 3299/3299 2947/2947 2980/2980
f 3299/3299 3013/3013 2994/2994
f 3299/3299 3387/3387 3013/3013
f 3300/3300 2948/2948 2979/2979
f 3300/3300 2979/2979 3040/3040
f 3301/3301 3060/3060 3426/3426
f 3302/3302 3336/3336 3203/3203
f 3302/3302 3399/3399 2574/2574
f 3303/3303 2697/2697 2906/2906
f 3303/3303 2906/2906 3392/3392
f 3304/3304 3140/3140 3363/3363
f 3304/3304 3363/3363 3274/3274
f 3305/3305 3049/3049 3200/3200
f 3305/3305 3221/3221 3200/3200
f 3305/3305 3330/3330 3200/3200
f 3306/3306 2956/2956 3041/3041
f 3306/3306 3186/3186 3217/3217
f 3307/3307 2987/2987 3161/3161
f 3307/3307 3283/3283 2987/2987
f 3307/3307 3338/3338 3210/3210
f 3308/3308 3195/3195 3221/3221
f 3308/3308 3232/3232 2954/2954
f 3308/3308 3232/3232 3195/3195
f 3309/3309 2655/2655 3394/3394
f 3309/3309 3259/3259 3912/3912
f 3309/3309 3394/3394 3364/3364
f 3310/3310 2955/2955 3341/3341
f 3310/3310 3206/3206 614/614
f 3311/3311 3183/3183 3209/3209
f 3311/3311 3209/3209 3134/3134
f 3311/3311 3342/3342 3183/3183
f 3312/3312 3124/3124 2953/2953
f 3313/3313 3190/3190 3213/3213
f 3313/3313 3331/3331 3451/3451
f 3313/3313 3415/3415 3393/3393
f 3313/3313 3496/3496 3596/3596
f 3314/3314 3295/3295 2971/2971
f 3315/3315 3289/3289 3250/3250
f 3316/3316 2942/2942 3120/3120
f 3316/3316 3120/3120 3070/3070
f 3316/3316 3576/3576 2942/2942
f 3317/3317 2945/2945 3070/3070
f 3317/3317 3070/3070 3217/3217
f 3317/3317 3296/3296 2945/2945
f 3318/3318 3245/3245 3288/3288
f 3319/3319 3199/3199 3347/3347
f 3319/3319 3220/3220 3293/3293
f 3320/3320 3355/3355 3148/3148
f 3320/3320 3491/3491 3214/3214
f 3321/3321 3229/3229 3301/3301
f 3321/3321 3237/3237 3210/3210
f 3321/3321 3301/3301 3426/3426
f 3322/3322 3004/3004 3298/3298
f 3322/3322 3212/3212 3189/3189
f 3323/3323 3211/3211 3368/3368
f 3323/3323 3287/3287 3167/3167
f 3323/3323 3287/3287 3193/3193
f 3324/3324 3129/3129 3297/3297
f 3324/3324 3297/3297 3438/3438
f 3325/3325 1319/1319 604/604
f 3326/3326 3174/3174 3243/3243
f 3327/3327 3364/3364 3392/3392
f 3328/3328 1422/1422 2644/2644
f 3328/3328 2644/2644 3191/3191
f 3329/3329 3260/3260 3277/3277
f 3329/3329 3353/3353 3231/3231
f 3329/3329 3429/3429 3353/3353
f 3330/3330 3029/3029 3232/3232
f 3330/3330 3049/3049 3200/3200
f 3330/3330 3141/3141 3029/3029
f 3330/3330 3152/3152 3029/3029
f 3330/3330 3152/3152 3232/3232
f 3330/3330 3195/3195 3141/3141
f 3330/3330 3232/3232 3200/3200
f 3330/3330 3343/3343 3019/3019
f 3331/3331 3313/3313 3213/3213
f 3331/3331 3385/3385 3451/3451
f 3332/3332 2960/2960 3055/3055
f 3332/3332 3055/3055 3936/3936
f 3333/3333 2961/2961 3126/3126
f 3333/3333 3194/3194 2961/2961
f 3334/3334 3300/3300 3184/3184
f 3335/3335 3925/3925 3906/3906
f 3336/3336 3226/3226 3203/3203
f 3336/3336 3257/3257 3226/3226
f 3336/3336 3302/3302 2574/2574
f 3337/3337 2637/2637 2926/2926
f 3337/3337 2947/2947 3299/3299
f 3337/3337 2965/2965 2637/2637
f 3337/3337 3299/3299 2994/2994
f 3338/3338 3307/3307 3161/3161
f 3339/3339 2963/2963 3445/3445
f 3339/3339 3370/3370 3243/3243
f 3340/3340 3269/3269 3312/3312
f 3340/3340 3446/3446 3269/3269
f 3342/3342 3252/3252 3183/3183
f 3342/3342 3492/3492 3252/3252
f 3342/3342 3695/3695 3492/3492
f 3343/3343 3019/3019 3165/3165
f 3343/3343 3019/3019 3330/3330
f 3343/3343 3202/3202 3222/3222
f 3344/3344 3200/3200 3308/3308
f 3344/3344 3221/3221 3200/3200
f 3344/3344 3232/3232 3308/3308
f 3344/3344 3308/3308 3221/3221
f 3345/3345 3244/3244 3258/3258
f 3345/3345 3258/3258 3928/3928
f 3346/3346 3362/3362 3027/3027
f 3346/3346 3476/3476 3362/3362
f 3347/3347 3199/3199 3371/3371
f 3347/3347 3266/3266 3178/3178
f 3347/3347 3371/3371 3266/3266
f 3348/3348 3261/3261 3383/3383
f 3348/3348 3383/3383 3529/3529
f 3349/3349 3051/3051 3207/3207
f 3349/3349 3207/3207 3065/3065
f 3349/3349 3387/3387 3051/3051
f 3351/3351 483/483 3328/3328
f 3351/3351 3328/3328 3204/3204
f 3351/3351 3376/3376 3373/3373
f 3352/3352 3133/3133 3327/3327
f 3352/3352 3327/3327 3392/3392
f 3354/3354 2608/2608 3325/3325
f 3354/3354 3045/3045 2633/2633
f 3354/3354 3325/3325 3196/3196
f 3355/3355 3043/3043 3201/3201
f 3355/3355 3117/3117 3148/3148
f 3355/3355 3233/3233 3155/3155
f 3355/3355 3320/3320 3214/3214
f 3356/3356 2990/2990 2636/2636
f 3356/3356 3241/3241 3386/3386
f 3357/3357 3004/3004 3322/3322
f 3357/3357 3023/3023 3004/3004
f 3357/3357 3272/3272 3144/3144
f 3358/3358 442/442 3379/3379
f 3358/3358 3379/3379 3236/3236
f 3359/3359 3843/3843 3340/3340
f 3360/3360 3099/3099 3230/3230
f 3360/3360 3230/3230 3177/3177
f 3360/3360 3814/3814 3616/3616
f 3361/3361 3146/3146 2911/2911
f 3361/3361 3275/3275 3042/3042
f 3361/3361 3384/3384 3275/3275
f 3362/3362 3215/3215 3027/3027
f 3363/3363 3398/3398 3235/3235
f 3363/3363 3664/3664 3398/3398
f 3364/3364 2586/2586 2697/2697
f 3364/3364 2697/2697 3303/3303
f 3364/3364 3303/3303 3392/3392
f 3365/3365 3052/3052 3109/3109
f 3365/3365 3109/3109 3025/3025
f 3365/3365 3194/3194 3267/3267
f 3365/3365 3267/3267 3341/3341
f 3366/3366 3389/3389 3256/3256
f 3367/3367 3094/3094 3226/3226
f 3368/3368 3211/3211 2625/2625
f 3369/3369 3352/3352 3392/3392
f 3370/3370 3227/3227 3243/3243
f 3371/3371 3159/3159 3015/3015
f 3372/3372 3205/3205 3240/3240
f 3372/3372 3240/3240 3282/3282
f 3372/3372 3282/3282 3334/3334
f 3373/3373 3216/3216 3686/3686
f 3374/3374 3050/3050 3308/3308
f 3375/3375 445/445 2975/2975
f 3375/3375 2975/2975 3084/3084
f 3375/3375 3136/3136 3295/3295
f 3376/3376 3047/3047 3373/3373
f 3376/3376 3351/3351 3204/3204
f 3377/3377 3059/3059 3198/3198
f 3377/3377 3263/3263 3059/3059
f 3378/3378 3081/3081 3242/3242
f 3378/3378 3270/3270 3193/3193
f 3378/3378 3287/3287 3167/3167
f 3379/3379 3187/3187 3295/3295
f 3379/3379 3236/3236 3566/3566
f 3379/3379 3295/3295 3314/3314
f 3379/3379 3358/3358 3236/3236
f 3380/3380 3093/3093 2971/2971
f 3380/3380 3492/3492 3093/3093
f 3381/3381 624/624 454/454
f 3381/3381 2967/2967 624/624
f 3381/3381 3525/3525 3666/3666
f 3382/3382 3068/3068 3352/3352
f 3382/3382 3352/3352 3369/3369
f 3383/3383 3008/3008 3089/3089
f 3383/3383 3089/3089 3970/3970
f 3383/3383 3261/3261 3147/3147
f 3383/3383 3508/3508 3529/3529
f 3384/3384 2741/2741 2873/2873
f 3384/3384 3063/3063 2968/2968
f 3384/3384 3249/3249 3275/3275
f 3384/3384 3361/3361 2714/2714
f 3385/3385 3192/3192 3504/3504
f 3385/3385 3283/3283 3192/3192
f 3385/3385 3331/3331 3213/3213
f 3385/3385 3483/3483 3451/3451
f 3386/3386 2949/2949 3356/3356
f 3387/3387 3030/3030 3051/3051
f 3387/3387 3299/3299 2980/2980
f 3387/3387 3349/3349 3035/3035
f 3388/3388 3240/3240 3555/3555
f 3388/3388 3464/3464 3350/3350
f 3388/3388 3555/3555 3464/3464
f 3389/3389 3264/3264 3397/3397
f 3389/3389 3296/3296 3264/3264
f 3389/3389 3397/3397 3256/3256
f 3390/3390 3360/3360 3177/3177
f 3391/3391 3031/3031 3248/3248
f 3391/3391 3248/3248 3386/3386
f 3393/3393 3181/3181 3353/3353
f 3394/3394 2655/2655 3364/3364
f 3395/3395 2962/2962 3239/3239
f 3395/3395 2966/2966 3239/3239
f 3395/3395 2966/2966 3489/3489
f 3395/3395 3489/3489 2962/2962
f 3396/3396 3044/3044 2943/2943
f 3396/3396 3070/3070 3044/3044
f 3396/3396 3316/3316 3070/3070
f 3397/3397 3016/3016 3256/3256
f 3397/3397 3186/3186 3041/3041
f 3398/3398 3238/3238 3235/3235
f 3399/3399 2647/2647 2574/2574
f 3399/3399 3279/3279 3368/3368
f 3399/3399 3368/3368 2625/2625
f 3400/3400 3511/3511 3589/3589
f 3400/3400 3589/3589 3748/3748
f 3401/3401 2400/2400 3577/3577
f 3401/3401 3577/3577 3595/3595
f 3402/3402 3190/3190 3632/3632
f 3402/3402 3198/3198 3190/3190
f 3403/3403 2992/2992 3132/3132
f 3403/3403 3435/3435 3738/3738
f 3403/3403 3738/3738 2969/2969
f 3406/3406 3431/3431 3631/3631
f 3406/3406 3597/3597 3731/3731
f 3406/3406 3631/3631 3834/3834
f 3406/3406 3756/3756 3431/3431
f 3407/3407 2500/2500 3763/3763
f 3407/3407 3437/3437 3241/3241
f 3408/3408 3525/3525 304/304
f 3408/3408 3779/3779 3765/3765
f 3409/3409 3429/3429 3290/3290
f 3410/3410 3505/3505 3823/3823
f 3410/3410 3823/3823 3179/3179
f 3411/3411 3606/3606 3536/3536
f 3412/3412 2982/2982 3011/3011
f 3412/3412 3288/3288 2982/2982
f 3412/3412 3434/3434 3288/3288
f 3412/3412 3685/3685 3522/3522
f 3412/3412 3768/3768 3685/3685
f 3413/3413 3767/3767 3436/3436
f 3414/3414 308/308 3523/3523
f 3414/3414 3448/3448 3538/3538
f 3414/3414 3538/3538 3565/3565
f 3415/3415 3313/3313 3451/3451
f 3415/3415 3483/3483 3190/3190
f 3415/3415 3590/3590 3393/3393
f 3417/3417 3450/3450 3813/3813
f 3417/3417 3542/3542 3771/3771
f 3418/3418 3488/3488 3625/3625
f 3418/3418 3601/3601 3488/3488
f 3418/3418 3625/3625 3825/3825
f 3418/3418 3825/3825 3720/3720
f 3418/3418 3890/3890 3925/3925
f 3418/3418 3925/3925 3335/3335
f 3419/3419 3736/3736 3715/3715
f 3419/3419 3829/3829 3736/3736
f 3420/3420 3271/3271 3242/3242
f 3420/3420 3499/3499 3390/3390
f 3420/3420 3586/3586 3242/3242
f 3420/3420 3586/3586 3442/3442
f 3420/3420 3622/3622 3499/3499
f 3421/3421 3521/3521 3495/3495
f 3421/3421 3585/3585 3605/3605
f 3421/3421 3605/3605 3521/3521
f 3422/3422 2541/2541 3460/3460
f 3422/3422 3460/3460 3519/3519
f 3422/3422 3519/3519 3846/3846
f 3422/3422 3846/3846 2248/2248
f 3423/3423 3175/3175 2841/2841
f 3423/3423 3560/3560 3175/3175
f 3424/3424 3494/3494 3594/3594
f 3424/3424 3507/3507 3653/3653
f 3424/3424 3554/3554 3765/3765
f 3424/3424 3653/3653 3554/3554
f 3424/3424 3765/3765 3789/3789
f 3425/3425 2571/2571 3769/3769
f 3426/3426 3833/3833 3593/3593
f 3428/3428 3508/3508 3891/3891
f 3428/3428 3550/3550 3524/3524
f 3428/3428 3785/3785 3550/3550
f 3429/3429 3329/3329 3290/3290
f 3429/3429 3458/3458 3353/3353
f 3429/3429 3544/3544 3574/3574
f 3430/3430 3459/3459 3882/3882
f 3430/3430 3553/3553 3459/3459
f 3430/3430 3734/3734 3694/3694
f 3430/3430 3882/3882 3887/3887
f 3431/3431 3479/3479 3670/3670
f 3431/3431 3667/3667 3631/3631
f 3431/3431 3770/3770 3479/3479
f 3432/3432 271/271 3542/3542
f 3432/3432 3506/3506 2728/2728
f 3433/3433 3321/3321 3426/3426
f 3433/3433 3426/3426 3593/3593
f 3434/3434 273/273 599/599
f 3434/3434 599/599 3318/3318
f 3434/3434 3412/3412 3522/3522
f 3434/3434 3522/3522 3551/3551
f 3435/3435 274/274 3467/3467
f 3437/3437 3407/3407 3763/3763
f 3437/3437 3514/3514 3241/3241
f 3439/3439 3125/3125 3105/3105
f 3439/3439 3683/3683 3304/3304
f 3439/3439 3761/3761 3683/3683
f 3440/3440 2542/2542 3486/3486
f 3440/3440 3486/3486 3563/3563
f 3441/3441 3410/3410 3671/3671
f 3441/3441 3671/3671 3471/3471
f 3442/3442 3586/3586 3242/3242
f 3443/3443 3795/3795 3421/3421
f 3444/3444 3416/3416 3555/3555
f 3444/3444 3762/3762 3416/3416
f 3446/3446 3537/3537 3592/3592
f 3446/3446 3592/3592 3269/3269
f 3446/3446 3843/3843 3537/3537
f 3447/3447 3546/3546 3573/3573
f 3448/3448 2481/2481 3811/3811
f 3448/3448 3414/3414 3523/3523
f 3448/3448 3811/3811 3681/3681
f 3449/3449 3419/3419 3715/3715
f 3449/3449 3715/3715 2321/2321
f 3452/3452 3261/3261 3529/3529
f 3452/3452 3524/3524 3655/3655
f 3452/3452 3529/3529 3524/3524
f 3453/3453 3583/3583 3766/3766
f 3454/3454 2506/2506 2571/2571
f 3454/3454 3425/3425 3836/3836
f 3454/3454 3836/3836 2506/2506
f 3455/3455 3360/3360 3390/3390
f 3455/3455 3499/3499 3812/3812
f 3456/3456 3228/3228 3067/3067
f 3456/3456 3608/3608 3228/3228
f 3456/3456 3803/3803 3541/3541
f 3457/3457 2553/2553 3547/3547
f 3457/3457 3530/3530 3663/3663
f 3457/3457 3581/3581 3445/3445
f 3458/3458 3429/3429 3574/3574
f 3458/3458 3496/3496 3353/3353
f 3459/3459 241/241 3882/3882
f 3459/3459 373/373 241/241
f 3460/3460 2541/2541 1682/1682
f 3460/3460 3481/3481 3568/3568
f 3461/3461 3379/3379 3566/3566
f 3461/3461 3566/3566 3766/3766
f 3462/3462 3182/3182 3563/3563
f 3462/3462 3931/3931 3182/3182
f 3463/3463 3487/3487 3662/3662
f 3464/3464 3555/3555 3416/3416
f 3464/3464 3652/3652 3350/3350
f 3466/3466 3105/3105 2976/2976
f 3466/3466 3439/3439 3105/3105
f 3467/3467 245/245 3659/3659
f 3467/3467 3749/3749 3442/3442
f 3467/3467 3749/3749 3659/3659
f 3467/3467 3831/3831 3738/3738
f 3469/3469 3536/3536 3813/3813
f 3469/3469 3606/3606 3411/3411
f 3469/3469 3771/3771 3669/3669
f 3470/3470 365/365 123/123
f 3470/3470 3494/3494 3789/3789
f 3470/3470 3572/3572 3594/3594
f 3470/3470 3816/3816 22/22
f 3471/3471 3671/3671 3643/3643
f 3472/3472 3489/3489 3774/3774
f 3472/3472 3518/3518 3600/3600
f 3472/3472 3600/3600 3569/3569
f 3472/3472 3674/3674 3532/3532
f 3473/3473 3575/3575 3548/3548
f 3474/3474 3383/3383 3913/3913
f 3475/3475 3444/3444 3555/3555
f 3476/3476 3346/3346 3027/3027
f 3476/3476 3610/3610 3362/3362
f 3476/3476 3802/3802 3655/3655
f 3477/3477 3495/3495 3554/3554
f 3478/3478 61/61 3447/3447
f 3478/3478 3447/3447 3573/3573
f 3478/3478 3491/3491 3657/3657
f 3479/3479 3497/3497 3587/3587
f 3481/3481 216/216 3599/3599
f 3481/3481 3460/3460 1682/1682
f 3481/3481 3599/3599 3568/3568
f 3482/3482 3556/3556 3465/3465
f 3483/3483 3208/3208 3584/3584
f 3483/3483 3385/3385 3504/3504
f 3483/3483 3516/3516 3451/3451
f 3483/3483 3584/3584 3190/3190
f 3484/3484 373/373 3553/3553
f 3484/3484 3750/3750 347/347
f 3484/3484 3795/3795 3750/3750
f 3485/3485 3468/3468 246/246
f 3485/3485 3476/3476 3562/3562
f 3486/3486 3462/3462 3563/3563
f 3487/3487 3512/3512 3635/3635
f 3487/3487 3635/3635 3662/3662
f 3488/3488 3601/3601 3625/3625
f 3489/3489 3472/3472 3569/3569
f 3489/3489 3732/3732 2962/2962
f 3490/3490 3537/3537 3787/3787
f 3490/3490 3544/3544 3592/3592
f 3491/3491 3478/3478 3573/3573
f 3491/3491 3607/3607 3214/3214
f 3491/3491 3618/3618 3657/3657
f 3492/3492 3615/3615 3662/3662
f 3492/3492 3662/3662 3093/3093
f 3493/3493 3504/3504 3473/3473
f 3493/3493 3516/3516 3504/3504
f 3494/3494 3424/3424 3789/3789
f 3494/3494 3470/3470 3594/3594
f 3495/3495 3521/3521 3554/3554
f 3496/3496 3313/3313 3393/3393
f 3496/3496 3393/3393 3353/3353
f 3496/3496 3458/3458 3574/3574
f 3497/3497 2160/2160 2493/2493
f 3497/3497 2493/2493 2409/2409
f 3497/3497 3559/3559 3587/3587
f 3497/3497 3826/3826 2160/2160
f 3498/3498 3471/3471 3643/3643
f 3498/3498 3511/3511 3603/3603
f 3498/3498 3603/3603 3471/3471
f 3499/3499 3455/3455 3390/3390
f 3499/3499 3696/3696 3812/3812
f 3500/3500 3423/3423 2841/2841
f 3501/3501 2526/2526 3777/3777
f 3501/3501 3777/3777 3682/3682
f 3501/3501 3827/3827 3583/3583
f 3502/3502 3793/3793 3509/3509
f 3503/3503 3557/3557 3453/3453
f 3504/3504 3192/3192 3535/3535
f 3504/3504 3535/3535 3473/3473
f 3505/3505 2497/2497 2514/2514
f 3505/3505 3410/3410 3441/3441
f 3505/3505 3552/3552 2497/2497
f 3505/3505 3705/3705 3823/3823
f 3506/3506 2427/2427 2728/2728
f 3506/3506 3417/3417 3704/3704
f 3506/3506 3432/3432 3542/3542
f 3506/3506 3542/3542 3417/3417
f 3506/3506 3704/3704 2427/2427
f 3507/3507 3424/3424 3594/3594
f 3508/3508 3383/3383 3474/3474
f 3508/3508 3474/3474 3879/3879
f 3508/3508 3879/3879 3891/3891
f 3509/3509 3184/3184 3300/3300
f 3509/3509 3475/3475 3539/3539
f 3509/3509 3539/3539 3184/3184
f 3510/3510 216/216 411/411
f 3510/3510 411/411 1650/1650
f 3510/3510 3447/3447 3404/3404
f 3511/3511 2399/2399 2457/2457
f 3511/3511 3660/3660 2159/2159
f 3512/3512 2494/2494 3219/3219
f 3512/3512 3038/3038 3839/3839
f 3512/3512 3219/3219 3794/3794
f 3512/3512 3839/3839 3635/3635
f 3513/3513 418/418 3545/3545
f 3513/3513 3545/3545 3069/3069
f 3514/3514 3391/3391 3241/3241
f 3514/3514 3437/3437 3745/3745
f 3514/3514 3613/3613 3391/3391
f 3515/3515 3440/3440 3563/3563
f 3515/3515 3563/3563 3632/3632
f 3516/3516 3483/3483 3504/3504
f 3516/3516 3564/3564 3451/3451
f 3516/3516 3612/3612 3564/3564
f 3517/3517 3423/3423 3500/3500
f 3517/3517 3598/3598 3423/3423
f 3517/3517 3602/3602 2548/2548
f 3518/3518 3482/3482 3465/3465
f 3519/3519 110/110 3716/3716
f 3519/3519 3460/3460 3568/3568
f 3520/3520 3436/3436 3791/3791
f 3520/3520 3540/3540 3436/3436
f 3520/3520 3617/3617 3646/3646
f 3520/3520 3730/3730 3593/3593
f 3521/3521 3223/3223 3438/3438
f 3521/3521 3255/3255 3223/3223
f 3522/3522 3658/3658 3551/3551
f 3523/3523 423/423 397/397
f 3523/3523 2383/2383 2405/2405
f 3524/3524 3729/3729 3655/3655
f 3525/3525 454/454 340/340
f 3525/3525 3381/3381 454/454
f 3526/3526 2454/2454 3501/3501
f 3526/3526 3501/3501 3583/3583
f 3527/3527 426/426 3629/3629
f 3528/3528 3544/3544 3490/3490
f 3529/3529 3428/3428 3524/3524
f 3529/3529 3508/3508 3428/3428
f 3530/3530 3457/3457 3445/3445
f 3530/3530 3613/3613 3663/3663
f 3531/3531 3461/3461 3766/3766
f 3532/3532 3556/3556 3472/3472
f 3532/3532 3654/3654 3681/3681
f 3532/3532 3674/3674 3654/3654
f 3533/3533 3014/3014 3503/3503
f 3533/3533 3503/3503 3453/3453
f 3534/3534 3420/3420 3442/3442
f 3534/3534 3622/3622 3420/3420
f 3535/3535 3567/3567 3473/3473
f 3536/3536 3469/3469 3411/3411
f 3536/3536 3549/3549 3465/3465
f 3536/3536 3606/3606 3480/3480
f 3536/3536 3645/3645 3813/3813
f 3537/3537 3490/3490 3592/3592
f 3537/3537 3640/3640 3787/3787
f 3537/3537 3707/3707 3578/3578
f 3538/3538 3448/3448 3681/3681
f 3539/3539 3205/3205 3184/3184
f 3540/3540 3413/3413 3436/3436
f 3540/3540 3520/3520 3646/3646
f 3540/3540 3597/3597 3834/3834
f 3540/3540 3834/3834 3413/3413
f 3541/3541 3464/3464 3416/3416
f 3541/3541 3803/3803 3464/3464
f 3542/3542 271/271 426/426
f 3542/3542 426/426 3527/3527
f 3542/3542 3527/3527 3629/3629
f 3543/3543 3246/3246 3686/3686
f 3543/3543 3686/3686 3838/3838
f 3544/3544 3429/3429 3592/3592
f 3544/3544 3619/3619 3700/3700
f 3545/3545 3579/3579 3069/3069
f 3546/3546 1583/1583 3573/3573
f 3546/3546 3447/3447 3510/3510
f 3548/3548 3648/3648 3473/3473
f 3549/3549 3273/3273 3293/3293
f 3549/3549 3293/3293 3220/3220
f 3549/3549 3518/3518 3465/3465
f 3549/3549 3536/3536 3480/3480
f 3550/3550 3785/3785 3689/3689
f 3551/3551 402/402 3522/3522
f 3551/3551 3658/3658 3522/3522
f 3552/3552 2415/2415 2497/2497
f 3552/3552 3441/3441 3582/3582
f 3552/3552 3505/3505 3441/3441
f 3552/3552 3582/3582 2449/2449
f 3553/3553 373/373 3624/3624
f 3553/3553 3430/3430 3734/3734
f 3553/3553 3537/3537 3578/3578
f 3553/3553 3578/3578 3459/3459
f 3553/3553 3624/3624 3824/3824
f 3553/3553 3640/3640 3537/3537
f 3554/3554 3424/3424 3653/3653
f 3554/3554 3521/3521 3438/3438
f 3554/3554 3718/3718 3765/3765
f 3554/3554 3842/3842 3697/3697
f 3555/3555 3205/3205 3539/3539
f 3555/3555 3539/3539 3475/3475
f 3556/3556 3482/3482 3518/3518
f 3556/3556 3518/3518 3472/3472
f 3556/3556 3532/3532 3681/3681
f 3557/3557 3526/3526 3583/3583
f 3557/3557 3583/3583 3453/3453
f 3558/3558 3466/3466 3560/3560
f 3558/3558 3598/3598 2533/2533
f 3558/3558 3761/3761 3466/3466
f 3559/3559 3497/3497 2409/2409
f 3559/3559 3702/3702 3587/3587
f 3560/3560 2976/2976 3175/3175
f 3560/3560 3466/3466 2976/2976
f 3561/3561 3588/3588 3463/3463
f 3561/3561 3706/3706 2552/2552
f 3562/3562 3476/3476 3655/3655
f 3562/3562 3729/3729 3485/3485
f 3563/3563 3182/3182 3632/3632
f 3564/3564 3590/3590 3451/3451
f 3565/3565 3538/3538 3654/3654
f 3565/3565 3674/3674 3414/3414
f 3566/3566 3692/3692 3766/3766
f 3567/3567 3237/3237 3433/3433
f 3567/3567 3433/3433 3575/3575
f 3567/3567 3575/3575 3473/3473
f 3569/3569 3262/3262 3111/3111
f 3569/3569 3649/3649 3489/3489
f 3570/3570 3530/3530 3445/3445
f 3570/3570 3708/3708 3530/3530
f 3571/3571 3274/3274 3838/3838
f 3571/3571 3304/3304 3274/3274
f 3572/3572 3470/3470 3711/3711
f 3572/3572 3711/3711 3594/3594
f 3574/3574 3544/3544 3700/3700
f 3575/3575 3433/3433 3593/3593
f 3575/3575 3668/3668 3548/3548
f 3576/3576 3316/3316 3396/3396
f 3576/3576 3721/3721 2942/2942
f 3576/3576 3759/3759 3721/3721
f 3577/3577 2423/2423 3515/3515
f 3577/3577 3515/3515 3713/3713
f 3579/3579 372/372 355/355
f 3579/3579 3162/3162 3069/3069
f 3579/3579 3611/3611 3132/3132
f 3580/3580 375/375 478/478
f 3580/3580 3485/3485 246/246
f 3580/3580 3610/3610 3485/3485
f 3581/3581 3247/3247 3445/3445
f 3581/3581 3457/3457 3547/3547
f 3582/3582 3441/3441 3471/3471
f 3582/3582 3603/3603 2449/2449
f 3583/3583 3501/3501 3682/3682
f 3583/3583 3682/3682 3766/3766
f 3583/3583 3827/3827 3627/3627
f 3584/3584 3713/3713 3632/3632
f 3584/3584 3798/3798 3713/3713
f 3585/3585 3068/3068 3284/3284
f 3585/3585 3650/3650 3068/3068
f 3585/3585 3795/3795 3650/3650
f 3586/3586 3420/3420 3242/3242
f 3588/3588 2474/2474 3487/3487
f 3588/3588 3487/3487 3463/3463
f 3588/3588 3561/3561 2552/2552
f 3589/3589 3498/3498 3748/3748
f 3589/3589 3511/3511 3498/3498
f 3590/3590 3181/3181 3393/3393
f 3590/3590 3415/3415 3451/3451
f 3590/3590 3727/3727 3181/3181
f 3591/3591 3672/3672 3685/3685
f 3591/3591 3697/3697 3672/3672
f 3591/3591 3718/3718 3697/3697
f 3592/3592 3409/3409 3290/3290
f 3592/3592 3429/3429 3409/3409
f 3595/3595 3577/3577 3713/3713
f 3596/3596 3496/3496 3574/3574
f 3596/3596 3574/3574 3700/3700
f 3597/3597 3406/3406 3834/3834
f 3597/3597 3540/3540 3731/3731
f 3598/3598 3517/3517 2520/2520
f 3598/3598 3558/3558 3560/3560
f 3598/3598 3560/3560 3423/3423
f 3599/3599 336/336 3568/3568
f 3600/3600 3262/3262 3569/3569
f 3600/3600 3266/3266 3262/3262
f 3600/3600 3518/3518 3178/3178
f 3601/3601 3335/3335 3244/3244
f 3601/3601 3418/3418 3335/3335
f 3601/3601 3418/3418 3720/3720
f 3601/3601 3720/3720 3747/3747
f 3602/3602 2389/2389 2548/2548
f 3602/3602 3517/3517 3500/3500
f 3603/3603 2457/2457 2449/2449
f 3603/3603 3511/3511 2457/2457
f 3603/3603 3582/3582 3471/3471
f 3604/3604 3672/3672 3522/3522
f 3605/3605 3255/3255 3521/3521
f 3605/3605 3585/3585 3255/3255
f 3606/3606 3469/3469 3669/3669
f 3606/3606 3549/3549 3480/3480
f 3606/3606 3669/3669 3634/3634
f 3607/3607 2464/2464 3214/3214
f 3607/3607 3491/3491 3573/3573
f 3608/3608 2161/2161 2555/2555
f 3608/3608 2555/2555 2618/2618
f 3608/3608 3292/3292 3228/3228
f 3609/3609 3428/3428 3891/3891
f 3610/3610 3280/3280 3362/3362
f 3610/3610 3476/3476 3485/3485
f 3610/3610 3580/3580 3250/3250
f 3611/3611 3403/3403 3132/3132
f 3611/3611 3579/3579 355/355
f 3612/3612 3042/3042 3483/3483
f 3612/3612 3483/3483 3415/3415
f 3612/3612 3516/3516 3493/3493
f 3612/3612 3688/3688 3564/3564
f 3612/3612 3781/3781 3822/3822
f 3613/3613 3031/3031 3391/3391
f 3613/3613 3514/3514 3663/3663
f 3613/3613 3708/3708 3031/3031
f 3614/3614 120/120 3830/3830
f 3615/3615 3742/3742 3820/3820
f 3615/3615 3820/3820 3662/3662
f 3616/3616 181/181 86/86
f 3617/3617 3520/3520 3593/3593
f 3617/3617 3809/3809 3646/3646
f 3618/3618 61/61 3657/3657
f 3619/3619 3528/3528 3787/3787
f 3619/3619 3544/3544 3528/3528
f 3620/3620 3265/3265 2168/2168
f 3620/3620 3781/3781 3772/3772
f 3621/3621 3804/3804 3438/3438
f 3622/3622 92/92 1/1
f 3622/3622 3534/3534 3659/3659
f 3622/3622 3659/3659 64/64
f 3622/3622 3696/3696 3499/3499
f 3623/3623 3710/3710 2957/2957
f 3623/3623 3795/3795 3817/3817
f 3623/3623 3817/3817 3710/3710
f 3624/3624 25/25 3824/3824
f 3625/3625 3601/3601 3747/3747
f 3625/3625 3769/3769 3678/3678
f 3626/3626 3498/3498 3643/3643
f 3626/3626 3643/3643 3110/3110
f 3628/3628 3701/3701 3837/3837
f 3629/3629 30/30 3778/3778
f 3631/3631 2267/2267 2243/2243
f 3631/3631 3667/3667 2267/2267
f 3633/3633 3840/3840 3398/3398
f 3635/3635 3839/3839 3093/3093
f 3636/3636 2287/2287 3758/3758
f 3636/3636 3758/3758 3733/3733
f 3636/3636 3762/3762 3793/3793
f 3637/3637 66/66 3757/3757
f 3637/3637 3757/3757 3777/3777
f 3639/3639 3785/3785 3609/3609
f 3639/3639 3847/3847 3807/3807
f 3639/3639 3860/3860 3847/3847
f 3640/3640 3553/3553 3734/3734
f 3640/3640 3734/3734 3694/3694
f 3641/3641 2160/2160 3826/3826
f 3642/3642 2391/2391 2482/2482
f 3642/3642 3079/3079 2391/2391
f 3642/3642 3739/3739 3401/3401
f 3643/3643 3671/3671 3110/3110
f 3644/3644 2161/2161 3456/3456
f 3644/3644 3456/3456 3541/3541
f 3644/3644 3541/3541 3416/3416
f 3645/3645 3465/3465 3790/3790
f 3645/3645 3536/3536 3465/3465
f 3645/3645 3628/3628 3775/3775
f 3645/3645 3701/3701 3628/3628
f 3647/3647 3782/3782 56/56
f 3648/3648 3818/3818 3473/3473
f 3649/3649 3087/3087 3111/3111
f 3649/3649 3111/3111 3732/3732
f 3649/3649 3569/3569 3111/3111
f 3649/3649 3732/3732 3489/3489
f 3650/3650 3102/3102 3068/3068
f 3650/3650 3623/3623 3102/3102
f 3651/3651 83/83 3614/3614
f 3651/3651 3805/3805 3690/3690
f 3652/3652 3100/3100 3003/3003
f 3652/3652 3100/3100 3350/3350
f 3652/3652 3803/3803 3100/3100
f 3653/3653 32/32 4841/4841
f 3653/3653 3507/3507 3594/3594
f 3653/3653 3679/3679 32/32
f 3653/3653 3842/3842 3554/3554
f 3654/3654 3538/3538 3681/3681
f 3656/3656 63/63 35/35
f 3656/3656 3117/3117 3616/3616
f 3657/3657 61/61 3478/3478
f 3658/3658 97/97 402/402
f 3658/3658 402/402 3551/3551
f 3658/3658 3551/3551 3522/3522
f 3659/3659 3534/3534 3442/3442
f 3660/3660 3511/3511 3759/3759
f 3660/3660 3719/3719 2237/2237
f 3660/3660 3759/3759 3840/3840
f 3661/3661 3747/3747 3808/3808
f 3662/3662 3635/3635 3093/3093
f 3663/3663 3514/3514 3745/3745
f 3664/3664 3633/3633 3398/3398
f 3664/3664 3780/3780 3633/3633
f 3665/3665 3116/3116 3641/3641
f 3665/3665 3641/3641 3826/3826
f 3665/3665 3799/3799 3770/3770
f 3666/3666 3109/3109 3149/3149
f 3666/3666 3408/3408 3765/3765
f 3666/3666 3525/3525 3408/3408
f 3666/3666 3684/3684 3789/3789
f 3666/3666 3819/3819 3109/3109
f 3667/3667 2311/2311 2267/2267
f 3667/3667 3431/3431 3670/3670
f 3668/3668 3575/3575 3593/3593
f 3668/3668 3648/3648 3548/3548
f 3668/3668 3730/3730 3841/3841
f 3668/3668 3753/3753 3648/3648
f 3668/3668 3841/3841 3753/3753
f 3669/3669 3771/3771 3815/3815
f 3669/3669 3815/3815 3634/3634
f 3670/3670 2366/2366 2340/2340
f 3670/3670 3479/3479 3587/3587
f 3671/3671 3145/3145 3041/3041
f 3671/3671 3163/3163 3016/3016
f 3671/3671 3410/3410 3163/3163
f 3672/3672 3604/3604 3685/3685
f 3672/3672 3658/3658 3522/3522
f 3673/3673 3665/3665 3770/3770
f 3674/3674 3565/3565 3654/3654
f 3674/3674 3735/3735 3414/3414
f 3674/3674 3774/3774 3630/3630
f 3674/3674 3821/3821 3735/3735
f 3676/3676 3792/3792 3638/3638
f 3677/3677 2370/2370 2343/2343
f 3677/3677 3704/3704 3813/3813
f 3677/3677 3832/3832 2370/2370
f 3678/3678 3769/3769 3808/3808
f 3679/3679 3653/3653 3594/3594
f 3679/3679 3711/3711 4841/4841
f 3680/3680 2349/2349 2361/2361
f 3680/3680 3709/3709 3763/3763
f 3681/3681 3701/3701 3556/3556
f 3681/3681 3811/3811 3837/3837
f 3682/3682 3783/3783 3766/3766
f 3683/3683 3140/3140 3304/3304
f 3683/3683 3784/3784 3140/3140
f 3684/3684 3149/3149 2995/2995
f 3684/3684 3666/3666 3149/3149
f 3684/3684 3723/3723 3789/3789
f 3685/3685 3604/3604 3522/3522
f 3686/3686 3571/3571 3838/3838
f 3687/3687 2183/2183 3781/3781
f 3687/3687 3781/3781 3818/3818
f 3688/3688 3612/3612 3822/3822
f 3688/3688 3727/3727 3564/3564
f 3690/3690 3846/3846 3716/3716
f 3691/3691 3696/3696 1/1
f 3691/3691 3814/3814 3812/3812
f 3692/3692 3453/3453 3766/3766
f 3692/3692 3533/3533 3453/3453
f 3693/3693 3596/3596 3700/3700
f 3693/3693 3700/3700 3845/3845
f 3694/3694 3734/3734 3430/3430
f 3694/3694 3734/3734 3787/3787
f 3694/3694 3734/3734 3887/3887
f 3694/3694 3787/3787 3755/3755
f 3694/3694 3852/3852 3848/3848
f 3695/3695 3342/3342 3311/3311
f 3695/3695 3615/3615 3492/3492
f 3695/3695 3801/3801 3615/3615
f 3696/3696 3622/3622 1/1
f 3696/3696 3691/3691 3812/3812
f 3697/3697 3810/3810 3672/3672
f 3698/3698 2371/2371 3743/3743
f 3698/3698 3743/3743 3830/3830
f 3698/3698 3830/3830 3676/3676
f 3699/3699 3639/3639 3782/3782
f 3699/3699 3785/3785 3639/3639
f 3699/3699 3844/3844 3689/3689
f 3700/3700 3402/3402 3632/3632
f 3700/3700 3619/3619 3755/3755
f 3700/3700 3755/3755 3845/3845
f 3701/3701 3465/3465 3556/3556
f 3701/3701 3681/3681 3837/3837
f 3701/3701 3790/3790 3465/3465
f 3702/3702 2277/2277 3638/3638
f 3702/3702 2366/2366 3670/3670
f 3702/3702 3559/3559 2409/2409
f 3702/3702 3670/3670 3587/3587
f 3703/3703 3827/3827 2273/2273
f 3704/3704 2343/2343 2427/2427
f 3704/3704 3417/3417 3813/3813
f 3704/3704 3677/3677 2343/2343
f 3705/3705 3505/3505 2514/2514
f 3705/3705 3728/3728 3823/3823
f 3705/3705 3801/3801 3728/3728
f 3706/3706 2204/2204 2552/2552
f 3706/3706 3561/3561 3463/3463
f 3706/3706 3742/3742 2204/2204
f 3707/3707 373/373 3578/3578
f 3707/3707 3675/3675 26/26
f 3707/3707 3806/3806 3675/3675
f 3707/3707 3843/3843 3806/3806
f 3708/3708 2952/2952 3031/3031
f 3708/3708 3570/3570 3445/3445
f 3708/3708 3613/3613 3530/3530
f 3708/3708 3754/3754 3169/3169
f 3709/3709 3745/3745 3763/3763
f 3709/3709 3800/3800 3745/3745
f 3710/3710 3694/3694 3755/3755
f 3710/3710 3817/3817 3694/3694
f 3711/3711 7/7 4841/4841
f 3711/3711 123/123 3835/3835
f 3711/3711 3470/3470 123/123
f 3711/3711 3679/3679 3594/3594
f 3712/3712 3154/3154 3673/3673
f 3712/3712 3673/3673 3770/3770
f 3712/3712 3756/3756 3731/3731
f 3713/3713 3515/3515 3632/3632
f 3714/3714 3153/3153 3402/3402
f 3714/3714 3402/3402 3700/3700
f 3715/3715 3176/3176 3139/3139
f 3715/3715 3736/3736 3176/3176
f 3717/3717 9/9 3735/3735
f 3717/3717 3061/3061 3158/3158
f 3717/3717 3158/3158 9/9
f 3717/3717 3630/3630 3061/3061
f 3717/3717 3735/3735 3630/3630
f 3718/3718 3554/3554 3697/3697
f 3718/3718 3591/3591 3685/3685
f 3718/3718 3819/3819 3765/3765
f 3719/3719 3660/3660 3840/3840
f 3719/3719 3752/3752 2237/2237
f 3719/3719 3840/3840 3633/3633
f 3720/3720 3678/3678 3808/3808
f 3720/3720 3825/3825 3678/3678
f 3721/3721 3400/3400 3748/3748
f 3721/3721 3748/3748 2942/2942
f 3722/3722 3636/3636 3793/3793
f 3723/3723 3173/3173 654/654
f 3723/3723 3684/3684 2995/2995
f 3723/3723 3816/3816 3789/3789
f 3724/3724 3692/3692 3566/3566
f 3724/3724 3794/3794 3692/3692
f 3725/3725 3694/3694 3848/3848
f 3725/3725 3755/3755 3787/3787
f 3725/3725 3787/3787 3694/3694
f 3726/3726 2963/2963 3744/3744
f 3726/3726 3744/3744 3655/3655
f 3726/3726 3802/3802 3027/3027
f 3727/3727 3082/3082 3181/3181
f 3727/3727 3590/3590 3564/3564
f 3727/3727 3688/3688 3822/3822
f 3727/3727 3797/3797 3082/3082
f 3728/3728 3695/3695 3311/3311
f 3729/3729 3524/3524 3550/3550
f 3729/3729 3550/3550 3689/3689
f 3729/3729 3562/3562 3655/3655
f 3729/3729 3844/3844 3485/3485
f 3730/3730 3520/3520 3791/3791
f 3730/3730 3668/3668 3593/3593
f 3730/3730 3791/3791 3841/3841
f 3731/3731 3540/3540 3646/3646
f 3733/3733 3644/3644 3416/3416
f 3734/3734 3430/3430 3694/3694
f 3734/3734 3430/3430 3887/3887
f 3734/3734 3484/3484 3553/3553
f 3734/3734 3553/3553 3787/3787
f 3734/3734 3694/3694 3430/3430
f 3735/3735 9/9 187/187
f 3735/3735 3821/3821 3630/3630
f 3736/3736 3502/3502 3509/3509
f 3736/3736 3509/3509 3176/3176
f 3737/3737 3401/3401 3595/3595
f 3737/3737 3642/3642 3401/3401
f 3738/3738 3435/3435 3467/3467
f 3739/3739 2546/2546 3401/3401
f 3739/3739 3642/3642 2482/2482
f 3740/3740 3712/3712 3731/3731
f 3741/3741 3767/3767 2179/2179
f 3741/3741 3791/3791 3436/3436
f 3742/3742 2305/2305 2204/2204
f 3742/3742 3706/3706 3820/3820
f 3742/3742 3801/3801 2305/2305
f 3743/3743 2175/2175 3764/3764
f 3743/3743 2371/2371 2175/2175
f 3743/3743 3764/3764 3614/3614
f 3744/3744 3452/3452 3655/3655
f 3745/3745 3437/3437 3763/3763
f 3746/3746 3637/3637 3777/3777
f 3747/3747 3661/3661 3769/3769
f 3747/3747 3720/3720 3808/3808
f 3747/3747 3769/3769 3625/3625
f 3748/3748 3498/3498 3626/3626
f 3748/3748 3626/3626 2942/2942
f 3749/3749 3467/3467 3659/3659
f 3749/3749 3659/3659 3442/3442
f 3750/3750 178/178 172/172
f 3750/3750 3443/3443 3773/3773
f 3750/3750 3773/3773 178/178
f 3751/3751 201/201 3638/3638
f 3751/3751 3792/3792 201/201
f 3752/3752 3719/3719 3633/3633
f 3752/3752 3780/3780 2237/2237
f 3753/3753 3776/3776 3648/3648
f 3754/3754 2963/2963 3169/3169
f 3754/3754 3708/3708 3445/3445
f 3755/3755 3619/3619 3787/3787
f 3755/3755 3700/3700 3632/3632
f 3755/3755 3725/3725 3872/3872
f 3755/3755 3787/3787 3700/3700
f 3756/3756 3406/3406 3731/3731
f 3756/3756 3712/3712 3770/3770
f 3756/3756 3770/3770 3431/3431
f 3757/3757 90/90 3783/3783
f 3757/3757 3783/3783 3682/3682
f 3758/3758 3644/3644 3733/3733
f 3759/3759 3400/3400 3721/3721
f 3759/3759 3511/3511 3400/3400
f 3759/3759 3576/3576 3238/3238
f 3760/3760 2349/2349 2154/2154
f 3761/3761 2283/2283 2358/2358
f 3761/3761 3439/3439 3466/3466
f 3761/3761 3558/3558 2561/2561
f 3761/3761 3784/3784 3683/3683
f 3762/3762 3444/3444 3475/3475
f 3762/3762 3636/3636 3733/3733
f 3762/3762 3733/3733 3416/3416
f 3764/3764 3651/3651 3614/3614
f 3765/3765 3554/3554 3438/3438
f 3765/3765 3666/3666 3789/3789
f 3767/3767 2199/2199 2179/2179
f 3767/3767 3413/3413 3834/3834
f 3767/3767 3741/3741 3436/3436
f 3768/3768 3412/3412 3011/3011
f 3768/3768 3786/3786 3685/3685
f 3769/3769 2169/2169 2221/2221
f 3769/3769 2221/2221 2169/2169
f 3769/3769 3661/3661 3808/3808
f 3770/3770 3799/3799 3479/3479
f 3771/3771 3450/3450 3417/3417
f 3771/3771 3469/3469 3813/3813
f 3771/3771 3542/3542 3629/3629
f 3771/3771 3813/3813 3450/3450
f 3772/3772 3612/3612 3415/3415
f 3773/3773 3421/3421 3495/3495
f 3773/3773 3443/3443 3421/3421
f 3773/3773 3810/3810 158/158
f 3774/3774 2966/2966 2981/2981
f 3774/3774 3061/3061 3630/3630
f 3774/3774 3674/3674 3472/3472
f 3775/3775 3832/3832 3645/3645
f 3776/3776 3818/3818 3648/3648
f 3777/3777 2231/2231 3405/3405
f 3777/3777 3757/3757 3682/3682
f 3777/3777 3827/3827 3703/3703
f 3779/3779 3408/3408 304/304
f 3779/3779 3424/3424 3765/3765
f 3779/3779 3653/3653 3424/3424
f 3780/3780 2290/2290 2237/2237
f 3780/3780 3026/3026 2290/2290
f 3780/3780 3752/3752 3633/3633
f 3781/3781 2189/2189 3822/3822
f 3781/3781 3146/3146 3612/3612
f 3781/3781 3612/3612 3772/3772
f 3781/3781 3612/3612 3818/3818
f 3781/3781 3620/3620 2168/2168
f 3782/3782 156/156 56/56
f 3782/3782 3639/3639 3807/3807
f 3783/3783 223/223 3531/3531
f 3783/3783 3531/3531 3766/3766
f 3784/3784 2358/2358 2839/2839
f 3784/3784 3026/3026 3140/3140
f 3784/3784 3761/3761 2358/2358
f 3785/3785 3428/3428 3609/3609
f 3785/3785 3699/3699 3689/3689
f 3786/3786 3011/3011 3037/3037
f 3786/3786 3768/3768 3011/3011
f 3786/3786 3819/3819 3685/3685
f 3787/3787 3528/3528 3490/3490
f 3787/3787 3553/3553 3824/3824
f 3787/3787 3640/3640 3694/3694
f 3787/3787 3824/3824 3700/3700
f 3788/3788 3693/3693 3845/3845
f 3788/3788 3845/3845 3867/3867
f 3790/3790 3701/3701 3645/3645
f 3791/3791 2535/2535 3841/3841
f 3791/3791 2567/2567 2535/2535
f 3791/3791 3741/3741 2179/2179
f 3792/3792 148/148 201/201
f 3792/3792 3751/3751 3638/3638
f 3793/3793 3475/3475 3509/3509
f 3793/3793 3762/3762 3475/3475
f 3794/3794 3219/3219 3533/3533
f 3794/3794 3533/3533 3692/3692
f 3795/3795 3443/3443 3750/3750
f 3795/3795 3484/3484 3734/3734
f 3795/3795 3585/3585 3421/3421
f 3795/3795 3623/3623 3650/3650
f 3796/3796 2218/2218 3828/3828
f 3796/3796 2246/2246 2218/2218
f 3797/3797 2238/2238 2989/2989
f 3797/3797 3727/3727 3822/3822
f 3798/3798 3595/3595 3713/3713
f 3798/3798 3737/3737 3595/3595
f 3799/3799 3665/3665 3826/3826
f 3799/3799 3826/3826 3479/3479
f 3800/3800 3457/3457 3663/3663
f 3800/3800 3663/3663 3745/3745
f 3801/3801 2373/2373 2305/2305
f 3801/3801 3695/3695 3728/3728
f 3801/3801 3705/3705 2205/2205
f 3801/3801 3742/3742 3615/3615
f 3802/3802 3476/3476 3027/3027
f 3802/3802 3726/3726 3655/3655
f 3803/3803 3067/3067 3621/3621
f 3803/3803 3456/3456 3067/3067
f 3803/3803 3652/3652 3464/3464
f 3804/3804 3666/3666 3765/3765
f 3804/3804 3765/3765 3438/3438
f 3805/3805 2207/2207 2248/2248
f 3805/3805 3651/3651 3764/3764
f 3805/3805 3764/3764 2201/2201
f 3805/3805 3846/3846 3690/3690
f 3807/3807 156/156 3782/3782
f 3807/3807 3847/3847 3866/3866
f 3809/3809 3021/3021 3740/3740
f 3809/3809 3731/3731 3646/3646
f 3809/3809 3740/3740 3731/3731
f 3810/3810 24/24 3672/3672
f 3810/3810 132/132 158/158
f 3810/3810 3495/3495 3842/3842
f 3810/3810 3773/3773 3495/3495
f 3810/3810 3842/3842 132/132
f 3814/3814 52/52 3616/3616
f 3814/3814 3360/3360 3455/3455
f 3814/3814 3455/3455 3812/3812
f 3815/3815 3629/3629 3778/3778
f 3815/3815 3771/3771 3629/3629
f 3815/3815 3778/3778 3634/3634
f 3816/3816 118/118 22/22
f 3816/3816 3470/3470 3789/3789
f 3816/3816 3723/3723 118/118
f 3817/3817 3734/3734 3694/3694
f 3817/3817 3795/3795 3734/3734
f 3818/3818 3493/3493 3473/3473
f 3818/3818 3612/3612 3493/3493
f 3818/3818 3776/3776 3687/3687
f 3819/3819 3037/3037 3109/3109
f 3819/3819 3666/3666 3765/3765
f 3819/3819 3718/3718 3685/3685
f 3819/3819 3786/3786 3037/3037
f 3820/3820 3463/3463 3662/3662
f 3820/3820 3706/3706 3463/3463
f 3821/3821 3674/3674 3630/3630
f 3823/3823 3311/3311 3179/3179
f 3823/3823 3728/3728 3311/3311
f 3824/3824 3714/3714 3700/3700
f 3825/3825 3625/3625 3678/3678
f 3826/3826 3497/3497 3479/3479
f 3827/3827 3501/3501 2502/2502
f 3827/3827 3777/3777 3627/3627
f 3828/3828 2218/2218 2035/2035
f 3828/3828 2235/2235 3796/3796
f 3829/3829 3502/3502 3736/3736
f 3829/3829 3722/3722 3793/3793
f 3829/3829 3793/3793 3502/3502
f 3830/3830 120/120 3792/3792
f 3830/3830 3743/3743 3614/3614
f 3830/3830 3792/3792 3676/3676
f 3831/3831 3058/3058 3738/3738
f 3831/3831 3442/3442 3242/3242
f 3831/3831 3467/3467 3442/3442
f 3832/3832 3677/3677 3813/3813
f 3832/3832 3775/3775 3628/3628
f 3832/3832 3813/3813 3645/3645
f 3833/3833 3060/3060 3809/3809
f 3833/3833 3617/3617 3593/3593
f 3833/3833 3809/3809 3617/3617
f 3834/3834 3631/3631 2243/2243
f 3835/3835 123/123 3862/3862
f 3836/3836 3425/3425 3769/3769
f 3837/3837 2314/2314 3628/3628
f 3838/3838 3274/3274 2943/2943
f 3839/3839 3038/3038 3142/3142
f 3839/3839 3072/3072 3093/3093
f 3839/3839 3142/3142 3072/3072
f 3840/3840 3238/3238 3398/3398
f 3840/3840 3759/3759 3238/3238
f 3841/3841 2165/2165 3753/3753
f 3842/3842 58/58 132/132
f 3842/3842 132/132 158/158
f 3842/3842 3477/3477 3554/3554
f 3842/3842 3495/3495 3477/3477
f 3842/3842 3554/3554 3653/3653
f 3842/3842 3653/3653 58/58
f 3842/3842 3810/3810 3697/3697
f 3843/3843 3046/3046 3806/3806
f 3843/3843 3446/3446 3340/3340
f 3843/3843 3707/3707 3537/3537
f 3844/3844 137/137 3468/3468
f 3844/3844 3468/3468 3485/3485
f 3844/3844 3647/3647 56/56
f 3844/3844 3699/3699 3782/3782
f 3844/3844 3729/3729 3689/3689
f 3844/3844 3782/3782 3647/3647
f 3845/3845 3863/3863 3867/3867
f 3846/3846 3519/3519 3716/3716
f 3846/3846 3805/3805 2248/2248
f 3847/3847 3851/3851 3807/3807
f 3847/3847 3860/3860 3899/3899
f 3848/3848 3893/3893 3872/3872
f 3849/3849 3865/3865 3895/3895
f 3849/3849 3900/3900 3896/3896
f 3850/3850 4011/4011 4202/4202
f 3851/3851 3847/3847 3899/3899
f 3851/3851 3862/3862 3807/3807
f 3851/3851 3897/3897 3855/3855
f 3851/3851 4877/4877 3862/3862
f 3852/3852 3694/3694 3887/3887
f 3852/3852 3874/3874 3894/3894
f 3852/3852 3887/3887 3874/3874
f 3852/3852 3893/3893 3848/3848
f 3853/3853 3850/3850 4202/4202
f 3854/3854 4224/4224 3859/3859
f 3855/3855 3897/3897 3899/3899
f 3857/3857 3850/3850 3871/3871
f 3857/3857 3871/3871 3878/3878
f 3858/3858 3849/3849 3896/3896
f 3858/3858 4833/4833 3868/3868
f 3860/3860 3609/3609 3891/3891
f 3860/3860 3639/3639 3609/3609
f 3860/3860 3891/3891 3899/3899
f 3861/3861 3850/3850 3857/3857
f 3861/3861 3864/3864 3850/3850
f 3861/3861 3892/3892 3955/3955
f 3862/3862 123/123 3807/3807
f 3863/3863 3755/3755 3872/3872
f 3863/3863 3845/3845 3755/3755
f 3863/3863 3875/3875 3867/3867
f 3864/3864 3861/3861 3955/3955
f 3865/3865 3849/3849 3858/3858
f 3865/3865 3858/3858 3868/3868
f 3865/3865 3884/3884 3895/3895
f 3865/3865 3919/3919 3884/3884
f 3866/3866 3847/3847 3807/3807
f 3867/3867 3883/3883 3949/3949
f 3868/3868 4861/4861 3954/3954
f 3869/3869 3873/3873 3899/3899
f 3869/3869 3886/3886 3962/3962
f 3870/3870 3856/3856 3880/3880
f 3870/3870 4868/4868 3856/3856
f 3871/3871 3850/3850 3853/3853
f 3871/3871 3853/3853 4209/4209
f 3871/3871 4186/4186 3878/3878
f 3872/3872 3725/3725 3848/3848
f 3873/3873 3855/3855 3899/3899
f 3873/3873 3869/3869 3962/3962
f 3873/3873 4823/4823 3855/3855
f 3874/3874 3870/3870 3894/3894
f 3874/3874 3887/3887 3852/3852
f 3875/3875 3863/3863 3872/3872
f 3875/3875 3883/3883 3867/3867
f 3875/3875 3889/3889 3883/3883
f 3876/3876 3892/3892 3895/3895
f 3876/3876 3922/3922 3934/3934
f 3876/3876 3934/3934 3916/3916
f 3877/3877 3880/3880 3917/3917
f 3877/3877 3889/3889 3893/3893
f 3877/3877 3893/3893 3894/3894
f 3879/3879 3474/3474 3913/3913
f 3879/3879 3886/3886 3899/3899
f 3879/3879 3913/3913 3904/3904
f 3880/3880 3877/3877 3894/3894
f 3881/3881 3462/3462 3486/3486
f 3881/3881 3931/3931 3462/3462
f 3882/3882 241/241 4775/4775
f 3883/3883 3885/3885 3898/3898
f 3883/3883 3932/3932 3949/3949
f 3884/3884 3876/3876 3895/3895
f 3885/3885 3889/3889 3934/3934
f 3885/3885 3922/3922 3898/3898
f 3886/3886 3869/3869 3899/3899
f 3886/3886 3879/3879 3904/3904
f 3886/3886 3904/3904 3962/3962
f 3887/3887 3870/3870 3874/3874
f 3887/3887 3874/3874 3852/3852
f 3887/3887 3882/3882 4775/4775
f 3887/3887 4775/4775 3870/3870
f 3888/3888 3890/3890 3601/3601
f 3888/3888 3890/3890 3905/3905
f 3889/3889 3875/3875 3893/3893
f 3889/3889 3877/3877 3929/3929
f 3889/3889 3885/3885 3883/3883
f 3889/3889 3929/3929 3934/3934
f 3890/3890 3418/3418 3601/3601
f 3890/3890 3601/3601 3905/3905
f 3890/3890 3888/3888 3601/3601
f 3890/3890 3888/3888 3925/3925
f 3891/3891 3879/3879 3899/3899
f 3892/3892 3861/3861 3857/3857
f 3892/3892 3876/3876 3916/3916
f 3892/3892 3918/3918 3955/3955
f 3893/3893 3852/3852 3894/3894
f 3893/3893 3875/3875 3872/3872
f 3894/3894 3870/3870 3880/3880
f 3895/3895 3892/3892 3857/3857
f 3896/3896 3857/3857 3878/3878
f 3896/3896 3900/3900 3857/3857
f 3896/3896 4805/4805 3858/3858
f 3897/3897 3851/3851 3855/3855
f 3897/3897 3851/3851 3899/3899
f 3900/3900 3849/3849 3895/3895
f 3900/3900 3895/3895 3857/3857
f 3901/3901 3959/3959 3962/3962
f 3902/3902 3910/3910 3960/3960
f 3903/3903 3963/3963 3911/3911
f 3903/3903 3969/3969 3964/3964
f 3904/3904 3957/3957 3962/3962
f 3905/3905 3244/3244 3928/3928
f 3905/3905 3601/3601 3244/3244
f 3905/3905 3928/3928 3906/3906
f 3906/3906 3961/3961 3258/3258
f 3907/3907 3959/3959 3901/3901
f 3908/3908 3922/3922 3902/3902
f 3908/3908 3932/3932 3898/3898
f 3909/3909 3903/3903 3964/3964
f 3909/3909 3917/3917 3903/3903
f 3909/3909 3964/3964 3914/3914
f 3910/3910 3966/3966 3960/3960
f 3910/3910 3968/3968 3954/3954
f 3911/3911 3963/3963 4708/4708
f 3912/3912 3002/3002 3028/3028
f 3912/3912 3259/3259 3002/3002
f 3913/3913 3383/3383 3970/3970
f 3913/3913 3970/3970 3904/3904
f 3915/3915 3920/3920 3937/3937
f 3915/3915 3920/3920 3944/3944
f 3915/3915 3966/3966 3968/3968
f 3915/3915 3968/3968 3937/3937
f 3917/3917 3940/3940 3903/3903
f 3918/3918 3892/3892 3916/3916
f 3918/3918 3916/3916 3914/3914
f 3919/3919 3922/3922 3884/3884
f 3919/3919 3930/3930 3902/3902
f 3920/3920 3915/3915 3937/3937
f 3920/3920 3921/3921 3944/3944
f 3920/3920 3937/3937 3921/3921
f 3921/3921 3926/3926 3936/3936
f 3921/3921 3936/3936 3055/3055
f 3921/3921 3937/3937 3943/3943
f 3921/3921 3943/3943 4644/4644
f 3922/3922 3876/3876 3884/3884
f 3922/3922 3885/3885 3934/3934
f 3922/3922 3908/3908 3898/3898
f 3922/3922 3919/3919 3902/3902
f 3923/3923 3877/3877 3917/3917
f 3923/3923 3909/3909 3914/3914
f 3923/3923 3917/3917 3909/3909
f 3924/3924 3918/3918 3914/3914
f 3925/3925 3888/3888 3905/3905
f 3925/3925 3905/3905 3906/3906
f 3926/3926 3332/3332 3936/3936
f 3926/3926 3921/3921 4644/4644
f 3926/3926 3935/3935 3294/3294
f 3926/3926 4737/4737 4736/4736
f 3927/3927 3911/3911 4708/4708
f 3927/3927 3969/3969 3911/3911
f 3927/3927 4738/4738 4444/4444
f 3928/3928 3958/3958 3906/3906
f 3929/3929 3877/3877 3923/3923
f 3929/3929 3914/3914 3916/3916
f 3929/3929 3923/3923 3914/3914
f 3930/3930 3968/3968 3902/3902
f 3931/3931 3309/3309 3933/3933
f 3931/3931 3933/3933 3182/3182
f 3932/3932 3883/3883 3898/3898
f 3932/3932 3902/3902 3956/3956
f 3932/3932 3908/3908 3902/3902
f 3933/3933 3309/3309 3912/3912
f 3933/3933 3912/3912 3182/3182
f 3934/3934 3929/3929 3916/3916
f 3935/3935 3926/3926 4736/4736
f 3936/3936 3921/3921 3055/3055
f 3937/3937 4651/4651 4644/4644
f 3938/3938 3951/3951 3970/3970
f 3939/3939 3033/3033 3935/3935
f 3939/3939 4658/4658 3006/3006
f 3940/3940 3880/3880 3856/3856
f 3940/3940 3917/3917 3880/3880
f 3940/3940 3963/3963 3903/3903
f 3940/3940 3973/3973 3856/3856
f 3941/3941 3018/3018 3966/3966
f 3942/3942 3947/3947 3964/3964
f 3942/3942 3965/3965 3947/3947
f 3943/3943 3937/3937 4644/4644
f 3944/3944 3921/3921 3936/3936
f 3944/3944 3936/3936 3055/3055
f 3945/3945 3953/3953 2973/2973
f 3945/3945 4623/4623 3953/3953
f 3946/3946 2868/2868 4678/4678
f 3946/3946 2893/2893 2868/2868
f 3946/3946 3907/3907 3901/3901
f 3947/3947 3924/3924 3914/3914
f 3947/3947 3955/3955 3924/3924
f 3948/3948 3927/3927 3952/3952
f 3948/3948 3942/3942 3964/3964
f 3948/3948 3952/3952 4066/4066
f 3948/3948 3964/3964 3969/3969
f 3948/3948 3969/3969 3927/3927
f 3949/3949 2983/2983 3867/3867
f 3949/3949 3932/3932 3956/3956
f 3950/3950 3963/3963 3973/3973
f 3950/3950 3963/3963 4622/4622
f 3950/3950 3973/3973 4669/4669
f 3950/3950 4622/4622 4708/4708
f 3951/3951 2893/2893 3946/3946
f 3951/3951 3946/3946 3901/3901
f 3951/3951 3957/3957 3970/3970
f 3952/3952 3927/3927 4066/4066
f 3953/3953 779/779 3172/3172
f 3953/3953 4623/4623 779/779
f 3954/3954 3865/3865 3868/3868
f 3954/3954 3919/3919 3865/3865
f 3954/3954 3930/3930 3919/3919
f 3955/3955 3850/3850 3864/3864
f 3955/3955 3918/3918 3924/3924
f 3955/3955 3971/3971 3850/3850
f 3956/3956 3902/3902 3960/3960
f 3956/3956 3960/3960 3941/3941
f 3957/3957 3901/3901 3962/3962
f 3957/3957 3951/3951 3901/3901
f 3958/3958 779/779 4623/4623
f 3958/3958 3961/3961 3906/3906
f 3958/3958 4681/4681 3961/3961
f 3959/3959 3873/3873 3962/3962
f 3960/3960 3966/3966 3941/3941
f 3961/3961 3137/3137 3172/3172
f 3961/3961 3172/3172 3258/3258
f 3961/3961 3967/3967 3107/3107
f 3961/3961 4681/4681 3172/3172
f 3961/3961 4681/4681 3967/3967
f 3963/3963 3940/3940 3973/3973
f 3963/3963 3950/3950 4622/4622
f 3963/3963 3950/3950 4708/4708
f 3964/3964 3947/3947 3914/3914
f 3964/3964 3969/3969 3911/3911
f 3965/3965 3971/3971 3947/3947
f 3965/3965 4001/4001 3971/3971
f 3966/3966 3018/3018 3941/3941
f 3966/3966 3910/3910 3968/3968
f 3966/3966 3915/3915 3944/3944
f 3967/3967 3972/3972 3107/3107
f 3968/3968 3910/3910 3902/3902
f 3968/3968 3910/3910 3954/3954
f 3968/3968 3930/3930 3954/3954
f 3968/3968 4627/4627 4664/4664
f 3968/3968 4651/4651 3937/3937
f 3969/3969 3903/3903 3911/3911
f 3969/3969 3964/3964 3911/3911
f 3970/3970 3008/3008 3938/3938
f 3970/3970 3957/3957 3904/3904
f 3971/3971 3955/3955 3947/3947
f 3971/3971 4011/4011 3850/3850
f 3972/3972 3071/3071 3107/3107
f 3972/3972 3980/3980 2828/2828
f 3972/3972 4668/4668 3980/3980
f 3973/3973 3940/3940 3856/3856
f 3975/3975 3996/3996 4024/4024
f 3975/3975 4024/4024 4054/4054
f 3975/3975 4054/4054 4076/4076
f 3976/3976 4020/4020 4010/4010
f 3976/3976 4072/4072 4557/4557
f 3977/3977 4009/4009 3987/3987
f 3977/3977 4009/4009 4093/4093
f 3977/3977 4036/4036 4001/4001
f 3978/3978 4330/4330 4207/4207
f 3978/3978 4558/4558 4330/4330
f 3979/3979 3998/3998 4081/4081
f 3980/3980 4560/4560 2828/2828
f 3981/3981 3985/3985 4615/4615
f 3983/3983 3989/3989 4029/4029
f 3983/3983 4003/4003 4554/4554
f 3983/3983 4029/4029 3992/3992
f 3983/3983 4554/4554 4568/4568
f 3983/3983 4586/4586 3989/3989
f 3984/3984 4084/4084 4074/4074
f 3985/3985 4206/4206 4033/4033
f 3985/3985 4544/4544 4605/4605
f 3985/3985 4605/4605 4615/4615
f 3986/3986 3977/3977 4080/4080
f 3986/3986 4036/4036 4038/4038
f 3986/3986 4038/4038 3977/3977
f 3986/3986 4083/4083 4036/4036
f 3987/3987 4080/4080 3977/3977
f 3987/3987 4093/4093 4532/4532
f 3988/3988 4548/4548 3994/3994
f 3990/3990 4099/4099 4076/4076
f 3991/3991 4031/4031 4041/4041
f 3991/3991 4041/4041 4045/4045
f 3991/3991 4045/4045 4013/4013
f 3992/3992 4091/4091 4024/4024
f 3993/3993 4527/4527 2799/2799
f 3995/3995 4023/4023 3989/3989
f 3996/3996 3975/3975 4076/4076
f 3996/3996 4085/4085 4022/4022
f 3996/3996 4099/4099 3990/3990
f 3997/3997 4089/4089 2596/2596
f 3998/3998 4037/4037 4059/4059
f 3998/3998 4046/4046 4092/4092
f 3998/3998 4082/4082 4046/4046
f 3999/3999 4093/4093 3987/3987
f 4000/4000 4043/4043 4172/4172
f 4000/4000 4172/4172 4025/4025
f 4000/4000 4585/4585 4030/4030
f 4000/4000 4603/4603 4585/4585
f 4001/4001 3965/3965 3942/3942
f 4001/4001 4011/4011 3971/3971
f 4001/4001 4026/4026 3977/3977
f 4001/4001 4036/4036 4011/4011
f 4002/4002 4044/4044 4225/4225
f 4003/4003 3974/3974 4578/4578
f 4003/4003 4022/4022 3974/3974
f 4003/4003 4024/4024 4022/4022
f 4003/4003 4028/4028 3992/3992
f 4004/4004 4088/4088 4047/4047
f 4005/4005 4015/4015 4536/4536
f 4005/4005 4073/4073 4130/4130
f 4005/4005 4130/4130 4105/4105
f 4006/4006 4002/4002 4225/4225
f 4006/4006 4032/4032 4002/4002
f 4006/4006 4075/4075 4047/4047
f 4007/4007 3992/3992 4029/4029
f 4007/4007 4029/4029 4064/4064
f 4007/4007 4102/4102 3992/3992
f 4009/4009 3977/3977 4093/4093
f 4009/4009 4034/4034 4093/4093
f 4009/4009 4093/4093 3987/3987
f 4010/4010 4020/4020 4044/4044
f 4010/4010 4044/4044 4032/4032
f 4010/4010 4072/4072 3976/3976
f 4011/4011 4036/4036 4202/4202
f 4012/4012 2936/2936 2777/2777
f 4012/4012 4017/4017 2936/2936
f 4012/4012 4527/4527 4515/4515
f 4013/4013 4031/4031 3991/3991
f 4013/4013 4228/4228 4031/4031
f 4014/4014 3997/3997 2940/2940
f 4014/4014 4222/4222 3997/3997
f 4015/4015 3981/3981 4615/4615
f 4015/4015 4039/4039 4566/4566
f 4015/4015 4096/4096 3981/3981
f 4015/4015 4520/4520 4536/4536
f 4015/4015 4566/4566 4520/4520
f 4016/4016 4103/4103 3994/3994
f 4016/4016 4522/4522 4570/4570
f 4016/4016 4570/4570 4275/4275
f 4017/4017 4021/4021 2936/2936
f 4017/4017 4608/4608 4021/4021
f 4018/4018 4040/4040 4008/4008
f 4021/4021 4450/4450 4595/4595
f 4021/4021 4595/4595 4035/4035
f 4022/4022 4085/4085 4061/4061
f 4022/4022 4578/4578 3974/3974
f 4023/4023 4029/4029 3989/3989
f 4024/4024 3996/3996 4022/4022
f 4024/4024 4003/4003 3992/3992
f 4026/4026 3942/3942 3948/3948
f 4026/4026 4001/4001 3942/3942
f 4026/4026 4034/4034 3977/3977
f 4027/4027 3979/3979 3984/3984
f 4027/4027 3998/3998 3979/3979
f 4027/4027 4052/4052 4473/4473
f 4027/4027 4473/4473 4499/4499
f 4028/4028 3983/3983 3992/3992
f 4028/4028 4003/4003 3983/3983
f 4030/4030 4019/4019 3990/3990
f 4031/4031 4145/4145 4055/4055
f 4031/4031 4197/4197 4145/4145
f 4032/4032 4023/4023 4060/4060
f 4032/4032 4044/4044 4002/4002
f 4032/4032 4047/4047 4056/4056
f 4032/4032 4056/4056 4023/4023
f 4032/4032 4101/4101 4010/4010
f 4034/4034 3948/3948 4066/4066
f 4034/4034 4009/4009 3977/3977
f 4034/4034 4026/4026 3948/3948
f 4034/4034 4071/4071 4093/4093
f 4035/4035 2883/2883 2914/2914
f 4035/4035 2914/2914 4021/4021
f 4035/4035 4434/4434 4042/4042
f 4035/4035 4443/4443 4434/4434
f 4037/4037 3998/3998 4027/4027
f 4037/4037 4027/4027 4499/4499
f 4037/4037 4499/4499 4059/4059
f 4038/4038 4036/4036 3977/3977
f 4039/4039 4015/4015 4615/4615
f 4040/4040 3978/3978 4207/4207
f 4040/4040 4018/4018 3978/3978
f 4040/4040 4092/4092 4008/4008
f 4040/4040 4207/4207 4122/4122
f 4041/4041 4031/4031 4045/4045
f 4043/4043 4000/4000 4030/4030
f 4043/4043 4030/4030 3990/3990
f 4043/4043 4212/4212 3982/3982
f 4045/4045 4004/4004 4047/4047
f 4045/4045 4031/4031 4004/4004
f 4045/4045 4047/4047 4013/4013
f 4046/4046 4465/4465 4018/4018
f 4047/4047 4032/4032 4006/4006
f 4047/4047 4075/4075 4013/4013
f 4048/4048 4063/4063 4122/4122
f 4049/4049 4019/4019 4030/4030
f 4049/4049 4085/4085 4019/4019
f 4049/4049 4100/4100 4094/4094
f 4049/4049 4439/4439 4466/4466
f 4049/4049 4466/4466 4473/4473
f 4049/4049 4473/4473 4100/4100
f 4050/4050 2641/2641 2854/2854
f 4050/4050 2854/2854 4042/4042
f 4050/4050 4620/4620 4062/4062
f 4051/4051 4043/4043 4076/4076
f 4051/4051 4076/4076 4104/4104
f 4051/4051 4104/4104 4043/4043
f 4052/4052 4027/4027 4057/4057
f 4052/4052 4057/4057 4473/4473
f 4055/4055 4088/4088 4031/4031
f 4055/4055 4145/4145 4053/4053
f 4056/4056 4047/4047 4088/4088
f 4057/4057 4027/4027 3984/3984
f 4057/4057 4453/4453 4487/4487
f 4057/4057 4487/4487 4473/4473
f 4058/4058 4048/4048 4127/4127
f 4058/4058 4083/4083 4164/4164
f 4060/4060 4023/4023 3995/3995
f 4060/4060 4069/4069 4072/4072
f 4060/4060 4095/4095 4069/4069
f 4060/4060 4101/4101 4032/4032
f 4061/4061 4067/4067 4022/4022
f 4061/4061 4085/4085 4067/4067
f 4063/4063 4040/4040 4122/4122
f 4063/4063 4048/4048 4092/4092
f 4063/4063 4092/4092 4008/4008
f 4063/4063 4092/4092 4040/4040
f 4064/4064 4023/4023 4056/4056
f 4064/4064 4029/4029 4023/4023
f 4064/4064 4056/4056 4102/4102
f 4066/4066 3927/3927 4444/4444
f 4067/4067 4085/4085 4094/4094
f 4067/4067 4534/4534 4022/4022
f 4068/4068 2589/2589 4062/4062
f 4068/4068 4426/4426 1352/1352
f 4069/4069 4078/4078 4430/4430
f 4069/4069 4430/4430 4072/4072
f 4070/4070 4091/4091 4102/4102
f 4070/4070 4155/4155 4160/4160
f 4071/4071 4034/4034 4066/4066
f 4071/4071 4066/4066 4093/4093
f 4072/4072 4101/4101 4060/4060
f 4072/4072 4430/4430 4500/4500
f 4073/4073 4205/4205 4130/4130
f 4073/4073 4502/4502 4359/4359
f 4074/4074 4057/4057 3984/3984
f 4074/4074 4239/4239 4135/4135
f 4075/4075 4006/4006 4121/4121
f 4076/4076 4043/4043 3990/3990
f 4076/4076 4091/4091 4104/4104
f 4077/4077 4090/4090 2740/2740
f 4078/4078 4069/4069 4504/4504
f 4078/4078 4504/4504 4082/4082
f 4079/4079 4053/4053 4070/4070
f 4079/4079 4056/4056 4088/4088
f 4079/4079 4070/4070 4102/4102
f 4079/4079 4088/4088 4053/4053
f 4079/4079 4102/4102 4056/4056
f 4080/4080 3987/3987 4196/4196
f 4081/4081 3998/3998 4092/4092
f 4081/4081 4048/4048 4058/4058
f 4081/4081 4084/4084 3979/3979
f 4082/4082 3998/3998 4059/4059
f 4083/4083 3986/3986 4080/4080
f 4083/4083 4080/4080 4196/4196
f 4083/4083 4127/4127 4036/4036
f 4083/4083 4196/4196 4164/4164
f 4084/4084 3984/3984 3979/3979
f 4084/4084 4058/4058 4164/4164
f 4084/4084 4081/4081 4058/4058
f 4084/4084 4239/4239 4074/4074
f 4085/4085 3990/3990 4019/4019
f 4085/4085 3996/3996 3990/3990
f 4085/4085 4049/4049 4094/4094
f 4086/4086 4106/4106 3981/3981
f 4087/4087 3995/3995 4095/4095
f 4087/4087 4060/4060 3995/3995
f 4088/4088 4004/4004 4031/4031
f 4088/4088 4055/4055 4053/4053
f 4089/4089 2468/2468 2735/2735
f 4089/4089 2735/2735 2577/2577
f 4089/4089 4237/4237 2468/2468
f 4090/4090 2717/2717 2740/2740
f 4090/4090 3988/3988 3994/3994
f 4090/4090 4077/4077 4556/4556
f 4090/4090 4548/4548 3988/3988
f 4091/4091 4054/4054 4024/4024
f 4091/4091 4065/4065 4104/4104
f 4091/4091 4070/4070 4065/4065
f 4091/4091 4076/4076 4054/4054
f 4092/4092 4018/4018 4008/4008
f 4092/4092 4046/4046 4018/4018
f 4092/4092 4048/4048 4081/4081
f 4092/4092 4063/4063 4008/4008
f 4093/4093 3999/3999 3987/3987
f 4093/4093 4066/4066 4444/4444
f 4093/4093 4485/4485 4532/4532
f 4094/4094 4453/4453 4067/4067
f 4095/4095 3995/3995 3989/3989
f 4095/4095 4060/4060 4087/4087
f 4095/4095 4504/4504 4069/4069
f 4096/4096 4005/4005 4105/4105
f 4096/4096 4015/4015 4005/4005
f 4096/4096 4086/4086 3981/3981
f 4096/4096 4139/4139 4086/4086
f 4097/4097 2667/2667 2691/2691
f 4097/4097 4090/4090 3994/3994
f 4097/4097 4103/4103 2667/2667
f 4098/4098 4070/4070 4160/4160
f 4098/4098 4104/4104 4070/4070
f 4098/4098 4138/4138 4125/4125
f 4099/4099 3996/3996 4076/4076
f 4101/4101 4072/4072 4010/4010
f 4102/4102 4007/4007 4064/4064
f 4102/4102 4091/4091 3992/3992
f 4103/4103 4016/4016 4213/4213
f 4103/4103 4097/4097 3994/3994
f 4103/4103 4116/4116 2455/2455
f 4104/4104 4065/4065 4070/4070
f 4104/4104 4098/4098 4125/4125
f 4104/4104 4125/4125 4212/4212
f 4104/4104 4212/4212 4043/4043
f 4106/4106 4123/4123 3981/3981
f 4106/4106 4144/4144 4167/4167
f 4106/4106 4167/4167 4141/4141
f 4107/4107 4210/4210 4241/4241
f 4107/4107 4241/4241 4122/4122
f 4108/4108 2173/2173 2473/2473
f 4108/4108 4165/4165 2173/2173
f 4109/4109 4115/4115 2472/2472
f 4109/4109 4137/4137 4203/4203
f 4110/4110 4146/4146 4154/4154
f 4110/4110 4149/4149 4223/4223
f 4110/4110 4193/4193 4146/4146
f 4111/4111 4120/4120 4146/4146
f 4111/4111 4146/4146 4138/4138
f 4112/4112 4120/4120 4155/4155
f 4112/4112 4146/4146 4120/4120
f 4112/4112 4147/4147 4154/4154
f 4113/4113 4144/4144 4119/4119
f 4113/4113 4208/4208 4141/4141
f 4114/4114 4191/4191 4118/4118
f 4114/4114 4224/4224 4240/4240
f 4115/4115 2456/2456 2472/2472
f 4115/4115 4109/4109 4203/4203
f 4115/4115 4162/4162 2507/2507
f 4115/4115 4203/4203 4211/4211
f 4115/4115 4211/4211 4188/4188
f 4116/4116 2426/2426 2455/2455
f 4116/4116 4103/4103 4213/4213
f 4117/4117 4235/4235 4205/4205
f 4118/4118 4147/4147 4180/4180
f 4118/4118 4152/4152 4224/4224
f 4118/4118 4180/4180 4114/4114
f 4118/4118 4180/4180 4154/4154
f 4118/4118 4229/4229 4154/4154
f 4120/4120 4111/4111 4155/4155
f 4120/4120 4146/4146 4155/4155
f 4121/4121 4013/4013 4075/4075
f 4121/4121 4225/4225 4228/4228
f 4123/4123 3985/3985 3981/3981
f 4123/4123 4106/4106 4141/4141
f 4123/4123 4153/4153 4128/4128
f 4123/4123 4163/4163 4195/4195
f 4123/4123 4206/4206 3985/3985
f 4124/4124 4110/4110 4154/4154
f 4124/4124 4149/4149 4110/4110
f 4124/4124 4149/4149 4194/4194
f 4124/4124 4182/4182 4149/4149
f 4124/4124 4229/4229 4224/4224
f 4125/4125 4138/4138 4212/4212
f 4127/4127 4048/4048 4136/4136
f 4127/4127 4083/4083 4058/4058
f 4127/4127 4179/4179 4036/4036
f 4127/4127 4226/4226 4179/4179
f 4129/4129 2426/2426 4116/4116
f 4129/4129 4116/4116 4213/4213
f 4129/4129 4219/4219 4134/4134
f 4129/4129 4234/4234 2296/2296
f 4130/4130 4139/4139 4105/4105
f 4130/4130 4205/4205 4150/4150
f 4131/4131 4117/4117 4073/4073
f 4131/4131 4142/4142 4235/4235
f 4131/4131 4235/4235 4117/4117
f 4131/4131 4350/4350 4142/4142
f 4132/4132 2403/2403 4158/4158
f 4133/4133 4084/4084 4164/4164
f 4133/4133 4239/4239 4084/4084
f 4134/4134 4219/4219 4128/4128
f 4135/4135 4333/4333 4074/4074
f 4136/4136 4048/4048 4122/4122
f 4137/4137 2387/2387 4217/4217
f 4137/4137 4217/4217 4119/4119
f 4137/4137 4233/4233 4203/4203
f 4138/4138 4160/4160 4070/4070
f 4138/4138 4160/4160 4155/4155
f 4139/4139 4096/4096 4105/4105
f 4139/4139 4106/4106 4086/4086
f 4139/4139 4144/4144 4106/4106
f 4140/4140 4236/4236 4132/4132
f 4140/4140 4339/4339 4299/4299
f 4141/4141 4126/4126 4153/4153
f 4142/4142 4143/4143 4175/4175
f 4142/4142 4230/4230 4235/4235
f 4142/4142 4342/4342 4143/4143
f 4143/4143 4151/4151 4175/4175
f 4144/4144 4113/4113 4141/4141
f 4144/4144 4139/4139 4150/4150
f 4144/4144 4150/4150 4119/4119
f 4145/4145 4155/4155 4053/4053
f 4146/4146 4120/4120 4155/4155
f 4146/4146 4169/4169 4138/4138
f 4147/4147 4118/4118 4154/4154
f 4147/4147 4220/4220 4191/4191
f 4147/4147 4231/4231 4180/4180
f 4148/4148 4168/4168 4173/4173
f 4149/4149 4182/4182 4232/4232
f 4149/4149 4232/4232 4223/4223
f 4150/4150 4139/4139 4130/4130
f 4150/4150 4198/4198 4119/4119
f 4151/4151 4143/4143 4406/4406
f 4151/4151 4159/4159 4192/4192
f 4151/4151 4171/4171 4175/4175
f 4151/4151 4395/4395 4159/4159
f 4152/4152 4154/4154 4182/4182
f 4152/4152 4180/4180 4154/4154
f 4152/4152 4180/4180 4182/4182
f 4152/4152 4182/4182 4180/4180
f 4152/4152 4182/4182 4224/4224
f 4153/4153 4123/4123 4141/4141
f 4153/4153 4176/4176 4218/4218
f 4153/4153 4218/4218 4128/4128
f 4154/4154 4146/4146 4112/4112
f 4154/4154 4180/4180 4182/4182
f 4154/4154 4180/4180 4228/4228
f 4154/4154 4225/4225 4182/4182
f 4155/4155 4070/4070 4053/4053
f 4155/4155 4111/4111 4138/4138
f 4155/4155 4145/4145 4112/4112
f 4156/4156 4220/4220 4147/4147
f 4156/4156 4220/4220 4191/4191
f 4157/4157 4186/4186 4241/4241
f 4158/4158 2537/2537 4148/4148
f 4159/4159 4166/4166 4192/4192
f 4160/4160 4138/4138 4070/4070
f 4160/4160 4138/4138 4098/4098
f 4161/4161 2611/2611 3931/3931
f 4161/4161 3931/3931 3881/3881
f 4161/4161 4170/4170 2418/2418
f 4162/4162 4115/4115 4188/4188
f 4162/4162 4168/4168 2507/2507
f 4163/4163 4123/4123 4128/4128
f 4165/4165 4108/4108 2542/2542
f 4165/4165 4200/4200 2173/2173
f 4165/4165 4214/4214 4200/4200
f 4166/4166 4140/4140 4227/4227
f 4166/4166 4184/4184 4192/4192
f 4167/4167 4144/4144 4141/4141
f 4168/4168 2480/2480 2507/2507
f 4168/4168 4148/4148 2559/2559
f 4168/4168 4199/4199 4173/4173
f 4170/4170 3881/3881 3486/3486
f 4170/4170 4108/4108 2473/2473
f 4170/4170 4161/4161 3881/3881
f 4171/4171 4151/4151 4192/4192
f 4171/4171 4204/4204 4175/4175
f 4172/4172 4020/4020 4025/4025
f 4172/4172 4177/4177 4020/4020
f 4174/4174 4146/4146 4193/4193
f 4174/4174 4169/4169 4146/4146
f 4174/4174 4193/4193 4223/4223
f 4174/4174 4201/4201 4169/4169
f 4176/4176 2229/2229 4218/4218
f 4176/4176 4153/4153 4126/4126
f 4176/4176 4221/4221 4238/4238
f 4177/4177 4044/4044 4020/4020
f 4177/4177 4174/4174 4215/4215
f 4177/4177 4185/4185 4044/4044
f 4177/4177 4201/4201 4174/4174
f 4178/4178 4148/4148 4173/4173
f 4178/4178 4158/4158 4148/4148
f 4180/4180 4118/4118 4114/4114
f 4180/4180 4118/4118 4154/4154
f 4180/4180 4147/4147 4231/4231
f 4180/4180 4152/4152 4118/4118
f 4180/4180 4152/4152 4154/4154
f 4180/4180 4152/4152 4224/4224
f 4180/4180 4154/4154 4182/4182
f 4180/4180 4191/4191 4114/4114
f 4180/4180 4231/4231 4112/4112
f 4180/4180 4231/4231 4191/4191
f 4180/4180 4231/4231 4228/4228
f 4181/4181 3987/3987 4545/4545
f 4181/4181 4258/4258 4306/4306
f 4182/4182 4124/4124 4224/4224
f 4182/4182 4225/4225 4232/4232
f 4183/4183 4189/4189 4230/4230
f 4183/4183 4216/4216 4188/4188
f 4183/4183 4230/4230 4175/4175
f 4184/4184 4166/4166 4227/4227
f 4184/4184 4227/4227 4192/4192
f 4185/4185 4225/4225 4044/4044
f 4186/4186 3871/3871 4209/4209
f 4186/4186 4157/4157 3878/3878
f 4186/4186 4190/4190 4226/4226
f 4187/4187 4195/4195 4163/4163
f 4187/4187 4219/4219 4213/4213
f 4187/4187 4265/4265 4195/4195
f 4187/4187 4275/4275 4265/4265
f 4187/4187 4564/4564 4033/4033
f 4189/4189 4183/4183 4211/4211
f 4189/4189 4198/4198 4235/4235
f 4189/4189 4211/4211 4203/4203
f 4190/4190 4186/4186 4209/4209
f 4190/4190 4202/4202 4226/4226
f 4190/4190 4209/4209 4202/4202
f 4191/4191 4180/4180 4118/4118
f 4194/4194 4124/4124 4224/4224
f 4194/4194 4149/4149 4124/4124
f 4194/4194 4224/4224 4124/4124
f 4195/4195 4128/4128 4163/4163
f 4195/4195 4163/4163 4128/4128
f 4195/4195 4187/4187 4033/4033
f 4195/4195 4265/4265 4187/4187
f 4196/4196 3987/3987 4181/4181
f 4196/4196 4133/4133 4164/4164
f 4197/4197 4231/4231 4145/4145
f 4197/4197 4231/4231 4220/4220
f 4198/4198 4189/4189 4203/4203
f 4198/4198 4205/4205 4235/4235
f 4198/4198 4233/4233 4119/4119
f 4199/4199 4162/4162 4188/4188
f 4199/4199 4168/4168 4162/4162
f 4199/4199 4204/4204 4173/4173
f 4200/4200 2814/2814 2173/2173
f 4200/4200 4214/4214 2814/2814
f 4201/4201 4138/4138 4169/4169
f 4201/4201 4177/4177 4212/4212
f 4201/4201 4212/4212 4138/4138
f 4202/4202 4036/4036 4179/4179
f 4202/4202 4179/4179 4226/4226
f 4204/4204 4171/4171 4192/4192
f 4204/4204 4199/4199 4188/4188
f 4204/4204 4216/4216 4175/4175
f 4204/4204 4242/4242 4173/4173
f 4205/4205 4073/4073 4117/4117
f 4205/4205 4198/4198 4150/4150
f 4206/4206 4123/4123 4195/4195
f 4206/4206 4195/4195 4033/4033
f 4207/4207 4107/4107 4122/4122
f 4208/4208 2359/2359 4238/4238
f 4208/4208 4113/4113 4119/4119
f 4208/4208 4238/4238 4141/4141
f 4209/4209 3853/3853 4202/4202
f 4210/4210 4107/4107 4157/4157
f 4210/4210 4157/4157 4241/4241
f 4211/4211 4183/4183 4188/4188
f 4212/4212 4043/4043 3982/3982
f 4212/4212 4172/4172 4043/4043
f 4212/4212 4177/4177 4172/4172
f 4213/4213 4016/4016 4275/4275
f 4214/4214 2842/2842 2814/2814
f 4214/4214 4014/4014 2842/2842
f 4214/4214 4165/4165 2423/2423
f 4215/4215 4185/4185 4177/4177
f 4215/4215 4223/4223 4185/4185
f 4216/4216 4183/4183 4175/4175
f 4216/4216 4204/4204 4188/4188
f 4217/4217 4208/4208 4119/4119
f 4218/4218 4234/4234 4128/4128
f 4219/4219 4129/4129 4213/4213
f 4219/4219 4163/4163 4128/4128
f 4219/4219 4187/4187 4163/4163
f 4220/4220 4147/4147 4191/4191
f 4220/4220 4156/4156 4147/4147
f 4220/4220 4156/4156 4191/4191
f 4220/4220 4231/4231 4191/4191
f 4221/4221 4126/4126 4141/4141
f 4221/4221 4141/4141 4238/4238
f 4221/4221 4176/4176 4126/4126
f 4222/4222 2547/2547 2270/2270
f 4222/4222 4014/4014 4214/4214
f 4222/4222 4214/4214 2519/2519
f 4222/4222 4237/4237 3997/3997
f 4223/4223 4193/4193 4110/4110
f 4223/4223 4215/4215 4174/4174
f 4223/4223 4225/4225 4185/4185
f 4224/4224 4152/4152 4180/4180
f 4224/4224 4194/4194 4124/4124
f 4224/4224 4240/4240 3859/3859
f 4225/4225 4121/4121 4006/4006
f 4226/4226 4127/4127 4136/4136
f 4227/4227 4132/4132 4158/4158
f 4227/4227 4140/4140 4132/4132
f 4227/4227 4158/4158 4178/4178
f 4227/4227 4178/4178 4173/4173
f 4227/4227 4242/4242 4192/4192
f 4228/4228 4013/4013 4121/4121
f 4228/4228 4197/4197 4031/4031
f 4228/4228 4225/4225 4154/4154
f 4229/4229 4118/4118 4224/4224
f 4229/4229 4124/4124 4154/4154
f 4230/4230 4142/4142 4175/4175
f 4230/4230 4189/4189 4235/4235
f 4231/4231 4112/4112 4145/4145
f 4231/4231 4147/4147 4112/4112
f 4231/4231 4147/4147 4180/4180
f 4231/4231 4147/4147 4191/4191
f 4231/4231 4180/4180 4112/4112
f 4231/4231 4180/4180 4191/4191
f 4231/4231 4197/4197 4220/4220
f 4231/4231 4197/4197 4228/4228
f 4231/4231 4220/4220 4147/4147
f 4232/4232 4225/4225 4223/4223
f 4233/4233 4137/4137 4119/4119
f 4233/4233 4198/4198 4203/4203
f 4234/4234 4129/4129 4134/4134
f 4234/4234 4134/4134 4128/4128
f 4234/4234 4218/4218 2317/2317
f 4236/4236 2272/2272 4132/4132
f 4236/4236 4140/4140 4299/4299
f 4237/4237 2270/2270 2468/2468
f 4237/4237 4089/4089 3997/3997
f 4237/4237 4222/4222 2270/2270
f 4239/4239 4133/4133 4196/4196
f 4239/4239 4181/4181 4306/4306
f 4239/4239 4196/4196 4181/4181
f 4239/4239 4300/4300 4333/4333
f 4239/4239 4333/4333 4135/4135
f 4240/4240 3854/3854 3859/3859
f 4240/4240 4224/4224 3854/3854
f 4240/4240 4224/4224 4114/4114
f 4241/4241 4136/4136 4122/4122
f 4241/4241 4186/4186 4226/4226
f 4241/4241 4226/4226 4136/4136
f 4242/4242 4204/4204 4192/4192
f 4242/4242 4227/4227 4173/4173
f 4244/4244 4253/4253 4393/4393
f 4244/4244 4329/4329 4591/4591
f 4245/4245 4255/4255 4260/4260
f 4245/4245 4326/4326 4569/4569
f 4246/4246 4310/4310 4352/4352
f 4246/4246 4410/4410 4559/4559
f 4246/4246 4559/4559 4542/4542
f 4247/4247 4288/4288 4276/4276
f 4247/4247 4328/4328 4260/4260
f 4249/4249 1936/1936 4865/4865
f 4249/4249 4865/4865 4777/4777
f 4251/4251 4377/4377 4267/4267
f 4252/4252 4282/4282 4330/4330
f 4252/4252 4558/4558 4282/4282
f 4253/4253 4244/4244 4591/4591
f 4253/4253 4393/4393 4573/4573
f 4253/4253 4601/4601 4393/4393
f 4254/4254 4294/4294 4298/4298
f 4254/4254 4538/4538 4273/4273
f 4255/4255 4245/4245 4555/4555
f 4255/4255 4247/4247 4260/4260
f 4255/4255 4288/4288 4247/4247
f 4255/4255 4519/4519 4288/4288
f 4256/4256 4282/4282 4391/4391
f 4256/4256 4289/4289 4394/4394
f 4256/4256 4391/4391 4289/4289
f 4256/4256 4394/4394 4282/4282
f 4257/4257 4246/4246 4542/4542
f 4257/4257 4310/4310 4246/4246
f 4258/4258 4181/4181 4545/4545
f 4258/4258 4293/4293 4311/4311
f 4259/4259 1911/1911 4243/4243
f 4259/4259 4312/4312 4260/4260
f 4259/4259 4313/4313 1911/1911
f 4260/4260 4312/4312 4379/4379
f 4261/4261 4413/4413 4579/4579
f 4262/4262 4274/4274 4320/4320
f 4262/4262 4374/4374 4250/4250
f 4263/4263 4293/4293 4311/4311
f 4263/4263 4306/4306 4293/4293
f 4263/4263 4311/4311 4362/4362
f 4263/4263 4380/4380 4333/4333
f 4264/4264 4314/4314 4388/4388
f 4264/4264 4388/4388 4343/4343
f 4265/4265 4564/4564 4187/4187
f 4267/4267 4308/4308 4291/4291
f 4267/4267 4336/4336 4308/4308
f 4267/4267 4497/4497 4336/4336
f 4268/4268 4352/4352 4403/4403
f 4268/4268 4403/4403 4278/4278
f 4269/4269 4549/4549 4553/4553
f 4270/4270 4323/4323 4582/4582
f 4271/4271 4344/4344 4307/4307
f 4272/4272 4321/4321 4250/4250
f 4272/4272 4410/4410 4321/4321
f 4274/4274 4285/4285 4320/4320
f 4274/4274 4305/4305 4307/4307
f 4275/4275 4187/4187 4213/4213
f 4278/4278 1822/1822 1848/1848
f 4278/4278 1848/1848 1751/1751
f 4279/4279 1845/1845 4319/4319
f 4279/4279 4319/4319 4286/4286
f 4279/4279 4404/4404 4269/4269
f 4280/4280 4257/4257 4533/4533
f 4280/4280 4316/4316 4257/4257
f 4281/4281 4317/4317 4284/4284
f 4281/4281 4331/4331 4368/4368
f 4281/4281 4389/4389 4348/4348
f 4281/4281 4402/4402 4266/4266
f 4282/4282 4394/4394 4330/4330
f 4282/4282 4492/4492 4391/4391
f 4283/4283 4292/4292 4268/4268
f 4283/4283 4411/4411 4271/4271
f 4284/4284 4317/4317 4273/4273
f 4285/4285 4274/4274 4307/4307
f 4285/4285 4325/4325 4320/4320
f 4285/4285 4418/4418 4251/4251
f 4287/4287 4338/4338 4243/4243
f 4288/4288 4415/4415 4276/4276
f 4289/4289 4315/4315 4301/4301
f 4290/4290 4438/4438 4600/4600
f 4291/4291 4251/4251 4267/4267
f 4291/4291 4325/4325 4251/4251
f 4291/4291 4336/4336 4345/4345
f 4292/4292 4262/4262 4250/4250
f 4292/4292 4283/4283 4271/4271
f 4292/4292 4321/4321 4268/4268
f 4293/4293 4258/4258 4311/4311
f 4293/4293 4440/4440 4362/4362
f 4293/4293 4545/4545 4616/4616
f 4293/4293 4616/4616 4429/4429
f 4294/4294 4254/4254 4273/4273
f 4294/4294 4264/4264 4298/4298
f 4294/4294 4303/4303 4264/4264
f 4294/4294 4365/4365 4303/4303
f 4295/4295 4332/4332 4413/4413
f 4295/4295 4335/4335 4367/4367
f 4295/4295 4361/4361 4319/4319
f 4295/4295 4398/4398 4361/4361
f 4295/4295 4413/4413 4398/4398
f 4296/4296 2147/2147 1727/1727
f 4297/4297 4285/4285 4307/4307
f 4298/4298 4264/4264 4343/4343
f 4299/4299 4339/4339 4266/4266
f 4300/4300 4239/4239 4306/4306
f 4300/4300 4263/4263 4333/4333
f 4300/4300 4306/4306 4263/4263
f 4301/4301 4369/4369 4394/4394
f 4302/4302 4309/4309 4360/4360
f 4302/4302 4370/4370 4539/4539
f 4302/4302 4526/4526 4512/4512
f 4302/4302 4539/4539 4275/4275
f 4303/4303 4353/4353 4264/4264
f 4304/4304 103/103 4819/4819
f 4304/4304 2029/2029 3/3
f 4304/4304 2094/2094 2029/2029
f 4304/4304 2147/2147 4296/4296
f 4304/4304 4296/4296 1727/1727
f 4305/4305 4262/4262 4292/4292
f 4305/4305 4274/4274 4262/4262
f 4305/4305 4292/4292 4271/4271
f 4306/4306 4258/4258 4293/4293
f 4307/4307 4305/4305 4271/4271
f 4307/4307 4344/4344 4297/4297
f 4308/4308 4336/4336 4291/4291
f 4309/4309 4302/4302 4512/4512
f 4309/4309 4349/4349 4360/4360
f 4310/4310 4316/4316 4338/4338
f 4310/4310 4338/4338 4352/4352
f 4311/4311 4293/4293 4362/4362
f 4312/4312 4259/4259 4243/4243
f 4312/4312 4322/4322 4357/4357
f 4312/4312 4357/4357 4379/4379
f 4313/4313 4259/4259 4260/4260
f 4313/4313 4328/4328 2053/2053
f 4314/4314 4324/4324 4355/4355
f 4314/4314 4355/4355 4388/4388
f 4315/4315 4289/4289 4277/4277
f 4315/4315 4323/4323 4270/4270
f 4315/4315 4369/4369 4301/4301
f 4315/4315 4884/4884 4842/4842
f 4316/4316 4280/4280 4533/4533
f 4316/4316 4310/4310 4257/4257
f 4316/4316 4326/4326 4357/4357
f 4317/4317 4281/4281 4348/4348
f 4317/4317 4327/4327 4273/4273
f 4317/4317 4348/4348 4334/4334
f 4318/4318 4309/4309 4512/4512
f 4318/4318 4329/4329 4349/4349
f 4318/4318 4349/4349 4309/4309
f 4320/4320 4374/4374 4262/4262
f 4321/4321 4246/4246 4352/4352
f 4321/4321 4292/4292 4250/4250
f 4321/4321 4352/4352 4268/4268
f 4322/4322 4312/4312 4243/4243
f 4322/4322 4366/4366 4357/4357
f 4323/4323 4315/4315 4277/4277
f 4323/4323 4590/4590 4582/4582
f 4324/4324 4295/4295 4367/4367
f 4324/4324 4314/4314 4347/4347
f 4324/4324 4332/4332 4295/4295
f 4324/4324 4367/4367 4355/4355
f 4325/4325 4285/4285 4251/4251
f 4325/4325 4291/4291 4345/4345
f 4325/4325 4356/4356 4320/4320
f 4326/4326 4245/4245 4357/4357
f 4326/4326 4316/4316 4533/4533
f 4326/4326 4533/4533 4569/4569
f 4327/4327 4294/4294 4273/4273
f 4327/4327 4317/4317 4334/4334
f 4328/4328 2008/2008 2053/2053
f 4328/4328 4247/4247 4276/4276
f 4328/4328 4313/4313 4260/4260
f 4329/4329 4244/4244 4407/4407
f 4329/4329 4318/4318 4552/4552
f 4329/4329 4337/4337 4349/4349
f 4329/4329 4550/4550 4591/4591
f 4330/4330 4363/4363 4207/4207
f 4330/4330 4558/4558 4252/4252
f 4331/4331 4281/4281 4284/4284
f 4331/4331 4577/4577 4368/4368
f 4332/4332 4324/4324 4347/4347
f 4332/4332 4347/4347 4390/4390
f 4332/4332 4376/4376 4413/4413
f 4333/4333 4453/4453 4074/4074
f 4334/4334 4348/4348 4431/4431
f 4334/4334 4365/4365 4327/4327
f 4334/4334 4431/4431 4382/4382
f 4335/4335 1538/1538 4367/4367
f 4335/4335 1649/1649 1538/1538
f 4335/4335 4295/4295 4319/4319
f 4336/4336 4460/4460 4448/4448
f 4337/4337 4329/4329 4407/4407
f 4338/4338 4287/4287 4414/4414
f 4338/4338 4316/4316 4366/4366
f 4338/4338 4366/4366 4243/4243
f 4338/4338 4414/4414 4403/4403
f 4339/4339 4140/4140 4166/4166
f 4339/4339 4373/4373 4348/4348
f 4339/4339 4389/4389 4266/4266
f 4340/4340 4346/4346 4372/4372
f 4340/4340 4417/4417 4481/4481
f 4340/4340 4427/4427 4417/4417
f 4340/4340 4468/4468 4506/4506
f 4340/4340 4506/4506 4346/4346
f 4341/4341 1628/1628 4377/4377
f 4341/4341 4344/4344 1628/1628
f 4341/4341 4418/4418 4297/4297
f 4342/4342 4390/4390 4406/4406
f 4342/4342 4406/4406 4143/4143
f 4344/4344 1609/1609 1628/1628
f 4344/4344 4341/4341 4297/4297
f 4345/4345 4336/4336 4448/4448
f 4346/4346 4409/4409 4372/4372
f 4348/4348 4373/4373 4431/4431
f 4349/4349 4337/4337 4381/4381
f 4349/4349 4375/4375 4412/4412
f 4350/4350 4131/4131 4073/4073
f 4350/4350 4342/4342 4142/4142
f 4350/4350 4502/4502 4359/4359
f 4351/4351 4364/4364 4393/4393
f 4351/4351 4474/4474 4496/4496
f 4352/4352 4338/4338 4403/4403
f 4353/4353 4314/4314 4264/4264
f 4353/4353 4390/4390 4314/4314
f 4353/4353 4406/4406 4390/4390
f 4354/4354 4364/4364 4507/4507
f 4354/4354 4381/4381 4337/4337
f 4354/4354 4507/4507 4432/4432
f 4355/4355 1568/1568 4388/4388
f 4356/4356 4325/4325 4345/4345
f 4356/4356 4345/4345 4448/4448
f 4356/4356 4371/4371 4320/4320
f 4356/4356 4375/4375 4381/4381
f 4356/4356 4436/4436 4375/4375
f 4357/4357 4245/4245 4379/4379
f 4358/4358 4404/4404 4398/4398
f 4358/4358 4409/4409 4346/4346
f 4360/4360 4349/4349 4412/4412
f 4361/4361 4419/4419 4319/4319
f 4362/4362 4440/4440 4490/4490
f 4363/4363 4107/4107 4207/4207
f 4363/4363 4330/4330 4394/4394
f 4363/4363 4401/4401 4107/4107
f 4364/4364 4351/4351 4496/4496
f 4364/4364 4354/4354 4407/4407
f 4365/4365 4294/4294 4327/4327
f 4365/4365 4353/4353 4303/4303
f 4365/4365 4406/4406 4353/4353
f 4366/4366 4316/4316 4357/4357
f 4366/4366 4322/4322 4243/4243
f 4369/4369 4315/4315 4821/4821
f 4369/4369 4401/4401 4363/4363
f 4369/4369 4821/4821 4812/4812
f 4370/4370 4302/4302 4360/4360
f 4370/4370 4360/4360 4412/4412
f 4370/4370 4405/4405 4421/4421
f 4370/4370 4483/4483 4539/4539
f 4371/4371 4356/4356 4432/4432
f 4371/4371 4374/4374 4320/4320
f 4373/4373 4166/4166 4159/4159
f 4373/4373 4339/4339 4166/4166
f 4374/4374 4371/4371 4432/4432
f 4374/4374 4386/4386 4250/4250
f 4374/4374 4507/4507 4496/4496
f 4375/4375 4349/4349 4381/4381
f 4375/4375 4436/4436 4412/4412
f 4376/4376 4332/4332 4390/4390
f 4376/4376 4342/4342 4350/4350
f 4376/4376 4350/4350 4359/4359
f 4377/4377 1628/1628 1787/1787
f 4377/4377 1787/1787 4385/4385
f 4377/4377 4385/4385 4267/4267
f 4378/4378 4351/4351 4393/4393
f 4378/4378 4601/4601 4290/4290
f 4379/4379 4245/4245 4260/4260
f 4380/4380 4263/4263 4447/4447
f 4381/4381 4354/4354 4432/4432
f 4382/4382 4395/4395 4334/4334
f 4382/4382 4431/4431 4159/4159
f 4383/4383 4506/4506 4269/4269
f 4384/4384 4268/4268 4278/4278
f 4384/4384 4278/4278 1751/1751
f 4384/4384 4411/4411 4268/4268
f 4385/4385 4609/4609 4267/4267
f 4386/4386 4374/4374 4496/4496
f 4386/4386 4410/4410 4250/4250
f 4387/4387 4336/4336 4497/4497
f 4387/4387 4459/4459 4421/4421
f 4388/4388 1758/1758 4343/4343
f 4388/4388 1758/1758 4355/4355
f 4389/4389 4281/4281 4266/4266
f 4389/4389 4339/4339 4348/4348
f 4390/4390 4342/4342 4376/4376
f 4390/4390 4347/4347 4314/4314
f 4391/4391 4492/4492 4408/4408
f 4392/4392 4340/4340 4372/4372
f 4392/4392 4427/4427 4340/4340
f 4393/4393 4253/4253 4573/4573
f 4393/4393 4364/4364 4407/4407
f 4394/4394 4289/4289 4301/4301
f 4394/4394 4369/4369 4363/4363
f 4395/4395 4151/4151 4406/4406
f 4395/4395 4365/4365 4334/4334
f 4395/4395 4382/4382 4159/4159
f 4395/4395 4406/4406 4365/4365
f 4396/4396 4277/4277 4289/4289
f 4396/4396 4289/4289 4408/4408
f 4396/4396 4440/4440 4590/4590
f 4396/4396 4590/4590 4277/4277
f 4397/4397 1684/1684 1731/1731
f 4397/4397 4344/4344 4271/4271
f 4398/4398 4413/4413 4261/4261
f 4399/4399 4387/4387 4497/4497
f 4399/4399 4417/4417 4503/4503
f 4399/4399 4459/4459 4387/4387
f 4399/4399 4459/4459 4491/4491
f 4399/4399 4481/4481 4417/4417
f 4400/4400 4263/4263 4362/4362
f 4400/4400 4362/4362 4490/4490
f 4401/4401 4157/4157 4107/4107
f 4401/4401 4774/4774 4157/4157
f 4402/4402 1696/1696 4266/4266
f 4402/4402 4281/4281 4368/4368
f 4403/4403 4287/4287 4278/4278
f 4404/4404 4279/4279 4419/4419
f 4404/4404 4346/4346 4383/4383
f 4404/4404 4358/4358 4346/4346
f 4404/4404 4361/4361 4398/4398
f 4404/4404 4383/4383 4269/4269
f 4404/4404 4419/4419 4286/4286
f 4404/4404 4419/4419 4361/4361
f 4405/4405 4370/4370 4412/4412
f 4405/4405 4460/4460 4421/4421
f 4407/4407 4244/4244 4393/4393
f 4407/4407 4354/4354 4337/4337
f 4408/4408 4289/4289 4391/4391
f 4408/4408 4478/4478 4396/4396
f 4409/4409 4358/4358 4398/4398
f 4409/4409 4455/4455 4372/4372
f 4409/4409 4592/4592 4455/4455
f 4410/4410 4246/4246 4321/4321
f 4410/4410 4272/4272 4250/4250
f 4410/4410 4386/4386 4496/4496
f 4410/4410 4474/4474 4559/4559
f 4411/4411 1684/1684 4397/4397
f 4411/4411 4283/4283 4268/4268
f 4411/4411 4384/4384 1751/1751
f 4411/4411 4397/4397 4271/4271
f 4413/4413 4248/4248 4295/4295
f 4413/4413 4295/4295 4248/4248
f 4413/4413 4376/4376 4359/4359
f 4413/4413 4536/4536 4579/4579
f 4414/4414 4287/4287 4403/4403
f 4415/4415 4763/4763 4276/4276
f 4416/4416 4249/4249 4777/4777
f 4416/4416 4777/4777 228/228
f 4418/4418 4285/4285 4297/4297
f 4418/4418 4341/4341 4377/4377
f 4418/4418 4377/4377 4251/4251
f 4419/4419 4279/4279 4286/4286
f 4419/4419 4286/4286 4319/4319
f 4419/4419 4404/4404 4286/4286
f 4420/4420 4458/4458 4594/4594
f 4420/4420 4484/4484 4511/4511
f 4420/4420 4594/4594 4612/4612
f 4422/4422 4438/4438 4443/4443
f 4422/4422 4469/4469 4611/4611
f 4423/4423 4488/4488 4437/4437
f 4423/4423 4565/4565 4553/4553
f 4424/4424 1228/1228 1353/1353
f 4424/4424 4464/4464 1228/1228
f 4424/4424 4588/4588 4567/4567
f 4425/4425 4463/4463 4616/4616
f 4425/4425 4551/4551 4613/4613
f 4426/4426 2740/2740 1352/1352
f 4426/4426 4068/4068 4062/4062
f 4426/4426 4077/4077 2740/2740
f 4426/4426 4563/4563 4077/4077
f 4427/4427 4392/4392 4441/4441
f 4427/4427 4441/4441 4614/4614
f 4427/4427 4503/4503 4417/4417
f 4427/4427 4513/4513 4503/4503
f 4428/4428 1328/1328 1511/1511
f 4428/4428 1511/1511 4368/4368
f 4428/4428 4577/4577 4589/4589
f 4430/4430 4078/4078 4082/4082
f 4430/4430 4494/4494 4500/4500
f 4431/4431 4373/4373 4159/4159
f 4432/4432 4356/4356 4381/4381
f 4433/4433 4478/4478 4449/4449
f 4434/4434 4620/4620 4042/4042
f 4435/4435 4420/4420 4612/4612
f 4435/4435 4547/4547 4593/4593
f 4436/4436 4356/4356 4448/4448
f 4436/4436 4448/4448 4412/4412
f 4437/4437 4609/4609 4567/4567
f 4438/4438 4422/4422 4611/4611
f 4438/4438 4434/4434 4443/4443
f 4438/4438 4475/4475 4434/4434
f 4439/4439 4030/4030 4585/4585
f 4439/4439 4049/4049 4030/4030
f 4439/4439 4445/4445 4499/4499
f 4439/4439 4473/4473 4466/4466
f 4440/4440 4293/4293 4429/4429
f 4440/4440 4396/4396 4490/4490
f 4440/4440 4429/4429 4590/4590
f 4441/4441 4392/4392 4372/4372
f 4442/4442 4263/4263 4400/4400
f 4442/4442 4400/4400 4490/4490
f 4443/4443 4450/4450 4477/4477
f 4444/4444 4425/4425 4472/4472
f 4444/4444 4472/4472 4093/4093
f 4445/4445 4082/4082 4499/4499
f 4445/4445 4430/4430 4082/4082
f 4445/4445 4439/4439 4494/4494
f 4445/4445 4494/4494 4430/4430
f 4446/4446 4498/4498 4589/4589
f 4446/4446 4577/4577 4486/4486
f 4447/4447 4263/4263 4442/4442
f 4447/4447 4442/4442 4581/4581
f 4447/4447 4508/4508 4380/4380
f 4448/4448 4460/4460 4412/4412
f 4449/4449 4492/4492 4482/4482
f 4449/4449 4531/4531 4607/4607
f 4449/4449 4607/4607 4433/4433
f 4450/4450 4443/4443 4595/4595
f 4450/4450 4469/4469 4477/4477
f 4450/4450 4598/4598 4461/4461
f 4451/4451 4095/4095 3989/3989
f 4451/4451 4504/4504 4095/4095
f 4451/4451 4510/4510 4457/4457
f 4451/4451 4586/4586 4510/4510
f 4452/4452 4486/4486 4476/4476
f 4452/4452 4498/4498 4486/4486
f 4453/4453 4057/4057 4074/4074
f 4453/4453 4333/4333 4380/4380
f 4453/4453 4508/4508 4067/4067
f 4454/4454 1261/1261 4619/4619
f 4454/4454 4606/4606 4470/4470
f 4455/4455 4441/4441 4372/4372
f 4455/4455 4592/4592 4441/4441
f 4456/4456 4435/4435 4593/4593
f 4456/4456 4469/4469 4493/4493
f 4458/4458 4420/4420 4511/4511
f 4458/4458 4742/4742 4594/4594
f 4459/4459 4399/4399 4491/4491
f 4459/4459 4399/4399 4503/4503
f 4459/4459 4491/4491 4421/4421
f 4460/4460 4336/4336 4387/4387
f 4460/4460 4387/4387 4421/4421
f 4460/4460 4405/4405 4412/4412
f 4461/4461 4435/4435 4493/4493
f 4461/4461 4608/4608 4471/4471
f 4462/4462 4452/4452 4476/4476
f 4462/4462 4501/4501 4467/4467
f 4463/4463 4425/4425 4572/4572
f 4463/4463 4572/4572 4429/4429
f 4464/4464 4385/4385 1749/1749
f 4464/4464 4424/4424 4567/4567
f 4464/4464 4609/4609 4385/4385
f 4465/4465 4046/4046 4082/4082
f 4465/4465 4504/4504 4457/4457
f 4465/4465 4610/4610 4018/4018
f 4467/4467 4606/4606 4619/4619
f 4468/4468 4340/4340 4481/4481
f 4468/4468 4481/4481 4423/4423
f 4469/4469 4422/4422 4477/4477
f 4469/4469 4456/4456 4593/4593
f 4469/4469 4580/4580 4611/4611
f 4470/4470 4617/4617 4343/4343
f 4471/4471 4435/4435 4461/4461
f 4471/4471 4515/4515 4435/4435
f 4472/4472 4425/4425 4485/4485
f 4472/4472 4485/4485 4093/4093
f 4473/4473 4439/4439 4499/4499
f 4473/4473 4487/4487 4100/4100
f 4474/4474 4351/4351 4378/4378
f 4474/4474 4378/4378 4290/4290
f 4474/4474 4410/4410 4496/4496
f 4477/4477 4422/4422 4443/4443
f 4478/4478 4490/4490 4396/4396
f 4478/4478 4492/4492 4449/4449
f 4479/4479 4425/4425 4444/4444
f 4479/4479 4489/4489 4425/4425
f 4480/4480 4462/4462 4467/4467
f 4480/4480 4521/4521 4509/4509
f 4481/4481 4488/4488 4417/4417
f 4482/4482 4492/4492 4537/4537
f 4482/4482 4531/4531 4449/4449
f 4483/4483 4370/4370 4421/4421
f 4483/4483 4491/4491 4539/4539
f 4484/4484 4527/4527 4511/4511
f 4485/4485 4425/4425 4616/4616
f 4485/4485 4575/4575 4616/4616
f 4485/4485 4616/4616 4532/4532
f 4486/4486 4514/4514 4476/4476
f 4487/4487 4094/4094 4100/4100
f 4487/4487 4453/4453 4094/4094
f 4488/4488 4399/4399 4497/4497
f 4488/4488 4423/4423 4481/4481
f 4488/4488 4481/4481 4399/4399
f 4488/4488 4481/4481 4417/4417
f 4488/4488 4609/4609 4437/4437
f 4489/4489 4479/4479 4701/4701
f 4489/4489 4551/4551 4425/4425
f 4489/4489 4691/4691 4684/4684
f 4490/4490 4433/4433 4442/4442
f 4490/4490 4478/4478 4433/4433
f 4491/4491 4459/4459 4503/4503
f 4491/4491 4483/4483 4421/4421
f 4491/4491 4524/4524 4539/4539
f 4492/4492 4478/4478 4408/4408
f 4492/4492 4602/4602 4537/4537
f 4493/4493 4435/4435 4456/4456
f 4493/4493 4469/4469 4505/4505
f 4493/4493 4505/4505 4461/4461
f 4494/4494 4439/4439 4541/4541
f 4495/4495 4465/4465 4457/4457
f 4495/4495 4510/4510 4531/4531
f 4495/4495 4531/4531 4482/4482
f 4495/4495 4610/4610 4465/4465
f 4497/4497 4267/4267 4609/4609
f 4497/4497 4609/4609 4488/4488
f 4498/4498 4446/4446 4486/4486
f 4498/4498 4452/4452 4462/4462
f 4498/4498 4546/4546 4589/4589
f 4499/4499 4082/4082 4059/4059
f 4501/4501 4462/4462 4476/4476
f 4501/4501 4538/4538 4467/4467
f 4502/4502 4073/4073 4005/4005
f 4502/4502 4073/4073 4359/4359
f 4502/4502 4350/4350 4073/4073
f 4502/4502 4536/4536 4359/4359
f 4504/4504 4451/4451 4457/4457
f 4504/4504 4465/4465 4082/4082
f 4505/4505 4450/4450 4461/4461
f 4505/4505 4469/4469 4450/4450
f 4506/4506 4383/4383 4346/4346
f 4506/4506 4423/4423 4553/4553
f 4506/4506 4468/4468 4423/4423
f 4506/4506 4549/4549 4269/4269
f 4507/4507 4364/4364 4496/4496
f 4507/4507 4374/4374 4432/4432
f 4508/4508 4447/4447 4581/4581
f 4508/4508 4453/4453 4380/4380
f 4508/4508 4517/4517 4067/4067
f 4509/4509 4462/4462 4480/4480
f 4509/4509 4498/4498 4462/4462
f 4509/4509 4688/4688 4718/4718
f 4510/4510 4495/4495 4457/4457
f 4513/4513 4491/4491 4503/4503
f 4513/4513 4574/4574 4587/4587
f 4513/4513 4614/4614 4574/4574
f 4514/4514 4284/4284 4273/4273
f 4514/4514 4528/4528 4476/4476
f 4514/4514 4577/4577 4284/4284
f 4515/4515 4527/4527 4435/4435
f 4516/4516 4525/4525 4576/4576
f 4517/4517 4534/4534 4067/4067
f 4518/4518 4563/4563 4591/4591
f 4518/4518 4591/4591 4621/4621
f 4519/4519 4540/4540 4594/4594
f 4519/4519 4696/4696 4288/4288
f 4520/4520 4566/4566 4592/4592
f 4520/4520 4592/4592 4579/4579
f 4521/4521 1011/1011 4562/4562
f 4521/4521 4467/4467 4619/4619
f 4521/4521 4480/4480 4467/4467
f 4521/4521 4562/4562 4688/4688
f 4521/4521 4688/4688 4509/4509
f 4522/4522 4016/4016 3994/3994
f 4522/4522 4530/4530 4583/4583
f 4523/4523 4555/4555 4569/4569
f 4524/4524 4491/4491 4513/4513
f 4524/4524 4564/4564 4275/4275
f 4525/4525 4516/4516 4572/4572
f 4526/4526 4302/4302 4570/4570
f 4526/4526 4570/4570 4512/4512
f 4527/4527 2799/2799 2828/2828
f 4527/4527 3993/3993 2799/2799
f 4527/4527 4012/4012 2777/2777
f 4527/4527 4420/4420 4435/4435
f 4527/4527 4484/4484 4420/4420
f 4527/4527 4560/4560 4511/4511
f 4528/4528 4514/4514 4273/4273
f 4528/4528 4538/4538 4476/4476
f 4529/4529 4573/4573 4591/4591
f 4530/4530 4522/4522 3994/3994
f 4530/4530 4548/4548 4583/4583
f 4533/4533 4257/4257 4542/4542
f 4533/4533 4523/4523 4569/4569
f 4533/4533 4580/4580 4523/4523
f 4534/4534 4517/4517 4581/4581
f 4534/4534 4571/4571 4578/4578
f 4534/4534 4578/4578 4022/4022
f 4534/4534 4581/4581 4571/4571
f 4536/4536 4413/4413 4359/4359
f 4536/4536 4502/4502 4005/4005
f 4536/4536 4520/4520 4579/4579
f 4537/4537 4495/4495 4482/4482
f 4537/4537 4610/4610 4495/4495
f 4538/4538 4254/4254 4298/4298
f 4538/4538 4501/4501 4476/4476
f 4538/4538 4528/4528 4273/4273
f 4538/4538 4606/4606 4467/4467
f 4539/4539 4524/4524 4275/4275
f 4540/4540 4255/4255 4555/4555
f 4540/4540 4519/4519 4255/4255
f 4540/4540 4555/4555 4612/4612
f 4540/4540 4612/4612 4594/4594
f 4541/4541 4439/4439 4585/4585
f 4541/4541 4557/4557 4494/4494
f 4541/4541 4603/4603 4557/4557
f 4542/4542 4559/4559 4611/4611
f 4543/4543 4605/4605 4604/4604
f 4544/4544 3985/3985 4033/4033
f 4545/4545 3987/3987 4532/4532
f 4545/4545 4293/4293 4258/4258
f 4546/4546 921/921 4589/4589
f 4546/4546 4498/4498 4726/4726
f 4547/4547 4435/4435 4612/4612
f 4547/4547 4555/4555 4523/4523
f 4548/4548 4090/4090 4556/4556
f 4548/4548 4530/4530 3994/3994
f 4548/4548 4556/4556 4621/4621
f 4548/4548 4597/4597 4583/4583
f 4548/4548 4621/4621 4597/4597
f 4549/4549 4506/4506 4553/4553
f 4550/4550 4329/4329 4552/4552
f 4551/4551 4489/4489 4684/4684
f 4551/4551 4576/4576 4618/4618
f 4551/4551 4618/4618 4572/4572
f 4551/4551 4655/4655 4576/4576
f 4552/4552 4318/4318 4512/4512
f 4554/4554 4003/4003 4599/4599
f 4555/4555 4245/4245 4569/4569
f 4555/4555 4547/4547 4596/4596
f 4555/4555 4596/4596 4612/4612
f 4556/4556 4563/4563 4621/4621
f 4557/4557 4020/4020 3976/3976
f 4557/4557 4072/4072 4500/4500
f 4557/4557 4500/4500 4494/4494
f 4557/4557 4603/4603 4020/4020
f 4558/4558 3978/3978 4018/4018
f 4558/4558 4602/4602 4282/4282
f 4558/4558 4610/4610 4537/4537
f 4559/4559 4290/4290 4600/4600
f 4559/4559 4474/4474 4290/4290
f 4559/4559 4600/4600 4611/4611
f 4560/4560 4527/4527 2828/2828
f 4560/4560 4668/4668 4511/4511
f 4561/4561 4605/4605 4574/4574
f 4562/4562 873/873 4688/4688
f 4563/4563 4426/4426 4062/4062
f 4563/4563 4518/4518 4621/4621
f 4563/4563 4529/4529 4591/4591
f 4563/4563 4556/4556 4077/4077
f 4563/4563 4584/4584 4529/4529
f 4564/4564 4265/4265 4275/4275
f 4564/4564 4524/4524 4587/4587
f 4564/4564 4587/4587 4033/4033
f 4565/4565 1179/1179 4553/4553
f 4565/4565 4423/4423 4437/4437
f 4566/4566 4039/4039 4615/4615
f 4566/4566 4615/4615 4604/4604
f 4568/4568 4607/4607 4531/4531
f 4570/4570 4302/4302 4275/4275
f 4570/4570 4522/4522 4583/4583
f 4570/4570 4583/4583 4512/4512
f 4571/4571 4442/4442 4433/4433
f 4571/4571 4607/4607 4578/4578
f 4572/4572 4425/4425 4613/4613
f 4572/4572 4516/4516 4590/4590
f 4572/4572 4613/4613 4551/4551
f 4573/4573 4253/4253 4591/4591
f 4575/4575 4485/4485 4616/4616
f 4576/4576 4525/4525 4572/4572
f 4576/4576 4572/4572 4618/4618
f 4577/4577 4331/4331 4284/4284
f 4577/4577 4428/4428 4368/4368
f 4577/4577 4446/4446 4589/4589
f 4577/4577 4514/4514 4486/4486
f 4578/4578 4554/4554 4599/4599
f 4578/4578 4607/4607 4554/4554
f 4579/4579 4398/4398 4261/4261
f 4579/4579 4592/4592 4398/4398
f 4580/4580 4469/4469 4593/4593
f 4580/4580 4533/4533 4611/4611
f 4580/4580 4593/4593 4523/4523
f 4581/4581 4442/4442 4571/4571
f 4581/4581 4517/4517 4508/4508
f 4582/4582 4516/4516 4576/4576
f 4582/4582 4576/4576 4626/4626
f 4582/4582 4636/4636 4270/4270
f 4583/4583 4597/4597 4512/4512
f 4584/4584 4563/4563 4062/4062
f 4584/4584 4620/4620 4529/4529
f 4586/4586 3983/3983 4568/4568
f 4586/4586 4451/4451 3989/3989
f 4586/4586 4531/4531 4510/4510
f 4586/4586 4568/4568 4531/4531
f 4587/4587 4524/4524 4513/4513
f 4587/4587 4544/4544 4033/4033
f 4588/4588 4437/4437 4567/4567
f 4588/4588 4565/4565 4437/4437
f 4590/4590 4323/4323 4277/4277
f 4590/4590 4429/4429 4572/4572
f 4590/4590 4516/4516 4582/4582
f 4591/4591 4550/4550 4621/4621
f 4592/4592 4409/4409 4398/4398
f 4592/4592 4566/4566 4604/4604
f 4592/4592 4604/4604 4441/4441
f 4593/4593 4547/4547 4523/4523
f 4595/4595 4443/4443 4035/4035
f 4596/4596 4547/4547 4612/4612
f 4597/4597 4552/4552 4512/4512
f 4597/4597 4621/4621 4552/4552
f 4598/4598 4450/4450 4021/4021
f 4598/4598 4608/4608 4461/4461
f 4599/4599 4003/4003 4578/4578
f 4600/4600 4438/4438 4611/4611
f 4601/4601 4253/4253 4573/4573
f 4601/4601 4378/4378 4393/4393
f 4601/4601 4438/4438 4290/4290
f 4601/4601 4475/4475 4438/4438
f 4601/4601 4573/4573 4529/4529
f 4601/4601 4620/4620 4475/4475
f 4602/4602 4492/4492 4282/4282
f 4602/4602 4558/4558 4537/4537
f 4603/4603 4000/4000 4025/4025
f 4603/4603 4025/4025 4020/4020
f 4603/4603 4541/4541 4585/4585
f 4604/4604 4615/4615 4543/4543
f 4605/4605 4543/4543 4615/4615
f 4605/4605 4544/4544 4587/4587
f 4605/4605 4561/4561 4614/4614
f 4605/4605 4587/4587 4574/4574
f 4605/4605 4614/4614 4604/4604
f 4606/4606 4454/4454 4619/4619
f 4606/4606 4538/4538 4298/4298
f 4606/4606 4617/4617 4470/4470
f 4607/4607 4568/4568 4554/4554
f 4607/4607 4571/4571 4433/4433
f 4608/4608 4012/4012 4515/4515
f 4608/4608 4017/4017 4012/4012
f 4608/4608 4515/4515 4471/4471
f 4608/4608 4598/4598 4021/4021
f 4609/4609 4464/4464 4567/4567
f 4610/4610 4558/4558 4018/4018
f 4611/4611 4533/4533 4542/4542
f 4614/4614 4441/4441 4604/4604
f 4614/4614 4513/4513 4427/4427
f 4614/4614 4561/4561 4574/4574
f 4616/4616 4463/4463 4429/4429
f 4616/4616 4545/4545 4532/4532
f 4617/4617 4298/4298 4343/4343
f 4617/4617 4606/4606 4298/4298
f 4620/4620 4050/4050 4042/4042
f 4620/4620 4434/4434 4475/4475
f 4620/4620 4584/4584 4062/4062
f 4620/4620 4601/4601 4529/4529
f 4621/4621 4550/4550 4552/4552
f 4622/4622 3950/3950 4669/4669
f 4622/4622 4669/4669 4638/4638
f 4622/4622 4670/4670 4756/4756
f 4622/4622 4756/4756 4708/4708
f 4623/4623 4693/4693 779/779
f 4623/4623 4693/4693 3958/3958
f 4624/4624 4672/4672 4659/4659
f 4624/4624 4753/4753 4632/4632
f 4625/4625 750/750 4634/4634
f 4625/4625 4634/4634 1190/1190
f 4626/4626 4576/4576 4655/4655
f 4627/4627 3968/3968 3954/3954
f 4627/4627 4861/4861 4820/4820
f 4628/4628 4759/4759 4736/4736
f 4631/4631 4639/4639 4677/4677
f 4631/4631 4677/4677 4716/4716
f 4631/4631 4816/4816 4808/4808
f 4632/4632 4744/4744 4682/4682
f 4633/4633 4628/4628 4736/4736
f 4633/4633 4665/4665 4673/4673
f 4633/4633 4673/4673 4628/4628
f 4633/4633 4737/4737 4644/4644
f 4634/4634 4698/4698 1190/1190
f 4635/4635 4741/4741 4743/4743
f 4636/4636 4582/4582 4626/4626
f 4636/4636 4875/4875 4270/4270
f 4637/4637 4839/4839 4648/4648
f 4638/4638 4669/4669 4829/4829
f 4638/4638 4699/4699 4750/4750
f 4638/4638 4854/4854 4784/4784
f 4639/4639 4631/4631 4808/4808
f 4639/4639 4650/4650 4667/4667
f 4639/4639 4667/4667 4677/4677
f 4640/4640 4668/4668 4630/4630
f 4640/4640 4742/4742 4668/4668
f 4641/4641 4684/4684 4654/4654
f 4641/4641 4685/4685 4690/4690
f 4642/4642 4826/4826 4757/4757
f 4643/4643 4656/4656 556/556
f 4644/4644 4651/4651 4680/4680
f 4645/4645 693/693 4652/4652
f 4645/4645 4693/4693 693/693
f 4646/4646 4696/4696 4594/4594
f 4646/4646 4742/4742 4659/4659
f 4647/4647 4627/4627 4675/4675
f 4649/4649 3945/3945 3006/3006
f 4649/4649 4623/4623 3945/3945
f 4649/4649 4671/4671 4623/4623
f 4650/4650 4639/4639 4792/4792
f 4650/4650 4662/4662 4682/4682
f 4650/4650 4682/4682 4667/4667
f 4651/4651 4664/4664 4627/4627
f 4652/4652 636/636 666/666
f 4652/4652 693/693 636/636
f 4652/4652 4681/4681 4645/4645
f 4652/4652 4693/4693 4645/4645
f 4653/4653 664/664 4663/4663
f 4653/4653 4663/4663 4625/4625
f 4654/4654 4691/4691 4730/4730
f 4654/4654 4735/4735 4685/4685
f 4655/4655 4551/4551 4684/4684
f 4657/4657 3959/3959 3907/3907
f 4657/4657 4748/4748 4648/4648
f 4657/4657 4823/4823 3959/3959
f 4658/4658 3939/3939 3935/3935
f 4658/4658 4649/4649 3006/3006
f 4658/4658 4759/4759 4649/4649
f 4660/4660 4670/4670 4638/4638
f 4660/4660 4735/4735 4730/4730
f 4661/4661 4679/4679 4626/4626
f 4661/4661 4724/4724 4679/4679
f 4662/4662 4632/4632 4682/4682
f 4662/4662 4650/4650 4792/4792
f 4662/4662 4672/4672 4632/4632
f 4663/4663 664/664 689/689
f 4664/4664 4651/4651 3968/3968
f 4665/4665 4633/4633 4644/4644
f 4665/4665 4644/4644 4694/4694
f 4665/4665 4723/4723 4673/4673
f 4666/4666 1004/1004 4535/4535
f 4666/4666 4704/4704 4755/4755
f 4667/4667 4725/4725 4677/4677
f 4668/4668 3972/3972 3967/3967
f 4668/4668 4560/4560 3980/3980
f 4668/4668 4676/4676 4630/4630
f 4668/4668 4742/4742 4511/4511
f 4669/4669 3973/3973 4829/4829
f 4670/4670 4622/4622 4638/4638
f 4670/4670 4660/4660 4730/4730
f 4670/4670 4730/4730 4756/4756
f 4671/4671 4649/4649 4697/4697
f 4671/4671 4707/4707 4623/4623
f 4672/4672 4624/4624 4632/4632
f 4672/4672 4662/4662 4880/4880
f 4672/4672 4687/4687 4659/4659
f 4672/4672 4872/4872 4864/4864
f 4673/4673 4719/4719 4628/4628
f 4674/4674 4873/4873 144/144
f 4674/4674 4873/4873 822/822
f 4675/4675 4627/4627 4820/4820
f 4675/4675 4680/4680 4647/4647
f 4675/4675 4715/4715 4745/4745
f 4675/4675 4820/4820 4715/4715
f 4676/4676 4668/4668 3967/3967
f 4676/4676 4681/4681 4630/4630
f 4677/4677 4719/4719 4716/4716
f 4678/4678 1004/1004 4666/4666
f 4678/4678 4666/4666 4704/4704
f 4679/4679 4636/4636 4626/4626
f 4679/4679 4838/4838 4875/4875
f 4679/4679 4875/4875 4636/4636
f 4680/4680 4627/4627 4647/4647
f 4680/4680 4651/4651 4627/4627
f 4681/4681 3961/3961 3172/3172
f 4681/4681 4676/4676 3967/3967
f 4681/4681 4693/4693 4645/4645
f 4681/4681 4693/4693 4652/4652
f 4681/4681 4753/4753 4630/4630
f 4682/4682 4725/4725 4667/4667
f 4683/4683 4714/4714 4689/4689
f 4684/4684 4641/4641 4690/4690
f 4684/4684 4690/4690 4655/4655
f 4684/4684 4691/4691 4654/4654
f 4685/4685 4641/4641 4654/4654
f 4685/4685 4735/4735 4690/4690
f 4686/4686 4629/4629 4698/4698
f 4686/4686 4692/4692 4722/4722
f 4686/4686 4698/4698 4634/4634
f 4686/4686 4712/4712 4734/4734
f 4686/4686 4734/4734 4629/4629
f 4687/4687 4672/4672 4864/4864
f 4687/4687 4696/4696 4659/4659
f 4688/4688 4695/4695 4718/4718
f 4689/4689 4712/4712 4722/4722
f 4689/4689 4714/4714 4683/4683
f 4689/4689 4722/4722 4683/4683
f 4689/4689 4852/4852 4637/4637
f 4690/4690 4626/4626 4655/4655
f 4690/4690 4661/4661 4626/4626
f 4690/4690 4703/4703 4661/4661
f 4691/4691 4489/4489 4701/4701
f 4691/4691 4684/4684 4701/4701
f 4691/4691 4701/4701 4730/4730
f 4692/4692 4625/4625 4663/4663
f 4692/4692 4634/4634 4625/4625
f 4692/4692 4686/4686 4634/4634
f 4693/4693 779/779 693/693
f 4693/4693 4623/4623 4645/4645
f 4693/4693 4681/4681 3172/3172
f 4693/4693 4681/4681 3958/3958
f 4694/4694 4644/4644 4680/4680
f 4695/4695 4546/4546 4726/4726
f 4695/4695 4726/4726 4718/4718
f 4696/4696 4519/4519 4594/4594
f 4696/4696 4646/4646 4659/4659
f 4696/4696 4687/4687 4864/4864
f 4696/4696 4858/4858 4288/4288
f 4698/4698 916/916 1190/1190
f 4698/4698 4629/4629 4734/4734
f 4698/4698 4666/4666 4535/4535
f 4698/4698 4755/4755 4666/4666
f 4699/4699 4735/4735 4750/4750
f 4699/4699 4750/4750 4784/4784
f 4699/4699 4784/4784 4799/4799
f 4699/4699 4799/4799 4762/4762
f 4700/4700 4710/4710 4741/4741
f 4700/4700 4732/4732 4809/4809
f 4700/4700 4749/4749 4710/4710
f 4701/4701 4479/4479 4444/4444
f 4701/4701 4684/4684 4691/4691
f 4702/4702 4694/4694 4680/4680
f 4702/4702 4705/4705 4740/4740
f 4702/4702 4723/4723 4694/4694
f 4703/4703 4711/4711 4739/4739
f 4703/4703 4724/4724 4661/4661
f 4704/4704 4666/4666 4755/4755
f 4705/4705 4680/4680 4675/4675
f 4705/4705 4702/4702 4680/4680
f 4705/4705 4729/4729 4740/4740
f 4705/4705 4745/4745 4721/4721
f 4706/4706 4692/4692 4663/4663
f 4707/4707 4671/4671 4697/4697
f 4707/4707 4725/4725 4682/4682
f 4707/4707 4744/4744 4623/4623
f 4708/4708 4756/4756 4730/4730
f 4709/4709 3946/3946 4678/4678
f 4709/4709 4678/4678 4704/4704
f 4709/4709 4704/4704 4755/4755
f 4709/4709 4748/4748 3946/3946
f 4709/4709 4748/4748 4678/4678
f 4710/4710 4700/4700 4741/4741
f 4710/4710 4720/4720 4746/4746
f 4710/4710 4779/4779 4770/4770
f 4711/4711 4735/4735 4739/4739
f 4712/4712 4686/4686 4722/4722
f 4712/4712 4689/4689 4637/4637
f 4713/4713 4724/4724 4749/4749
f 4713/4713 4749/4749 4800/4800
f 4713/4713 4798/4798 4838/4838
f 4713/4713 4800/4800 4717/4717
f 4713/4713 4838/4838 4679/4679
f 4714/4714 4692/4692 4706/4706
f 4714/4714 4767/4767 4863/4863
f 4714/4714 4863/4863 4683/4683
f 4715/4715 4758/4758 4745/4745
f 4716/4716 4723/4723 4757/4757
f 4717/4717 4800/4800 4809/4809
f 4717/4717 4809/4809 4806/4806
f 4719/4719 4673/4673 4716/4716
f 4719/4719 4725/4725 4649/4649
f 4719/4719 4759/4759 4628/4628
f 4720/4720 4710/4710 4770/4770
f 4720/4720 4770/4770 4746/4746
f 4720/4720 4790/4790 4746/4746
f 4721/4721 4758/4758 4794/4794
f 4721/4721 4760/4760 4814/4814
f 4722/4722 4692/4692 4714/4714
f 4722/4722 4714/4714 4683/4683
f 4723/4723 4665/4665 4694/4694
f 4723/4723 4702/4702 4740/4740
f 4723/4723 4716/4716 4673/4673
f 4723/4723 4747/4747 4757/4757
f 4724/4724 4703/4703 4731/4731
f 4724/4724 4713/4713 4679/4679
f 4724/4724 4754/4754 4749/4749
f 4725/4725 4697/4697 4649/4649
f 4725/4725 4707/4707 4697/4697
f 4725/4725 4719/4719 4677/4677
f 4726/4726 4498/4498 4509/4509
f 4726/4726 4509/4509 4718/4718
f 4727/4727 4717/4717 4806/4806
f 4727/4727 4806/4806 4764/4764
f 4728/4728 639/639 602/602
f 4728/4728 4741/4741 4643/4643
f 4728/4728 4752/4752 556/556
f 4729/4729 4705/4705 4721/4721
f 4729/4729 4721/4721 4814/4814
f 4729/4729 4814/4814 4740/4740
f 4730/4730 4701/4701 4738/4738
f 4731/4731 4703/4703 4739/4739
f 4731/4731 4739/4739 4770/4770
f 4732/4732 4635/4635 4876/4876
f 4732/4732 4700/4700 4710/4710
f 4732/4732 4710/4710 4741/4741
f 4732/4732 4741/4741 4635/4635
f 4732/4732 4876/4876 4787/4787
f 4733/4733 4742/4742 4630/4630
f 4733/4733 4753/4753 4659/4659
f 4734/4734 4637/4637 4648/4648
f 4734/4734 4712/4712 4637/4637
f 4734/4734 4755/4755 4698/4698
f 4735/4735 4654/4654 4730/4730
f 4735/4735 4660/4660 4750/4750
f 4735/4735 4703/4703 4690/4690
f 4735/4735 4711/4711 4703/4703
f 4736/4736 4658/4658 3935/3935
f 4737/4737 3926/3926 4644/4644
f 4737/4737 4633/4633 4736/4736
f 4738/4738 3927/3927 4708/4708
f 4738/4738 4701/4701 4444/4444
f 4738/4738 4708/4708 4730/4730
f 4739/4739 4699/4699 4762/4762
f 4739/4739 4735/4735 4699/4699
f 4739/4739 4762/4762 4770/4770
f 4741/4741 4710/4710 4746/4746
f 4741/4741 4728/4728 4743/4743
f 4741/4741 4746/4746 4643/4643
f 4742/4742 4458/4458 4511/4511
f 4742/4742 4640/4640 4630/4630
f 4742/4742 4646/4646 4594/4594
f 4742/4742 4733/4733 4659/4659
f 4743/4743 602/602 4778/4778
f 4743/4743 4728/4728 602/602
f 4743/4743 4778/4778 4635/4635
f 4744/4744 4645/4645 4623/4623
f 4744/4744 4707/4707 4682/4682
f 4744/4744 4753/4753 4645/4645
f 4745/4745 4705/4705 4675/4675
f 4746/4746 4751/4751 4643/4643
f 4747/4747 4642/4642 4757/4757
f 4747/4747 4723/4723 4740/4740
f 4747/4747 4826/4826 4642/4642
f 4748/4748 3907/3907 3946/3946
f 4748/4748 4657/4657 3907/3907
f 4748/4748 4709/4709 4678/4678
f 4748/4748 4709/4709 4755/4755
f 4748/4748 4755/4755 4648/4648
f 4749/4749 4754/4754 4710/4710
f 4750/4750 4660/4660 4638/4638
f 4750/4750 4699/4699 4638/4638
f 4751/4751 4656/4656 4643/4643
f 4751/4751 4790/4790 4656/4656
f 4752/4752 4643/4643 556/556
f 4752/4752 4728/4728 4643/4643
f 4753/4753 4624/4624 4659/4659
f 4753/4753 4652/4652 4645/4645
f 4753/4753 4681/4681 4652/4652
f 4753/4753 4733/4733 4630/4630
f 4753/4753 4744/4744 4632/4632
f 4754/4754 4724/4724 4731/4731
f 4754/4754 4731/4731 4770/4770
f 4754/4754 4779/4779 4710/4710
f 4755/4755 4704/4704 4666/4666
f 4755/4755 4734/4734 4648/4648
f 4757/4757 4631/4631 4716/4716
f 4758/4758 4721/4721 4745/4745
f 4758/4758 4772/4772 4764/4764
f 4758/4758 4806/4806 4794/4794
f 4759/4759 4658/4658 4736/4736
f 4759/4759 4719/4719 4649/4649
f 4760/4760 4721/4721 4794/4794
f 4760/4760 4806/4806 4883/4883
f 4760/4760 4862/4862 4814/4814
f 4762/4762 4790/4790 4720/4720
f 4762/4762 4799/4799 4784/4784
f 4762/4762 4803/4803 4780/4780
f 4763/4763 4415/4415 4288/4288
f 4763/4763 4858/4858 4864/4864
f 4763/4763 4867/4867 4276/4276
f 4764/4764 4791/4791 4727/4727
f 4764/4764 4810/4810 4791/4791
f 4765/4765 4785/4785 4885/4885
f 4765/4765 4857/4857 4785/4785
f 4766/4766 294/294 4761/4761
f 4767/4767 4714/4714 4706/4706
f 4767/4767 4773/4773 4793/4793
f 4767/4767 4793/4793 4818/4818
f 4768/4768 4804/4804 4766/4766
f 4769/4769 4763/4763 4864/4864
f 4770/4770 4720/4720 4746/4746
f 4770/4770 4762/4762 4720/4720
f 4771/4771 4769/4769 4864/4864
f 4771/4771 4872/4872 4783/4783
f 4771/4771 4879/4879 4769/4769
f 4772/4772 4758/4758 4810/4810
f 4773/4773 256/256 4811/4811
f 4773/4773 4767/4767 4706/4706
f 4773/4773 4811/4811 4793/4793
f 4774/4774 3878/3878 4157/4157
f 4774/4774 4782/4782 4805/4805
f 4774/4774 4805/4805 3878/3878
f 4775/4775 4815/4815 4878/4878
f 4775/4775 4878/4878 3870/3870
f 4776/4776 3897/3897 3855/3855
f 4776/4776 4866/4866 4856/4856
f 4776/4776 4877/4877 3897/3897
f 4777/4777 4865/4865 4802/4802
f 4778/4778 602/602 392/392
f 4779/4779 4754/4754 4770/4770
f 4780/4780 4803/4803 4817/4817
f 4780/4780 4873/4873 4674/4674
f 4781/4781 228/228 4777/4777
f 4781/4781 4789/4789 4813/4813
f 4781/4781 4813/4813 4761/4761
f 4782/4782 4774/4774 4812/4812
f 4782/4782 4860/4860 4833/4833
f 4783/4783 4662/4662 4792/4792
f 4784/4784 4750/4750 4638/4638
f 4784/4784 4854/4854 4817/4817
f 4785/4785 4776/4776 4856/4856
f 4786/4786 4795/4795 4883/4883
f 4786/4786 4883/4883 4778/4778
f 4788/4788 4853/4853 4874/4874
f 4788/4788 4860/4860 4782/4782
f 4789/4789 4777/4777 4802/4802
f 4789/4789 4781/4781 4777/4777
f 4789/4789 4826/4826 4834/4834
f 4789/4789 4834/4834 4813/4813
f 4790/4790 4674/4674 4656/4656
f 4790/4790 4751/4751 4746/4746
f 4790/4790 4762/4762 4780/4780
f 4790/4790 4780/4780 4674/4674
f 4791/4791 4788/4788 4874/4874
f 4791/4791 4798/4798 4727/4727
f 4792/4792 4639/4639 4808/4808
f 4793/4793 4797/4797 4827/4827
f 4793/4793 4818/4818 4827/4827
f 4795/4795 404/404 4807/4807
f 4795/4795 4786/4786 4778/4778
f 4795/4795 4801/4801 392/392
f 4795/4795 4807/4807 4768/4768
f 4796/4796 4822/4822 4817/4817
f 4797/4797 4835/4835 4827/4827
f 4798/4798 4713/4713 4717/4717
f 4798/4798 4717/4717 4727/4727
f 4798/4798 4847/4847 4838/4838
f 4800/4800 4700/4700 4809/4809
f 4800/4800 4749/4749 4700/4700
f 4801/4801 4778/4778 392/392
f 4801/4801 4795/4795 4778/4778
f 4803/4803 4762/4762 4784/4784
f 4803/4803 4784/4784 4817/4817
f 4804/4804 4766/4766 4761/4761
f 4804/4804 4768/4768 4766/4766
f 4804/4804 4768/4768 4807/4807
f 4804/4804 4807/4807 4766/4766
f 4804/4804 4813/4813 4834/4834
f 4804/4804 4843/4843 4814/4814
f 4805/4805 3896/3896 3878/3878
f 4805/4805 4782/4782 4833/4833
f 4805/4805 4833/4833 3858/3858
f 4806/4806 4758/4758 4764/4764
f 4806/4806 4760/4760 4794/4794
f 4806/4806 4809/4809 4883/4883
f 4806/4806 4845/4845 4883/4883
f 4806/4806 4883/4883 4845/4845
f 4807/4807 294/294 4766/4766
f 4807/4807 377/377 294/294
f 4807/4807 404/404 377/377
f 4808/4808 4816/4816 4846/4846
f 4808/4808 4830/4830 4792/4792
f 4809/4809 4732/4732 4787/4787
f 4809/4809 4876/4876 4883/4883
f 4810/4810 4758/4758 4715/4715
f 4810/4810 4764/4764 4772/4772
f 4810/4810 4788/4788 4791/4791
f 4811/4811 346/346 4793/4793
f 4812/4812 4401/4401 4369/4369
f 4812/4812 4774/4774 4401/4401
f 4813/4813 4804/4804 4761/4761
f 4814/4814 4834/4834 4740/4740
f 4814/4814 4843/4843 4834/4834
f 4815/4815 4822/4822 4850/4850
f 4815/4815 4850/4850 4878/4878
f 4816/4816 4631/4631 4757/4757
f 4816/4816 4837/4837 4846/4846
f 4817/4817 4822/4822 4848/4848
f 4818/4818 4793/4793 4827/4827
f 4819/4819 103/103 4851/4851
f 4819/4819 4851/4851 4859/4859
f 4820/4820 4810/4810 4715/4715
f 4820/4820 4860/4860 4810/4810
f 4820/4820 4861/4861 4833/4833
f 4821/4821 4315/4315 4842/4842
f 4821/4821 4853/4853 4812/4812
f 4822/4822 4796/4796 4850/4850
f 4822/4822 4815/4815 330/330
f 4823/4823 3873/3873 3959/3959
f 4823/4823 4657/4657 4648/4648
f 4823/4823 4832/4832 4856/4856
f 4823/4823 4866/4866 3855/3855
f 4824/4824 4850/4850 4817/4817
f 4825/4825 4816/4816 4757/4757
f 4825/4825 4826/4826 4802/4802
f 4826/4826 4747/4747 4740/4740
f 4826/4826 4789/4789 4802/4802
f 4826/4826 4825/4825 4757/4757
f 4827/4827 4818/4818 4793/4793
f 4827/4827 4835/4835 4885/4885
f 4828/4828 77/77 2147/2147
f 4828/4828 103/103 4819/4819
f 4828/4828 2147/2147 103/103
f 4828/4828 2147/2147 4819/4819
f 4828/4828 4819/4819 4879/4879
f 4828/4828 4869/4869 4830/4830
f 4829/4829 3973/3973 3856/3856
f 4829/4829 4868/4868 4878/4878
f 4829/4829 4881/4881 4854/4854
f 4830/4830 4869/4869 4792/4792
f 4831/4831 3653/3653 4841/4841
f 4832/4832 4823/4823 4648/4648
f 4832/4832 4839/4839 4856/4856
f 4833/4833 4861/4861 3868/3868
f 4834/4834 4826/4826 4740/4740
f 4835/4835 4765/4765 4885/4885
f 4835/4835 4844/4844 4870/4870
f 4835/4835 4857/4857 4765/4765
f 4835/4835 4870/4870 132/132
f 4835/4835 4882/4882 4831/4831
f 4836/4836 4881/4881 4829/4829
f 4837/4837 4816/4816 4825/4825
f 4837/4837 4825/4825 4802/4802
f 4837/4837 4855/4855 4846/4846
f 4837/4837 4865/4865 4855/4855
f 4838/4838 4847/4847 4875/4875
f 4839/4839 4832/4832 4648/4648
f 4839/4839 4852/4852 4885/4885
f 4839/4839 4885/4885 4856/4856
f 4840/4840 34/34 2060/2060
f 4840/4840 2060/2060 4867/4867
f 4840/4840 4851/4851 3/3
f 4840/4840 4867/4867 4859/4859
f 4842/4842 4874/4874 4821/4821
f 4842/4842 4884/4884 4847/4847
f 4843/4843 4804/4804 4834/4834
f 4844/4844 158/158 4870/4870
f 4844/4844 4793/4793 4811/4811
f 4844/4844 4797/4797 4793/4793
f 4844/4844 4835/4835 4797/4797
f 4846/4846 4830/4830 4808/4808
f 4847/4847 4791/4791 4874/4874
f 4847/4847 4798/4798 4791/4791
f 4847/4847 4884/4884 4875/4875
f 4848/4848 4873/4873 4817/4817
f 4849/4849 7/7 3862/3862
f 4849/4849 4877/4877 4841/4841
f 4850/4850 4796/4796 4817/4817
f 4850/4850 4824/4824 4854/4854
f 4850/4850 4854/4854 4881/4881
f 4850/4850 4881/4881 4836/4836
f 4851/4851 4840/4840 4859/4859
f 4852/4852 4818/4818 4827/4827
f 4852/4852 4827/4827 4885/4885
f 4852/4852 4839/4839 4637/4637
f 4852/4852 4863/4863 4818/4818
f 4853/4853 4782/4782 4812/4812
f 4853/4853 4788/4788 4782/4782
f 4854/4854 4638/4638 4829/4829
f 4854/4854 4824/4824 4817/4817
f 4855/4855 4830/4830 4846/4846
f 4855/4855 4865/4865 166/166
f 4855/4855 4871/4871 4830/4830
f 4857/4857 4831/4831 4841/4841
f 4857/4857 4835/4835 4831/4831
f 4857/4857 4886/4886 4785/4785
f 4858/4858 4696/4696 4864/4864
f 4858/4858 4763/4763 4288/4288
f 4859/4859 4867/4867 4769/4769
f 4860/4860 4788/4788 4810/4810
f 4860/4860 4820/4820 4833/4833
f 4861/4861 4627/4627 3954/3954
f 4862/4862 4760/4760 4883/4883
f 4862/4862 4768/4768 4804/4804
f 4862/4862 4804/4804 4814/4814
f 4862/4862 4883/4883 4768/4768
f 4863/4863 4689/4689 4683/4683
f 4863/4863 4767/4767 4818/4818
f 4863/4863 4852/4852 4689/4689
f 4865/4865 1936/1936 166/166
f 4865/4865 4837/4837 4802/4802
f 4866/4866 4776/4776 3855/3855
f 4866/4866 4823/4823 4856/4856
f 4867/4867 2060/2060 4276/4276
f 4867/4867 4763/4763 4769/4769
f 4868/4868 4829/4829 3856/3856
f 4868/4868 4829/4829 4878/4878
f 4869/4869 4783/4783 4792/4792
f 4869/4869 4828/4828 4879/4879
f 4869/4869 4879/4879 4783/4783
f 4870/4870 158/158 132/132
f 4871/4871 191/191 159/159
f 4871/4871 4828/4828 4830/4830
f 4871/4871 4855/4855 191/191
f 4872/4872 4672/4672 4880/4880
f 4872/4872 4771/4771 4864/4864
f 4872/4872 4880/4880 4783/4783
f 4873/4873 4674/4674 822/822
f 4873/4873 4780/4780 4817/4817
f 4873/4873 4822/4822 165/165
f 4873/4873 4848/4848 4822/4822
f 4874/4874 4842/4842 4847/4847
f 4874/4874 4853/4853 4821/4821
f 4875/4875 4884/4884 4270/4270
f 4876/4876 4635/4635 4778/4778
f 4876/4876 4809/4809 4787/4787
f 4877/4877 3851/3851 3897/3897
f 4877/4877 4776/4776 4785/4785
f 4877/4877 4849/4849 3862/3862
f 4877/4877 4886/4886 4841/4841
f 4878/4878 4836/4836 4829/4829
f 4878/4878 4850/4850 4836/4836
f 4878/4878 4868/4868 3870/3870
f 4879/4879 4771/4771 4783/4783
f 4879/4879 4819/4819 4859/4859
f 4879/4879 4859/4859 4769/4769
f 4880/4880 4662/4662 4783/4783
f 4882/4882 132/132 4831/4831
f 4882/4882 4835/4835 132/132
f 4883/4883 4795/4795 4768/4768
f 4883/4883 4876/4876 4778/4778
f 4884/4884 4315/4315 4270/4270
f 4885/4885 4785/4785 4856/4856
f 4886/4886 4857/4857 4841/4841
f 4886/4886 4877/4877 4785/4785
