# decimado para 7510 faces (passo 0.21454)
mtllib portal.mtl
v 1.1650 0.0650 -0.7400
v 1.1000 2.9000 -0.0500
v 2.7286 3.1429 -0.0143
v 1.1000 5.6500 0.6000
v 2.7000 4.3800 -0.2600
v 1.1750 6.5500 0.8000
v 1.1000 0.9500 -0.4500
v 2.9500 8.0000 -0.2500
v 4.0250 8.0000 0.1500
v 1.1000 3.7500 0.1500
v 3.1500 1.1500 0.8000
v 1.4667 0.0000 -0.4667
v 3.1500 7.4000 -0.8000
v 4.0000 6.4000 0.3500
v 2.7000 5.0333 -0.4333
v 1.7000 8.0000 0.8000
v 1.4500 7.1500 0.8000
v 2.9500 0.3500 0.8000
v 1.1000 1.8500 -0.2500
v 2.0667 3.3667 -0.8000
v 1.1000 4.6333 0.3667
v 1.7000 1.7000 -0.8000
v 2.7250 2.6500 0.1250
v 1.8667 2.6333 -0.8000
v 2.4800 5.0600 -0.8000
v 2.9333 6.7667 -0.8000
v 1.4500 0.9500 -0.8000
v 4.2400 6.4000 0.6200
v 1.1000 5.4500 0.6000
v 2.2500 4.4000 -0.8000
v 1.2000 6.7333 0.8000
v 1.1750 0.3500 -0.7250
v 1.1000 1.1500 -0.4500
v 1.6000 0.0000 -0.2500
v 2.7143 3.3571 -0.0286
v 1.4500 7.4000 0.8000
v 2.7000 5.2500 -0.4500
v 3.1500 7.1500 -0.8000
v 1.1000 3.5500 0.1500
v 2.7250 2.4500 0.1250
v 1.8500 2.4500 -0.8000
v 1.4500 1.1500 -0.8000
v 2.9667 6.5333 -0.8000
v 2.0500 3.1000 -0.8000
v 1.1000 4.9000 0.4000
v 2.5000 5.2500 -0.8000
v 3.1500 0.9500 0.8000
v 1.1000 1.7000 -0.2000
v 2.9500 0.0750 0.8000
v 2.7000 5.8889 -0.7222
v 1.6667 1.8667 -0.8000
v 2.0500 3.7500 -0.8000
v 2.7000 5.4500 -0.6000
v 2.7000 4.6500 -0.4500
v 1.1000 1.3750 -0.4750
v 3.1500 6.4000 -0.4500
v 3.5500 8.0000 0.3500
v 1.1000 2.4500 -0.0500
v 1.6000 7.6500 0.8000
v 2.9400 6.4000 -0.7000
v 2.7250 3.5500 -0.0250
v 1.1714 0.5429 -0.7143
v 3.3500 8.0000 -0.4500
v 2.4800 4.6400 -0.8000
v 1.4500 6.9500 0.8000
v 1.1000 5.0667 0.3667
v 1.1000 2.3000 -0.2000
v 2.0500 0.0000 0.1500
v 2.4800 0.0000 0.3600
v 1.4500 1.4000 -0.8000
v 2.9500 0.7500 0.8000
v 1.2667 6.1667 0.8000
v 3.3667 6.1333 0.0000
v 1.1000 3.3500 0.1500
v 1.6667 2.0333 -0.8000
v 2.2667 3.9667 -0.8000
v 2.7000 4.1500 -0.2500
v 1.1000 5.9125 0.6000
v 3.5571 6.3857 0.1286
v 2.7500 0.0000 0.6250
v 2.7000 5.6500 -0.6500
v 2.4500 4.9000 -0.8000
v 1.1000 2.6500 -0.0500
v 1.6500 2.2500 -0.8000
v 1.1000 5.2333 0.3667
v 1.1714 0.7571 -0.7143
v 3.1333 6.9667 -0.8000
v 2.7000 4.8500 -0.5000
v 1.1000 2.0500 -0.2500
v 3.3500 6.3750 -0.0250
v 1.6333 7.8333 0.8000
v 3.1750 1.3750 0.8000
v 3.7600 8.0000 0.6000
v 2.7143 3.7571 -0.0286
v 1.1750 6.3000 0.8000
v 2.9500 0.5500 0.8000
v 3.6000 6.2000 0.1000
v 1.1000 3.1000 0.1500
v 2.7300 2.9100 0.1100
v 1.8600 2.9200 -0.8000
v 1.8500 0.0000 -0.0500
v 3.1500 8.0000 0.0000
v 2.7000 3.9500 -0.2500
v 2.2500 4.1500 -0.8000
v 2.0667 3.5333 -0.8000
v 2.9600 7.4000 -0.8000
v 2.7250 1.8500 0.1250
v 1.8500 1.8500 -0.8000
v 1.1000 2.6500 -0.2500
v 2.9500 1.1500 0.8000
v 1.4500 6.5500 0.8000
v 4.2500 6.4000 0.4000
v 1.1000 5.4500 0.3500
v 2.7000 5.0400 -0.7200
v 3.3500 7.6500 -0.8000
v 3.1500 6.7500 -0.8000
v 1.6500 2.4500 -0.8000
v 1.4429 0.0714 -0.7143
v 3.1667 0.3667 0.8000
v 2.0500 4.1500 -0.8000
v 2.2333 3.5667 -0.8000
v 3.4000 6.4000 -0.2000
v 1.1000 4.8500 0.5750
v 1.1000 2.0500 0.0000
v 1.1500 0.9625 -0.7375
v 2.7000 3.7667 -0.2333
v 3.1500 8.0000 -0.2500
v 1.8667 0.0000 -0.2333
v 1.2000 7.1333 0.8000
v 4.2500 8.0000 0.1500
v 1.1000 4.4000 0.1667
v 1.1600 0.0600 -0.4600
v 2.7250 4.0000 -0.0250
v 3.1000 6.6000 -0.8000
v 2.7000 5.9000 -0.4500
v 1.6500 2.6500 -0.8000
v 1.1000 5.6500 0.3500
v 2.7273 1.6273 0.1364
v 1.8500 1.7000 -0.8000
v 2.9500 7.1500 -0.8000
v 1.4667 0.3667 -0.8000
v 2.5000 5.9000 -0.8000
v 3.1333 0.1667 0.8000
v 1.8000 8.0000 0.8000
v 2.7000 3.5500 -0.2500
v 2.0500 3.9500 -0.8000
v 1.1000 2.4500 -0.2500
v 1.1000 2.2500 -0.0500
v 1.4333 6.7667 0.8000
v 2.7000 5.2500 -0.6500
v 2.9500 0.9500 0.8000
v 3.3500 7.8500 -0.8000
v 4.0000 6.4000 0.6000
v 2.2667 3.7333 -0.8000
v 1.1600 1.1400 -0.7400
v 2.7250 4.1500 -0.0250
v 1.1000 0.3667 -0.4667
v 1.2143 7.4143 0.8000
v 1.1000 4.6500 0.6000
v 2.2500 0.0000 0.2000
v 1.1000 4.1500 0.1500
v 1.6667 0.0000 -0.0333
v 2.2000 3.1000 -0.8000
v 1.4500 0.5500 -0.8000
v 2.7500 0.0000 0.4000
v 1.6400 2.9000 -0.8000
v 1.2000 6.9667 0.8000
v 3.1333 0.7667 0.8000
v 3.7500 6.3750 0.1250
v 1.8667 7.8333 0.8000
v 2.7000 3.3500 -0.2000
v 1.1000 5.2500 0.6000
v 2.0250 4.3750 -0.8000
v 3.7500 8.0000 0.3500
v 3.3500 8.0000 -0.6500
v 1.1000 0.5500 -0.4500
v 2.9333 6.4000 -0.4667
v 1.8667 2.2333 -0.8000
v 2.5000 5.4500 -0.8000
v 2.7167 2.2500 0.1167
v 3.3500 1.6000 0.8000
v 2.7000 4.6500 -0.6500
v 1.1900 1.4000 -0.7300
v 3.1500 6.4000 -0.6500
v 1.4333 6.1333 0.8000
v 2.7000 5.4500 -0.4500
v 1.1000 1.7000 0.0000
v 3.1333 0.5333 0.8000
v 2.7000 3.1000 -0.2000
v 2.9500 1.4000 0.8000
v 1.1000 2.9250 -0.2750
v 1.4500 0.7500 -0.8000
v 3.5500 8.0000 0.6000
v 1.1000 3.9667 0.1667
v 2.7300 4.4100 -0.0100
v 2.2500 3.3500 -0.8000
v 1.8500 2.0500 -0.8000
v 2.7200 2.0600 0.1400
v 1.1000 5.0500 0.6250
v 2.9500 8.0000 -0.0500
v 3.7333 6.1333 0.1000
v 1.1000 0.7500 -0.4500
v 2.7000 4.8750 -0.7250
v 2.4800 5.6400 -0.8000
v 2.5000 0.0000 0.6000
v 1.8500 7.6500 0.8000
v 1.4000 6.3000 0.8000
v 1.1000 5.9000 0.3500
v 2.7000 5.6500 -0.4500
v 1.1000 1.8500 -0.0500
v 2.9500 6.9500 -0.8000
v 2.7000 5.9000 -0.2500
v 3.1750 6.3500 0.0000
v 2.7250 4.6500 -0.0250
v 1.1000 1.4000 -0.0500
v 1.1833 1.6833 -0.7667
v 2.5000 3.5500 -0.8000
v 1.1000 4.1400 0.6000
v 3.3667 1.3667 0.8000
v 3.3500 8.0000 -0.0500
v 1.1000 5.2500 0.1500
v 1.1000 2.4500 -0.4500
v 2.7000 3.5667 -0.4333
v 1.1857 8.0000 0.8000
v 3.7600 6.4000 0.6000
v 1.6667 6.5667 0.8000
v 2.7000 2.2500 0.6000
v 2.1000 4.9000 -0.8000
v 1.1000 3.1000 0.4000
v 1.4500 2.4500 -0.8000
v 1.6667 0.0500 -0.7000
v 2.7000 2.8800 0.3400
v 1.1000 0.3500 -0.2500
v 1.8500 7.4000 0.8000
v 3.3500 6.9500 -0.8000
v 1.9000 1.1500 -0.8000
v 1.1000 3.9500 0.6000
v 2.2500 5.9000 -0.8000
v 3.5500 8.0000 0.1500
v 1.1000 2.6500 -0.4500
v 3.1500 6.1500 0.0000
v 1.1500 1.8500 -0.7375
v 1.1000 5.0500 0.1500
v 2.7167 4.8500 -0.0167
v 2.7000 2.0500 0.6000
v 2.0500 0.0000 0.3500
v 3.3500 6.4000 -0.4500
v 2.5200 0.0000 0.1400
v 2.9500 8.0000 -0.7250
v 2.0500 4.6500 -0.8000
v 1.8500 0.9500 -0.8000
v 1.1000 3.3500 0.4000
v 1.4500 2.6500 -0.8000
v 2.7000 3.7500 -0.4500
v 2.7000 4.3750 -0.6875
v 3.1500 8.0000 -0.4500
v 1.8500 0.0000 -0.4500
v 1.6500 6.7500 0.8000
v 1.6500 0.3500 -0.8000
v 1.8500 7.1500 0.8000
v 2.9500 1.6000 0.8000
v 2.5000 3.7500 -0.8000
v 1.1625 0.0625 -0.2250
v 3.5500 6.4000 0.3500
v 1.1000 2.8800 -0.4600
v 3.3333 7.1667 -0.8000
v 2.7000 3.1333 -0.4667
v 2.7000 3.9667 -0.6333
v 2.7000 1.8600 0.5800
v 2.1000 5.2500 -0.8000
v 2.4500 3.1000 -0.8000
v 3.3500 0.9500 0.8000
v 1.6333 6.1667 0.8000
v 1.1750 2.0500 -0.7250
v 1.1000 0.9500 -0.0500
v 1.6667 0.5667 -0.8000
v 1.1000 0.7667 -0.2333
v 1.2000 7.6200 0.8000
v 1.4333 0.0000 -0.0333
v 1.1000 3.5500 0.3500
v 4.0000 6.1500 0.1000
v 1.4500 2.9000 -0.8000
v 2.7000 2.4500 0.3500
v 2.9500 7.8500 -0.8000
v 1.1000 4.9000 0.1500
v 2.7250 5.0500 -0.0250
v 1.1000 4.4000 0.6000
v 4.2500 8.0000 0.6000
v 2.3000 5.4500 -0.8000
v 2.7000 5.6500 -0.2500
v 1.8667 6.9667 0.8000
v 3.3667 1.1333 0.8000
v 2.7250 1.6250 0.6000
v 2.0500 5.0500 -0.8000
v 2.4500 3.3500 -0.8000
v 1.1000 1.1500 -0.0500
v 3.3400 7.3800 -0.8000
v 2.7000 4.1600 -0.7200
v 1.2000 7.8667 0.8000
v 2.7000 3.3667 -0.4667
v 1.6000 6.3000 0.8000
v 2.9500 7.6500 -0.8000
v 4.0000 8.0000 0.3500
v 1.1000 3.7667 0.3667
v 1.1667 2.2500 -0.7000
v 2.7143 5.2429 -0.0286
v 3.9900 6.3800 0.1200
v 2.9500 6.4000 -0.2500
v 1.6500 0.7500 -0.8000
v 1.1000 0.5000 -0.2500
v 2.2500 0.0000 0.6000
v 1.8500 1.4000 -0.8000
v 1.1000 4.6500 0.1500
v 2.7000 2.6500 0.3500
v 2.7000 5.4500 -0.2500
v 2.2500 5.6500 -0.8000
v 1.8500 0.3500 -0.8000
v 1.6667 7.1667 0.8000
v 1.4000 8.0000 0.8000
v 1.8667 6.7333 0.8000
v 1.1000 3.9500 0.3500
v 1.6500 0.0000 -0.4500
v 1.1000 1.1333 -0.2667
v 2.0400 0.0000 0.6000
v 2.7000 2.0500 0.3500
v 1.6500 0.9500 -0.8000
v 2.0500 5.6500 -0.8000
v 1.4000 1.6500 -0.8000
v 2.2333 5.0333 -0.8000
v 2.7000 5.2333 -0.2333
v 1.1000 3.3500 0.6000
v 3.3500 0.5500 0.8000
v 1.1000 0.5667 -0.0333
v 2.7000 3.5500 -0.6500
v 2.9500 6.3500 -0.0500
v 1.1857 2.4429 -0.7286
v 1.1000 5.8750 0.1750
v 3.5500 6.4000 0.6000
v 2.7250 5.4000 -0.0250
v 1.1000 1.7000 -0.4500
v 1.1000 4.1500 0.3500
v 1.6500 1.1500 -0.8000
v 1.6500 7.4000 0.8000
v 3.1500 8.0000 -0.6500
v 1.8500 0.0750 -0.7250
v 2.7500 0.0000 0.1500
v 2.7000 4.4000 -0.4500
v 3.7500 6.4000 0.3500
v 2.7000 3.7333 -0.6333
v 2.0333 5.4667 -0.8000
v 1.4667 1.8333 -0.8000
v 2.9333 8.0000 -0.4667
v 1.1000 0.9500 -0.2500
v 3.3500 6.4000 -0.6500
v 1.8500 6.5500 0.8000
v 2.4875 4.3875 -0.8000
v 2.9500 6.1500 0.0000
v 1.4500 0.0000 -0.2500
v 1.1000 0.7500 -0.0500
v 3.7333 8.0000 0.1667
v 2.7000 5.0667 -0.2333
v 3.3500 0.7500 0.8000
v 2.2500 5.2500 -0.8000
v 2.7000 2.2500 0.4000
v 2.7250 5.6500 -0.0250
v 1.1000 1.8333 -0.4667
v 1.1364 2.6545 -0.7455
v 2.7000 2.9000 0.5875
v 1.1000 3.1400 0.5800
v 1.4500 2.0500 -0.8000
v 4.2500 6.1500 0.1000
v 1.1000 5.6500 0.1500
v 3.1333 7.8333 -0.8000
v 2.7250 1.6250 0.4000
v 1.6500 1.4000 -0.8000
v 2.2000 4.6500 -0.8000
v 1.1000 3.7500 0.6000
v 1.8667 0.7667 -0.8000
v 4.0000 8.0000 0.6000
v 2.7000 4.9000 -0.2000
v 1.9000 6.3000 0.8000
v 1.1000 2.0500 -0.4500
v 3.3500 6.5500 -0.8000
v 2.5000 3.9500 -0.8000
v 2.0400 5.8800 -0.8000
v 3.3500 0.0750 0.8000
v 2.7000 2.6500 0.6000
v 2.2500 0.0000 0.3500
v 2.7000 3.9500 -0.4500
v 1.1833 0.0833 -0.0333
v 1.4500 7.6500 0.8000
v 1.6500 6.9000 0.8000
v 2.7000 3.1333 -0.6333
v 1.1818 2.9000 -0.7273
v 2.7000 1.8333 0.3333
v 1.1000 1.4000 -0.2750
v 2.7000 4.6333 -0.2333
v 2.7300 5.8900 -0.0100
v 3.1500 6.4000 -0.2500
v 1.1000 5.4333 0.1667
v 4.2500 6.3750 0.1250
v 1.4000 7.8500 0.8000
v 3.4000 8.0000 -0.2000
v 2.2500 4.9000 -0.8000
v 1.1000 2.2500 -0.4500
v 1.8500 0.5500 -0.8000
v 2.4800 4.1600 -0.8000
v 2.7000 3.3500 -0.7667
v 2.7000 2.4400 0.5800
v 1.8500 6.1500 0.8000
v 1.1000 3.5600 0.6200
v 2.7000 4.1500 -0.4500
v 3.1500 7.6500 -0.8000
v 3.3500 6.7500 -0.8000
v 1.1000 0.3333 -0.0333
v 4.2500 8.0000 0.4000
v 1.4500 2.2500 -0.8000
v 1.1000 4.4000 0.3500
v 3.3333 0.3333 0.8000
v 2.5000 2.0500 -0.8000
v 1.1000 2.6600 0.6000
v 1.2250 3.1250 -0.7500
v 1.6667 0.0000 0.3667
v 2.7000 2.9000 -0.6500
v 3.7500 6.9000 -0.8000
v 1.1000 3.9500 -0.4500
v 2.7500 0.0000 -0.0500
v 2.2667 6.9667 0.8000
v 2.7000 2.0500 -0.4500
v 2.0500 6.7500 0.8000
v 2.7000 3.7500 0.6000
v 1.1000 0.7667 0.1667
v 3.7500 8.0000 -0.0500
v 2.9500 6.1500 0.1000
v 1.4500 3.9500 -0.8000
v 3.3500 6.4000 0.6000
v 1.1000 4.9000 -0.2000
v 2.0667 0.3333 -0.8000
v 4.0500 7.8500 -0.8000
v 1.8500 5.6500 -0.8000
v 2.7250 5.6500 0.1250
v 2.5000 7.6500 0.8000
v 3.1500 8.0000 0.6000
v 2.2250 1.3750 -0.8000
v 3.7500 1.4000 0.8000
v 1.8500 0.0000 0.6000
v 1.1000 1.7000 0.4000
v 1.6667 4.6333 -0.8000
v 3.5500 0.5500 0.8000
v 1.1000 4.1500 -0.4500
v 3.5333 6.4000 -0.6333
v 2.7000 4.4000 0.3500
v 2.5000 7.8500 0.8000
v 1.1444 3.3444 -0.7556
v 3.7500 6.4000 -0.4500
v 4.0000 7.6500 -0.8000
v 1.1000 2.4500 0.6000
v 2.9667 8.0000 0.3667
v 2.7000 3.5500 0.6000
v 1.4500 4.1500 -0.8000
v 1.7000 4.9000 -0.8000
v 2.0750 0.0625 -0.7375
v 2.7000 2.2500 -0.4500
v 2.9500 6.3750 0.1250
v 1.1000 0.5500 0.1500
v 4.0250 6.4000 -0.2750
v 1.1000 4.6333 -0.2667
v 3.5333 0.7667 0.8000
v 1.1000 5.9000 -0.0500
v 2.0500 6.5500 0.8000
v 1.1000 1.8667 0.3667
v 2.5000 2.2500 -0.8000
v 1.8667 5.4333 -0.8000
v 2.7167 5.4500 0.1167
v 2.5500 8.0000 0.8000
v 2.7273 5.8909 0.1182
v 1.8750 5.8750 -0.8000
v 1.1000 5.4500 -0.0500
v 2.7400 1.6200 -0.4800
v 2.0500 6.3000 0.8000
v 4.2800 6.3600 -0.0200
v 2.7000 3.3400 0.5800
v 1.6667 5.0667 -0.8000
v 1.1000 5.2500 -0.2500
v 1.1750 3.5500 -0.7250
v 2.4500 1.7000 -0.8000
v 2.7000 2.4500 -0.6500
v 1.1000 2.0333 0.3667
v 3.7500 0.9500 0.8000
v 2.2500 0.9500 -0.8000
v 3.5500 0.1500 0.8000
v 1.1000 0.3500 0.1500
v 2.2500 7.1500 0.8000
v 3.7333 7.1667 -0.8000
v 2.0500 0.7500 -0.8000
v 2.7000 3.9667 0.3667
v 3.5333 6.5667 -0.8000
v 2.2500 0.0000 -0.4500
v 2.0333 6.1667 0.8000
v 2.7000 2.6571 -0.7429
v 4.2500 6.1500 0.0000
v 1.1000 5.6500 -0.0500
v 2.7000 1.8333 -0.4333
v 1.1000 2.9000 0.6000
v 2.7000 3.1000 0.6000
v 3.5500 8.0000 -0.2500
v 2.4800 1.8600 -0.8000
v 1.6667 5.2333 -0.8000
v 1.1000 2.2500 0.3500
v 1.1000 5.0500 -0.2500
v 1.4500 4.4000 -0.8000
v 4.0000 8.0000 -0.6400
v 2.5000 0.0000 -0.2750
v 1.1714 3.7429 -0.7143
v 3.5500 0.3500 0.8000
v 3.5333 6.7333 -0.8000
v 3.7500 1.1500 0.8000
v 2.2500 1.1500 -0.8000
v 2.0500 0.5500 -0.8000
v 2.7000 4.1500 0.3500
v 2.2500 7.4000 0.8000
v 3.7500 7.4000 -0.8000
v 1.1600 0.0600 0.1400
v 1.1000 4.4000 -0.4500
v 4.2500 8.0000 -0.5000
v 4.0000 1.6000 0.8000
v 1.1000 5.6500 -0.2500
v 1.6500 5.4500 -0.8000
v 2.7000 4.3875 0.5875
v 4.2000 7.8000 -0.8000
v 3.5500 8.0000 -0.0500
v 3.1500 6.1500 0.1000
v 2.9500 8.0000 0.6250
v 1.4333 3.1333 -0.8000
v 2.7000 3.5667 0.3333
v 3.7333 0.5667 0.8000
v 2.2667 0.5333 -0.8000
v 1.1000 2.4500 0.3500
v 3.5500 1.4000 0.8000
v 2.7500 7.6000 0.8000
v 2.0333 1.1333 -0.8000
v 2.7167 4.8500 0.1167
v 1.1000 5.0500 -0.0500
v 1.8500 4.9000 -0.8000
v 2.0600 7.3800 0.8000
v 2.4800 0.0000 -0.0400
v 3.5333 6.9667 -0.8000
v 2.4875 2.9000 -0.8000
v 2.2500 6.1500 0.8000
v 2.7000 2.0500 -0.6500
v 1.1714 3.9571 -0.7143
v 2.7000 2.9000 -0.4500
v 1.1000 3.1000 -0.5000
v 1.1000 1.8500 0.6250
v 2.0500 0.9500 -0.8000
v 3.1667 6.3667 0.1333
v 1.1000 1.4200 0.1400
v 1.8500 4.6500 -0.8000
v 2.7250 4.6500 0.1250
v 1.6500 0.0000 0.6000
v 4.2000 6.4000 -0.3000
v 1.1000 5.5000 -0.2000
v 1.4333 3.3667 -0.8000
v 1.6500 5.6500 -0.8000
v 1.1000 2.6500 0.3500
v 2.0667 7.1667 0.8000
v 1.1000 5.2500 0.0000
v 3.3333 8.0000 0.1667
v 2.7000 2.2500 -0.6000
v 2.0500 0.0000 -0.4500
v 3.7500 0.7500 0.8000
v 2.2667 0.7667 -0.8000
v 2.7667 7.8667 0.8000
v 3.3500 6.4000 0.3500
v 3.7500 6.4000 -0.7250
v 2.3000 6.3000 0.8000
v 2.7000 3.7333 0.3667
v 1.1000 3.3500 -0.4500
v 1.1000 1.6500 0.5750
v 3.1333 8.0000 0.3667
v 1.8500 0.0000 0.3500
v 3.5500 6.4000 -0.4500
v 1.1500 4.1625 -0.7375
v 4.2000 7.6000 -0.8000
v 2.2400 0.0600 -0.7400
v 3.7000 0.0750 0.8000
v 1.4667 3.5667 -0.8000
v 2.7000 3.1000 0.3000
v 1.1000 2.9000 0.3500
v 1.1000 1.1500 0.2000
v 3.5500 0.9500 0.8000
v 3.7500 6.5500 -0.8000
v 2.3000 6.5500 0.8000
v 1.1000 2.2500 0.6000
v 3.5500 7.1500 -0.8000
v 2.7000 2.4500 -0.4500
v 1.1000 3.5667 -0.4667
v 2.7200 5.2600 0.1400
v 1.8500 5.2500 -0.8000
v 3.9909 6.3818 -0.0273
v 2.7500 8.0000 0.8000
v 2.7231 1.6231 -0.7308
v 2.4800 2.4400 -0.8000
v 1.1000 5.8800 -0.2600
v 1.1000 4.6500 -0.0500
v 2.7000 4.1600 0.5800
v 4.2500 8.0000 -0.6500
v 1.1692 4.3769 -0.7385
v 3.7500 6.7500 -0.8000
v 2.2500 6.7500 0.8000
v 3.7500 0.3500 0.8000
v 2.8000 0.0000 -0.2000
v 2.2333 0.3667 -0.8000
v 3.5500 7.4000 -0.8000
v 1.1000 3.7500 -0.4500
v 4.2500 1.6000 0.8000
v 3.9800 8.0000 -0.4600
v 2.0400 1.4200 -0.8000
v 1.1000 0.9500 0.1500
v 2.7000 3.3667 0.3667
v 3.5000 1.1500 0.8000
v 1.4500 0.0000 0.1500
v 3.7500 8.0000 -0.2500
v 4.0000 6.1500 0.0000
v 2.0500 6.9500 0.8000
v 2.7250 5.0500 0.1250
v 1.8500 5.0500 -0.8000
v 1.1000 4.9000 0.0000
v 1.1000 2.0500 0.6000
v 2.5000 2.6500 -0.8000
v 2.7000 3.9500 0.6000
v 2.7000 1.8400 -0.7200
v 1.6500 5.9000 -0.8000
v 1.4500 3.7500 -0.8000
v 2.7000 2.6500 -0.4500
v 1.1000 1.1500 0.6000
v 2.5000 0.5500 -0.8000
v 4.2000 6.4000 -0.5000
v 1.1000 5.4500 -0.4500
v 2.7200 1.6300 -0.0300
v 3.5500 7.6500 -0.8000
v 1.1857 4.6429 -0.7286
v 2.8000 1.4000 -0.8000
v 4.0000 6.4000 -0.6400
v 2.0500 0.0000 -0.2500
v 1.1000 2.2333 0.1667
v 4.0000 0.7500 0.8000
v 2.0500 1.8500 -0.8000
v 2.7000 5.2500 0.6000
v 1.4500 5.4500 -0.8000
v 1.1000 3.3667 -0.2333
v 1.8500 4.1500 -0.8000
v 2.7250 4.1500 0.1250
v 1.1500 0.0500 0.4000
v 1.7000 3.1000 -0.8000
v 2.7667 6.9667 0.8000
v 3.5500 6.4000 -0.2500
v 2.2500 0.0000 -0.0500
v 2.5000 6.1500 0.8000
v 2.2400 2.8800 -0.8000
v 1.1000 5.6500 -0.4500
v 2.7250 1.8500 -0.0250
v 2.7000 5.9000 0.3500
v 2.5000 0.7500 -0.8000
v 1.1000 0.9400 0.6000
v 4.2000 6.9500 -0.8000
v 1.1833 4.8833 -0.7667
v 1.7000 3.3500 -0.8000
v 1.1000 2.0500 0.1500
v 2.1000 1.7000 -0.8000
v 2.7000 5.0600 0.5800
v 1.4500 5.6500 -0.8000
v 4.2250 1.4250 0.8000
v 4.0000 0.5500 0.8000
v 1.4600 0.0000 0.6200
v 1.1000 0.3500 0.3500
v 2.5200 6.3400 0.8000
v 1.1000 3.1000 -0.3000
v 2.7000 2.9000 -0.2600
v 4.2500 8.0000 -0.0500
v 2.1000 8.0000 0.8000
v 3.5500 7.8500 -0.8000
v 2.7143 3.9571 0.1286
v 1.8667 3.9667 -0.8000
v 1.1000 4.4000 -0.0500
v 2.7667 7.1333 0.8000
v 2.0333 2.2667 -0.8000
v 1.8750 4.4250 -0.8000
v 2.5000 6.5500 0.8000
v 2.7300 4.3900 0.1100
v 2.8000 0.0000 -0.4500
v 1.1000 3.9500 -0.0500
v 2.8000 0.9500 -0.8000
v 2.7000 4.9000 0.6000
v 2.7143 2.0429 -0.0286
v 4.0250 8.0000 -0.2750
v 1.1000 3.7000 -0.2500
v 2.4889 0.0667 -0.7111
v 3.7333 6.1333 0.0000
v 2.9500 8.0000 0.1500
v 1.1500 5.0500 -0.7375
v 3.7500 8.0000 -0.4500
v 4.2000 7.4500 -0.8000
v 2.9667 6.4000 0.3667
v 2.2500 2.4500 -0.8000
v 1.1000 0.5667 0.3667
v 4.2500 1.1500 0.8000
v 1.6500 3.5500 -0.8000
v 3.5333 8.0000 -0.6333
v 4.0000 0.3600 0.8000
v 2.0500 7.8500 0.8000
v 1.1000 1.8500 0.1500
v 2.7000 5.4500 0.4000
v 2.7000 2.6500 -0.2500
v 4.0200 6.7600 -0.8000
v 1.1000 4.1500 -0.0500
v 2.0500 7.6500 0.8000
v 2.8000 1.1500 -0.8000
v 1.6500 0.0000 0.1500
v 1.1000 1.4000 0.6000
v 2.7000 4.6500 0.6000
v 2.7667 7.4667 0.8000
v 3.1500 6.4000 0.6000
v 1.4500 5.9000 -0.8000
v 3.7500 6.3750 -0.0250
v 2.5000 0.3500 -0.8000
v 1.6667 3.7667 -0.8000
v 3.3500 8.0000 0.6000
v 2.5200 6.7600 0.8000
v 1.1000 3.5500 -0.2500
v 2.7000 2.4500 -0.2500
v 1.1000 0.7500 0.3500
v 4.0000 6.5500 -0.8000
v 4.2000 7.1500 -0.8000
v 1.1750 5.2500 -0.7250
v 2.7250 2.2000 -0.0250
v 2.7000 5.6500 0.3500
v 2.2500 2.6500 -0.8000
v 1.1000 5.9000 -0.4500
v 4.2000 0.9500 0.8000
v 3.9333 0.1000 0.8000
v 1.1000 1.7000 0.1500
v 2.1000 2.0500 -0.8000
v 4.2500 0.7500 0.8000
v 1.6500 3.9500 -0.8000
v 1.1000 4.1500 -0.2500
v 2.7000 5.9000 0.6000
v 2.0500 2.6500 -0.8000
v 3.7500 6.4000 -0.2500
v 2.4800 6.9400 0.8000
v 1.4500 4.6500 -0.8000
v 2.2500 2.0500 -0.8000
v 1.8500 3.3500 -0.8000
v 2.7143 3.3571 0.1286
v 1.1000 0.9500 0.3500
v 2.4714 1.4000 -0.8000
v 1.4500 0.0000 0.3500
v 2.2500 7.6500 0.8000
v 3.8000 7.6500 -0.8000
v 2.7250 2.4500 -0.0250
v 1.1000 3.5333 -0.0333
v 2.8000 0.5000 -0.8000
v 2.7000 2.2500 -0.2500
v 3.9800 6.4000 -0.4600
v 2.7000 5.0333 0.3333
v 1.1000 4.6500 -0.5000
v 4.2500 6.4000 -0.6500
v 1.1667 5.4500 -0.7000
v 1.1000 0.3600 0.6200
v 4.0000 1.4000 0.8000
v 1.8500 3.1000 -0.8000
v 2.7286 3.1429 0.1143
v 1.1000 2.9250 0.1500
v 1.6500 4.1500 -0.8000
v 1.1000 1.1500 0.3500
v 1.1000 3.9667 -0.2333
v 2.0500 2.4500 -0.8000
v 1.4000 4.8500 -0.8000
v 4.2500 0.5500 0.8000
v 2.7000 2.0333 -0.2333
v 2.2667 7.8333 0.8000
v 3.7500 7.8500 -0.8000
v 1.1000 3.7667 -0.0333
v 2.7400 6.4000 0.8000
v 4.0000 8.0000 -0.0500
v 2.3000 2.2500 -0.8000
v 2.7000 5.2500 0.3500
v 2.8000 0.8000 -0.8000
v 1.1000 4.9000 -0.4500
v 4.0000 6.9500 -0.8000
v 1.1600 0.0600 0.6200
v 2.7286 2.6429 -0.0143
v 1.1857 5.6429 -0.7286
v 2.7000 4.6500 0.3000
v 1.1000 1.3800 0.3600
v 4.0000 7.4000 -0.8000
v 3.1333 6.4000 0.3667
v 2.2500 1.7000 -0.8000
v 3.7000 1.6000 0.8000
v 2.7000 1.8667 -0.2333
v 4.0000 1.1500 0.8000
v 1.1000 2.6333 0.1667
v 3.5500 8.0000 -0.4500
v 3.3500 8.0000 0.3500
v 4.2333 0.3333 0.8000
v 4.2000 6.7500 -0.8000
v 2.3000 8.0000 0.8000
v 3.7500 8.0000 -0.7250
v 1.1000 5.0333 -0.4667
v 3.3500 6.3750 0.1250
v 2.4750 0.0000 -0.4750
v 2.7500 6.5500 0.8000
v 2.7167 3.7500 0.1167
v 1.1000 0.7500 0.6000
v 1.8500 3.7500 -0.8000
v 2.4800 7.1600 0.8000
v 2.7273 2.9091 -0.0182
v 1.1000 3.1000 -0.0500
v 3.6000 6.2000 0.0000
v 2.7714 0.0429 -0.7286
v 1.8667 0.0000 0.1667
v 3.1500 8.0000 0.1500
v 1.4667 5.0333 -0.8000
v 1.1000 4.3750 -0.2750
v 2.4800 0.9600 -0.8000
v 2.7000 5.6400 0.5800
v 4.2000 8.0000 -0.3000
v 1.1467 5.8933 -0.7400
v 2.7250 1.6250 -0.2000
v 4.0000 7.1500 -0.8000
v 2.2333 1.8333 -0.8000
v 1.8500 3.5500 -0.8000
v 2.7333 3.5333 0.1333
v 1.1000 2.4500 0.1500
v 1.1000 5.2500 -0.4500
v 2.0250 2.9250 -0.8000
v 2.7000 4.9000 0.4000
v 3.9800 0.9400 0.8000
v 4.2667 0.1000 0.8000
v 2.0500 0.0000 -0.0500
v 2.5000 7.4000 0.8000
v 1.1000 0.5500 0.6000
v 2.9500 6.4000 0.6250
v 1.1000 3.3667 -0.0333
v 3.3667 6.1333 0.1000
v 2.5000 1.1500 -0.8000
v 2.7667 6.7333 0.8000
v 1.4500 5.2500 -0.8000
v 1.6400 4.3800 -0.8000
v 2.7000 5.4500 0.6000
v 2.2333 0.0000 -0.2667
v 3.5571 6.3857 -0.0286
v 2.8000 0.3500 -0.8000
v 2.9500 2.6500 0.0000
v 1.1000 6.9500 -0.4500
v 2.2500 3.9500 0.8000
v 1.4333 8.0000 -0.0333
v 2.9500 0.7500 -0.8000
v 3.1500 1.8500 0.0000
v 1.1857 6.1571 -0.7286
v 1.4250 1.3750 0.8000
v 1.1000 7.8333 -0.2667
v 1.6500 2.0500 0.8000
v 4.2400 0.0000 0.6200
v 2.5000 4.6500 0.8000
v 1.4500 6.9500 -0.8000
v 2.9500 6.4000 0.8000
v 1.6333 7.6333 -0.8000
v 1.2000 0.5667 0.8000
v 3.5500 1.6000 0.3500
v 3.7667 5.0667 0.0000
v 4.2500 2.9000 0.1000
v 3.1500 3.9000 0.1000
v 4.0000 2.0500 0.1000
v 3.3500 5.9000 0.1000
v 4.0000 4.4000 0.0000
v 2.0500 3.7500 0.8000
v 4.2500 3.7500 0.0000
v 3.3500 1.6000 -0.4500
v 2.9333 3.1333 0.1000
v 3.7600 1.6000 0.6000
v 1.8500 2.9000 0.8000
v 4.2333 3.5333 0.0000
v 2.0500 3.5500 0.8000
v 2.2500 4.1500 0.8000
v 1.6667 7.8333 -0.8000
v 4.0000 2.2400 0.1000
v 3.1750 1.6500 0.0000
v 1.2250 6.3250 -0.7500
v 3.1400 1.3800 -0.8000
v 2.2500 8.0000 0.6000
v 2.9500 2.4500 0.0000
v 2.9500 0.5500 -0.8000
v 3.7500 5.2500 0.0000
v 1.7000 2.3000 0.8000
v 3.1333 4.1667 0.1000
v 2.9667 3.3667 0.1000
v 1.2000 0.7333 0.8000
v 3.5500 5.9000 0.0000
v 3.1333 6.9333 0.8000
v 1.1000 7.6500 -0.3000
v 4.0000 0.0000 0.3500
v 2.5250 4.8500 0.8000
v 4.2667 3.3667 0.0000
v 2.0500 3.3500 0.8000
v 3.7333 4.6667 0.0000
v 1.7000 1.7000 0.8000
v 2.9333 0.3667 -0.8000
v 3.3500 5.6500 0.1000
v 2.9500 6.7500 0.8000
v 1.4500 0.9500 0.8000
v 1.8500 2.6500 0.8000
v 2.5250 5.0500 0.8000
v 4.0000 4.1500 0.0000
v 3.5500 5.4500 0.0000
v 3.1500 1.1500 -0.8000
v 1.6500 8.0000 -0.6500
v 1.4500 7.1500 -0.8000
v 2.7222 6.3667 0.6222
v 3.1500 7.4000 0.8000
v 1.1444 6.5444 -0.7556
v 2.9500 3.5500 0.1000
v 4.0000 1.6273 0.1182
v 1.1800 0.0800 0.8000
v 2.9500 1.6000 -0.2500
v 3.3500 0.0000 -0.0500
v 4.2500 2.4500 0.1000
v 1.1000 7.1500 -0.4500
v 3.1500 2.2500 0.0000
v 3.1500 0.9500 -0.8000
v 3.1500 2.0500 0.0000
v 2.5000 5.2500 0.8000
v 4.0000 3.9600 0.0000
v 2.5200 8.0000 0.1400
v 1.6500 1.8500 0.8000
v 2.9600 2.9200 0.0000
v 2.7000 5.8500 0.8000
v 3.3333 5.4333 0.1000
v 2.9500 0.0500 -0.7375
v 2.7000 6.1600 0.5800
v 3.1333 7.1667 0.8000
v 2.9667 3.7333 0.1000
v 1.8500 2.4500 0.8000
v 1.4500 7.4000 -0.8000
v 1.2000 8.0000 -0.2200
v 3.7500 4.8500 0.0000
v 1.8500 8.0000 -0.4500
v 3.1500 0.0000 -0.4500
v 3.1500 4.4000 0.1000
v 4.2500 3.1000 0.0000
v 2.0500 3.1000 0.8000
v 1.4500 1.1500 0.8000
v 2.9500 6.5500 0.8000
v 3.6000 5.7000 0.0000
v 3.5500 0.0000 0.1500
v 4.2500 2.6500 0.1000
v 1.1750 6.7500 -0.7250
v 2.2500 4.4000 0.8000
v 1.1000 7.4000 -0.4500
v 2.0500 8.0000 0.3500
v 4.0000 1.8500 0.1000
v 1.2000 0.3333 0.8000
v 3.5000 5.1000 0.0000
v 2.9500 4.0000 0.1000
v 3.3500 1.6000 -0.6500
v 3.7500 1.6000 0.3500
v 4.0000 2.9000 0.1000
v 4.2333 2.0667 0.1000
v 1.4500 6.1500 -0.8000
v 1.2143 1.4429 0.8000
v 1.2667 8.0000 -0.0333
v 3.3500 5.2500 0.1000
v 4.0000 3.7500 0.0000
v 2.2500 8.0000 0.3500
v 3.1500 3.1000 0.1000
v 4.2500 4.4000 0.0000
v 2.0667 4.4000 0.8000
v 2.4500 5.4500 0.8000
v 1.8500 2.2500 0.8000
v 3.3500 8.0000 0.8000
v 3.1500 2.6500 0.0000
v 1.8500 7.8500 -0.8000
v 1.1000 6.1333 -0.4667
v 2.9500 1.8500 0.0000
v 4.0000 0.0000 0.6000
v 1.6250 2.9250 0.8000
v 1.1714 6.9429 -0.7143
v 3.1500 0.7500 -0.8000
v 2.3000 3.1000 0.8000
v 1.4500 0.5500 0.8000
v 2.9500 6.9500 0.8000
v 1.4333 6.3333 -0.8000
v 3.8000 5.9000 0.0000
v 3.5500 5.2500 0.0000
v 3.1500 3.3500 0.1000
v 2.9500 4.1500 0.1000
v 4.2500 0.0000 0.4000
v 2.5000 5.6500 0.8000
v 2.7000 4.9000 0.8000
v 3.3500 5.0500 0.1000
v 1.8667 7.6667 -0.8000
v 1.9000 2.0500 0.8000
v 1.1000 6.3000 -0.5000
v 2.3000 3.3500 0.8000
v 4.0000 3.5500 0.0000
v 3.5500 1.6000 0.6000
v 1.4500 0.7500 0.8000
v 2.9400 1.6200 -0.0400
v 4.2333 2.2333 0.1000
v 3.1333 0.5667 -0.8000
v 2.9500 1.4000 -0.8000
v 3.1000 2.5000 0.0000
v 3.4000 0.0000 -0.2000
v 3.1500 3.5500 0.1000
v 1.1714 7.1571 -0.7143
v 1.2000 0.9800 0.8000
v 3.0000 2.2000 0.0000
v 4.2571 1.6143 0.1286
v 1.1000 6.5500 -0.4500
v 4.0000 2.4500 0.1000
v 2.7000 6.1333 0.3333
v 3.1500 1.6000 -0.2500
v 2.7000 5.0000 0.8000
v 3.1667 6.7667 0.8000
v 3.4000 7.6500 0.8000
v 1.6500 8.0000 -0.4500
v 4.0000 3.3500 0.0000
v 2.2500 3.5500 0.8000
v 4.2500 4.1500 0.0000
v 2.0500 4.1500 0.8000
v 1.1000 7.6500 -0.0500
v 1.4333 0.1000 0.8000
v 1.6500 2.4500 0.8000
v 3.6000 4.6500 0.0000
v 3.1500 0.3500 -0.8000
v 3.3500 4.9000 0.1000
v 2.9500 7.4000 0.8000
v 1.8500 1.8500 0.8000
v 3.7500 5.4500 0.0000
v 2.0400 8.0000 0.6000
v 2.9500 1.1500 -0.8000
v 1.4333 6.5667 -0.8000
v 4.0000 2.6500 0.1000
v 1.2000 1.1667 0.8000
v 3.7333 0.0000 0.1667
v 1.1500 7.4214 -0.7429
v 1.1000 6.7667 -0.4667
v 1.4500 8.0000 -0.2500
v 2.7250 6.3750 0.3750
v 2.2667 3.7667 0.8000
v 3.3500 7.8000 0.8000
v 1.1000 7.8500 -0.0500
v 4.2500 1.8500 0.1000
v 2.0667 3.9667 0.8000
v 3.1500 2.9000 0.0000
v 4.2333 3.9667 0.0000
v 1.4333 0.3667 0.8000
v 1.8500 8.0000 -0.6500
v 2.7500 8.0000 0.1500
v 3.1400 0.0400 -0.6800
v 2.5000 5.9125 0.8000
v 1.4667 6.7667 -0.8000
v 2.9667 0.9333 -0.8000
v 2.9500 2.0500 0.0000
v 2.9600 4.4000 0.1000
v 3.7500 5.6500 0.0000
v 2.9333 0.0000 -0.4667
v 1.6500 2.6500 0.8000
v 3.1333 6.5667 0.8000
v 3.3667 4.6667 0.1000
v 3.5500 4.8500 0.0000
v 3.1500 3.7500 0.1000
v 2.9500 7.1500 0.8000
v 3.9750 3.1500 0.0000
v 1.8500 1.7000 0.8000
v 2.2500 5.4500 0.8000
v 3.5500 2.2500 0.1000
v 2.4800 8.0000 0.3600
v 3.7500 3.5500 0.0000
v 1.4400 2.8800 0.8000
v 1.6500 0.5000 0.8000
v 1.1857 7.6429 -0.7286
v 2.9500 7.8500 0.8000
v 4.2500 1.6000 0.6000
v 1.1000 6.3000 -0.3000
v 1.6333 6.1667 -0.8000
v 3.3500 2.0500 0.0000
v 3.5500 0.0000 0.3500
v 3.3500 0.9500 -0.8000
v 2.5200 3.1400 0.8000
v 3.1500 5.4500 0.1000
v 1.2500 2.0500 0.8000
v 2.0500 8.0000 0.1500
v 3.3500 7.1500 0.8000
v 2.0500 5.2500 0.8000
v 1.1000 7.1500 -0.0500
v 4.2333 5.2667 0.0000
v 2.9500 4.6500 0.1000
v 3.3500 4.4000 0.1000
v 4.0000 5.9000 0.0000
v 3.3500 0.0000 -0.4500
v 3.7600 0.0000 0.6000
v 1.8600 1.3800 0.8000
v 2.2500 5.6500 0.8000
v 1.1750 2.2500 0.8000
v 3.3333 2.2333 0.0000
v 1.6667 0.7667 0.8000
v 3.1500 0.0000 0.0000
v 1.8500 8.0000 -0.0500
v 1.1857 7.8429 -0.7286
v 3.1000 5.7000 0.1000
v 2.9500 4.8500 0.1000
v 3.5667 4.3333 0.0000
v 3.7500 3.7500 0.0000
v 2.7500 8.0000 0.6000
v 1.1000 6.1667 -0.2667
v 2.9500 7.6500 0.8000
v 1.7000 6.3000 -0.8000
v 3.3000 1.1500 -0.8000
v 2.0500 5.0500 0.8000
v 4.0000 1.6000 0.3500
v 4.2500 5.0500 0.0000
v 3.7500 2.9000 0.1000
v 1.1000 7.4000 -0.0500
v 1.8500 6.9500 -0.8000
v 3.3500 7.4000 0.8000
v 3.5500 2.0500 0.1000
v 2.7000 4.2000 0.8000
v 2.5000 3.3500 0.8000
v 1.8600 7.3800 -0.8000
v 1.1000 6.9667 -0.0333
v 3.3500 4.1500 0.1000
v 2.0500 4.9000 0.8000
v 4.3000 4.9000 0.0000
v 1.6800 0.1000 0.8000
v 3.7500 3.1500 0.0000
v 1.4500 2.4500 0.8000
v 1.8500 1.1500 0.8000
v 4.0000 5.6500 0.0000
v 1.1000 6.7500 -0.2500
v 1.4667 8.0000 -0.4667
v 3.3500 6.9500 0.8000
v 3.5500 3.9000 0.0000
v 1.7000 6.5500 -0.8000
v 2.9500 5.0500 0.1000
v 1.1917 8.0000 -0.7250
v 3.5000 1.9000 0.1000
v 2.9500 0.0000 -0.2500
v 1.1750 1.7000 0.8000
v 2.5200 3.5600 0.8000
v 4.0250 0.0000 0.1500
v 3.8000 2.6500 0.1000
v 3.3600 1.4200 -0.8000
v 3.3500 1.6250 -0.0250
v 4.0000 5.4400 0.0000
v 1.6500 6.7500 -0.8000
v 2.7000 4.3000 0.8000
v 3.3333 3.9667 0.1000
v 2.9500 1.6000 -0.7250
v 2.4800 3.7400 0.8000
v 1.8667 7.1667 -0.8000
v 1.6500 0.3500 0.8000
v 2.9500 8.0000 0.8000
v 3.1500 5.9000 0.1000
v 1.4500 2.6500 0.8000
v 3.5500 4.1500 0.0000
v 1.1000 6.5667 -0.2333
v 3.7667 3.3333 0.0000
v 4.2500 4.6500 0.0000
v 3.1500 1.6000 -0.4500
v 2.0500 4.6500 0.8000
v 1.8500 0.9500 0.8000
v 2.9500 5.2500 0.1000
v 1.6000 8.0000 -0.2500
v 3.5500 1.6250 0.1250
v 3.7500 2.4500 0.1000
v 3.3500 1.8500 0.0000
v 1.1750 1.8500 0.8000
v 2.2500 5.9000 0.8000
v 3.0000 5.4000 0.1000
v 3.3500 0.0750 -0.7250
v 3.3600 2.8800 0.0000
v 1.6667 6.9667 -0.8000
v 1.2143 2.8714 0.8000
v 3.7500 0.0000 0.3500
v 1.4500 7.6500 -0.8000
v 3.1500 4.6500 0.1000
v 2.7333 6.3667 0.1333
v 1.8500 6.3000 -0.8000
v 3.3500 6.5500 0.8000
v 2.0750 5.8750 0.8000
v 4.2500 5.9000 0.0000
v 1.1000 6.5667 -0.0333
v 3.3500 3.7500 0.1000
v 4.0000 5.2500 0.0000
v 2.4800 3.9600 0.8000
v 1.6667 8.0000 -0.0333
v 1.8500 0.7500 0.8000
v 2.7500 8.0000 0.4000
v 1.1000 7.6500 -0.4500
v 3.7500 2.2500 0.1000
v 3.2000 7.8500 0.8000
v 1.4500 2.0500 0.8000
v 2.2667 4.6333 0.8000
v 4.0000 1.6000 0.6000
v 1.6250 1.4000 0.8000
v 3.5333 3.5667 0.0000
v 3.3333 6.7333 0.8000
v 3.1500 7.6500 0.8000
v 3.5500 3.7500 0.0000
v 1.1000 6.9000 -0.2500
v 2.5000 8.0000 0.6000
v 3.3500 0.3500 -0.8000
v 3.1500 4.9000 0.1000
v 2.9500 5.6500 0.1000
v 1.1000 6.7333 -0.0333
v 3.7750 4.4250 0.0000
v 1.4500 2.2500 0.8000
v 2.7000 3.3500 0.8000
v 4.0000 5.0500 0.0000
v 4.2500 1.6000 0.4000
v 2.5000 4.1400 0.8000
v 3.7500 2.0500 0.1000
v 3.6000 2.9000 0.1000
v 2.7286 6.1571 0.1143
v 1.1000 7.8500 -0.5000
v 1.8500 6.1500 -0.8000
v 2.3000 4.9000 0.8000
v 3.3500 3.5500 0.1000
v 1.8667 0.5667 0.8000
v 3.5500 0.0000 0.6000
v 2.9500 0.0000 -0.0500
v 1.4500 7.8500 -0.8000
v 3.4000 1.6000 -0.2000
v 3.7667 1.8667 0.1000
v 4.2500 0.0000 0.1500
v 3.3500 2.4500 0.0000
v 3.3500 0.5500 -0.8000
v 2.2667 5.0667 0.8000
v 1.2000 8.0000 -0.4667
v 3.5333 2.6667 0.1000
v 1.8667 8.0000 -0.2333
v 3.1500 0.0000 -0.2500
v 1.2667 2.4333 0.8000
v 1.6500 0.9500 0.8000
v 4.0000 4.8600 0.0000
v 1.4500 1.7000 0.8000
v 3.5667 3.1667 0.0000
v 1.1000 6.1500 -0.0500
v 3.3500 3.3500 0.1000
v 4.2500 5.6500 0.0000
v 2.0500 5.6500 0.8000
v 1.6500 7.1500 -0.8000
v 1.1000 7.4000 -0.2500
v 1.8667 0.3333 0.8000
v 1.4333 8.0000 -0.7000
v 1.8500 6.7500 -0.8000
v 3.7500 3.9500 0.0000
v 3.1500 5.0500 0.1000
v 1.2000 2.6333 0.8000
v 3.6000 2.5000 0.1000
v 3.7500 1.6250 0.1250
v 3.3500 2.6500 0.0000
v 2.2500 8.0000 0.2000
v 3.3333 0.7667 -0.8000
v 2.2667 5.2333 0.8000
v 1.4333 1.8333 0.8000
v 3.1500 1.6000 -0.6500
v 4.2333 5.4333 0.0000
v 2.0667 5.4333 0.8000
v 1.1000 6.3000 -0.0500
v 3.3500 6.4000 0.8000
v 2.5000 4.4000 0.8000
v 1.8500 6.5500 -0.8000
v 3.3500 3.1000 0.1000
v 3.5500 3.3000 0.0000
v 3.7667 4.1333 0.0000
v 3.1500 5.2500 0.1000
v 1.6333 1.1333 0.8000
v 2.9333 1.6000 -0.4667
v 1.8333 0.1000 0.8000
v 3.9800 4.6400 0.0000
v 2.9600 5.8800 0.1000
v 1.6500 7.4000 -0.8000
v 1.1000 7.1667 -0.2333
v 3.7500 7.1500 0.8000
v 2.2667 7.1667 -0.8000
v 3.5500 3.7500 0.1000
v 3.5500 6.5500 0.8000
v 3.7750 4.4250 0.1000
v 2.9500 5.6500 0.0000
v 1.1000 6.7500 0.1500
v 3.7500 0.0000 -0.4500
v 3.1500 4.9000 0.0000
v 2.0667 0.7667 0.8000
v 2.2500 0.9500 0.8000
v 3.7500 0.9500 -0.8000
v 4.0000 5.0500 0.1000
v 3.7500 2.0500 0.0000
v 3.5333 0.0833 -0.7167
v 2.7250 6.1500 -0.0250
v 3.6000 2.9000 0.0000
v 2.7667 8.0000 -0.4667
v 3.3500 3.5500 0.0000
v 1.6500 5.0500 0.8000
v 1.2000 3.5333 0.8000
v 2.5250 1.6500 0.8000
v 1.1000 7.6500 0.3500
v 1.8500 5.9000 0.8000
v 2.5200 8.0000 -0.6400
v 4.0250 0.0000 -0.2750
v 2.9500 0.0000 0.1500
v 2.0500 6.3000 -0.8000
v 2.0500 0.5500 0.8000
v 3.0000 5.4000 0.0000
v 2.2500 1.1500 0.8000
v 3.7667 1.1333 -0.8000
v 3.3600 2.8800 0.1000
v 4.0000 1.6000 -0.6400
v 3.7500 7.4000 0.8000
v 2.2500 7.4000 -0.8000
v 4.0000 8.0000 0.8000
v 4.2500 1.6000 -0.5000
v 3.1500 4.6500 0.0000
v 3.5333 0.3333 -0.8000
v 1.2000 3.7667 0.8000
v 2.7273 6.3636 -0.0273
v 1.1000 7.8333 0.3667
v 4.2500 5.9000 0.1000
v 3.3500 3.7500 0.0000
v 4.0000 5.2500 0.1000
v 3.5500 6.7500 0.8000
v 1.1000 6.5500 0.1500
v 1.6500 8.0000 0.1500
v 2.5250 1.8500 0.8000
v 3.5500 1.6000 -0.2500
v 1.4500 4.4000 0.8000
v 3.7500 2.2500 0.0000
v 1.6500 5.2500 0.8000
v 2.0333 6.1667 -0.8000
v 2.7000 2.6500 0.8000
v 3.3500 0.0000 0.6000
v 3.5333 3.5667 0.1000
v 1.8500 5.6500 0.8000
v 1.6333 4.6333 0.8000
v 3.5333 0.5667 -0.8000
v 3.7500 1.6250 -0.0250
v 3.6000 2.5000 0.0000
v 2.4800 7.6400 -0.8000
v 3.3500 2.6500 0.1000
v 3.7600 1.4200 -0.8000
v 2.2600 1.3800 0.8000
v 2.2500 8.0000 -0.0500
v 1.1750 8.0000 0.4000
v 3.1500 1.6000 0.6000
v 2.0667 6.7333 -0.8000
v 2.0500 0.3500 0.8000
v 4.0000 7.8500 0.8000
v 1.4500 3.9500 0.8000
v 4.2333 5.4333 0.1000
v 1.1000 6.3000 0.1500
v 2.0500 8.0000 -0.2500
v 3.5500 3.3000 0.1000
v 3.3500 3.1000 0.0000
v 2.5000 2.0500 0.8000
v 3.7667 4.1333 0.1000
v 3.1500 5.2500 0.0000
v 3.9800 4.6400 0.1000
v 2.2667 6.9333 -0.8000
v 3.7333 6.9667 0.8000
v 1.1750 3.1000 0.8000
v 2.9600 5.8800 0.0000
v 2.0667 6.5667 -0.8000
v 3.7667 1.8667 0.0000
v 1.4600 8.0000 0.6200
v 3.5500 0.7500 -0.8000
v 1.8500 5.4500 0.8000
v 2.4500 2.2500 0.8000
v 1.7000 4.9000 0.8000
v 4.2500 0.0000 -0.0500
v 3.3500 2.4500 0.1000
v 2.0667 0.1000 0.8000
v 3.5333 2.6667 0.0000
v 1.4500 4.1500 0.8000
v 4.0000 4.8600 0.1000
v 1.1750 3.3500 0.8000
v 3.3500 3.3500 0.0000
v 1.1000 6.1667 0.1333
v 3.5667 3.1667 0.1000
v 4.0000 7.6500 0.8000
v 4.2500 5.6500 0.1000
v 2.9667 1.6000 0.3667
v 2.4800 7.8400 -0.8000
v 3.1500 5.0500 0.0000
v 3.7500 3.9500 0.1000
v 2.5000 2.4500 0.8000
v 2.7286 1.6286 0.8000
v 2.4750 8.0000 -0.4750
v 1.9000 5.2500 0.8000
v 4.2000 0.0000 -0.3000
v 1.1000 7.8500 0.6000
v 3.3333 2.2333 0.1000
v 3.1500 0.0000 0.1500
v 2.7600 8.0000 -0.7000
v 1.8667 8.0000 0.1667
v 2.9500 4.8500 0.0000
v 3.1000 5.7000 0.0000
v 3.5500 0.0000 -0.4500
v 3.5667 4.3333 0.1000
v 2.2500 6.5500 -0.8000
v 3.7000 6.5500 0.8000
v 3.7500 3.7500 0.1000
v 3.5333 7.1667 0.8000
v 4.2500 5.0500 0.1000
v 3.7500 2.9000 0.0000
v 1.4333 3.5667 0.8000
v 1.1000 7.3800 0.1600
v 3.7500 0.0500 -0.7500
v 2.3000 0.0750 0.8000
v 3.5500 2.0500 0.0000
v 3.3500 0.0000 0.3500
v 3.5500 0.9500 -0.8000
v 3.5500 2.2500 0.0000
v 1.4500 3.7500 0.8000
v 3.7500 1.6000 -0.2500
v 1.6400 5.8800 0.8000
v 2.7000 1.8000 0.8000
v 3.7500 3.5500 0.1000
v 2.2333 8.0000 -0.2667
v 1.8500 5.0500 0.8000
v 2.5000 2.6600 0.8000
v 2.0500 6.9500 -0.8000
v 3.3500 2.0500 0.1000
v 1.1000 7.6500 0.6000
v 3.5400 7.3800 0.8000
v 2.0400 1.4200 0.8000
v 3.1500 5.4500 0.0000
v 3.5500 1.1500 -0.8000
v 4.2500 1.6000 -0.6500
v 2.2333 6.7667 -0.8000
v 1.2143 4.3857 0.8000
v 3.7500 6.7500 0.8000
v 3.9800 1.6000 -0.4600
v 4.2500 8.0000 0.8000
v 2.0500 8.0000 -0.0500
v 2.9500 4.6500 0.0000
v 1.1000 7.1667 0.1667
v 4.2333 5.2667 0.1000
v 2.2500 0.3500 0.8000
v 3.7500 0.3500 -0.8000
v 3.3500 4.4000 0.0000
v 4.0000 5.9000 0.1000
v 4.0000 5.4400 0.1000
v 1.2000 3.9333 0.8000
v 3.3333 3.9667 0.0000
v 1.4500 8.0000 0.3500
v 2.5000 2.9000 0.8000
v 2.2333 6.1333 -0.8000
v 3.1500 5.9000 0.0000
v 2.7250 6.3750 -0.2000
v 3.5500 6.9500 0.8000
v 3.5500 4.1500 0.1000
v 2.9500 5.2500 0.0000
v 3.7667 3.3333 0.1000
v 4.2500 4.6500 0.1000
v 3.5500 1.4000 -0.8000
v 2.1000 1.1500 0.8000
v 2.8000 7.6500 -0.8000
v 3.7500 2.4500 0.0000
v 3.5500 1.6250 -0.0250
v 1.4000 3.1000 0.8000
v 2.2667 0.5667 0.8000
v 3.7500 0.5000 -0.8000
v 2.0500 7.4000 -0.8000
v 1.8500 4.9000 0.8000
v 1.7000 5.5000 0.8000
v 3.3500 1.8500 0.1000
v 4.2333 7.8667 0.8000
v 2.9500 1.6000 0.6250
v 3.3500 4.1500 0.0000
v 1.1000 6.9500 0.1500
v 3.7500 3.1500 0.1000
v 4.3000 4.9000 0.1000
v 4.0000 5.6500 0.1000
v 4.2333 7.6333 0.8000
v 1.2000 4.1800 0.8000
v 3.5500 3.9000 0.1000
v 2.8000 7.8500 -0.8000
v 2.9500 5.0500 0.0000
v 2.7000 6.1667 -0.2667
v 3.1333 1.6000 0.3667
v 2.2000 6.3000 -0.8000
v 3.7000 6.4000 0.8000
v 1.1636 8.0000 0.6000
v 2.0500 7.1500 -0.8000
v 2.2500 0.7500 0.8000
v 3.7333 0.7667 -0.8000
v 3.5000 1.9000 0.0000
v 2.0500 0.9500 0.8000
v 4.0000 0.0000 -0.0500
v 1.8667 4.6333 0.8000
v 1.6500 5.6500 0.8000
v 3.8000 2.6500 0.0000
v 3.3500 1.6250 0.1250
v 1.4500 3.3500 0.8000
v 3.8000 5.9000 0.1000
v 4.0200 0.3600 -0.8000
v 2.0500 7.8500 -0.8000
v 3.5500 5.2500 0.1000
v 4.0000 6.7600 0.8000
v 2.9500 4.1500 0.0000
v 3.7500 1.6000 -0.4500
v 3.1500 3.3500 0.0000
v 4.2250 7.4250 0.8000
v 1.1750 5.0500 0.8000
v 2.2500 8.0000 -0.4500
v 4.2000 1.1500 -0.8000
v 1.6500 3.5500 0.8000
v 3.3500 5.0500 0.0000
v 2.2500 2.4500 0.8000
v 3.5333 1.6000 -0.6333
v 2.8000 1.0000 0.8000
v 4.0000 3.5500 0.1000
v 1.1000 6.1500 0.3500
v 2.5000 0.1500 0.8000
v 2.9571 1.6143 0.1286
v 4.2333 2.2333 0.0000
v 2.0667 2.2333 0.8000
v 3.1000 2.5000 0.1000
v 4.0250 1.6000 -0.2750
v 2.8000 7.2000 -0.8000
v 2.4500 6.5500 -0.8000
v 1.8500 4.4000 0.8000
v 2.2500 2.6500 0.8000
v 3.5000 5.1000 0.1000
v 2.9500 4.0000 0.0000
v 4.0000 2.9000 0.0000
v 4.2333 2.0667 0.0000
v 2.0500 2.0500 0.8000
v 1.1000 6.9500 0.6000
v 2.5000 8.0000 -0.2750
v 4.0000 0.0818 -0.7273
v 4.2000 1.0000 -0.8000
v 3.3500 5.2500 0.0000
v 4.0000 3.7500 0.1000
v 1.2000 8.0000 0.1333
v 3.1500 3.1000 0.0000
v 4.2500 4.4000 0.1000
v 4.2000 0.0000 -0.5000
v 3.9500 6.5500 0.8000
v 1.2500 5.2500 0.8000
v 4.2500 7.1500 0.8000
v 1.6500 3.7000 0.8000
v 1.4500 5.9000 0.8000
v 1.1000 6.3000 0.4000
v 2.5200 0.3600 0.8000
v 3.5500 0.0000 -0.2500
v 2.5000 6.7500 -0.8000
v 3.1500 2.6500 0.1000
v 2.7500 1.1500 0.8000
v 2.0000 7.6500 -0.8000
v 3.3500 1.6000 0.6000
v 2.8000 7.4000 -0.8000
v 2.9500 1.8500 0.1000
v 4.0000 2.6500 0.0000
v 1.8500 4.1500 0.8000
v 2.4800 6.1600 -0.8000
v 2.2500 2.9000 0.8000
v 2.8000 6.9000 -0.8000
v 1.6000 3.1000 0.8000
v 3.7500 0.0000 -0.0500
v 1.8500 8.0000 0.6000
v 3.1500 0.0000 0.6000
v 4.0000 0.7500 -0.8000
v 2.7000 6.1500 -0.4500
v 1.1000 7.8500 0.1500
v 1.4500 5.4500 0.8000
v 2.0500 1.8500 0.8000
v 4.2500 1.8500 0.0000
v 1.1000 6.5500 0.4000
v 1.6667 8.0000 0.3667
v 4.2333 3.9667 0.1000
v 3.1500 2.9000 0.1000
v 2.7500 8.0000 -0.0500
v 3.9000 6.4000 0.8000
v 2.9500 2.0500 0.1000
v 3.7500 5.6500 0.1000
v 2.9600 4.4000 0.0000
v 3.3667 4.6667 0.0000
v 3.5500 4.8500 0.1000
v 3.5333 7.6667 0.8000
v 3.1500 3.7500 0.0000
v 1.1000 7.4000 0.6000
v 1.2000 4.6667 0.8000
v 2.7667 1.4667 0.8000
v 2.4800 0.5400 0.8000
v 3.9750 3.1500 0.1000
v 3.1500 3.5500 0.0000
v 2.4500 6.3000 -0.8000
v 1.1000 6.7500 0.3500
v 1.8500 3.9500 0.8000
v 2.0800 8.0000 -0.7000
v 3.5500 7.8500 0.8000
v 4.2000 1.4000 -0.8000
v 1.4500 5.6500 0.8000
v 1.6667 3.3667 0.8000
v 3.0000 2.2000 0.1000
v 2.7333 6.3667 -0.4667
v 2.0500 1.7000 0.8000
v 4.3000 1.6250 -0.0250
v 4.0000 0.5500 -0.8000
v 4.0000 2.4500 0.0000
v 1.1750 4.9000 0.8000
v 4.0000 3.3500 0.1000
v 4.2500 6.9500 0.8000
v 4.2500 4.1500 0.1000
v 3.6000 4.6500 0.1000
v 3.3500 4.9000 0.0000
v 1.1000 7.6500 0.1500
v 2.4800 0.7600 0.8000
v 1.1000 7.1500 0.6000
v 2.9667 0.0000 0.3667
v 3.7500 5.4500 0.1000
v 2.7500 0.0750 0.8000
v 1.1000 6.9667 0.3667
v 2.5000 0.9400 0.8000
v 4.2333 3.5333 0.1000
v 1.4333 5.0333 0.8000
v 4.2000 1.6000 -0.3000
v 2.8000 6.5500 -0.8000
v 4.0000 2.2400 0.0000
v 2.5000 7.1500 -0.8000
v 3.1667 1.6333 0.1333
v 1.8667 3.7667 0.8000
v 2.9500 2.4500 0.1000
v 4.2000 0.3500 -0.8000
v 3.5500 1.6000 -0.4500
v 2.9667 3.3667 0.0000
v 3.7500 5.2500 0.1000
v 3.1333 4.1667 0.0000
v 3.5500 5.9000 0.1000
v 1.1000 6.3400 0.5800
v 3.7000 8.0000 0.8000
v 2.2333 8.0000 -0.7000
v 4.2333 6.7333 0.8000
v 3.7500 1.6000 -0.7250
v 2.3000 1.7000 0.8000
v 3.9875 7.4000 0.8000
v 3.3500 1.6000 0.3500
v 4.0000 1.1500 -0.8000
v 2.9500 2.6500 0.1000
v 1.6250 4.3750 0.8000
v 2.8000 6.7500 -0.8000
v 1.4500 5.2500 0.8000
v 3.7500 0.0000 -0.2500
v 2.7667 0.3333 0.8000
v 1.4500 8.0000 0.1500
v 3.1500 1.8500 0.1000
v 2.4875 7.4125 -0.8000
v 2.5000 1.1500 0.8000
v 2.8000 8.0000 -0.2000
v 1.1000 6.1500 0.6000
v 1.8667 3.5333 0.8000
v 4.2500 0.0000 -0.6500
v 4.0000 0.9500 -0.8000
v 2.0500 2.9250 0.8000
v 3.1500 3.9000 0.0000
v 3.7667 5.0667 0.1000
v 4.2500 2.9000 0.0000
v 4.0000 2.0500 0.0000
v 3.9800 0.0000 -0.4600
v 3.3500 5.9000 0.0000
v 4.0000 4.4000 0.1000
v 4.2500 3.7500 0.1000
v 4.0000 7.1500 0.8000
v 4.2500 6.5500 0.8000
v 2.2667 1.8667 0.8000
v 1.1900 5.9000 0.8000
v 2.9333 3.1333 0.0000
v 1.1750 5.4500 0.8000
v 4.3000 6.4000 0.8000
v 3.1500 2.0500 0.1000
v 1.1000 6.7600 0.6200
v 4.0000 3.9600 0.1000
v 2.4800 8.0000 -0.0400
v 2.9600 2.9200 0.1000
v 3.3333 5.4333 0.0000
v 2.9667 3.7333 0.0000
v 2.7667 0.5667 0.8000
v 2.5000 1.4000 0.8000
v 3.7667 7.6333 0.8000
v 2.2500 7.6500 -0.8000
v 3.1500 4.4000 0.0000
v 4.2500 3.1000 0.1000
v 3.7500 4.8500 0.1000
v 3.6000 5.7000 0.1000
v 3.5500 0.0000 -0.0500
v 2.5000 6.9500 -0.8000
v 1.4000 4.6500 0.8000
v 2.0667 2.6333 0.8000
v 4.2500 2.6500 0.0000
v 2.7000 6.1500 -0.6500
v 1.8500 3.3500 0.8000
v 2.2667 2.0333 0.8000
v 4.2000 0.7500 -0.8000
v 1.6667 3.9667 0.8000
v 2.9500 0.0000 0.6250
v 4.0000 1.8500 0.0000
v 1.1000 7.1500 0.3500
v 4.0000 6.9500 0.8000
v 4.2667 3.3667 0.1000
v 3.7333 4.6667 0.1000
v 3.3500 5.6500 0.0000
v 1.2667 5.6333 0.8000
v 4.0000 4.1500 0.1000
v 1.1000 6.5500 0.6000
v 3.5500 5.4500 0.1000
v 2.2500 2.2500 0.8000
v 2.7667 0.7333 0.8000
v 1.8500 8.0000 0.3500
v 3.1333 0.0000 0.3667
v 3.7333 7.8333 0.8000
v 2.2000 7.8500 -0.8000
v 2.7250 6.3833 -0.7083
v 2.9500 3.5500 0.0000
v 1.6500 8.0000 0.6000
v 1.9000 3.1000 0.8000
v 4.0000 1.6250 -0.0250
v 2.0500 8.0000 -0.4500
v 4.0286 1.3857 -0.8000
v 1.1000 7.4000 0.3500
v 2.0500 2.4500 0.8000
v 3.3333 0.0000 0.1667
v 4.2500 2.4500 0.0000
v 1.4500 4.9000 0.8000
v 4.2000 0.5500 -0.8000
v 1.6500 4.1500 0.8000
v 3.1500 2.2500 0.1000
v 5.0667 5.4333 0.1000
v 6.3333 7.8333 -0.8000
v 6.7500 8.0000 0.3500
v 5.9667 0.5667 0.8000
v 5.2500 0.0000 0.1500
v 4.4667 0.5333 -0.8000
v 4.4500 2.4500 0.0000
v 4.6500 6.9500 0.8000
v 6.5500 8.0000 -0.4500
v 4.8000 7.6500 0.8000
v 4.6500 4.1500 0.1000
v 5.4800 2.2400 0.1000
v 4.8500 4.9000 0.1000
v 6.5500 2.4500 0.8000
v 7.5000 7.4000 0.3500
v 7.4000 5.6500 0.8000
v 6.7500 3.1000 0.8000
v 4.6500 1.4000 -0.8000
v 4.6333 1.6667 -0.0333
v 5.9400 6.1600 -0.7000
v 4.4500 3.4000 0.1000
v 5.2667 5.6667 0.0000
v 7.2500 4.8500 0.8000
v 7.0000 3.9500 0.8000
v 5.5000 0.0000 0.3500
v 7.5000 6.5400 0.5800
v 5.7500 3.5500 0.0000
v 6.3000 2.2500 0.8000
v 6.1500 1.4000 0.8000
v 5.7500 3.7500 0.0000
v 4.8333 4.6667 0.1000
v 6.5500 2.6500 0.8000
v 6.3500 2.0500 0.8000
v 5.0000 5.6500 0.1000
v 4.4500 2.6500 0.0000
v 7.5000 7.1667 0.3667
v 4.6500 3.9500 0.1000
v 5.7500 2.9000 0.1000
v 5.9667 0.7333 0.8000
v 4.4667 0.7667 -0.8000
v 6.1500 8.0000 -0.0500
v 4.8333 7.8333 0.8000
v 5.5000 2.0500 0.1000
v 5.2500 5.4500 0.0000
v 5.7500 0.0000 0.6000
v 5.9111 6.3778 -0.7111
v 7.0125 8.0000 0.6000
v 7.2500 4.6500 0.8000
v 4.4500 6.4000 0.8000
v 7.5000 6.7500 0.6000
v 4.6500 1.8500 0.0000
v 4.4500 3.1500 0.1000
v 5.0500 0.0000 -0.0500
v 6.1500 6.9500 -0.8000
v 7.0000 4.1500 0.8000
v 6.7500 3.3500 0.8000
v 5.5000 4.4000 0.0000
v 6.3500 7.6500 -0.8000
v 4.4444 0.0444 -0.7556
v 7.2667 8.0000 0.1333
v 6.1600 7.4000 -0.8000
v 5.9500 0.0750 0.8000
v 4.4400 2.9200 0.0000
v 5.4800 3.9600 0.0000
v 6.5750 2.9250 0.8000
v 6.1500 1.1500 0.8000
v 7.5000 6.1600 0.5800
v 7.2500 5.2500 0.8000
v 6.0000 6.5500 -0.8000
v 5.7500 2.6500 0.1000
v 4.4500 6.5500 0.8000
v 6.3667 1.8333 0.8000
v 7.4571 5.8714 0.8000
v 5.2000 5.9500 0.0000
v 4.4500 3.7500 0.1000
v 4.6667 0.0000 -0.4667
v 4.6500 4.4000 0.1000
v 4.8500 5.2500 0.1000
v 4.9000 8.0000 0.8000
v 4.6500 7.1500 0.8000
v 5.7500 3.1500 0.0000
v 4.8500 1.6000 -0.6500
v 6.7500 3.5500 0.8000
v 5.5000 1.8500 0.1000
v 4.6500 2.0500 0.0000
v 4.6500 0.9500 -0.8000
v 7.5000 6.3000 0.6000
v 4.6667 2.2333 0.0000
v 6.3500 8.0000 -0.6500
v 5.5000 4.1500 0.0000
v 7.2500 5.0500 0.8000
v 6.0000 6.7500 -0.8000
v 4.4500 6.7500 0.8000
v 7.0125 4.3875 0.8000
v 4.8000 0.0000 -0.2500
v 5.9667 0.3333 0.8000
v 4.4500 0.3500 -0.8000
v 6.1500 7.1500 -0.8000
v 5.7500 2.4500 0.1000
v 6.7500 3.7500 0.8000
v 5.2500 1.6000 0.3500
v 6.3000 1.7000 0.8000
v 6.1500 0.9500 0.8000
v 6.0000 8.0000 -0.2000
v 4.6500 7.4000 0.8000
v 4.4500 3.5500 0.1000
v 7.5000 6.9333 0.3667
v 4.6500 1.1500 -0.8000
v 4.8500 5.0500 0.1000
v 5.7333 3.3667 0.0000
v 5.0500 1.6000 -0.4500
v 4.4667 1.6000 -0.2333
v 5.0400 5.8800 0.1000
v 5.4909 1.6273 0.1182
v 4.4500 4.1500 0.1000
v 7.5000 7.6500 0.1000
v 5.2500 4.8500 0.0000
v 5.7500 2.2500 0.1000
v 4.6500 0.5500 -0.8000
v 7.4500 4.8750 0.8000
v 7.0000 3.1000 0.8000
v 4.6333 2.4667 0.0000
v 6.0000 6.9000 -0.8000
v 4.4500 6.9500 0.8000
v 4.8667 0.0000 -0.0333
v 6.1500 6.3500 -0.8000
v 6.7333 3.9667 0.8000
v 5.9000 6.1333 -0.4667
v 7.2500 5.6500 0.8000
v 5.0667 7.8333 0.8000
v 7.5000 7.1500 0.6000
v 7.5000 6.7667 0.3333
v 5.5000 3.5500 0.0000
v 5.7333 0.0000 0.3667
v 7.0000 8.0000 0.3500
v 5.9500 8.0000 -0.0500
v 6.1500 0.7500 0.8000
v 6.5500 8.0000 -0.6500
v 4.6500 3.3500 0.1000
v 6.5500 1.7000 0.8000
v 4.9000 5.6500 0.1000
v 5.0000 4.6500 0.1000
v 4.4500 1.4000 -0.8000
v 5.9667 1.4667 0.8000
v 4.4600 1.6000 -0.0200
v 6.7500 8.0000 0.6000
v 5.5125 2.8875 0.1000
v 4.6500 0.7500 -0.8000
v 4.4500 4.0000 0.1000
v 7.2500 5.4500 0.8000
v 7.0000 3.3500 0.8000
v 7.4000 4.6500 0.8000
v 7.5000 7.4125 0.5875
v 6.7500 4.1500 0.8000
v 5.9000 6.3667 -0.5000
v 4.6500 2.6500 0.0000
v 5.2500 4.6500 0.0000
v 6.1500 6.1500 -0.8000
v 5.5000 3.7500 0.0000
v 5.0667 4.8667 0.1000
v 6.3600 2.8800 0.8000
v 5.7500 4.4000 0.0000
v 6.1500 0.5500 0.8000
v 4.6500 3.1000 0.1000
v 5.0500 7.6500 0.8000
v 4.6000 6.4000 0.8000
v 7.5000 7.8500 0.1500
v 5.5000 0.0000 0.6000
v 7.5000 6.5667 0.3667
v 4.4500 1.8500 0.0000
v 6.5500 1.8500 0.8000
v 4.8500 5.4500 0.1000
v 5.7500 2.0500 0.1000
v 4.8500 5.9000 0.1000
v 4.6500 3.7500 0.1000
v 4.6500 6.5500 0.8000
v 7.5000 6.3000 0.3000
v 5.5000 2.6500 0.1000
v 4.8500 1.6000 -0.4500
v 6.5500 7.6500 -0.8000
v 5.0333 5.0667 0.1000
v 5.7500 3.9500 0.0000
v 6.1500 8.0000 -0.2500
v 5.2400 1.6000 0.6000
v 4.6429 0.0714 -0.7143
v 7.0000 3.5500 0.8000
v 4.6500 2.9000 0.0000
v 4.4667 2.0333 0.0000
v 6.0000 1.0000 0.8000
v 4.4333 0.9333 -0.8000
v 7.5000 6.9500 0.6000
v 6.3500 2.6500 0.8000
v 5.7500 1.8500 0.1000
v 7.2400 5.9200 0.8000
v 6.5000 2.0500 0.8000
v 5.4800 3.1400 0.0000
v 6.1500 0.3500 0.8000
v 5.0667 0.0000 -0.2333
v 7.4000 5.2500 0.8000
v 4.4500 7.1500 0.8000
v 6.0000 7.2000 -0.8000
v 7.4667 8.0000 0.1500
v 5.2500 5.2500 0.0000
v 4.4500 0.0000 -0.4500
v 4.4400 4.4000 0.1000
v 6.1333 6.7667 -0.8000
v 7.5000 6.1333 0.3333
v 5.0500 1.6000 -0.6500
v 5.5000 2.4500 0.1000
v 5.0000 8.0000 0.8000
v 4.6667 0.3667 -0.8000
v 6.5667 2.2667 0.8000
v 4.4000 2.2000 0.0000
v 5.0500 5.2500 0.1000
v 5.7500 4.1500 0.0000
v 4.6333 6.7667 0.8000
v 5.7429 1.6143 0.1286
v 6.5500 7.8500 -0.8000
v 4.6500 1.6000 -0.2500
v 7.0000 3.7600 0.8000
v 6.1667 6.5333 -0.8000
v 5.5000 3.3500 0.0000
v 6.7250 4.4250 0.8000
v 5.9500 1.1500 0.8000
v 4.4500 1.1500 -0.8000
v 5.3000 5.1000 0.0000
v 6.3500 2.4500 0.8000
v 6.1500 0.0750 0.8000
v 4.4600 7.4200 0.8000
v 6.0000 7.4000 -0.8000
v 6.3500 8.0000 -0.4500
v 7.4500 5.0250 0.8000
v 4.6500 3.5500 0.1000
v 6.5333 7.1667 -0.8000
v 6.3333 0.7667 0.8000
v 5.0500 3.9500 0.1000
v 5.7500 5.0500 0.0000
v 6.5500 0.9500 0.8000
v 5.2500 1.6250 0.1250
v 5.9000 6.3667 -0.2333
v 6.0000 2.0500 0.8000
v 4.6333 5.6667 0.1000
v 4.8500 3.3500 0.1000
v 4.4667 7.6333 0.8000
v 4.6333 0.0000 -0.0333
v 6.0000 7.6500 -0.8000
v 4.9000 2.4500 0.0000
v 7.4500 4.1750 0.8000
v 4.8667 0.5667 -0.8000
v 6.7500 4.6500 0.8000
v 5.2500 4.1000 0.0000
v 7.5000 6.9500 0.1500
v 4.4500 4.8000 0.1000
v 6.3000 6.3000 -0.8000
v 7.0000 5.4500 0.8000
v 7.2000 3.3500 0.8000
v 7.4571 8.0000 0.6286
v 5.0333 1.8667 0.0000
v 5.5000 1.6000 0.3500
v 5.0667 6.9667 0.8000
v 7.2500 8.0000 0.3500
v 6.1500 2.9000 0.8000
v 4.8500 3.1000 0.1000
v 6.5667 1.1333 0.8000
v 5.7500 5.2500 0.0000
v 5.0333 4.1667 0.1000
v 6.5400 7.3800 -0.8000
v 6.3333 0.5333 0.8000
v 4.4500 7.8500 0.8000
v 6.0000 7.8500 -0.8000
v 4.6667 5.4333 0.1000
v 5.9000 6.1667 -0.2667
v 4.9000 6.4000 0.8000
v 5.3000 1.9000 0.1000
v 5.9333 2.2500 0.8000
v 5.2667 3.9333 0.0000
v 4.8500 0.7500 -0.8000
v 7.2667 3.1333 0.8000
v 5.7500 1.6000 0.6000
v 7.4000 4.0000 0.8000
v 5.0500 1.6250 -0.0250
v 5.5000 5.9000 0.0000
v 5.0500 1.4000 -0.8000
v 4.4500 4.6500 0.1000
v 4.8500 2.6500 0.0000
v 6.3500 6.1500 -0.8000
v 7.0000 5.6500 0.8000
v 6.7500 4.9000 0.8000
v 7.2500 3.7500 0.8000
v 4.4571 1.6000 -0.7286
v 5.9167 1.6500 0.8000
v 5.2500 2.0500 0.1000
v 6.7500 5.0500 0.8000
v 7.5000 7.6400 0.5800
v 6.5667 1.3667 0.8000
v 5.4800 5.4400 0.0000
v 6.1500 2.6500 0.8000
v 7.5000 7.1500 0.1500
v 4.4667 5.2333 0.1000
v 6.5500 8.0000 -0.0500
v 6.3667 0.3667 0.8000
v 5.0667 2.2333 0.0000
v 5.2333 4.4000 0.0000
v 6.3500 6.7500 -0.8000
v 7.4400 4.3600 0.8000
v 4.4500 8.0000 0.8000
v 5.9600 8.0000 -0.7000
v 4.6667 1.6000 -0.4667
v 4.8667 6.5667 0.8000
v 5.7667 4.6333 0.0000
v 4.8500 3.7500 0.1000
v 4.6500 5.9000 0.1000
v 4.8400 2.8800 0.0000
v 4.8667 0.0500 -0.7000
v 5.0500 7.4000 0.8000
v 6.5500 6.9500 -0.8000
v 6.3500 8.0000 -0.2500
v 5.1000 1.1500 -0.8000
v 6.7500 5.2500 0.8000
v 5.5000 5.6500 0.0000
v 7.0000 5.9000 0.8000
v 4.8000 1.6000 -0.2500
v 5.9333 1.8500 0.8000
v 6.7500 8.0000 0.1500
v 6.3000 6.6000 -0.8000
v 6.1500 2.4500 0.8000
v 4.8500 3.5500 0.1000
v 5.2500 0.0000 0.3500
v 4.4500 5.0500 0.1000
v 6.1333 8.0000 -0.4667
v 6.3333 0.1667 0.8000
v 7.5000 7.4000 0.1500
v 5.0500 0.9500 -0.8000
v 5.0500 2.0500 0.0000
v 5.7000 4.8500 0.0000
v 4.8500 6.7500 0.8000
v 5.0500 0.0000 -0.4500
v 5.2500 2.2500 0.1000
v 5.0250 4.3750 0.1000
v 7.2667 3.5667 0.8000
v 5.0500 7.1500 0.8000
v 5.5000 0.0000 0.1667
v 4.8500 0.3500 -0.8000
v 7.5000 7.8500 0.6000
v 4.4667 0.0000 -0.2333
v 5.2500 3.3000 0.0000
v 7.5000 6.1667 0.1333
v 5.0500 2.6500 0.0000
v 4.4500 5.6500 0.1000
v 4.8571 1.6286 -0.0143
v 7.4667 3.3500 0.8000
v 7.2500 8.0000 0.6000
v 7.0000 4.6400 0.8000
v 4.8500 1.4000 -0.8000
v 5.0667 0.7667 -0.8000
v 5.5000 5.0500 0.0000
v 6.1500 2.2500 0.8000
v 6.7333 5.4333 0.8000
v 7.2333 4.1333 0.8000
v 5.7333 1.6000 0.3667
v 6.5500 6.5500 -0.8000
v 5.0000 6.4000 0.8000
v 6.1500 7.8500 -0.8000
v 4.6500 4.9000 0.1000
v 4.8667 4.1667 0.1000
v 6.5500 0.0750 0.8000
v 4.4667 0.0000 -0.0333
v 4.6500 7.6500 0.8000
v 4.8500 6.9000 0.8000
v 5.2667 2.4667 0.1000
v 5.9500 2.8500 0.8000
v 5.0500 3.1500 0.1000
v 4.8500 1.8500 0.0000
v 4.4000 5.4000 0.1000
v 7.5000 6.3000 0.1500
v 4.6000 7.8500 0.8000
v 5.5000 5.2500 0.0000
v 6.3333 6.9667 -0.8000
v 7.0000 4.9000 0.8000
v 6.6000 8.0000 -0.2000
v 7.2500 3.9500 0.8000
v 7.4000 3.1500 0.8000
v 6.7500 5.6500 0.8000
v 6.1500 7.6500 -0.8000
v 5.2500 3.1500 0.0000
v 5.0500 0.5500 -0.8000
v 5.0000 2.4500 0.0000
v 6.1500 2.0500 0.8000
v 5.2000 2.7000 0.1000
v 5.0333 3.3333 0.1000
v 6.3750 1.3750 0.8000
v 4.6500 4.6500 0.1000
v 5.7500 5.9000 0.0000
v 5.5000 1.6000 0.6000
v 6.5500 6.7500 -0.8000
v 7.4000 8.0000 0.4000
v 6.3500 8.0000 0.0000
v 4.8667 3.9333 0.1000
v 6.5333 0.3333 0.8000
v 4.8667 7.1667 0.8000
v 4.6000 8.0000 0.8000
v 5.0500 0.3500 -0.8000
v 4.8500 4.4000 0.1000
v 4.6500 5.2500 0.1000
v 5.0667 6.7333 0.8000
v 4.8500 0.0000 -0.4500
v 6.5667 6.1667 -0.8000
v 5.7500 5.4500 0.0000
v 4.8500 0.9500 -0.8000
v 4.8500 2.0500 0.0000
v 4.6333 1.6000 -0.7000
v 5.9000 6.1500 -0.0333
v 5.2400 0.0000 0.6000
v 7.2500 4.4000 0.8000
v 7.0000 5.0600 0.8000
v 5.9667 8.0000 -0.4667
v 6.3500 7.4000 -0.8000
v 6.5500 0.5500 0.8000
v 6.0000 2.4000 0.8000
v 5.0500 3.5500 0.1000
v 6.3500 1.1500 0.8000
v 5.2500 2.9250 0.1000
v 4.4400 5.8800 0.1000
v 7.5000 7.8500 0.3000
v 6.1500 1.8500 0.8000
v 5.2500 3.7500 0.0000
v 7.5000 6.5500 0.1500
v 5.0667 1.6000 -0.2333
v 5.5200 4.6600 0.0000
v 4.4500 1.6000 -0.4500
v 7.4000 3.7000 0.8000
v 7.4000 3.5500 0.8000
v 4.6500 5.0500 0.1000
v 4.8500 1.1500 -0.8000
v 7.5000 7.6500 0.3500
v 5.0000 2.9000 0.0000
v 4.8500 7.4000 0.8000
v 5.0500 0.0750 -0.7250
v 5.2667 3.5667 0.0000
v 5.0500 3.7500 0.1000
v 5.9000 6.3625 -0.0375
v 5.7500 5.6500 0.0000
v 5.0500 6.5500 0.8000
v 6.5500 6.3000 -0.8000
v 6.7250 5.8750 0.8000
v 7.5000 6.7333 0.1667
v 6.9750 8.0000 0.1750
v 6.1500 8.0000 -0.7250
v 5.7500 0.0000 0.1500
v 4.6500 0.0000 -0.2500
v 7.0000 5.2400 0.8000
v 6.3500 7.1500 -0.8000
v 6.5500 0.7500 0.8000
v 4.8500 2.2500 0.0000
v 5.4800 4.8600 0.0000
v 5.9500 2.6250 0.8000
v 6.3500 0.9500 0.8000
v 6.1500 1.7000 0.8000
v 5.3000 6.4000 0.8000
v 4.8500 1.8500 0.1000
v 6.5667 5.4667 0.8000
v 5.4571 1.6000 -0.6857
v 4.4000 5.4000 0.0000
v 7.5000 6.3000 -0.0500
v 5.5000 5.2500 0.1000
v 7.5000 7.1500 -0.2500
v 5.2500 3.1500 0.1000
v 5.5000 8.0000 0.8000
v 5.0000 2.4500 0.1000
v 5.9500 3.5250 0.8000
v 7.0000 0.9500 0.8000
v 5.7500 1.6000 -0.5000
v 5.0333 3.3333 0.0000
v 5.2000 2.7000 0.0000
v 6.7500 0.1500 0.8000
v 7.4667 2.6500 0.8000
v 7.2500 1.8500 0.8000
v 5.7500 5.9000 0.1000
v 4.6500 4.6500 0.0000
v 5.2500 0.7500 -0.8000
v 7.0000 7.1600 -0.8000
v 6.3500 5.2500 0.8000
v 6.3500 8.0000 0.1500
v 6.7333 6.5667 -0.8000
v 4.8667 3.9333 0.0000
v 6.1500 4.4000 0.8000
v 5.0500 2.6500 0.1000
v 5.2500 3.3000 0.1000
v 7.5000 6.1500 -0.0500
v 4.4500 5.6500 0.0000
v 4.8500 1.6250 0.1250
v 6.5500 5.6500 0.8000
v 6.7500 8.0000 -0.2500
v 5.5000 5.0500 0.1000
v 7.5000 7.4000 -0.2500
v 7.2500 1.6500 0.8000
v 6.7500 0.3500 0.8000
v 5.9500 3.7750 0.8000
v 6.7333 6.7333 -0.8000
v 7.0000 1.1500 0.8000
v 4.8667 4.1667 0.0000
v 7.4000 2.4500 0.8000
v 4.6500 4.9000 0.0000
v 5.2667 2.4667 0.0000
v 5.2500 0.5500 -0.8000
v 7.0000 7.4000 -0.8000
v 7.2667 8.0000 -0.6333
v 4.4500 0.0000 0.1500
v 5.0500 3.1500 0.0000
v 6.3667 5.0333 0.8000
v 5.4750 0.0000 -0.2750
v 7.4667 8.0000 -0.5000
v 6.1500 4.1500 0.8000
v 4.6500 5.0500 0.0000
v 7.2500 2.2500 0.8000
v 5.0000 2.9000 0.1000
v 5.9333 3.1000 0.8000
v 6.3000 4.9000 0.8000
v 7.0250 6.9250 -0.8000
v 4.8667 0.0000 0.3667
v 5.2667 3.5667 0.1000
v 6.7500 6.1500 -0.8000
v 5.2500 1.6000 -0.2500
v 6.1500 8.0000 0.6250
v 5.0500 3.7500 0.0000
v 5.9000 6.3625 0.1375
v 5.7500 5.6500 0.1000
v 5.5000 7.6500 0.8000
v 5.2667 0.3333 -0.8000
v 7.5000 6.7500 -0.0500
v 5.9500 8.0000 0.4000
v 7.0000 8.0000 -0.0500
v 5.7333 0.0000 -0.0333
v 5.2500 6.7500 0.8000
v 7.5000 6.9667 -0.2333
v 5.4800 4.8600 0.1000
v 4.8500 2.2500 0.1000
v 7.2500 7.8500 -0.8000
v 7.5000 7.8500 -0.4500
v 7.0143 1.4000 0.8000
v 5.0500 0.0000 0.6000
v 6.7500 0.5500 0.8000
v 4.4500 1.6000 0.4000
v 6.7500 6.3000 -0.8000
v 7.5000 7.6500 -0.4500
v 7.2500 7.6500 -0.8000
v 6.1500 3.9500 0.8000
v 4.8500 4.4000 0.0000
v 4.6500 5.2500 0.0000
v 5.7500 5.4500 0.1000
v 5.9333 3.3500 0.8000
v 6.4000 4.6500 0.8000
v 4.8500 2.0500 0.1000
v 5.5200 7.8400 0.8000
v 5.9000 6.2000 0.1333
v 7.4000 2.9000 0.8000
v 5.2750 0.0625 -0.7375
v 5.0500 3.5500 0.0000
v 4.6600 1.6000 0.6200
v 5.2500 2.9250 0.0000
v 4.4400 5.8800 0.0000
v 5.5200 4.6600 0.1000
v 6.7333 0.7667 0.8000
v 5.2500 3.7500 0.1000
v 7.5000 6.5500 -0.0500
v 5.2500 6.5500 0.8000
v 7.2500 2.0500 0.8000
v 6.5600 5.8800 0.8000
v 5.7500 8.0000 0.8000
v 7.0000 0.0750 0.8000
v 4.8500 3.1000 0.0000
v 5.0333 4.1667 0.0000
v 5.7500 5.2500 0.1000
v 6.7500 0.9500 0.8000
v 7.2333 2.6667 0.8000
v 7.0000 6.5500 -0.8000
v 7.4500 1.8250 0.8000
v 6.3500 5.9000 0.8000
v 4.6667 5.4333 0.0000
v 5.7500 1.6000 -0.6500
v 6.1500 3.7500 0.8000
v 5.3000 1.9000 0.0000
v 6.7500 7.1500 -0.8000
v 5.2667 3.9333 0.1000
v 7.5000 6.5500 -0.2000
v 5.0500 1.6250 0.1250
v 5.5000 5.9000 0.1000
v 4.4500 4.6500 0.0000
v 5.5000 1.6000 -0.4500
v 6.5500 4.6000 0.8000
v 4.8500 2.6500 0.1000
v 7.4778 8.0000 -0.7000
v 5.0500 3.9500 0.0000
v 5.7500 5.0500 0.1000
v 7.2333 8.0000 -0.4667
v 6.9800 6.7600 -0.8000
v 5.9500 4.3750 0.8000
v 7.0000 0.3500 0.8000
v 7.2500 2.4500 0.8000
v 6.7500 7.4000 -0.8000
v 5.2400 1.4200 -0.8000
v 5.2500 1.6250 -0.0250
v 6.7000 1.1500 0.8000
v 7.4500 1.6750 0.8000
v 4.8500 3.3500 0.0000
v 4.6333 5.6667 0.0000
v 5.7333 0.0000 -0.2667
v 6.9800 8.0000 -0.2600
v 6.5500 4.9000 0.8000
v 4.6500 0.0000 0.1500
v 5.2500 6.9500 0.8000
v 7.5000 6.7500 -0.2500
v 4.9000 2.4500 0.1000
v 6.1500 3.5500 0.8000
v 5.2500 4.1000 0.1000
v 7.5000 6.9500 -0.0500
v 4.4500 4.8000 0.0000
v 5.0333 1.8667 0.1000
v 5.5000 5.6500 0.1000
v 7.5000 6.1667 -0.2667
v 7.4800 7.8400 -0.6800
v 6.7500 8.0000 -0.0500
v 7.0000 0.5600 0.8000
v 5.2600 7.3800 0.8000
v 6.7500 1.4000 0.8000
v 4.8500 3.5500 0.0000
v 6.5500 5.0500 0.8000
v 5.2333 1.1333 -0.8000
v 4.4500 5.0500 0.0000
v 7.5000 7.3800 -0.0400
v 6.3500 5.6500 0.8000
v 7.0000 6.1500 -0.8000
v 4.6500 1.6000 0.3500
v 6.7333 6.9667 -0.8000
v 6.1500 3.3500 0.8000
v 5.0500 2.0500 0.1000
v 5.2500 2.2500 0.0000
v 5.0250 4.3750 0.0000
v 5.7000 4.8500 0.1000
v 5.9500 3.9250 0.8000
v 5.5000 0.0000 -0.0500
v 5.7500 7.6500 0.8000
v 4.8500 0.0000 0.6000
v 7.4000 2.0500 0.8000
v 5.7500 7.8500 0.8000
v 7.5000 6.3000 -0.2000
v 5.2500 2.0500 0.0000
v 5.2500 0.9500 -0.8000
v 5.4800 5.4400 0.1000
v 6.5333 8.0000 0.1667
v 7.5000 7.1667 -0.0333
v 4.4667 5.2333 0.0000
v 5.0667 2.2333 0.1000
v 5.2333 4.4000 0.1000
v 5.2500 0.0000 -0.4500
v 7.2500 2.9000 0.8000
v 6.1667 8.0000 0.3667
v 6.5000 5.2500 0.8000
v 7.0000 0.7500 0.8000
v 5.2667 7.1667 0.8000
v 4.8500 3.7500 0.0000
v 4.6500 5.9000 0.0000
v 6.3000 5.4500 0.8000
v 6.9500 6.3000 -0.8000
v 5.7667 4.6333 0.1000
v 5.9500 8.0000 0.6000
v 4.4400 1.6000 0.6000
v 6.1500 3.1000 0.8000
v 4.8400 2.8800 0.1000
v 5.0500 0.0000 0.3500
v 5.9333 4.2000 0.8000
v 7.4800 7.6400 -0.6800
v 5.4769 0.0692 -0.7385
v 5.5125 2.8875 0.0000
v 6.5500 3.9500 0.8000
v 7.2667 8.0000 -0.2667
v 4.4500 4.0000 0.0000
v 5.5500 6.5500 0.8000
v 4.6500 2.6500 0.1000
v 5.9000 6.1500 0.3500
v 5.5000 3.7500 0.1000
v 5.2500 4.6500 0.1000
v 7.2500 6.7500 -0.8000
v 5.7500 4.4000 0.1000
v 5.9333 5.0500 0.8000
v 5.7500 0.0000 -0.5000
v 7.0000 8.0000 -0.4500
v 5.0667 4.8667 0.0000
v 7.5000 6.7667 -0.4333
v 7.4818 7.4273 -0.7364
v 7.0000 2.4500 0.8000
v 4.6500 3.1000 0.0000
v 5.7333 7.1667 0.8000
v 7.2667 0.3667 0.8000
v 6.7500 1.7000 0.8000
v 7.4500 1.1250 0.8000
v 7.5000 7.8500 -0.0500
v 6.1500 5.9000 0.8000
v 4.4500 1.8500 0.1000
v 6.7333 8.0000 -0.6333
v 6.3333 3.7333 0.8000
v 4.8500 5.4500 0.0000
v 5.7333 0.9667 -0.8000
v 5.2500 7.8500 0.8000
v 5.7500 2.0500 0.0000
v 6.3667 3.5667 0.8000
v 4.4500 4.1500 0.0000
v 5.7500 2.2500 0.0000
v 7.5000 7.6667 -0.0333
v 5.2500 4.8500 0.1000
v 5.4800 6.7600 0.8000
v 4.6333 2.4667 0.1000
v 5.2500 7.6500 0.8000
v 5.5000 0.3600 -0.8000
v 4.8500 0.0000 0.1500
v 6.5500 4.1500 0.8000
v 5.9000 6.3667 0.4000
v 6.5500 8.0000 0.6000
v 5.7600 7.4000 0.8000
v 5.9500 8.0000 0.1500
v 7.2000 0.1500 0.8000
v 5.5000 3.5500 0.1000
v 6.7500 1.8500 0.8000
v 6.0000 5.2500 0.8000
v 7.4600 7.1600 -0.7000
v 5.7500 1.1500 -0.8000
v 4.9000 5.6500 0.0000
v 7.5000 6.5667 -0.4667
v 4.6500 3.3500 0.0000
v 7.0000 2.6500 0.8000
v 7.2500 6.5500 -0.8000
v 7.4500 0.9750 0.8000
v 5.0000 4.6500 0.0000
v 5.4750 1.6000 -0.2750
v 4.4500 1.6000 0.1333
v 6.1500 5.6500 0.8000
v 7.5000 6.3333 -0.4667
v 4.8667 1.6000 0.3667
v 6.7500 7.6500 -0.8000
v 7.2500 6.3000 -0.8000
v 5.9500 4.6750 0.8000
v 6.3333 3.3667 0.8000
v 5.5200 0.5400 -0.8000
v 5.5000 2.4500 0.0000
v 5.7333 6.9333 0.8000
v 5.2500 0.0000 -0.2500
v 4.4000 2.2000 0.1000
v 5.7500 4.1500 0.1000
v 5.0500 5.2500 0.0000
v 5.7000 1.6250 -0.0250
v 5.7250 1.4000 -0.8000
v 5.5000 3.3500 0.1000
v 6.7500 2.0500 0.8000
v 5.3000 5.1000 0.1000
v 7.2500 0.7500 0.8000
v 4.4500 0.0000 0.4000
v 7.0125 2.9000 0.8000
v 5.0500 1.6000 0.6000
v 4.6500 3.5500 0.0000
v 7.2500 6.1500 -0.8000
v 4.8500 5.9000 0.0000
v 4.6500 3.7500 0.0000
v 7.5000 6.1500 -0.4500
v 6.7333 2.2333 0.8000
v 5.5000 2.6500 0.0000
v 6.1500 5.4500 0.8000
v 7.4600 6.9400 -0.7000
v 5.9333 4.9000 0.8000
v 5.0333 5.0667 0.0000
v 6.4000 3.1000 0.8000
v 5.7500 3.9500 0.1000
v 4.6500 2.9000 0.1000
v 5.5200 0.7600 -0.8000
v 4.4667 2.0333 0.1000
v 7.4000 1.4000 0.8000
v 5.7500 1.8500 0.0000
v 5.5000 6.4000 0.8000
v 4.6600 0.0000 0.6200
v 5.2800 1.6000 -0.7000
v 6.5750 4.3750 0.8000
v 5.4800 3.1400 0.1000
v 7.2500 0.5500 0.8000
v 5.3000 8.0000 0.8000
v 7.4667 8.0000 -0.0667
v 6.3333 8.0000 0.3667
v 5.2500 5.2500 0.1000
v 6.7500 7.8500 -0.8000
v 4.4400 4.4000 0.0000
v 4.8333 4.6667 0.0000
v 5.7500 3.7500 0.1000
v 6.7500 2.4500 0.8000
v 7.0000 1.7000 0.8000
v 6.7500 8.0000 -0.4500
v 5.0000 5.6500 0.0000
v 4.4500 2.6500 0.1000
v 5.8000 6.5500 0.8000
v 4.6500 3.9500 0.0000
v 6.5500 8.0000 0.3500
v 6.1500 5.2500 0.8000
v 7.2500 1.1500 0.8000
v 7.4000 0.3500 0.8000
v 5.7500 2.9000 0.0000
v 6.3500 4.4000 0.8000
v 7.5000 7.4000 -0.4500
v 7.4667 6.7500 -0.7000
v 5.9000 6.3667 0.6000
v 5.7333 0.0500 -0.7000
v 7.2500 7.4000 -0.8000
v 6.1500 8.0000 0.1500
v 6.9800 8.0000 -0.7100
v 5.5000 2.0500 0.0000
v 5.5000 0.9500 -0.8000
v 5.2500 5.4500 0.1000
v 4.6500 1.8500 0.1000
v 4.4500 3.1500 0.0000
v 5.5000 7.1500 0.8000
v 5.0667 0.0000 0.1667
v 5.5000 0.0000 -0.4500
v 7.4667 8.0000 -0.2333
v 5.5000 4.4000 0.1000
v 5.0667 5.4333 0.0000
v 7.2333 0.9333 0.8000
v 5.9429 5.9000 0.8000
v 7.5000 6.5500 -0.7667
v 7.0000 1.8600 0.8000
v 4.4500 2.4500 0.1000
v 5.9000 6.1500 0.6000
v 5.2500 0.0000 -0.0500
v 7.2500 7.1500 -0.8000
v 5.7500 0.3500 -0.8000
v 7.5000 7.1500 -0.4500
v 4.8500 4.9000 0.0000
v 5.7500 6.7500 0.8000
v 4.6500 4.1500 0.0000
v 6.1500 5.0500 0.8000
v 5.4800 2.2400 0.0000
v 6.7333 2.6333 0.8000
v 7.4778 0.1000 0.8000
v 5.7333 1.6000 -0.2667
v 6.5500 3.3500 0.8000
v 4.6333 1.6333 0.1333
v 4.4500 3.4000 0.0000
v 5.2667 5.6667 0.1000
v 5.5000 1.1500 -0.8000
v 5.7500 3.5500 0.1000
v 5.5000 7.4000 0.8000
v 4.6667 2.2333 0.1000
v 5.5000 4.1500 0.1000
v 7.5000 7.6333 -0.2667
v 7.4000 0.8000 0.8000
v 5.7500 2.4500 0.0000
v 5.5200 6.9600 0.8000
v 5.7500 0.5500 -0.8000
v 6.7400 2.9200 0.8000
v 7.0000 2.0400 0.8000
v 7.0500 7.6500 -0.8000
v 4.6500 0.0000 0.3500
v 4.4500 3.5500 0.0000
v 6.3500 4.1500 0.8000
v 6.5333 3.5333 0.8000
v 6.1500 4.9000 0.8000
v 4.8500 5.0500 0.0000
v 6.3500 8.0000 0.6000
v 5.9333 5.4500 0.8000
v 5.7333 3.3667 0.1000
v 7.5000 6.3333 -0.6333
v 5.5000 1.3857 -0.8000
v 5.0400 5.8800 0.0000
v 5.5000 1.6250 -0.0250
v 7.2500 8.0000 -0.0500
v 5.7500 0.7500 -0.8000
v 4.4400 2.9200 0.1000
v 4.8500 1.6000 0.6000
v 5.4800 3.9600 0.1000
v 7.4000 0.5000 0.8000
v 6.5500 3.7500 0.8000
v 5.7500 2.6500 0.0000
v 5.2500 1.6000 -0.4500
v 6.9500 7.8500 -0.8000
v 5.2000 5.9500 0.1000
v 7.2500 1.4000 0.8000
v 4.4500 3.7500 0.0000
v 7.0000 2.2500 0.8000
v 4.6500 4.4000 0.0000
v 4.8500 5.2500 0.0000
v 7.2500 6.9500 -0.8000
v 5.7500 3.1500 0.1000
v 6.3333 3.9667 0.8000
v 7.5000 6.9500 -0.4500
v 5.0500 1.6000 0.3500
v 6.1500 4.6500 0.8000
v 4.4500 0.0000 0.6000
v 5.5000 1.8500 0.0000
v 7.5000 7.8333 -0.2333
v 7.4800 6.1600 -0.6800
v 4.6500 2.0500 0.1000
v 6.0000 5.6000 0.8000
v 6.7333 3.5333 -0.8000
v 5.9000 4.6333 0.3667
v 7.5000 3.3500 -0.0500
v 5.2667 6.1667 0.1000
v 4.9000 1.6000 0.8000
v 5.9000 1.8500 -0.2500
v 4.6500 0.9500 0.8000
v 7.5000 0.5500 0.6000
v 6.3500 0.0000 -0.2500
v 4.6500 7.1500 -0.8000
v 4.8500 8.0000 -0.6500
v 7.4750 5.8917 -0.7417
v 4.4333 6.5333 -0.8000
v 5.9500 6.5500 0.8000
v 6.3333 1.8667 -0.8000
v 5.0429 6.3857 -0.0286
v 5.9000 3.7500 0.1333
v 5.9000 2.9000 -0.0333
v 5.9714 0.0429 -0.7286
v 5.7500 6.4000 0.6000
v 6.1500 7.4000 0.8000
v 4.4500 0.0750 0.8000
v 6.5500 0.0000 -0.0500
v 7.5000 2.4500 0.1500
v 7.2500 5.2500 -0.8000
v 6.5500 2.9250 -0.8000
v 6.1500 1.1500 -0.8000
v 7.5000 5.2500 -0.4500
v 5.9000 5.6500 0.6000
v 7.5000 0.7500 0.6000
v 5.2500 6.3750 0.1250
v 5.9000 1.6333 -0.2000
v 5.5000 8.0000 0.1667
v 5.9000 3.5250 0.1500
v 7.5000 4.3800 -0.2600
v 4.4667 8.0000 -0.2333
v 4.6500 7.4000 -0.8000
v 7.5000 3.1000 -0.0500
v 5.9000 4.9000 0.4000
v 5.0500 8.0000 -0.4500
v 4.6500 1.1500 0.8000
v 6.7500 0.0000 0.1500
v 5.5000 6.4000 0.3500
v 7.5000 2.6500 0.1500
v 5.0000 6.1500 0.0000
v 6.1667 0.9333 -0.8000
v 7.5000 1.3750 0.3250
v 7.2500 5.0500 -0.8000
v 6.1333 0.0000 -0.4667
v 4.4500 6.7500 -0.8000
v 7.0286 4.3857 -0.8000
v 5.9667 6.7333 0.8000
v 5.9000 5.4500 0.6000
v 7.5000 5.0333 -0.4333
v 6.1500 7.1500 0.8000
v 5.2500 8.0000 0.3500
v 6.7333 3.7667 -0.8000
v 4.4500 0.3500 0.8000
v 6.0000 0.3500 -0.8000
v 7.5000 4.8500 -0.5000
v 7.0000 3.9600 -0.8000
v 7.2500 4.9000 -0.8000
v 5.9000 5.9125 0.6000
v 6.3500 2.2500 -0.8000
v 4.6333 8.0000 -0.0333
v 6.0000 6.2000 0.8000
v 4.6250 1.3750 0.8000
v 6.7500 3.1000 -0.8000
v 7.4800 5.6400 -0.6800
v 4.8000 6.4000 -0.2500
v 7.4750 0.0583 0.6083
v 5.9000 3.3500 0.1333
v 4.6500 6.9500 -0.8000
v 4.8333 7.6333 -0.8000
v 7.5000 1.1500 0.3500
v 4.4500 0.5500 0.8000
v 6.0000 0.5000 -0.8000
v 7.5000 3.9500 -0.2500
v 5.9000 2.4500 -0.0333
v 6.5500 2.4500 -0.8000
v 5.9000 2.3000 -0.2000
v 7.5000 2.9250 0.1250
v 5.9000 5.0667 0.3667
v 7.5000 3.7500 -0.0500
v 6.4000 7.8500 0.8000
v 6.1500 6.9500 0.8000
v 5.9000 3.1400 0.1200
v 6.3500 7.6500 0.8000
v 7.5000 3.5500 -0.0500
v 7.0000 4.1500 -0.8000
v 6.7333 3.3667 -0.8000
v 5.9000 2.0500 -0.2500
v 4.8667 7.8333 -0.8000
v 7.5000 0.3500 0.6000
v 7.5000 4.6500 -0.4500
v 4.4500 6.4000 -0.7333
v 7.2500 4.6500 -0.8000
v 7.4500 5.4500 -0.7000
v 5.9167 6.3500 0.8000
v 5.9000 5.2333 0.3667
v 7.2500 0.0000 0.3500
v 4.4500 0.7500 0.8000
v 6.0000 0.8000 -0.8000
v 7.5000 4.1500 -0.2500
v 6.3333 2.0333 -0.8000
v 6.1500 1.4000 -0.8000
v 7.5000 0.9500 0.3500
v 6.5333 2.6333 -0.8000
v 5.9000 2.6500 -0.0333
v 4.6667 6.4000 -0.4667
v 5.9667 7.1333 0.8000
v 4.4667 7.1667 -0.8000
v 7.4667 5.2500 -0.7000
v 6.1333 0.3667 -0.8000
v 6.0000 0.0000 -0.4500
v 6.1500 6.7500 0.8000
v 5.9000 4.3500 0.1333
v 7.5000 3.5500 -0.2500
v 7.5000 0.7667 0.3667
v 4.4667 0.9667 0.8000
v 6.0000 0.9500 -0.8000
v 5.9000 2.1000 0.0000
v 5.9000 4.8500 0.5750
v 7.5000 1.7000 0.1500
v 7.2500 5.9000 -0.8000
v 6.5500 2.0500 -0.8000
v 4.8333 6.1333 0.0000
v 6.3500 2.6500 -0.8000
v 7.5000 5.9000 -0.4500
v 4.8500 8.0000 -0.4500
v 6.6000 7.6500 0.8000
v 7.5000 1.4125 0.5875
v 5.5000 6.4000 0.6000
v 7.5000 4.1500 -0.0500
v 6.9800 3.5600 -0.8000
v 4.6333 0.1000 0.8000
v 5.2400 8.0000 0.6000
v 5.9000 5.4500 0.3500
v 4.6333 6.5667 -0.8000
v 5.9000 2.6500 -0.2500
v 7.5000 0.5333 0.3667
v 6.3500 2.4500 -0.8000
v 4.4500 1.1500 0.8000
v 6.0000 1.1500 -0.8000
v 7.4833 5.0500 -0.7333
v 4.6500 8.0000 -0.2500
v 5.7500 8.0000 0.1500
v 5.9000 4.6500 0.6000
v 5.9667 7.4667 0.8000
v 6.9750 0.0000 0.1750
v 4.4400 7.4000 -0.8000
v 6.1500 0.0500 -0.7375
v 7.0250 3.7250 -0.8000
v 4.8571 6.3714 -0.0143
v 6.5500 7.8000 0.8000
v 6.7500 4.4000 -0.8000
v 6.1500 6.5500 0.8000
v 7.5000 1.8500 0.1500
v 5.9000 2.4500 -0.2500
v 6.5333 2.2333 -0.8000
v 7.5000 3.9667 -0.0333
v 5.0500 8.0000 -0.6500
v 4.6333 0.3667 0.8000
v 4.6667 6.7667 -0.8000
v 5.9000 2.2500 -0.0333
v 7.5000 3.7667 -0.2333
v 5.9000 5.6500 0.3500
v 5.7333 6.4000 0.3667
v 5.0000 1.6000 0.8000
v 6.5500 1.7000 -0.8000
v 5.9000 1.6286 -0.0286
v 7.5000 2.0500 0.2000
v 6.0000 1.4000 -0.8000
v 4.4600 1.4200 0.8000
v 4.4667 8.0000 -0.0333
v 6.1500 0.7500 -0.8000
v 7.5000 4.4250 -0.0250
v 7.5000 0.3667 0.3333
v 6.5500 8.0000 0.8000
v 7.5000 3.1000 -0.2000
v 6.1500 6.3000 0.8000
v 7.2500 0.0000 0.6000
v 7.5000 5.6500 -0.4500
v 5.9000 5.2500 0.6000
v 6.7500 3.9500 -0.8000
v 5.0500 7.8500 -0.8000
v 7.2500 5.6500 -0.8000
v 5.9000 4.1750 0.1500
v 4.4667 6.9333 -0.8000
v 5.9667 6.9667 0.8000
v 7.5000 0.9600 0.5800
v 4.6500 0.5500 0.8000
v 7.5000 4.8750 -0.7250
v 6.9500 3.1000 -0.8000
v 5.9000 1.8750 -0.0500
v 7.5000 3.3500 -0.2000
v 5.9000 5.9000 0.3500
v 4.6500 6.4000 -0.6500
v 6.5500 1.8500 -0.8000
v 7.4750 0.1250 0.3750
v 6.3500 0.0000 0.0000
v 6.3500 2.9000 -0.8000
v 5.0667 7.6667 -0.8000
v 6.1500 0.5500 -0.8000
v 4.4500 6.4000 -0.4500
v 7.5000 5.4500 -0.4500
v 5.9000 5.0500 0.6250
v 7.4800 4.6400 -0.6800
v 7.0000 3.3500 -0.8000
v 7.2500 5.4500 -0.8000
v 6.7500 4.1500 -0.8000
v 6.1500 6.1500 0.8000
v 7.5000 1.1500 0.6000
v 5.0667 6.4000 -0.2333
v 7.5000 2.2667 0.1333
v 4.6500 0.7500 0.8000
v 5.9000 2.9250 -0.2750
v 5.9000 3.9750 0.1500
v 6.6000 0.0000 -0.2000
v 4.8800 0.1000 0.8000
v 5.0600 7.3800 -0.8000
v 7.5000 2.0500 0.6000
v 7.5000 4.9000 -0.0500
v 5.9000 3.1000 0.4000
v 5.0500 1.1500 0.8000
v 6.5500 6.9500 0.8000
v 4.6667 8.0000 -0.4667
v 4.9000 6.5500 -0.8000
v 6.3500 0.3500 -0.8000
v 5.9000 2.4500 -0.4500
v 5.9000 5.2750 0.1500
v 5.9500 8.0000 0.8000
v 4.4571 8.0000 -0.7286
v 7.2667 0.0000 0.1333
v 6.3667 6.7667 0.8000
v 7.4800 4.3700 -0.7100
v 4.6500 6.1500 0.0000
v 5.9091 1.6364 -0.7273
v 7.5000 3.7500 -0.4500
v 4.4500 1.6000 0.8000
v 7.5000 0.9500 0.1500
v 7.2500 3.7500 -0.8000
v 6.5600 1.4200 -0.8000
v 6.1667 2.6667 -0.8000
v 5.9000 4.1400 0.6000
v 6.7500 5.0500 -0.8000
v 4.8500 6.7500 -0.8000
v 7.5000 3.5667 -0.4333
v 4.8500 0.3500 0.8000
v 6.0000 0.0000 -0.2000
v 5.0667 7.1667 -0.8000
v 7.2500 3.5500 -0.8000
v 5.9000 3.3500 0.4000
v 5.0500 0.9500 0.8000
v 7.5000 5.9000 -0.2500
v 7.5000 4.6500 -0.0500
v 4.8000 8.0000 -0.2500
v 7.5000 1.1333 0.1333
v 6.1500 2.4500 -0.8000
v 6.3400 0.0400 -0.6800
v 7.5000 2.8800 0.3400
v 5.9000 5.0500 0.1333
v 5.9000 3.9500 0.6000
v 6.7000 5.2500 -0.8000
v 5.9286 1.8429 -0.7286
v 6.3333 6.5667 0.8000
v 4.6333 6.3333 -0.0333
v 5.9000 2.6500 -0.4500
v 7.0125 5.8875 -0.8000
v 7.5000 2.2500 0.6000
v 6.4000 6.3000 0.8000
v 7.2500 3.3500 -0.8000
v 7.0333 5.4667 -0.8000
v 5.9000 4.4000 0.6000
v 7.5000 3.3667 -0.4667
v 5.2500 6.4000 0.3500
v 7.4833 4.1667 -0.7333
v 5.5000 8.0000 0.3500
v 6.7500 4.6500 -0.8000
v 5.9000 3.5500 0.3500
v 4.8500 0.5000 0.8000
v 5.9500 7.6000 0.8000
v 4.4500 7.6500 -0.8000
v 5.9000 4.8600 0.1200
v 7.5000 1.7000 0.6000
v 4.4667 6.4000 -0.2333
v 7.5000 5.4500 -0.2500
v 6.5500 0.9500 -0.8000
v 6.7500 0.0000 0.3500
v 5.4909 6.3727 0.1182
v 7.5000 2.6500 0.3500
v 7.5000 1.4200 0.1400
v 5.0500 6.4000 -0.4500
v 5.9333 2.0500 -0.7000
v 6.3500 0.7500 -0.8000
v 6.5500 7.1500 0.8000
v 5.9000 2.8800 -0.4600
v 7.5000 5.2500 -0.0500
v 5.2500 8.0000 0.1500
v 6.5500 0.0000 -0.4500
v 7.0125 0.0000 0.6000
v 5.0600 1.3800 0.8000
v 5.7500 8.0000 0.6000
v 5.9000 4.6500 0.1333
v 7.0000 5.6500 -0.8000
v 6.7000 4.9000 -0.8000
v 6.3667 6.1333 0.8000
v 7.5000 1.8600 0.5800
v 5.9000 2.2500 -0.6500
v 7.2500 3.1000 -0.8000
v 7.4600 3.9600 -0.7000
v 7.5000 3.1333 -0.4667
v 4.8667 0.7667 0.8000
v 5.0500 8.0000 -0.0500
v 5.9667 7.8667 0.8000
v 4.4500 7.8500 -0.8000
v 5.9000 3.7667 0.3667
v 4.8500 6.4000 -0.6500
v 7.5000 5.6500 -0.2500
v 5.5200 6.1400 0.1000
v 6.1500 2.9000 -0.8000
v 7.5000 5.0500 -0.0500
v 6.5000 1.1500 -0.8000
v 6.1500 0.0000 -0.0500
v 5.0500 6.9500 -0.8000
v 7.5000 2.4500 0.3500
v 6.3333 0.5667 -0.8000
v 6.5500 7.4000 0.8000
v 6.1500 1.8500 -0.8000
v 5.9000 5.9000 0.1333
v 7.4600 3.7400 -0.7000
v 5.9000 1.6500 -0.4750
v 7.5000 4.4000 -0.4500
v 6.5500 0.5500 -0.8000
v 6.3500 7.4000 0.8000
v 7.4800 0.0600 0.1500
v 5.9000 3.3500 0.6000
v 7.2500 4.4000 -0.8000
v 6.9800 5.0400 -0.8000
v 4.4500 8.0000 -0.4500
v 5.0667 8.0000 -0.2333
v 6.3500 1.1500 -0.8000
v 5.9400 2.4400 -0.7000
v 7.5000 2.9000 0.5875
v 6.5667 6.1667 0.8000
v 4.8500 0.9500 0.8000
v 4.6000 1.6000 0.8000
v 4.4500 6.1500 0.0000
v 7.5000 5.6500 -0.0500
v 7.5000 2.2500 0.4000
v 4.6333 8.0000 -0.7000
v 6.1500 0.0000 -0.2500
v 5.0667 0.3333 0.8000
v 4.8500 7.1500 -0.8000
v 7.5000 5.0667 -0.2333
v 5.9000 3.9500 0.3500
v 5.0500 6.7500 -0.8000
v 5.9200 2.6500 -0.7400
v 5.9000 1.8333 -0.4667
v 5.9000 3.1400 0.5800
v 7.5000 2.0500 0.3500
v 6.1500 1.6500 -0.8000
v 6.3500 0.9500 -0.8000
v 6.1500 8.0000 0.8000
v 6.7500 5.9000 -0.8000
v 6.3500 0.0000 -0.4500
v 7.5000 0.3333 0.1667
v 7.0000 5.2500 -0.8000
v 6.5333 0.7667 -0.8000
v 6.3333 7.1667 0.8000
v 7.5000 5.4333 -0.0333
v 4.4400 6.3600 -0.0200
v 5.0500 6.5500 -0.8000
v 4.8333 1.1333 0.8000
v 5.9000 4.1500 0.3500
v 7.4667 3.5500 -0.7000
v 4.8500 7.4000 -0.8000
v 5.0333 0.1000 0.8000
v 7.5000 5.2333 -0.2333
v 7.5000 0.5500 0.1500
v 6.5500 0.0750 -0.7250
v 5.9375 2.9000 -0.7000
v 4.6500 7.6500 -0.8000
v 5.9500 0.0000 -0.0500
v 7.0000 0.0000 0.3500
v 4.8667 6.9667 -0.8000
v 5.7333 8.0000 0.3667
v 5.9000 2.0500 -0.4500
v 6.5500 6.5500 0.8000
v 5.0500 6.4000 -0.6500
v 7.5000 4.6333 -0.2333
v 7.5000 5.8750 -0.0250
v 6.1500 7.8500 0.8000
v 7.5000 1.8333 0.3333
v 4.8667 8.0000 -0.0333
v 5.9000 3.7500 0.6000
v 5.0500 0.7500 0.8000
v 6.7500 5.4500 -0.8000
v 7.2500 4.1500 -0.8000
v 6.1500 2.2500 -0.8000
v 7.5000 4.1500 -0.4500
v 5.9000 5.6250 0.1500
v 7.5000 2.4400 0.5800
v 6.9500 4.6500 -0.8000
v 7.5000 3.3500 -0.7667
v 5.7571 6.3857 0.1286
v 4.8250 1.4000 0.8000
v 4.6500 6.4000 -0.2500
v 7.5000 4.9000 -0.2000
v 5.2400 6.4000 0.6000
v 6.5333 6.7333 0.8000
v 5.9000 4.4000 0.3500
v 6.5500 0.3500 -0.8000
v 7.5000 0.7500 0.1500
v 6.3400 1.3800 -0.8000
v 7.5000 1.7000 0.4000
v 4.8500 6.4000 -0.4500
v 6.1500 2.0500 -0.8000
v 5.9000 3.5600 0.6200
v 5.5000 8.0000 0.6000
v 7.2500 3.9500 -0.8000
v 7.0000 4.9000 -0.8000
v 6.7500 5.6500 -0.8000
v 7.5000 3.1333 -0.6333
v 7.5000 3.9500 -0.4500
v 6.3333 6.9333 0.8000
v 7.5000 2.6500 0.6000
v 5.0667 0.5667 0.8000
v 5.9000 2.2500 -0.4500
v 6.7500 0.0000 0.6000
v 6.1500 7.6500 0.8000
v 5.7500 6.1500 0.1000
v 5.9000 5.4250 0.1500
v 4.6500 7.8500 -0.8000
v 7.5000 3.5500 0.6000
v 7.2500 7.8500 0.8000
v 5.9000 1.6333 0.4000
v 6.9833 1.4000 -0.8000
v 6.7333 0.5667 -0.8000
v 4.4500 8.0000 0.4000
v 5.2500 0.3500 0.8000
v 5.5000 7.6500 -0.8000
v 7.5000 4.4000 0.3500
v 7.5000 0.3500 -0.0500
v 5.2667 6.7333 -0.8000
v 5.9000 4.9000 -0.2000
v 5.4750 6.4000 -0.2750
v 7.5000 5.4667 0.1333
v 4.4500 6.3750 0.1250
v 7.5000 1.4000 -0.2500
v 7.2500 2.2500 -0.8000
v 5.9000 2.6600 0.6000
v 6.1667 4.1333 -0.8000
v 7.5000 2.2500 -0.4500
v 5.9000 3.9500 -0.4500
v 7.0000 6.9600 0.8000
v 6.7500 6.1500 0.8000
v 5.2500 8.0000 -0.2500
v 5.9500 3.1000 -0.7000
v 6.7500 0.7500 -0.8000
v 5.9000 1.8667 0.3667
v 5.9000 4.6333 -0.2667
v 5.9000 5.9000 -0.0333
v 4.6600 8.0000 0.6200
v 7.2500 2.0500 -0.8000
v 6.5250 5.8750 -0.8000
v 7.5000 2.0500 -0.4500
v 5.2667 6.5667 -0.8000
v 7.4857 0.0857 -0.0571
v 6.3333 0.0000 0.3667
v 7.4750 2.9000 -0.6875
v 5.2667 0.1000 0.8000
v 5.5000 7.8500 -0.8000
v 5.9250 3.3500 -0.7500
v 6.3333 4.6333 -0.8000
v 4.4500 6.1500 0.1000
v 5.9000 2.4500 0.6000
v 7.5000 5.6500 0.1500
v 5.9000 4.1500 -0.4500
v 7.2500 7.6500 0.8000
v 6.7500 6.3000 0.8000
v 7.5000 3.7500 0.6000
v 6.1500 3.9500 -0.8000
v 7.0000 7.1500 0.8000
v 5.2667 0.7667 0.8000
v 6.3333 5.2333 -0.8000
v 7.0000 0.0000 -0.4500
v 5.7500 8.0000 -0.5000
v 6.1500 4.4000 -0.8000
v 7.5000 0.7667 -0.0333
v 6.7500 6.5500 0.8000
v 7.0000 0.9500 -0.8000
v 7.5000 3.1000 0.6000
v 5.9000 2.0333 0.3667
v 7.5000 1.8333 -0.4333
v 6.7333 0.0833 -0.7167
v 7.2500 1.8500 -0.8000
v 7.4778 2.6556 -0.7556
v 5.9000 5.2500 -0.2500
v 7.5000 4.1500 0.3500
v 5.4571 8.0000 -0.6857
v 5.9333 3.5500 -0.7000
v 7.2667 0.0000 -0.2667
v 7.5000 0.9500 -0.2500
v 5.5000 1.6000 0.8000
v 5.7500 6.1500 0.0000
v 5.2800 6.4000 -0.7000
v 6.5333 5.4333 -0.8000
v 5.9000 5.4500 -0.0333
v 7.4800 2.4400 -0.6800
v 7.5000 0.5500 -0.0500
v 7.0200 1.1400 -0.8000
v 6.3333 5.0667 -0.8000
v 5.9000 4.4000 -0.4500
v 7.0000 7.4000 0.8000
v 7.3000 8.0000 0.8000
v 7.5000 3.3400 0.5800
v 5.9500 0.0000 0.1500
v 5.2500 0.5500 0.8000
v 7.5000 1.6500 -0.5000
v 5.9200 3.7400 -0.6800
v 4.8667 6.4000 0.3667
v 7.2500 1.7000 -0.8000
v 6.7333 0.3333 -0.8000
v 6.7500 6.7500 0.8000
v 7.5000 5.8800 0.1400
v 7.5000 3.9667 0.3667
v 5.0500 6.4000 0.6000
v 4.8500 8.0000 0.1500
v 7.5000 1.1500 -0.2500
v 5.9000 5.0500 -0.2500
v 5.9000 2.2500 0.3500
v 5.9000 5.6500 -0.0333
v 6.5500 0.0000 0.6000
v 5.7250 6.3750 -0.0250
v 6.5500 5.6500 -0.8000
v 5.9000 2.9000 0.6000
v 5.9000 3.1000 -0.5000
v 7.5000 0.5667 -0.2333
v 5.9200 3.9600 -0.6800
v 7.4500 2.2500 -0.7000
v 4.6500 8.0000 0.3500
v 5.7333 7.6333 -0.8000
v 5.9000 1.8500 0.6250
v 7.0200 6.1600 0.8000
v 6.7500 6.9500 0.8000
v 6.3500 5.6500 -0.8000
v 6.1667 3.3333 -0.8000
v 7.5000 4.6500 0.1500
v 6.3500 0.0000 0.6000
v 7.5000 1.1500 0.0000
v 6.5500 5.0500 -0.8000
v 5.2500 7.4000 -0.8000
v 7.0250 0.5250 -0.8000
v 5.9000 2.4500 0.3500
v 6.7500 1.4000 -0.8000
v 5.9000 5.0750 -0.0500
v 5.3000 1.1500 0.8000
v 7.5000 3.7333 0.3667
v 5.9000 5.6500 -0.2500
v 5.7333 6.4000 -0.2667
v 7.4000 7.8500 0.8000
v 4.6333 6.3667 0.1333
v 5.9000 1.6333 0.6333
v 7.5000 4.9000 0.1500
v 6.1500 3.1500 -0.8000
v 7.4000 7.6500 0.8000
v 7.5000 0.7500 -0.2500
v 5.9286 4.1714 -0.7286
v 7.5000 3.5667 0.3333
v 7.5000 4.3875 0.5875
v 5.9000 3.3500 -0.4500
v 6.3500 5.4500 -0.8000
v 7.0000 6.3000 0.8000
v 4.4400 8.0000 0.6000
v 5.9000 5.3000 0.0000
v 6.5500 5.2500 -0.8000
v 5.2500 7.1500 -0.8000
v 7.0000 0.7600 -0.8000
v 7.5000 2.9000 -0.4500
v 7.2500 0.0000 -0.0500
v 7.2500 2.9000 -0.8000
v 4.6500 6.1500 0.1000
v 7.4667 2.0500 -0.7000
v 7.5000 0.9500 -0.0500
v 5.2500 0.9500 0.8000
v 5.9000 2.6500 0.3500
v 5.7333 7.8333 -0.8000
v 5.9000 5.5000 -0.2000
v 7.5000 3.3667 0.3667
v 5.9000 5.8800 -0.2600
v 5.9000 4.6500 -0.0333
v 5.2500 6.4000 -0.4500
v 6.5500 4.6500 -0.8000
v 5.9000 3.5667 -0.4667
v 7.4800 0.0600 -0.2200
v 5.5000 8.0000 -0.4500
v 5.0667 8.0000 0.1667
v 4.8500 6.4000 0.6000
v 6.3500 5.9000 -0.8000
v 7.5000 2.6500 -0.4500
v 5.9000 2.2500 0.6000
v 6.7500 0.0000 -0.4500
v 7.4833 1.8500 -0.7333
v 7.2500 2.6500 -0.8000
v 7.0000 6.5500 0.8000
v 6.1500 3.7500 -0.8000
v 5.5200 6.1400 0.0000
v 6.7333 7.1667 0.8000
v 5.0500 6.4000 0.3500
v 7.5000 3.9500 0.6000
v 5.7500 1.6000 0.8000
v 5.9000 2.9000 0.3500
v 7.5000 5.0500 0.1500
v 6.1500 0.0000 0.1500
v 6.9875 0.0563 -0.7437
v 5.7500 8.0000 -0.6500
v 6.7500 0.9500 -0.8000
v 6.5500 0.0000 0.3500
v 6.1333 3.5667 -0.8000
v 5.2500 6.9500 -0.8000
v 6.5500 4.9000 -0.8000
v 5.9000 2.0500 0.6000
v 5.9000 4.8500 0.0000
v 7.5000 3.1000 0.3000
v 7.5000 0.3500 -0.2500
v 5.5000 6.3750 -0.0250
v 6.7400 7.3800 0.8000
v 5.2400 1.4200 0.8000
v 7.5000 4.1600 0.5800
v 7.5000 1.4000 -0.0500
v 6.7500 1.1500 -0.8000
v 5.9000 3.7500 -0.4500
v 7.5000 1.6750 -0.7250
v 5.9300 4.3700 -0.7200
v 7.0000 6.7500 0.8000
v 7.4600 8.0000 0.8000
v 7.5000 5.2500 0.2000
v 5.2500 8.0000 -0.0500
v 7.2500 2.4500 -0.8000
v 6.9800 0.3600 -0.8000
v 7.5000 2.4500 -0.4500
v 6.7000 2.0500 -0.8000
v 7.0167 2.9000 -0.8000
v 7.5000 0.7500 -0.4500
v 5.7333 8.0000 -0.0333
v 7.0000 0.0000 -0.0500
v 7.2500 0.7500 -0.8000
v 5.9500 0.0000 0.4000
v 4.8500 6.3750 0.1250
v 5.0500 8.0000 0.6000
v 5.7500 1.4000 0.8000
v 5.9000 3.3667 -0.2333
v 7.5000 5.9000 0.3500
v 7.5000 1.8500 -0.0500
v 7.5000 3.9500 0.1500
v 5.5200 0.5600 0.8000
v 5.7500 6.9500 -0.8000
v 4.8667 8.0000 0.3667
v 7.5000 2.9000 -0.2600
v 5.9000 2.2250 0.1500
v 6.1500 5.6500 -0.8000
v 5.9400 4.6400 -0.7000
v 6.1500 0.0000 0.6250
v 7.2667 6.3333 0.8000
v 6.3000 3.4000 -0.8000
v 5.9000 5.4500 -0.4500
v 7.5000 5.0600 0.5800
v 6.7333 7.6667 0.8000
v 5.2800 8.0000 -0.7000
v 7.2500 0.5500 -0.8000
v 5.9000 3.1000 -0.3000
v 6.5333 4.4000 -0.8000
v 7.5000 0.5500 -0.4500
v 5.9000 4.4000 -0.0333
v 6.7500 7.8500 0.8000
v 7.4857 1.4000 -0.6714
v 7.5000 1.7000 -0.0500
v 5.9000 2.0750 0.1500
v 5.3000 1.6000 0.8000
v 5.4571 6.4000 -0.6857
v 4.8333 6.1333 0.1000
v 6.3000 3.1000 -0.8000
v 5.9250 4.9000 -0.7500
v 7.4000 6.9000 0.8000
v 7.5000 4.1500 0.1500
v 5.5000 0.7500 0.8000
v 7.2500 6.1500 0.8000
v 7.5000 5.2500 0.6000
v 5.9000 5.6500 -0.4500
v 6.1500 5.4500 -0.8000
v 5.7500 6.4000 -0.5000
v 6.7500 2.2500 -0.8000
v 5.9000 1.8500 0.1333
v 6.1600 5.9200 -0.8000
v 5.2500 7.8500 -0.8000
v 5.7667 0.9333 0.8000
v 6.3333 3.7667 -0.8000
v 6.3500 0.0000 0.1500
v 7.5000 4.6500 0.6000
v 7.4571 7.4286 0.8000
v 7.2667 6.7667 0.8000
v 5.9286 5.0429 -0.7286
v 7.2500 0.3500 -0.8000
v 6.7000 1.7000 -0.8000
v 7.4750 1.1375 -0.7250
v 7.0000 2.4500 -0.8000
v 7.5000 0.3667 -0.4333
v 5.7500 7.1500 -0.8000
v 5.5000 6.5500 -0.8000
v 5.9000 3.7000 -0.2500
v 7.5000 5.6500 0.3500
v 4.6600 6.4000 0.6200
v 7.5000 2.2333 -0.0333
v 6.5333 3.9667 -0.8000
v 5.5333 0.1000 0.8000
v 7.5000 2.4500 -0.2500
v 5.9000 3.9500 -0.0333
v 5.9000 5.9000 -0.4500
v 7.0000 2.6500 -0.8000
v 7.2000 6.5500 0.8000
v 7.5000 2.0500 -0.0500
v 5.2500 6.4000 -0.2500
v 5.9000 1.6375 0.1375
v 7.5000 4.9000 0.6000
v 7.4833 0.9667 -0.7333
v 7.2571 0.0857 -0.7286
v 4.4500 8.0000 0.1500
v 5.7400 7.4200 -0.8000
v 6.7500 1.8500 -0.8000
v 7.4833 0.0833 -0.4833
v 5.4750 8.0000 -0.2750
v 5.9000 3.5500 -0.2500
v 7.5000 4.3750 0.1250
v 5.7500 1.1500 0.8000
v 7.4000 7.2000 0.8000
v 5.9333 5.2500 -0.7000
v 6.7500 0.0000 -0.2500
v 7.5000 2.6500 -0.2500
v 4.4500 6.4000 0.4000
v 7.5000 5.4500 0.4000
v 5.5000 6.7600 -0.8000
v 6.3500 3.5500 -0.8000
v 5.9000 4.1500 -0.0333
v 6.5500 4.1500 -0.8000
v 5.4800 0.3600 0.8000
v 5.2000 7.6500 -0.8000
v 5.9000 5.4500 -0.6500
v 7.4000 6.3500 0.8000
v 5.9000 4.6500 -0.5000
v 5.5125 1.3875 0.8000
v 7.5000 2.0333 -0.2333
v 5.2500 6.3750 -0.0250
v 5.9000 3.5000 -0.0333
v 5.5000 8.0000 -0.0500
v 6.3500 4.1500 -0.8000
v 7.0200 7.6400 0.8000
v 6.1500 4.8500 -0.8000
v 7.5000 3.1000 0.1500
v 6.5500 3.5500 -0.8000
v 6.7500 2.9000 -0.8000
v 5.0000 6.1500 0.1000
v 7.5000 2.6333 -0.0333
v 6.7500 0.0000 -0.0500
v 7.0000 2.0500 -0.8000
v 5.9000 4.1500 -0.2500
v 7.4600 0.7600 -0.7000
v 5.5200 6.9400 -0.8000
v 7.5000 5.2500 0.3500
v 5.7333 0.5333 0.8000
v 5.7500 6.4000 -0.6500
v 7.5000 3.3500 0.1500
v 5.2667 6.1667 0.0000
v 5.9500 0.0000 0.6250
v 6.1500 4.6500 -0.8000
v 5.9400 5.6400 -0.7000
v 7.4000 6.1500 0.8000
v 7.5000 5.9000 0.6000
v 7.0333 2.2667 -0.8000
v 6.3500 3.9500 -0.8000
v 5.0500 8.0000 0.3500
v 5.9000 4.9000 -0.4500
v 7.2500 6.9500 0.8000
v 5.5000 6.4000 -0.4500
v 7.0000 7.8400 0.8000
v 6.5500 3.7500 -0.8000
v 4.8500 8.0000 0.6000
v 5.0429 6.3857 0.1286
v 7.2500 1.4000 -0.8000
v 5.9000 3.7600 -0.0200
v 7.5000 1.4000 -0.4500
v 5.9000 2.9000 0.1333
v 7.5000 5.0333 0.3333
v 5.7333 0.7667 0.8000
v 7.5000 2.2500 -0.2500
v 6.1667 0.0000 0.3667
v 7.4600 0.5400 -0.7000
v 5.9000 3.9667 -0.2333
v 6.5333 0.0000 0.1667
v 7.5000 2.4500 -0.0500
v 5.2500 8.0000 -0.4500
v 5.5200 7.1600 -0.8000
v 5.9000 3.1400 -0.0200
v 7.5000 4.9000 0.4000
v 6.5500 3.1000 -0.8000
v 5.9000 4.3750 -0.2750
v 7.5000 3.5333 0.1667
v 5.5000 0.9500 0.8000
v 7.5000 1.7000 -0.2000
v 7.2500 1.1500 -0.8000
v 7.4667 0.3500 -0.7000
v 6.1500 5.2500 -0.8000
v 7.5000 1.1500 -0.4500
v 7.2400 7.4000 0.8000
v 4.4500 6.4000 0.6000
v 7.0000 8.0000 0.8000
v 7.5000 5.4500 0.6000
v 5.9000 5.0333 -0.4667
v 5.8000 0.1500 0.8000
v 6.3500 4.4000 -0.8000
v 7.4000 6.7500 0.8000
v 7.0000 1.7000 -0.8000
v 6.7500 2.4500 -0.8000
v 5.9000 2.6500 0.1333
v 5.7000 6.5500 -0.8000
v 5.5000 1.1500 0.8000
v 4.6500 8.0000 0.1500
v 6.9800 0.0000 -0.2600
v 5.7333 8.0000 -0.2667
v 5.5000 7.4000 -0.8000
v 6.5500 3.3500 -0.8000
v 7.5000 1.8667 -0.2333
v 7.5000 4.6500 0.3000
v 5.9000 3.3333 -0.0333
v 5.7500 0.3500 0.8000
v 7.5000 5.6400 0.5800
v 5.9000 5.2500 -0.4500
v 5.9000 2.4250 0.1500
v 7.2500 7.1500 0.8000
v 6.7500 2.6500 -0.8000
v 7.4846 0.0692 -0.7462
v 5.7500 6.7500 -0.8000
v 6.1500 5.0500 -0.8000
v 7.5000 2.9200 -0.0400
v 7.2333 0.0000 -0.4667
v 7.5000 0.9500 -0.4500
v 7.5000 3.7500 0.1500
v 7.2500 0.9500 -0.8000
v 6.9800 1.8400 -0.8000
v 7.4667 6.5500 0.8000
v 5.9231 5.8846 -0.7308
v 4.6500 6.4000 0.3500
vt 0.00723 0.50000
vt 0.01563 0.50000
vt 0.11802 0.50000
vt 0.03385 0.50000
vt 0.01055 0.50000
vt 0.01172 0.50000
vt 0.00977 0.50000
vt 0.02246 0.50000
vt 0.02344 0.50000
vt 0.00977 0.50000
vt 0.00977 0.50000
vt 0.02539 0.50000
vt 0.01628 0.50000
vt 0.00651 0.50000
vt 0.02930 0.50000
vt 0.00781 0.50000
vt 0.01465 0.50000
vt 0.02930 0.50000
vt 0.00977 0.50000
vt 0.00586 0.50000
vt 0.00846 0.50000
vt 0.04102 0.50000
vt 0.12012 0.50000
vt 0.01237 0.50000
vt 0.02695 0.50000
vt 0.02018 0.50000
vt 0.02930 0.50000
vt 0.00977 0.50000
vt 0.02279 0.50000
vt 0.01367 0.50000
vt 0.02474 0.50000
vt 0.01318 0.50000
vt 0.03125 0.50000
vt 0.01367 0.50000
vt 0.09515 0.50000
vt 0.01888 0.50000
vt 0.01270 0.50000
vt 0.03125 0.50000
vt 0.03418 0.50000
vt 0.11279 0.50000
vt 0.01758 0.50000
vt 0.01660 0.50000
vt 0.00586 0.50000
vt 0.00781 0.50000
vt 0.04102 0.50000
vt 0.02474 0.50000
vt 0.03418 0.50000
vt 0.01367 0.50000
vt 0.02002 0.50000
vt 0.00890 0.50000
vt 0.02930 0.50000
vt 0.02344 0.50000
vt 0.01367 0.50000
vt 0.01172 0.50000
vt 0.03027 0.50000
vt 0.01074 0.50000
vt 0.02832 0.50000
vt 0.04004 0.50000
vt 0.00586 0.50000
vt 0.01445 0.50000
vt 0.11230 0.50000
vt 0.01200 0.50000
vt 0.00977 0.50000
vt 0.02539 0.50000
vt 0.01074 0.50000
vt 0.02930 0.50000
vt 0.00586 0.50000
vt 0.01074 0.50000
vt 0.00664 0.50000
vt 0.01693 0.50000
vt 0.02832 0.50000
vt 0.02409 0.50000
vt 0.19206 0.50000
vt 0.02930 0.50000
vt 0.00586 0.50000
vt 0.01497 0.50000
vt 0.03223 0.50000
vt 0.01514 0.50000
vt 0.10296 0.50000
vt 0.01465 0.50000
vt 0.03320 0.50000
vt 0.02344 0.50000
vt 0.01660 0.50000
vt 0.00977 0.50000
vt 0.00586 0.50000
vt 0.00865 0.50000
vt 0.01237 0.50000
vt 0.00586 0.50000
vt 0.01074 0.50000
vt 0.11914 0.50000
vt 0.00716 0.50000
vt 0.01563 0.50000
vt 0.00742 0.50000
vt 0.09347 0.50000
vt 0.01074 0.50000
vt 0.00879 0.50000
vt 0.20117 0.50000
vt 0.01172 0.50000
vt 0.11641 0.50000
vt 0.03633 0.50000
vt 0.03711 0.50000
vt 0.01367 0.50000
vt 0.00781 0.50000
vt 0.03223 0.50000
vt 0.01758 0.50000
vt 0.02148 0.50000
vt 0.10889 0.50000
vt 0.03223 0.50000
vt 0.01660 0.50000
vt 0.03125 0.50000
vt 0.02539 0.50000
vt 0.00977 0.50000
vt 0.01660 0.50000
vt 0.00664 0.50000
vt 0.02344 0.50000
vt 0.00781 0.50000
vt 0.01953 0.50000
vt 0.01869 0.50000
vt 0.00716 0.50000
vt 0.04004 0.50000
vt 0.01107 0.50000
vt 0.00586 0.50000
vt 0.01465 0.50000
vt 0.00977 0.50000
vt 0.01221 0.50000
vt 0.00586 0.50000
vt 0.00684 0.50000
vt 0.01497 0.50000
vt 0.01823 0.50000
vt 0.01953 0.50000
vt 0.03320 0.50000
vt 0.02773 0.50000
vt 0.09766 0.50000
vt 0.04102 0.50000
vt 0.01888 0.50000
vt 0.01563 0.50000
vt 0.02637 0.50000
vt 0.06800 0.50000
vt 0.00586 0.50000
vt 0.01465 0.50000
vt 0.02148 0.50000
vt 0.01411 0.50000
vt 0.01367 0.50000
vt 0.00781 0.50000
vt 0.04004 0.50000
vt 0.03223 0.50000
vt 0.03223 0.50000
vt 0.03223 0.50000
vt 0.01758 0.50000
vt 0.02734 0.50000
vt 0.00977 0.50000
vt 0.02441 0.50000
vt 0.02539 0.50000
vt 0.00977 0.50000
vt 0.01094 0.50000
vt 0.10254 0.50000
vt 0.02539 0.50000
vt 0.01590 0.50000
vt 0.01823 0.50000
vt 0.02734 0.50000
vt 0.01074 0.50000
vt 0.02148 0.50000
vt 0.00586 0.50000
vt 0.02441 0.50000
vt 0.02734 0.50000
vt 0.00977 0.50000
vt 0.00911 0.50000
vt 0.01497 0.50000
vt 0.09766 0.50000
vt 0.01237 0.50000
vt 0.02344 0.50000
vt 0.02409 0.50000
vt 0.02539 0.50000
vt 0.01172 0.50000
vt 0.00879 0.50000
vt 0.00879 0.50000
vt 0.04232 0.50000
vt 0.00586 0.50000
vt 0.00911 0.50000
vt 0.10221 0.50000
vt 0.00781 0.50000
vt 0.03809 0.50000
vt 0.01563 0.50000
vt 0.00977 0.50000
vt 0.03841 0.50000
vt 0.01855 0.50000
vt 0.00586 0.50000
vt 0.01237 0.50000
vt 0.00586 0.50000
vt 0.02539 0.50000
vt 0.02246 0.50000
vt 0.03125 0.50000
vt 0.02409 0.50000
vt 0.01497 0.50000
vt 0.13320 0.50000
vt 0.01074 0.50000
vt 0.02930 0.50000
vt 0.08477 0.50000
vt 0.00879 0.50000
vt 0.01465 0.50000
vt 0.19336 0.50000
vt 0.02832 0.50000
vt 0.01172 0.50000
vt 0.01367 0.50000
vt 0.02452 0.50000
vt 0.03809 0.50000
vt 0.00586 0.50000
vt 0.01107 0.50000
vt 0.03809 0.50000
vt 0.01465 0.50000
vt 0.02832 0.50000
vt 0.01953 0.50000
vt 0.14453 0.50000
vt 0.11035 0.50000
vt 0.01042 0.50000
vt 0.00781 0.50000
vt 0.03060 0.50000
vt 0.01836 0.50000
vt 0.01237 0.50000
vt 0.02344 0.50000
vt 0.02441 0.50000
vt 0.00977 0.50000
vt 0.00846 0.50000
vt 0.01088 0.50000
vt 0.01523 0.50000
vt 0.02279 0.50000
vt 0.00781 0.50000
vt 0.00586 0.50000
vt 0.01367 0.50000
vt 0.04199 0.50000
vt 0.01888 0.50000
vt 0.02383 0.50000
vt 0.00684 0.50000
vt 0.01693 0.50000
vt 0.01563 0.50000
vt 0.00977 0.50000
vt 0.03581 0.50000
vt 0.02539 0.50000
vt 0.02441 0.50000
vt 0.01855 0.50000
vt 0.19922 0.50000
vt 0.01172 0.50000
vt 0.03125 0.50000
vt 0.10482 0.50000
vt 0.02799 0.50000
vt 0.01953 0.50000
vt 0.02734 0.50000
vt 0.02852 0.50000
vt 0.01367 0.50000
vt 0.00684 0.50000
vt 0.01758 0.50000
vt 0.04102 0.50000
vt 0.01172 0.50000
vt 0.01074 0.50000
vt 0.00781 0.50000
vt 0.00586 0.50000
vt 0.02832 0.50000
vt 0.00684 0.50000
vt 0.01465 0.50000
vt 0.02246 0.50000
vt 0.00781 0.50000
vt 0.01172 0.50000
vt 0.01172 0.50000
vt 0.02637 0.50000
vt 0.03789 0.50000
vt 0.01497 0.50000
vt 0.00716 0.50000
vt 0.01758 0.50000
vt 0.02070 0.50000
vt 0.00586 0.50000
vt 0.01562 0.50000
vt 0.03418 0.50000
vt 0.00716 0.50000
vt 0.01270 0.50000
vt 0.03418 0.50000
vt 0.00586 0.50000
vt 0.01497 0.50000
vt 0.02305 0.50000
vt 0.00586 0.50000
vt 0.01465 0.50000
vt 0.20443 0.50000
vt 0.02018 0.50000
vt 0.01465 0.50000
vt 0.03223 0.50000
vt 0.02930 0.50000
vt 0.11279 0.50000
vt 0.02322 0.50000
vt 0.01758 0.50000
vt 0.00977 0.50000
vt 0.01953 0.50000
vt 0.01758 0.50000
vt 0.02148 0.50000
vt 0.01139 0.50000
vt 0.01465 0.50000
vt 0.02344 0.50000
vt 0.01758 0.50000
vt 0.02695 0.50000
vt 0.02461 0.50000
vt 0.01172 0.50000
vt 0.02930 0.50000
vt 0.00586 0.50000
vt 0.00879 0.50000
vt 0.02018 0.50000
vt 0.01107 0.50000
vt 0.01042 0.50000
vt 0.09961 0.50000
vt 0.11953 0.50000
vt 0.00977 0.50000
vt 0.01660 0.50000
vt 0.01367 0.50000
vt 0.01693 0.50000
vt 0.03971 0.50000
vt 0.02344 0.50000
vt 0.03418 0.50000
vt 0.00586 0.50000
vt 0.01953 0.50000
vt 0.03418 0.50000
vt 0.03711 0.50000
vt 0.00781 0.50000
vt 0.01758 0.50000
vt 0.02344 0.50000
vt 0.00879 0.50000
vt 0.01107 0.50000
vt 0.01836 0.50000
vt 0.00586 0.50000
vt 0.02246 0.50000
vt 0.03711 0.50000
vt 0.00586 0.50000
vt 0.01367 0.50000
vt 0.03060 0.50000
vt 0.01465 0.50000
vt 0.02734 0.50000
vt 0.02148 0.50000
vt 0.00879 0.50000
vt 0.10547 0.50000
vt 0.01088 0.50000
vt 0.01660 0.50000
vt 0.03385 0.50000
vt 0.10059 0.50000
vt 0.02344 0.50000
vt 0.01953 0.50000
vt 0.00977 0.50000
vt 0.02604 0.50000
vt 0.03418 0.50000
vt 0.01611 0.50000
vt 0.02051 0.50000
vt 0.01888 0.50000
vt 0.01367 0.50000
vt 0.03581 0.50000
vt 0.02148 0.50000
vt 0.01758 0.50000
vt 0.02930 0.50000
vt 0.03418 0.50000
vt 0.01270 0.50000
vt 0.01465 0.50000
vt 0.02344 0.50000
vt 0.18750 0.50000
vt 0.00684 0.50000
vt 0.03711 0.50000
vt 0.02539 0.50000
vt 0.03711 0.50000
vt 0.03711 0.50000
vt 0.00684 0.50000
vt 0.01367 0.50000
vt 0.09961 0.50000
vt 0.04232 0.50000
vt 0.01012 0.50000
vt 0.03271 0.50000
vt 0.00898 0.50000
vt 0.03223 0.50000
vt 0.19629 0.50000
vt 0.01758 0.50000
vt 0.01367 0.50000
vt 0.00586 0.50000
vt 0.00684 0.50000
vt 0.00586 0.50000
vt 0.01432 0.50000
vt 0.01237 0.50000
vt 0.01584 0.50000
vt 0.00977 0.50000
vt 0.00586 0.50000
vt 0.01074 0.50000
vt 0.03906 0.50000
vt 0.01563 0.50000
vt 0.02930 0.50000
vt 0.01123 0.50000
vt 0.00781 0.50000
vt 0.00977 0.50000
vt 0.03125 0.50000
vt 0.01758 0.50000
vt 0.03613 0.50000
vt 0.01367 0.50000
vt 0.02930 0.50000
vt 0.01296 0.50000
vt 0.02539 0.50000
vt 0.02051 0.50000
vt 0.01758 0.50000
vt 0.12617 0.50000
vt 0.01074 0.50000
vt 0.00586 0.50000
vt 0.10938 0.50000
vt 0.01562 0.50000
vt 0.00977 0.50000
vt 0.00781 0.50000
vt 0.02734 0.50000
vt 0.01563 0.50000
vt 0.00586 0.50000
vt 0.00781 0.50000
vt 0.01758 0.50000
vt 0.02441 0.50000
vt 0.02695 0.50000
vt 0.03027 0.50000
vt 0.02344 0.50000
vt 0.03418 0.50000
vt 0.00586 0.50000
vt 0.00586 0.50000
vt 0.01855 0.50000
vt 0.00911 0.50000
vt 0.00586 0.50000
vt 0.02474 0.50000
vt 0.01523 0.50000
vt 0.01660 0.50000
vt 0.01107 0.50000
vt 0.02018 0.50000
vt 0.00781 0.50000
vt 0.02832 0.50000
vt 0.00781 0.50000
vt 0.02279 0.50000
vt 0.01270 0.50000
vt 0.03418 0.50000
vt 0.00846 0.50000
vt 0.01497 0.50000
vt 0.01953 0.50000
vt 0.18652 0.50000
vt 0.03125 0.50000
vt 0.02279 0.50000
vt 0.01367 0.50000
vt 0.01758 0.50000
vt 0.03418 0.50000
vt 0.01758 0.50000
vt 0.11279 0.50000
vt 0.01953 0.50000
vt 0.01953 0.50000
vt 0.00781 0.50000
vt 0.00781 0.50000
vt 0.03581 0.50000
vt 0.04102 0.50000
vt 0.00716 0.50000
vt 0.00977 0.50000
vt 0.00977 0.50000
vt 0.00586 0.50000
vt 0.02018 0.50000
vt 0.01758 0.50000
vt 0.00760 0.50000
vt 0.01855 0.50000
vt 0.02474 0.50000
vt 0.03385 0.50000
vt 0.01758 0.50000
vt 0.03711 0.50000
vt 0.02930 0.50000
vt 0.04102 0.50000
vt 0.00781 0.50000
vt 0.01855 0.50000
vt 0.11426 0.50000
vt 0.00977 0.50000
vt 0.02246 0.50000
vt 0.01237 0.50000
vt 0.01497 0.50000
vt 0.01953 0.50000
vt 0.03809 0.50000
vt 0.02930 0.50000
vt 0.00911 0.50000
vt 0.00586 0.50000
vt 0.10221 0.50000
vt 0.01367 0.50000
vt 0.12376 0.50000
vt 0.01270 0.50000
vt 0.03223 0.50000
vt 0.01523 0.50000
vt 0.00781 0.50000
vt 0.12695 0.50000
vt 0.00664 0.50000
vt 0.02930 0.50000
vt 0.01074 0.50000
vt 0.01318 0.50000
vt 0.02344 0.50000
vt 0.03320 0.50000
vt 0.00586 0.50000
vt 0.01953 0.50000
vt 0.03223 0.50000
vt 0.02930 0.50000
vt 0.03418 0.50000
vt 0.03223 0.50000
vt 0.01888 0.50000
vt 0.03223 0.50000
vt 0.02018 0.50000
vt 0.01107 0.50000
vt 0.03125 0.50000
vt 0.03060 0.50000
vt 0.00921 0.50000
vt 0.20605 0.50000
vt 0.04004 0.50000
vt 0.02930 0.50000
vt 0.02539 0.50000
vt 0.01107 0.50000
vt 0.03613 0.50000
vt 0.02695 0.50000
vt 0.00586 0.50000
vt 0.01660 0.50000
vt 0.00977 0.50000
vt 0.01628 0.50000
vt 0.02852 0.50000
vt 0.02051 0.50000
vt 0.01200 0.50000
vt 0.03418 0.50000
vt 0.01758 0.50000
vt 0.00977 0.50000
vt 0.01563 0.50000
vt 0.00977 0.50000
vt 0.02539 0.50000
vt 0.01823 0.50000
vt 0.03451 0.50000
vt 0.02539 0.50000
vt 0.03581 0.50000
vt 0.01562 0.50000
vt 0.01074 0.50000
vt 0.03223 0.50000
vt 0.00977 0.50000
vt 0.02246 0.50000
vt 0.02148 0.50000
vt 0.02246 0.50000
vt 0.20117 0.50000
vt 0.00684 0.50000
vt 0.01107 0.50000
vt 0.01107 0.50000
vt 0.01107 0.50000
vt 0.00977 0.50000
vt 0.02637 0.50000
vt 0.02799 0.50000
vt 0.01367 0.50000
vt 0.01888 0.50000
vt 0.11003 0.50000
vt 0.01465 0.50000
vt 0.00586 0.50000
vt 0.02070 0.50000
vt 0.00977 0.50000
vt 0.01758 0.50000
vt 0.03027 0.50000
vt 0.01172 0.50000
vt 0.02734 0.50000
vt 0.00865 0.50000
vt 0.02083 0.50000
vt 0.00977 0.50000
vt 0.00879 0.50000
vt 0.04004 0.50000
vt 0.11328 0.50000
vt 0.02773 0.50000
vt 0.03906 0.50000
vt 0.09814 0.50000
vt 0.01432 0.50000
vt 0.00586 0.50000
vt 0.00586 0.50000
vt 0.01758 0.50000
vt 0.01953 0.50000
vt 0.01367 0.50000
vt 0.02409 0.50000
vt 0.00977 0.50000
vt 0.00586 0.50000
vt 0.01367 0.50000
vt 0.00977 0.50000
vt 0.02344 0.50000
vt 0.00586 0.50000
vt 0.00846 0.50000
vt 0.01660 0.50000
vt 0.01074 0.50000
vt 0.00586 0.50000
vt 0.00846 0.50000
vt 0.03223 0.50000
vt 0.01465 0.50000
vt 0.01497 0.50000
vt 0.02344 0.50000
vt 0.00977 0.50000
vt 0.01221 0.50000
vt 0.02148 0.50000
vt 0.01172 0.50000
vt 0.02539 0.50000
vt 0.02148 0.50000
vt 0.02539 0.50000
vt 0.00651 0.50000
vt 0.02734 0.50000
vt 0.01074 0.50000
vt 0.00879 0.50000
vt 0.02344 0.50000
vt 0.02279 0.50000
vt 0.02246 0.50000
vt 0.03809 0.50000
vt 0.02539 0.50000
vt 0.08477 0.50000
vt 0.02930 0.50000
vt 0.09712 0.50000
vt 0.00977 0.50000
vt 0.00736 0.50000
vt 0.01367 0.50000
vt 0.01602 0.50000
vt 0.00879 0.50000
vt 0.00586 0.50000
vt 0.01465 0.50000
vt 0.01157 0.50000
vt 0.01855 0.50000
vt 0.01270 0.50000
vt 0.01465 0.50000
vt 0.01367 0.50000
vt 0.01107 0.50000
vt 0.02083 0.50000
vt 0.00879 0.50000
vt 0.01172 0.50000
vt 0.02305 0.50000
vt 0.01445 0.50000
vt 0.01074 0.50000
vt 0.02018 0.50000
vt 0.02734 0.50000
vt 0.03418 0.50000
vt 0.03418 0.50000
vt 0.19596 0.50000
vt 0.00977 0.50000
vt 0.10889 0.50000
vt 0.03223 0.50000
vt 0.00586 0.50000
vt 0.02409 0.50000
vt 0.00977 0.50000
vt 0.01758 0.50000
vt 0.00664 0.50000
vt 0.01497 0.50000
vt 0.02441 0.50000
vt 0.01270 0.50000
vt 0.01693 0.50000
vt 0.01172 0.50000
vt 0.00977 0.50000
vt 0.02734 0.50000
vt 0.06680 0.50000
vt 0.02734 0.50000
vt 0.01646 0.50000
vt 0.00586 0.50000
vt 0.01211 0.50000
vt 0.03418 0.50000
vt 0.00586 0.50000
vt 0.03581 0.50000
vt 0.01465 0.50000
vt 0.02799 0.50000
vt 0.01855 0.50000
vt 0.01367 0.50000
vt 0.01758 0.50000
vt 0.12305 0.50000
vt 0.03190 0.50000
vt 0.00586 0.50000
vt 0.00977 0.50000
vt 0.03223 0.50000
vt 0.01758 0.50000
vt 0.02734 0.50000
vt 0.00820 0.50000
vt 0.00977 0.50000
vt 0.11279 0.50000
vt 0.02604 0.50000
vt 0.01563 0.50000
vt 0.01836 0.50000
vt 0.01367 0.50000
vt 0.00781 0.50000
vt 0.04102 0.50000
vt 0.02441 0.50000
vt 0.00586 0.50000
vt 0.02070 0.50000
vt 0.04199 0.50000
vt 0.00781 0.50000
vt 0.01432 0.50000
vt 0.02695 0.50000
vt 0.01465 0.50000
vt 0.00898 0.50000
vt 0.00586 0.50000
vt 0.01445 0.50000
vt 0.01758 0.50000
vt 0.00781 0.50000
vt 0.02441 0.50000
vt 0.09068 0.50000
vt 0.01237 0.50000
vt 0.01628 0.50000
vt 0.01237 0.50000
vt 0.02148 0.50000
vt 0.02539 0.50000
vt 0.00684 0.50000
vt 0.12383 0.50000
vt 0.02344 0.50000
vt 0.03711 0.50000
vt 0.00586 0.50000
vt 0.00586 0.50000
vt 0.09961 0.50000
vt 0.00586 0.50000
vt 0.01367 0.50000
vt 0.01584 0.50000
vt 0.20117 0.50000
vt 0.04102 0.50000
vt 0.01172 0.50000
vt 0.02441 0.50000
vt 0.00977 0.50000
vt 0.02930 0.50000
vt 0.01270 0.50000
vt 0.01107 0.50000
vt 0.00684 0.50000
vt 0.01465 0.50000
vt 0.01888 0.50000
vt 0.02695 0.50000
vt 0.01660 0.50000
vt 0.03125 0.50000
vt 0.01367 0.50000
vt 0.02441 0.50000
vt 0.02773 0.50000
vt 0.03418 0.50000
vt 0.02344 0.50000
vt 0.00781 0.50000
vt 0.00977 0.50000
vt 0.02409 0.50000
vt 0.02409 0.50000
vt 0.01628 0.50000
vt 0.02409 0.50000
vt 0.01563 0.50000
vt 0.10791 0.50000
vt 0.03060 0.50000
vt 0.00586 0.50000
vt 0.00911 0.50000
vt 0.02148 0.50000
vt 0.00684 0.50000
vt 0.01953 0.50000
vt 0.02344 0.50000
vt 0.01758 0.50000
vt 0.00977 0.50000
vt 0.01270 0.50000
vt 0.10059 0.50000
vt 0.01465 0.50000
vt 0.03418 0.50000
vt 0.02539 0.50000
vt 0.00781 0.50000
vt 0.01172 0.50000
vt 0.02930 0.50000
vt 0.00586 0.50000
vt 0.00586 0.50000
vt 0.01660 0.50000
vt 0.03418 0.50000
vt 0.01541 0.50000
vt 0.03418 0.50000
vt 0.01660 0.50000
vt 0.00898 0.50000
vt 0.01758 0.50000
vt 0.00684 0.50000
vt 0.01758 0.50000
vt 0.09347 0.50000
vt 0.01953 0.50000
vt 0.02930 0.50000
vt 0.01465 0.50000
vt 0.01563 0.50000
vt 0.00586 0.50000
vt 0.09961 0.50000
vt 0.00586 0.50000
vt 0.00586 0.50000
vt 0.00586 0.50000
vt 0.03789 0.50000
vt 0.02539 0.50000
vt 0.01563 0.50000
vt 0.00684 0.50000
vt 0.01042 0.50000
vt 0.02695 0.50000
vt 0.02409 0.50000
vt 0.03516 0.50000
vt 0.11914 0.50000
vt 0.03906 0.50000
vt 0.02246 0.50000
vt 0.00977 0.50000
vt 0.01497 0.50000
vt 0.03711 0.50000
vt 0.00586 0.50000
vt 0.00781 0.50000
vt 0.03060 0.50000
vt 0.00716 0.50000
vt 0.00781 0.50000
vt 0.02148 0.50000
vt 0.00898 0.50000
vt 0.02930 0.50000
vt 0.00977 0.50000
vt 0.00586 0.50000
vt 0.00586 0.50000
vt 0.02344 0.50000
vt 0.01042 0.50000
vt 0.01289 0.50000
vt 0.11970 0.50000
vt 0.01088 0.50000
vt 0.03516 0.50000
vt 0.00820 0.50000
vt 0.01411 0.50000
vt 0.00586 0.50000
vt 0.00781 0.50000
vt 0.00781 0.50000
vt 0.03711 0.50000
vt 0.01693 0.50000
vt 0.00846 0.50000
vt 0.00586 0.50000
vt 0.01855 0.50000
vt 0.00586 0.50000
vt 0.02539 0.50000
vt 0.00781 0.50000
vt 0.00732 0.50000
vt 0.04232 0.50000
vt 0.10645 0.50000
vt 0.03027 0.50000
vt 0.00781 0.50000
vt 0.10352 0.50000
vt 0.03581 0.50000
vt 0.01563 0.50000
vt 0.02773 0.50000
vt 0.12518 0.50000
vt 0.00977 0.50000
vt 0.18945 0.50000
vt 0.00698 0.50000
vt 0.01497 0.50000
vt 0.02539 0.50000
vt 0.01758 0.50000
vt 0.01953 0.50000
vt 0.00586 0.50000
vt 0.01758 0.50000
vt 0.00586 0.50000
vt 0.01029 0.50000
vt 0.00977 0.50000
vt 0.01432 0.50000
vt 0.01367 0.50000
vt 0.03418 0.50000
vt 0.10938 0.50000
vt 0.01758 0.50000
vt 0.01074 0.50000
vt 0.01660 0.50000
vt 0.00586 0.50000
vt 0.01836 0.50000
vt 0.00977 0.50000
vt 0.03418 0.50000
vt 0.01172 0.50000
vt 0.01432 0.50000
vt 0.00879 0.50000
vt 0.01758 0.50000
vt 0.19727 0.50000
vt 0.01823 0.50000
vt 0.02409 0.50000
vt 0.03223 0.50000
vt 0.00898 0.50000
vt 0.00781 0.50000
vt 0.01107 0.50000
vt 0.11133 0.50000
vt 0.00586 0.50000
vt 0.20605 0.50000
vt 0.00879 0.50000
vt 0.03223 0.50000
vt 0.01758 0.50000
vt 0.01465 0.50000
vt 0.19727 0.50000
vt 0.01423 0.50000
vt 0.03027 0.50000
vt 0.01237 0.50000
vt 0.01074 0.50000
vt 0.00977 0.50000
vt 0.01758 0.50000
vt 0.02441 0.50000
vt 0.00781 0.50000
vt 0.01107 0.50000
vt 0.00911 0.50000
vt 0.02832 0.50000
vt 0.20117 0.50000
vt 0.19922 0.50000
vt 0.19531 0.50000
vt 0.20117 0.50000
vt 0.19466 0.50000
vt 0.19596 0.50000
vt 0.00977 0.50000
vt 0.20801 0.50000
vt 0.00977 0.50000
vt 0.18945 0.50000
vt 0.00742 0.50000
vt 0.03060 0.50000
vt 0.18555 0.50000
vt 0.03418 0.50000
vt 0.01172 0.50000
vt 0.00716 0.50000
vt 0.19805 0.50000
vt 0.14160 0.50000
vt 0.01660 0.50000
vt 0.01445 0.50000
vt 0.00846 0.50000
vt 0.20020 0.50000
vt 0.02832 0.50000
vt 0.18848 0.50000
vt 0.04102 0.50000
vt 0.18685 0.50000
vt 0.18555 0.50000
vt 0.01823 0.50000
vt 0.20020 0.50000
vt 0.01237 0.50000
vt 0.02930 0.50000
vt 0.00651 0.50000
vt 0.00684 0.50000
vt 0.19727 0.50000
vt 0.03809 0.50000
vt 0.20117 0.50000
vt 0.00586 0.50000
vt 0.02018 0.50000
vt 0.20703 0.50000
vt 0.02930 0.50000
vt 0.02441 0.50000
vt 0.01270 0.50000
vt 0.00684 0.50000
vt 0.20247 0.50000
vt 0.20801 0.50000
vt 0.02051 0.50000
vt 0.01465 0.50000
vt 0.03125 0.50000
vt 0.01150 0.50000
vt 0.02604 0.50000
vt 0.00760 0.50000
vt 0.20020 0.50000
vt 0.11630 0.50000
vt 0.01107 0.50000
vt 0.02246 0.50000
vt 0.03223 0.50000
vt 0.19824 0.50000
vt 0.02832 0.50000
vt 0.19824 0.50000
vt 0.01953 0.50000
vt 0.20312 0.50000
vt 0.02083 0.50000
vt 0.19258 0.50000
vt 0.02773 0.50000
vt 0.01855 0.50000
vt 0.19180 0.50000
vt 0.00781 0.50000
vt 0.20378 0.50000
vt 0.01123 0.50000
vt 0.03398 0.50000
vt 0.01497 0.50000
vt 0.20508 0.50000
vt 0.02441 0.50000
vt 0.02279 0.50000
vt 0.00898 0.50000
vt 0.19629 0.50000
vt 0.00781 0.50000
vt 0.01074 0.50000
vt 0.19531 0.50000
vt 0.20703 0.50000
vt 0.00781 0.50000
vt 0.01758 0.50000
vt 0.03223 0.50000
vt 0.20117 0.50000
vt 0.01758 0.50000
vt 0.20508 0.50000
vt 0.01318 0.50000
vt 0.02083 0.50000
vt 0.01432 0.50000
vt 0.01953 0.50000
vt 0.19727 0.50000
vt 0.02474 0.50000
vt 0.20117 0.50000
vt 0.20117 0.50000
vt 0.00879 0.50000
vt 0.01172 0.50000
vt 0.20204 0.50000
vt 0.19857 0.50000
vt 0.01855 0.50000
vt 0.01646 0.50000
vt 0.01237 0.50000
vt 0.18848 0.50000
vt 0.19336 0.50000
vt 0.02051 0.50000
vt 0.19531 0.50000
vt 0.20378 0.50000
vt 0.01758 0.50000
vt 0.01465 0.50000
vt 0.02246 0.50000
vt 0.00781 0.50000
vt 0.18945 0.50000
vt 0.03906 0.50000
vt 0.03711 0.50000
vt 0.19434 0.50000
vt 0.02539 0.50000
vt 0.00684 0.50000
vt 0.01200 0.50000
vt 0.03125 0.50000
vt 0.00586 0.50000
vt 0.01074 0.50000
vt 0.00879 0.50000
vt 0.01107 0.50000
vt 0.20508 0.50000
vt 0.19141 0.50000
vt 0.20312 0.50000
vt 0.19629 0.50000
vt 0.00977 0.50000
vt 0.02474 0.50000
vt 0.00781 0.50000
vt 0.19922 0.50000
vt 0.03190 0.50000
vt 0.01562 0.50000
vt 0.00977 0.50000
vt 0.02344 0.50000
vt 0.20312 0.50000
vt 0.02409 0.50000
vt 0.01465 0.50000
vt 0.08164 0.50000
vt 0.20247 0.50000
vt 0.01237 0.50000
vt 0.02474 0.50000
vt 0.20117 0.50000
vt 0.00586 0.50000
vt 0.20312 0.50000
vt 0.00865 0.50000
vt 0.00898 0.50000
vt 0.20898 0.50000
vt 0.09905 0.50000
vt 0.03223 0.50000
vt 0.20247 0.50000
vt 0.03320 0.50000
vt 0.00684 0.50000
vt 0.00781 0.50000
vt 0.00716 0.50000
vt 0.03320 0.50000
vt 0.00781 0.50000
vt 0.19206 0.50000
vt 0.01270 0.50000
vt 0.19824 0.50000
vt 0.02441 0.50000
vt 0.01953 0.50000
vt 0.01888 0.50000
vt 0.04004 0.50000
vt 0.19531 0.50000
vt 0.01660 0.50000
vt 0.20898 0.50000
vt 0.01432 0.50000
vt 0.01465 0.50000
vt 0.19238 0.50000
vt 0.02070 0.50000
vt 0.00684 0.50000
vt 0.01758 0.50000
vt 0.19206 0.50000
vt 0.02279 0.50000
vt 0.00846 0.50000
vt 0.01172 0.50000
vt 0.02539 0.50000
vt 0.01855 0.50000
vt 0.02148 0.50000
vt 0.02279 0.50000
vt 0.00781 0.50000
vt 0.00879 0.50000
vt 0.19727 0.50000
vt 0.02409 0.50000
vt 0.19531 0.50000
vt 0.20378 0.50000
vt 0.01758 0.50000
vt 0.01855 0.50000
vt 0.02051 0.50000
vt 0.01602 0.50000
vt 0.00781 0.50000
vt 0.02148 0.50000
vt 0.03060 0.50000
vt 0.19824 0.50000
vt 0.19492 0.50000
vt 0.19141 0.50000
vt 0.04232 0.50000
vt 0.01660 0.50000
vt 0.01367 0.50000
vt 0.20508 0.50000
vt 0.20312 0.50000
vt 0.18945 0.50000
vt 0.02832 0.50000
vt 0.19336 0.50000
vt 0.01367 0.50000
vt 0.03125 0.50000
vt 0.20020 0.50000
vt 0.01289 0.50000
vt 0.19434 0.50000
vt 0.03398 0.50000
vt 0.01367 0.50000
vt 0.01200 0.50000
vt 0.01563 0.50000
vt 0.01758 0.50000
vt 0.00586 0.50000
vt 0.00716 0.50000
vt 0.19238 0.50000
vt 0.02637 0.50000
vt 0.03223 0.50000
vt 0.00898 0.50000
vt 0.19043 0.50000
vt 0.01465 0.50000
vt 0.03223 0.50000
vt 0.03711 0.50000
vt 0.01953 0.50000
vt 0.03711 0.50000
vt 0.20117 0.50000
vt 0.18848 0.50000
vt 0.19271 0.50000
vt 0.19944 0.50000
vt 0.02734 0.50000
vt 0.01523 0.50000
vt 0.02070 0.50000
vt 0.02344 0.50000
vt 0.01563 0.50000
vt 0.19076 0.50000
vt 0.03711 0.50000
vt 0.00977 0.50000
vt 0.02246 0.50000
vt 0.01646 0.50000
vt 0.18945 0.50000
vt 0.18555 0.50000
vt 0.19987 0.50000
vt 0.18945 0.50000
vt 0.00977 0.50000
vt 0.02539 0.50000
vt 0.04199 0.50000
vt 0.00586 0.50000
vt 0.00586 0.50000
vt 0.04004 0.50000
vt 0.02018 0.50000
vt 0.18945 0.50000
vt 0.19043 0.50000
vt 0.02604 0.50000
vt 0.01563 0.50000
vt 0.02604 0.50000
vt 0.19629 0.50000
vt 0.00781 0.50000
vt 0.00684 0.50000
vt 0.01523 0.50000
vt 0.02148 0.50000
vt 0.20312 0.50000
vt 0.03906 0.50000
vt 0.20508 0.50000
vt 0.01758 0.50000
vt 0.19922 0.50000
vt 0.01563 0.50000
vt 0.02734 0.50000
vt 0.19727 0.50000
vt 0.00684 0.50000
vt 0.01758 0.50000
vt 0.02734 0.50000
vt 0.20898 0.50000
vt 0.04102 0.50000
vt 0.19141 0.50000
vt 0.00749 0.50000
vt 0.19336 0.50000
vt 0.00977 0.50000
vt 0.00684 0.50000
vt 0.02148 0.50000
vt 0.03906 0.50000
vt 0.20312 0.50000
vt 0.02773 0.50000
vt 0.11914 0.50000
vt 0.18945 0.50000
vt 0.01465 0.50000
vt 0.00781 0.50000
vt 0.20638 0.50000
vt 0.01367 0.50000
vt 0.00898 0.50000
vt 0.01237 0.50000
vt 0.00684 0.50000
vt 0.00781 0.50000
vt 0.18945 0.50000
vt 0.01563 0.50000
vt 0.20117 0.50000
vt 0.01367 0.50000
vt 0.19987 0.50000
vt 0.20703 0.50000
vt 0.00586 0.50000
vt 0.01660 0.50000
vt 0.01953 0.50000
vt 0.20605 0.50000
vt 0.00781 0.50000
vt 0.11133 0.50000
vt 0.19824 0.50000
vt 0.20703 0.50000
vt 0.02100 0.50000
vt 0.01888 0.50000
vt 0.20117 0.50000
vt 0.02197 0.50000
vt 0.19023 0.50000
vt 0.00586 0.50000
vt 0.02037 0.50000
vt 0.01367 0.50000
vt 0.01953 0.50000
vt 0.19727 0.50000
vt 0.07715 0.50000
vt 0.03516 0.50000
vt 0.01465 0.50000
vt 0.00977 0.50000
vt 0.19987 0.50000
vt 0.01758 0.50000
vt 0.19922 0.50000
vt 0.20117 0.50000
vt 0.02773 0.50000
vt 0.01758 0.50000
vt 0.02246 0.50000
vt 0.00586 0.50000
vt 0.04199 0.50000
vt 0.18652 0.50000
vt 0.00586 0.50000
vt 0.00781 0.50000
vt 0.00716 0.50000
vt 0.01584 0.50000
vt 0.00684 0.50000
vt 0.19336 0.50000
vt 0.00586 0.50000
vt 0.01758 0.50000
vt 0.20020 0.50000
vt 0.01367 0.50000
vt 0.02279 0.50000
vt 0.03418 0.50000
vt 0.19922 0.50000
vt 0.19922 0.50000
vt 0.00586 0.50000
vt 0.20410 0.50000
vt 0.01758 0.50000
vt 0.00781 0.50000
vt 0.19792 0.50000
vt 0.00586 0.50000
vt 0.01445 0.50000
vt 0.18457 0.50000
vt 0.20117 0.50000
vt 0.10910 0.50000
vt 0.01563 0.50000
vt 0.04199 0.50000
vt 0.04102 0.50000
vt 0.18848 0.50000
vt 0.01758 0.50000
vt 0.03385 0.50000
vt 0.01465 0.50000
vt 0.01855 0.50000
vt 0.04102 0.50000
vt 0.19727 0.50000
vt 0.01270 0.50000
vt 0.20117 0.50000
vt 0.01563 0.50000
vt 0.00846 0.50000
vt 0.01823 0.50000
vt 0.20508 0.50000
vt 0.02799 0.50000
vt 0.01074 0.50000
vt 0.01107 0.50000
vt 0.03418 0.50000
vt 0.19023 0.50000
vt 0.02734 0.50000
vt 0.20638 0.50000
vt 0.01074 0.50000
vt 0.20703 0.50000
vt 0.20410 0.50000
vt 0.03223 0.50000
vt 0.01660 0.50000
vt 0.02604 0.50000
vt 0.01758 0.50000
vt 0.02734 0.50000
vt 0.03418 0.50000
vt 0.19141 0.50000
vt 0.20605 0.50000
vt 0.01758 0.50000
vt 0.20117 0.50000
vt 0.11133 0.50000
vt 0.19824 0.50000
vt 0.00586 0.50000
vt 0.01497 0.50000
vt 0.01237 0.50000
vt 0.02930 0.50000
vt 0.03418 0.50000
vt 0.20508 0.50000
vt 0.00846 0.50000
vt 0.00977 0.50000
vt 0.00781 0.50000
vt 0.01541 0.50000
vt 0.01758 0.50000
vt 0.20703 0.50000
vt 0.19727 0.50000
vt 0.19727 0.50000
vt 0.19727 0.50000
vt 0.00846 0.50000
vt 0.02930 0.50000
vt 0.01172 0.50000
vt 0.19648 0.50000
vt 0.19883 0.50000
vt 0.01693 0.50000
vt 0.01497 0.50000
vt 0.02344 0.50000
vt 0.01497 0.50000
vt 0.20117 0.50000
vt 0.02930 0.50000
vt 0.19043 0.50000
vt 0.20020 0.50000
vt 0.03418 0.50000
vt 0.01855 0.50000
vt 0.18945 0.50000
vt 0.02409 0.50000
vt 0.01172 0.50000
vt 0.04004 0.50000
vt 0.19727 0.50000
vt 0.18848 0.50000
vt 0.01107 0.50000
vt 0.11914 0.50000
vt 0.18945 0.50000
vt 0.02018 0.50000
vt 0.20312 0.50000
vt 0.01855 0.50000
vt 0.02474 0.50000
vt 0.00684 0.50000
vt 0.00684 0.50000
vt 0.02279 0.50000
vt 0.02148 0.50000
vt 0.02246 0.50000
vt 0.03125 0.50000
vt 0.00781 0.50000
vt 0.00977 0.50000
vt 0.20898 0.50000
vt 0.02344 0.50000
vt 0.01758 0.50000
vt 0.19336 0.50000
vt 0.02852 0.50000
vt 0.01758 0.50000
vt 0.02930 0.50000
vt 0.01074 0.50000
vt 0.01562 0.50000
vt 0.18848 0.50000
vt 0.01758 0.50000
vt 0.00911 0.50000
vt 0.07759 0.50000
vt 0.00846 0.50000
vt 0.20508 0.50000
vt 0.18848 0.50000
vt 0.20117 0.50000
vt 0.03418 0.50000
vt 0.02930 0.50000
vt 0.01563 0.50000
vt 0.00684 0.50000
vt 0.03613 0.50000
vt 0.02669 0.50000
vt 0.19238 0.50000
vt 0.01074 0.50000
vt 0.02018 0.50000
vt 0.00781 0.50000
vt 0.02279 0.50000
vt 0.19466 0.50000
vt 0.02441 0.50000
vt 0.00716 0.50000
vt 0.00846 0.50000
vt 0.11426 0.50000
vt 0.20117 0.50000
vt 0.02930 0.50000
vt 0.19824 0.50000
vt 0.00664 0.50000
vt 0.01055 0.50000
vt 0.01270 0.50000
vt 0.01660 0.50000
vt 0.01953 0.50000
vt 0.01758 0.50000
vt 0.03418 0.50000
vt 0.01823 0.50000
vt 0.01465 0.50000
vt 0.20247 0.50000
vt 0.01172 0.50000
vt 0.04004 0.50000
vt 0.20898 0.50000
vt 0.20898 0.50000
vt 0.02083 0.50000
vt 0.20247 0.50000
vt 0.20312 0.50000
vt 0.20195 0.50000
vt 0.00977 0.50000
vt 0.01107 0.50000
vt 0.01074 0.50000
vt 0.20508 0.50000
vt 0.00586 0.50000
vt 0.20117 0.50000
vt 0.01523 0.50000
vt 0.02246 0.50000
vt 0.02246 0.50000
vt 0.01465 0.50000
vt 0.00586 0.50000
vt 0.00781 0.50000
vt 0.20703 0.50000
vt 0.02865 0.50000
vt 0.20378 0.50000
vt 0.02441 0.50000
vt 0.19414 0.50000
vt 0.01172 0.50000
vt 0.20703 0.50000
vt 0.03841 0.50000
vt 0.19336 0.50000
vt 0.02539 0.50000
vt 0.19824 0.50000
vt 0.01758 0.50000
vt 0.03164 0.50000
vt 0.19727 0.50000
vt 0.18945 0.50000
vt 0.02474 0.50000
vt 0.00865 0.50000
vt 0.03125 0.50000
vt 0.01562 0.50000
vt 0.00586 0.50000
vt 0.01823 0.50000
vt 0.20378 0.50000
vt 0.02441 0.50000
vt 0.01055 0.50000
vt 0.01497 0.50000
vt 0.19531 0.50000
vt 0.20117 0.50000
vt 0.00977 0.50000
vt 0.20247 0.50000
vt 0.01074 0.50000
vt 0.04102 0.50000
vt 0.18750 0.50000
vt 0.01497 0.50000
vt 0.19727 0.50000
vt 0.20215 0.50000
vt 0.01758 0.50000
vt 0.01133 0.50000
vt 0.01009 0.50000
vt 0.01465 0.50000
vt 0.19141 0.50000
vt 0.01660 0.50000
vt 0.02441 0.50000
vt 0.20801 0.50000
vt 0.01074 0.50000
vt 0.03418 0.50000
vt 0.01445 0.50000
vt 0.00781 0.50000
vt 0.18848 0.50000
vt 0.01758 0.50000
vt 0.01465 0.50000
vt 0.00742 0.50000
vt 0.02344 0.50000
vt 0.18848 0.50000
vt 0.02539 0.50000
vt 0.01133 0.50000
vt 0.02148 0.50000
vt 0.19824 0.50000
vt 0.01270 0.50000
vt 0.01465 0.50000
vt 0.01107 0.50000
vt 0.02595 0.50000
vt 0.01465 0.50000
vt 0.02305 0.50000
vt 0.01172 0.50000
vt 0.02441 0.50000
vt 0.18848 0.50000
vt 0.01497 0.50000
vt 0.19857 0.50000
vt 0.01270 0.50000
vt 0.01855 0.50000
vt 0.19010 0.50000
vt 0.19379 0.50000
vt 0.19805 0.50000
vt 0.01823 0.50000
vt 0.19596 0.50000
vt 0.00781 0.50000
vt 0.02105 0.50000
vt 0.00846 0.50000
vt 0.19141 0.50000
vt 0.00781 0.50000
vt 0.00977 0.50000
vt 0.20508 0.50000
vt 0.19824 0.50000
vt 0.20768 0.50000
vt 0.19727 0.50000
vt 0.03060 0.50000
vt 0.00586 0.50000
vt 0.00586 0.50000
vt 0.19141 0.50000
vt 0.11621 0.50000
vt 0.00586 0.50000
vt 0.02279 0.50000
vt 0.00781 0.50000
vt 0.03451 0.50000
vt 0.01367 0.50000
vt 0.04102 0.50000
vt 0.19922 0.50000
vt 0.00846 0.50000
vt 0.00684 0.50000
vt 0.20117 0.50000
vt 0.00977 0.50000
vt 0.19043 0.50000
vt 0.20508 0.50000
vt 0.20247 0.50000
vt 0.00586 0.50000
vt 0.00898 0.50000
vt 0.19531 0.50000
vt 0.00586 0.50000
vt 0.19434 0.50000
vt 0.01758 0.50000
vt 0.01497 0.50000
vt 0.00586 0.50000
vt 0.00977 0.50000
vt 0.01154 0.50000
vt 0.04004 0.50000
vt 0.03223 0.50000
vt 0.02799 0.50000
vt 0.20117 0.50000
vt 0.02441 0.50000
vt 0.01563 0.50000
vt 0.01237 0.50000
vt 0.04004 0.50000
vt 0.20508 0.50000
vt 0.10693 0.50000
vt 0.02539 0.50000
vt 0.19596 0.50000
vt 0.02773 0.50000
vt 0.01172 0.50000
vt 0.19629 0.50000
vt 0.02695 0.50000
vt 0.20117 0.50000
vt 0.02441 0.50000
vt 0.19238 0.50000
vt 0.00781 0.50000
vt 0.02100 0.50000
vt 0.01563 0.50000
vt 0.01758 0.50000
vt 0.00684 0.50000
vt 0.20703 0.50000
vt 0.02344 0.50000
vt 0.01888 0.50000
vt 0.01367 0.50000
vt 0.20247 0.50000
vt 0.00684 0.50000
vt 0.00684 0.50000
vt 0.10352 0.50000
vt 0.20508 0.50000
vt 0.00846 0.50000
vt 0.18945 0.50000
vt 0.00684 0.50000
vt 0.00586 0.50000
vt 0.02344 0.50000
vt 0.02930 0.50000
vt 0.02051 0.50000
vt 0.19336 0.50000
vt 0.20508 0.50000
vt 0.19596 0.50000
vt 0.20117 0.50000
vt 0.01953 0.50000
vt 0.01432 0.50000
vt 0.00586 0.50000
vt 0.01580 0.50000
vt 0.00586 0.50000
vt 0.19238 0.50000
vt 0.19531 0.50000
vt 0.02604 0.50000
vt 0.18750 0.50000
vt 0.20312 0.50000
vt 0.00977 0.50000
vt 0.01465 0.50000
vt 0.01465 0.50000
vt 0.00586 0.50000
vt 0.01367 0.50000
vt 0.01953 0.50000
vt 0.01367 0.50000
vt 0.02148 0.50000
vt 0.03223 0.50000
vt 0.03060 0.50000
vt 0.18652 0.50000
vt 0.01563 0.50000
vt 0.02734 0.50000
vt 0.00911 0.50000
vt 0.00586 0.50000
vt 0.19141 0.50000
vt 0.20117 0.50000
vt 0.01953 0.50000
vt 0.03477 0.50000
vt 0.01302 0.50000
vt 0.00586 0.50000
vt 0.00586 0.50000
vt 0.01660 0.50000
vt 0.01237 0.50000
vt 0.02409 0.50000
vt 0.01432 0.50000
vt 0.01563 0.50000
vt 0.02344 0.50000
vt 0.01758 0.50000
vt 0.04004 0.50000
vt 0.18945 0.50000
vt 0.04102 0.50000
vt 0.01237 0.50000
vt 0.19987 0.50000
vt 0.19922 0.50000
vt 0.00977 0.50000
vt 0.00586 0.50000
vt 0.20605 0.50000
vt 0.19824 0.50000
vt 0.19805 0.50000
vt 0.20638 0.50000
vt 0.19824 0.50000
vt 0.04232 0.50000
vt 0.20312 0.50000
vt 0.01855 0.50000
vt 0.01172 0.50000
vt 0.00846 0.50000
vt 0.00898 0.50000
vt 0.19629 0.50000
vt 0.20020 0.50000
vt 0.01562 0.50000
vt 0.01465 0.50000
vt 0.02246 0.50000
vt 0.00586 0.50000
vt 0.02051 0.50000
vt 0.02148 0.50000
vt 0.01563 0.50000
vt 0.02279 0.50000
vt 0.20117 0.50000
vt 0.01302 0.50000
vt 0.03906 0.50000
vt 0.10449 0.50000
vt 0.01042 0.50000
vt 0.19727 0.50000
vt 0.00684 0.50000
vt 0.19336 0.50000
vt 0.00781 0.50000
vt 0.20312 0.50000
vt 0.20312 0.50000
vt 0.20508 0.50000
vt 0.04297 0.50000
vt 0.02773 0.50000
vt 0.03581 0.50000
vt 0.02930 0.50000
vt 0.18652 0.50000
vt 0.00879 0.50000
vt 0.01107 0.50000
vt 0.01445 0.50000
vt 0.19076 0.50000
vt 0.02930 0.50000
vt 0.00586 0.50000
vt 0.00586 0.50000
vt 0.18945 0.50000
vt 0.01563 0.50000
vt 0.10937 0.50000
vt 0.01758 0.50000
vt 0.19922 0.50000
vt 0.02539 0.50000
vt 0.00586 0.50000
vt 0.19336 0.50000
vt 0.18457 0.50000
vt 0.19206 0.50000
vt 0.20410 0.50000
vt 0.00898 0.50000
vt 0.00781 0.50000
vt 0.01628 0.50000
vt 0.00586 0.50000
vt 0.00732 0.50000
vt 0.04102 0.50000
vt 0.01855 0.50000
vt 0.01855 0.50000
vt 0.01823 0.50000
vt 0.19824 0.50000
vt 0.00781 0.50000
vt 0.00586 0.50000
vt 0.00781 0.50000
vt 0.01660 0.50000
vt 0.02409 0.50000
vt 0.03418 0.50000
vt 0.20605 0.50000
vt 0.00879 0.50000
vt 0.00781 0.50000
vt 0.00586 0.50000
vt 0.03060 0.50000
vt 0.01758 0.50000
vt 0.00684 0.50000
vt 0.01237 0.50000
vt 0.02441 0.50000
vt 0.19531 0.50000
vt 0.19727 0.50000
vt 0.20573 0.50000
vt 0.20117 0.50000
vt 0.03789 0.50000
vt 0.19466 0.50000
vt 0.19727 0.50000
vt 0.20215 0.50000
vt 0.03581 0.50000
vt 0.00781 0.50000
vt 0.00846 0.50000
vt 0.01758 0.50000
vt 0.19206 0.50000
vt 0.01563 0.50000
vt 0.01367 0.50000
vt 0.19727 0.50000
vt 0.02695 0.50000
vt 0.20508 0.50000
vt 0.03555 0.50000
vt 0.18945 0.50000
vt 0.19076 0.50000
vt 0.20378 0.50000
vt 0.00977 0.50000
vt 0.02192 0.50000
vt 0.00716 0.50000
vt 0.00879 0.50000
vt 0.19596 0.50000
vt 0.20117 0.50000
vt 0.20215 0.50000
vt 0.20117 0.50000
vt 0.04004 0.50000
vt 0.01172 0.50000
vt 0.01562 0.50000
vt 0.01107 0.50000
vt 0.19727 0.50000
vt 0.02637 0.50000
vt 0.01465 0.50000
vt 0.01237 0.50000
vt 0.00977 0.50000
vt 0.03711 0.50000
vt 0.00879 0.50000
vt 0.19792 0.50000
vt 0.02344 0.50000
vt 0.01432 0.50000
vt 0.20247 0.50000
vt 0.19076 0.50000
vt 0.20117 0.50000
vt 0.01107 0.50000
vt 0.19596 0.50000
vt 0.01465 0.50000
vt 0.20020 0.50000
vt 0.03125 0.50000
vt 0.01237 0.50000
vt 0.03125 0.50000
vt 0.00586 0.50000
vt 0.00716 0.50000
vt 0.00586 0.50000
vt 0.01270 0.50000
vt 0.19434 0.50000
vt 0.01497 0.50000
vt 0.00586 0.50000
vt 0.10840 0.50000
vt 0.01563 0.50000
vt 0.03265 0.50000
vt 0.01758 0.50000
vt 0.03223 0.50000
vt 0.00586 0.50000
vt 0.20410 0.50000
vt 0.02734 0.50000
vt 0.01367 0.50000
vt 0.03418 0.50000
vt 0.19043 0.50000
vt 0.20638 0.50000
vt 0.01367 0.50000
vt 0.02832 0.50000
vt 0.00977 0.50000
vt 0.01074 0.50000
vt 0.01758 0.50000
vt 0.19238 0.50000
vt 0.01074 0.50000
vt 0.00977 0.50000
vt 0.00586 0.50000
vt 0.18652 0.50000
vt 0.19023 0.50000
vt 0.20898 0.50000
vt 0.04004 0.50000
vt 0.02474 0.50000
vt 0.00586 0.50000
vt 0.00586 0.50000
vt 0.01758 0.50000
vt 0.12826 0.50000
vt 0.00898 0.50000
vt 0.19336 0.50000
vt 0.19336 0.50000
vt 0.00586 0.50000
vt 0.02930 0.50000
vt 0.00911 0.50000
vt 0.00664 0.50000
vt 0.19238 0.50000
vt 0.00781 0.50000
vt 0.02539 0.50000
vt 0.20508 0.50000
vt 0.20508 0.50000
vt 0.01660 0.50000
vt 0.01074 0.50000
vt 0.20898 0.50000
vt 0.20605 0.50000
vt 0.02018 0.50000
vt 0.19531 0.50000
vt 0.20638 0.50000
vt 0.01237 0.50000
vt 0.00586 0.50000
vt 0.01465 0.50000
vt 0.00716 0.50000
vt 0.19336 0.50000
vt 0.20117 0.50000
vt 0.01888 0.50000
vt 0.00629 0.50000
vt 0.00781 0.50000
vt 0.02344 0.50000
vt 0.00781 0.50000
vt 0.03711 0.50000
vt 0.18652 0.50000
vt 0.19238 0.50000
vt 0.03711 0.50000
vt 0.02832 0.50000
vt 0.01888 0.50000
vt 0.02930 0.50000
vt 0.19900 0.50000
vt 0.02344 0.50000
vt 0.00716 0.50000
vt 0.02930 0.50000
vt 0.02148 0.50000
vt 0.00879 0.50000
vt 0.19492 0.50000
vt 0.18945 0.50000
vt 0.02051 0.50000
vt 0.03125 0.50000
vt 0.03398 0.50000
vt 0.02832 0.50000
vt 0.00781 0.50000
vt 0.19922 0.50000
vt 0.01562 0.50000
vt 0.01107 0.50000
vt 0.00753 0.50000
vt 0.19922 0.50000
vt 0.20508 0.50000
vt 0.02539 0.50000
vt 0.19792 0.50000
vt 0.18848 0.50000
vt 0.00781 0.50000
vt 0.01465 0.50000
vt 0.20508 0.50000
vt 0.01465 0.50000
vt 0.03418 0.50000
vt 0.20312 0.50000
vt 0.20020 0.50000
vt 0.02930 0.50000
vt 0.01107 0.50000
vt 0.20378 0.50000
vt 0.03418 0.50000
vt 0.20052 0.50000
vt 0.00781 0.50000
vt 0.00586 0.50000
vt 0.03418 0.50000
vt 0.01709 0.50000
vt 0.01367 0.50000
vt 0.02409 0.50000
vt 0.00684 0.50000
vt 0.01465 0.50000
vt 0.19824 0.50000
vt 0.00977 0.50000
vt 0.01953 0.50000
vt 0.01367 0.50000
vt 0.00977 0.50000
vt 0.00586 0.50000
vt 0.01888 0.50000
vt 0.19434 0.50000
vt 0.00846 0.50000
vt 0.01660 0.50000
vt 0.20410 0.50000
vt 0.18815 0.50000
vt 0.00781 0.50000
vt 0.01107 0.50000
vt 0.20039 0.50000
vt 0.11239 0.50000
vt 0.20605 0.50000
vt 0.00781 0.50000
vt 0.19727 0.50000
vt 0.20703 0.50000
vt 0.02441 0.50000
vt 0.00781 0.50000
vt 0.00781 0.50000
vt 0.20378 0.50000
vt 0.00586 0.50000
vt 0.00879 0.50000
vt 0.02148 0.50000
vt 0.02051 0.50000
vt 0.01497 0.50000
vt 0.03711 0.50000
vt 0.03418 0.50000
vt 0.01237 0.50000
vt 0.01758 0.50000
vt 0.01107 0.50000
vt 0.20117 0.50000
vt 0.00586 0.50000
vt 0.01823 0.50000
vt 0.00977 0.50000
vt 0.02832 0.50000
vt 0.00879 0.50000
vt 0.19238 0.50000
vt 0.00586 0.50000
vt 0.20508 0.50000
vt 0.20508 0.50000
vt 0.01953 0.50000
vt 0.00846 0.50000
vt 0.08555 0.50000
vt 0.02409 0.50000
vt 0.19678 0.50000
vt 0.03125 0.50000
vt 0.19531 0.50000
vt 0.01465 0.50000
vt 0.03223 0.50000
vt 0.00586 0.50000
vt 0.00732 0.50000
vt 0.01074 0.50000
vt 0.00977 0.50000
vt 0.19922 0.50000
vt 0.19824 0.50000
vt 0.02051 0.50000
vt 0.18880 0.50000
vt 0.20117 0.50000
vt 0.01523 0.50000
vt 0.19857 0.50000
vt 0.00879 0.50000
vt 0.18945 0.50000
vt 0.03809 0.50000
vt 0.00586 0.50000
vt 0.00684 0.50000
vt 0.02322 0.50000
vt 0.02018 0.50000
vt 0.20117 0.50000
vt 0.01465 0.50000
vt 0.19727 0.50000
vt 0.20215 0.50000
vt 0.19010 0.50000
vt 0.19824 0.50000
vt 0.02539 0.50000
vt 0.02539 0.50000
vt 0.19466 0.50000
vt 0.00781 0.50000
vt 0.02344 0.50000
vt 0.19336 0.50000
vt 0.20020 0.50000
vt 0.02246 0.50000
vt 0.02070 0.50000
vt 0.01869 0.50000
vt 0.01628 0.50000
vt 0.19531 0.50000
vt 0.20117 0.50000
vt 0.01367 0.50000
vt 0.01758 0.50000
vt 0.01107 0.50000
vt 0.01660 0.50000
vt 0.18945 0.50000
vt 0.00820 0.50000
vt 0.00977 0.50000
vt 0.19258 0.50000
vt 0.02930 0.50000
vt 0.01497 0.50000
vt 0.00586 0.50000
vt 0.02441 0.50000
vt 0.00586 0.50000
vt 0.01497 0.50000
vt 0.19336 0.50000
vt 0.03223 0.50000
vt 0.19258 0.50000
vt 0.02018 0.50000
vt 0.03320 0.50000
vt 0.01855 0.50000
vt 0.20247 0.50000
vt 0.00781 0.50000
vt 0.02148 0.50000
vt 0.03971 0.50000
vt 0.18945 0.50000
vt 0.19824 0.50000
vt 0.20117 0.50000
vt 0.01758 0.50000
vt 0.10128 0.50000
vt 0.02441 0.50000
vt 0.01855 0.50000
vt 0.01602 0.50000
vt 0.00586 0.50000
vt 0.19727 0.50000
vt 0.03516 0.50000
vt 0.01563 0.50000
vt 0.00684 0.50000
vt 0.19336 0.50000
vt 0.03223 0.50000
vt 0.02002 0.50000
vt 0.01836 0.50000
vt 0.00586 0.50000
vt 0.00586 0.50000
vt 0.00684 0.50000
vt 0.20508 0.50000
vt 0.01497 0.50000
vt 0.01497 0.50000
vt 0.20508 0.50000
vt 0.18750 0.50000
vt 0.03418 0.50000
vt 0.11719 0.50000
vt 0.00586 0.50000
vt 0.01367 0.50000
vt 0.19206 0.50000
vt 0.20801 0.50000
vt 0.03451 0.50000
vt 0.00586 0.50000
vt 0.00586 0.50000
vt 0.20117 0.50000
vt 0.00781 0.50000
vt 0.00586 0.50000
vt 0.02051 0.50000
vt 0.19531 0.50000
vt 0.01172 0.50000
vt 0.19531 0.50000
vt 0.00586 0.50000
vt 0.02409 0.50000
vt 0.00586 0.50000
vt 0.01869 0.50000
vt 0.20638 0.50000
vt 0.01888 0.50000
vt 0.01758 0.50000
vt 0.01563 0.50000
vt 0.03581 0.50000
vt 0.20312 0.50000
vt 0.02148 0.50000
vt 0.20215 0.50000
vt 0.20638 0.50000
vt 0.02695 0.50000
vt 0.01237 0.50000
vt 0.01074 0.50000
vt 0.00586 0.50000
vt 0.19206 0.50000
vt 0.02539 0.50000
vt 0.00977 0.50000
vt 0.18555 0.50000
vt 0.01172 0.50000
vt 0.19987 0.50000
vt 0.01660 0.50000
vt 0.01107 0.50000
vt 0.02995 0.50000
vt 0.00586 0.50000
vt 0.12354 0.50000
vt 0.20204 0.50000
vt 0.03971 0.50000
vt 0.18848 0.50000
vt 0.19043 0.50000
vt 0.01563 0.50000
vt 0.02865 0.50000
vt 0.02930 0.50000
vt 0.00977 0.50000
vt 0.00753 0.50000
vt 0.00911 0.50000
vt 0.18750 0.50000
vt 0.03125 0.50000
vt 0.03008 0.50000
vt 0.01237 0.50000
vt 0.18711 0.50000
vt 0.01855 0.50000
vt 0.01660 0.50000
vt 0.20378 0.50000
vt 0.02344 0.50000
vt 0.00716 0.50000
vt 0.20638 0.50000
vt 0.19987 0.50000
vt 0.00781 0.50000
vt 0.00664 0.50000
vt 0.00879 0.50000
vt 0.01055 0.50000
vt 0.01758 0.50000
vt 0.02279 0.50000
vt 0.20508 0.50000
vt 0.18945 0.50000
vt 0.19401 0.50000
vt 0.19102 0.50000
vt 0.01888 0.50000
vt 0.01693 0.50000
vt 0.01563 0.50000
vt 0.00684 0.50000
vt 0.00977 0.50000
vt 0.02441 0.50000
vt 0.19336 0.50000
vt 0.01628 0.50000
vt 0.00781 0.50000
vt 0.01367 0.50000
vt 0.02441 0.50000
vt 0.04102 0.50000
vt 0.00977 0.50000
vt 0.19629 0.50000
vt 0.01953 0.50000
vt 0.19043 0.50000
vt 0.02930 0.50000
vt 0.01367 0.50000
vt 0.03451 0.50000
vt 0.01758 0.50000
vt 0.18848 0.50000
vt 0.19531 0.50000
vt 0.00684 0.50000
vt 0.02832 0.50000
vt 0.19141 0.50000
vt 0.19531 0.50000
vt 0.03190 0.50000
vt 0.02246 0.50000
vt 0.03320 0.50000
vt 0.01465 0.50000
vt 0.02409 0.50000
vt 0.01367 0.50000
vt 0.18750 0.50000
vt 0.00586 0.50000
vt 0.20117 0.50000
vt 0.20117 0.50000
vt 0.12026 0.50000
vt 0.00781 0.50000
vt 0.01953 0.50000
vt 0.00742 0.50000
vt 0.00684 0.50000
vt 0.01237 0.50000
vt 0.20312 0.50000
vt 0.02734 0.50000
vt 0.00586 0.50000
vt 0.01888 0.50000
vt 0.01237 0.50000
vt 0.03125 0.50000
vt 0.00586 0.50000
vt 0.03223 0.50000
vt 0.18555 0.50000
vt 0.19727 0.50000
vt 0.01123 0.50000
vt 0.01758 0.50000
vt 0.03613 0.50000
vt 0.01367 0.50000
vt 0.20117 0.50000
vt 0.00977 0.50000
vt 0.19727 0.50000
vt 0.20703 0.50000
vt 0.20117 0.50000
vt 0.00781 0.50000
vt 0.01562 0.50000
vt 0.19466 0.50000
vt 0.01237 0.50000
vt 0.04102 0.50000
vt 0.00977 0.50000
vt 0.03320 0.50000
vt 0.00586 0.50000
vt 0.01758 0.50000
vt 0.00879 0.50000
vt 0.20410 0.50000
vt 0.01563 0.50000
vt 0.20117 0.50000
vt 0.01074 0.50000
vt 0.20508 0.50000
vt 0.20638 0.50000
vt 0.01563 0.50000
vt 0.18848 0.50000
vt 0.19661 0.50000
vt 0.00846 0.50000
vt 0.03418 0.50000
vt 0.00977 0.50000
vt 0.01367 0.50000
vt 0.20378 0.50000
vt 0.00586 0.50000
vt 0.03711 0.50000
vt 0.00781 0.50000
vt 0.03418 0.50000
vt 0.19206 0.50000
vt 0.20410 0.50000
vt 0.01758 0.50000
vt 0.00879 0.50000
vt 0.02930 0.50000
vt 0.19922 0.50000
vt 0.02246 0.50000
vt 0.19727 0.50000
vt 0.02734 0.50000
vt 0.07682 0.50000
vt 0.01836 0.50000
vt 0.02018 0.50000
vt 0.02148 0.50000
vt 0.02018 0.50000
vt 0.01628 0.50000
vt 0.02734 0.50000
vt 0.00586 0.50000
vt 0.19141 0.50000
vt 0.00977 0.50000
vt 0.19824 0.50000
vt 0.20039 0.50000
vt 0.03516 0.50000
vt 0.04199 0.50000
vt 0.19629 0.50000
vt 0.00586 0.50000
vt 0.03841 0.50000
vt 0.19648 0.50000
vt 0.02539 0.50000
vt 0.00586 0.50000
vt 0.00586 0.50000
vt 0.20215 0.50000
vt 0.00977 0.50000
vt 0.01855 0.50000
vt 0.19206 0.50000
vt 0.02604 0.50000
vt 0.01611 0.50000
vt 0.19466 0.50000
vt 0.20605 0.50000
vt 0.05762 0.50000
vt 0.20605 0.50000
vt 0.01465 0.50000
vt 0.02539 0.50000
vt 0.01660 0.50000
vt 0.02279 0.50000
vt 0.02051 0.50000
vt 0.01318 0.50000
vt 0.02441 0.50000
vt 0.00684 0.50000
vt 0.00977 0.50000
vt 0.03125 0.50000
vt 0.03711 0.50000
vt 0.19043 0.50000
vt 0.19023 0.50000
vt 0.01465 0.50000
vt 0.03418 0.50000
vt 0.02344 0.50000
vt 0.00977 0.50000
vt 0.20410 0.50000
vt 0.03971 0.50000
vt 0.01925 0.50000
vt 0.18945 0.50000
vt 0.01562 0.50000
vt 0.19336 0.50000
vt 0.00781 0.50000
vt 0.19629 0.50000
vt 0.00781 0.50000
vt 0.20898 0.50000
vt 0.01953 0.50000
vt 0.01888 0.50000
vt 0.03516 0.50000
vt 0.20898 0.50000
vt 0.20898 0.50000
vt 0.02930 0.50000
vt 0.00781 0.50000
vt 0.00781 0.50000
vt 0.20117 0.50000
vt 0.18848 0.50000
vt 0.03223 0.50000
vt 0.02539 0.50000
vt 0.01074 0.50000
vt 0.02539 0.50000
vt 0.01107 0.50000
vt 0.19206 0.50000
vt 0.03581 0.50000
vt 0.20312 0.50000
vt 0.20898 0.50000
vt 0.03809 0.50000
vt 0.19238 0.50000
vt 0.11084 0.50000
vt 0.04004 0.50000
vt 0.03613 0.50000
vt 0.20312 0.50000
vt 0.02604 0.50000
vt 0.00586 0.50000
vt 0.03418 0.50000
vt 0.00977 0.50000
vt 0.01758 0.50000
vt 0.01758 0.50000
vt 0.19727 0.50000
vt 0.00586 0.50000
vt 0.18945 0.50000
vt 0.19336 0.50000
vt 0.00977 0.50000
vt 0.03147 0.50000
vt 0.02669 0.50000
vt 0.02930 0.50000
vt 0.20898 0.50000
vt 0.01107 0.50000
vt 0.01953 0.50000
vt 0.01237 0.50000
vt 0.00977 0.50000
vt 0.18652 0.50000
vt 0.01465 0.50000
vt 0.19336 0.50000
vt 0.01107 0.50000
vt 0.01367 0.50000
vt 0.00879 0.50000
vt 0.01107 0.50000
vt 0.18555 0.50000
vt 0.03418 0.50000
vt 0.04004 0.50000
vt 0.00684 0.50000
vt 0.19434 0.50000
vt 0.06250 0.50000
vt 0.19824 0.50000
vt 0.01888 0.50000
vt 0.01758 0.50000
vt 0.01465 0.50000
vt 0.00586 0.50000
vt 0.01693 0.50000
vt 0.00716 0.50000
vt 0.03418 0.50000
vt 0.00586 0.50000
vt 0.19258 0.50000
vt 0.19727 0.50000
vt 0.03418 0.50000
vt 0.01172 0.50000
vt 0.00977 0.50000
vt 0.03581 0.50000
vt 0.00977 0.50000
vt 0.02344 0.50000
vt 0.01562 0.50000
vt 0.02344 0.50000
vt 0.03125 0.50000
vt 0.02832 0.50000
vt 0.18945 0.50000
vt 0.20020 0.50000
vt 0.20703 0.50000
vt 0.00781 0.50000
vt 0.00586 0.50000
vt 0.18848 0.50000
vt 0.00977 0.50000
vt 0.09831 0.50000
vt 0.00586 0.50000
vt 0.00781 0.50000
vt 0.19922 0.50000
vt 0.01523 0.50000
vt 0.19531 0.50000
vt 0.20586 0.50000
vt 0.19648 0.50000
vt 0.01497 0.50000
vt 0.19238 0.50000
vt 0.00977 0.50000
vt 0.03809 0.50000
vt 0.02832 0.50000
vt 0.02227 0.50000
vt 0.01367 0.50000
vt 0.02002 0.50000
vt 0.19922 0.50000
vt 0.20117 0.50000
vt 0.20215 0.50000
vt 0.01074 0.50000
vt 0.00716 0.50000
vt 0.00911 0.50000
vt 0.00684 0.50000
vt 0.01432 0.50000
vt 0.20378 0.50000
vt 0.01758 0.50000
vt 0.00879 0.50000
vt 0.19336 0.50000
vt 0.02246 0.50000
vt 0.19206 0.50000
vt 0.02344 0.50000
vt 0.10791 0.50000
vt 0.19336 0.50000
vt 0.18652 0.50000
vt 0.01953 0.50000
vt 0.00781 0.50000
vt 0.19141 0.50000
vt 0.01194 0.50000
vt 0.20508 0.50000
vt 0.18945 0.50000
vt 0.03320 0.50000
vt 0.01602 0.50000
vt 0.01465 0.50000
vt 0.01628 0.50000
vt 0.03418 0.50000
vt 0.02083 0.50000
vt 0.01758 0.50000
vt 0.11328 0.50000
vt 0.02734 0.50000
vt 0.00781 0.50000
vt 0.20215 0.50000
vt 0.20378 0.50000
vt 0.01237 0.50000
vt 0.02852 0.50000
vt 0.00586 0.50000
vt 0.03418 0.50000
vt 0.00977 0.50000
vt 0.04004 0.50000
vt 0.20508 0.50000
vt 0.02930 0.50000
vt 0.20117 0.50000
vt 0.01270 0.50000
vt 0.20312 0.50000
vt 0.19336 0.50000
vt 0.20247 0.50000
vt 0.01758 0.50000
vt 0.03477 0.50000
vt 0.02246 0.50000
vt 0.01602 0.50000
vt 0.02070 0.50000
vt 0.02799 0.50000
vt 0.20312 0.50000
vt 0.01465 0.50000
vt 0.01888 0.50000
vt 0.20117 0.50000
vt 0.02070 0.50000
vt 0.03223 0.50000
vt 0.00879 0.50000
vt 0.01660 0.50000
vt 0.01758 0.50000
vt 0.03223 0.50000
vt 0.19824 0.50000
vt 0.20117 0.50000
vt 0.19434 0.50000
vt 0.20312 0.50000
vt 0.01074 0.50000
vt 0.01628 0.50000
vt 0.01660 0.50000
vt 0.01432 0.50000
vt 0.00586 0.50000
vt 0.01953 0.50000
vt 0.00586 0.50000
vt 0.19336 0.50000
vt 0.04004 0.50000
vt 0.19023 0.50000
vt 0.00586 0.50000
vt 0.01628 0.50000
vt 0.20117 0.50000
vt 0.20638 0.50000
vt 0.19857 0.50000
vt 0.00977 0.50000
vt 0.02865 0.50000
vt 0.02930 0.50000
vt 0.00977 0.50000
vt 0.02930 0.50000
vt 0.02409 0.50000
vt 0.19336 0.50000
vt 0.19987 0.50000
vt 0.00781 0.50000
vt 0.00781 0.50000
vt 0.20508 0.50000
vt 0.00977 0.50000
vt 0.01055 0.50000
vt 0.00781 0.50000
vt 0.19727 0.50000
vt 0.02344 0.50000
vt 0.01107 0.50000
vt 0.01133 0.50000
vt 0.01698 0.50000
vt 0.19580 0.50000
vt 0.03711 0.50000
vt 0.00716 0.50000
vt 0.19531 0.50000
vt 0.01465 0.50000
vt 0.19043 0.50000
vt 0.00684 0.50000
vt 0.18945 0.50000
vt 0.19922 0.50000
vt 0.03320 0.50000
vt 0.20508 0.50000
vt 0.01367 0.50000
vt 0.01563 0.50000
vt 0.01888 0.50000
vt 0.20898 0.50000
vt 0.00846 0.50000
vt 0.01545 0.50000
vt 0.02865 0.50000
vt 0.18750 0.50000
vt 0.01758 0.50000
vt 0.03190 0.50000
vt 0.02930 0.50000
vt 0.00684 0.50000
vt 0.02441 0.50000
vt 0.02539 0.50000
vt 0.19043 0.50000
vt 0.01888 0.50000
vt 0.01237 0.50000
vt 0.19043 0.50000
vt 0.00586 0.50000
vt 0.01660 0.50000
vt 0.20215 0.50000
vt 0.00716 0.50000
vt 0.19629 0.50000
vt 0.19922 0.50000
vt 0.03190 0.50000
vt 0.20215 0.50000
vt 0.01914 0.50000
vt 0.19206 0.50000
vt 0.02344 0.50000
vt 0.01602 0.50000
vt 0.00977 0.50000
vt 0.03418 0.50000
vt 0.01107 0.50000
vt 0.00911 0.50000
vt 0.01133 0.50000
vt 0.02051 0.50000
vt 0.00586 0.50000
vt 0.20117 0.50000
vt 0.03125 0.50000
vt 0.01367 0.50000
vt 0.01445 0.50000
vt 0.02051 0.50000
vt 0.20117 0.50000
vt 0.02930 0.50000
vt 0.18750 0.50000
vt 0.01823 0.50000
vt 0.02344 0.50000
vt 0.00781 0.50000
vt 0.20508 0.50000
vt 0.01465 0.50000
vt 0.08724 0.50000
vt 0.00977 0.50000
vt 0.00716 0.50000
vt 0.01237 0.50000
vt 0.02734 0.50000
vt 0.01562 0.50000
vt 0.00977 0.50000
vt 0.01367 0.50000
vt 0.00820 0.50000
vt 0.19336 0.50000
vt 0.00586 0.50000
vt 0.03418 0.50000
vt 0.20117 0.50000
vt 0.19434 0.50000
vt 0.18848 0.50000
vt 0.10840 0.50000
vt 0.03125 0.50000
vt 0.19792 0.50000
vt 0.02441 0.50000
vt 0.18555 0.50000
vt 0.03320 0.50000
vt 0.04102 0.50000
vt 0.01123 0.50000
vt 0.01237 0.50000
vt 0.19141 0.50000
vt 0.04199 0.50000
vt 0.18945 0.50000
vt 0.20508 0.50000
vt 0.01563 0.50000
vt 0.00586 0.50000
vt 0.20443 0.50000
vt 0.02734 0.50000
vt 0.02695 0.50000
vt 0.00716 0.50000
vt 0.20638 0.50000
vt 0.00586 0.50000
vt 0.20605 0.50000
vt 0.19531 0.50000
vt 0.01289 0.50000
vt 0.20378 0.50000
vt 0.00586 0.50000
vt 0.18750 0.50000
vt 0.00586 0.50000
vt 0.02695 0.50000
vt 0.00586 0.50000
vt 0.02148 0.50000
vt 0.19023 0.50000
vt 0.00977 0.50000
vt 0.00781 0.50000
vt 0.01237 0.50000
vt 0.01497 0.50000
vt 0.18750 0.50000
vt 0.02441 0.50000
vt 0.20273 0.50000
vt 0.19596 0.50000
vt 0.20605 0.50000
vt 0.01758 0.50000
vt 0.04102 0.50000
vt 0.00586 0.50000
vt 0.20117 0.50000
vt 0.20312 0.50000
vt 0.00781 0.50000
vt 0.20508 0.50000
vt 0.01855 0.50000
vt 0.01074 0.50000
vt 0.00879 0.50000
vt 0.00586 0.50000
vt 0.20182 0.50000
vt 0.01497 0.50000
vt 0.02344 0.50000
vt 0.01432 0.50000
vt 0.01150 0.50000
vt 0.00651 0.50000
vt 0.00846 0.50000
vt 0.04102 0.50000
vt 0.01211 0.50000
vt 0.19466 0.50000
vt 0.02344 0.50000
vt 0.19141 0.50000
vt 0.20215 0.50000
vt 0.19336 0.50000
vt 0.03581 0.50000
vt 0.01497 0.50000
vt 0.03581 0.50000
vt 0.00716 0.50000
vt 0.19336 0.50000
vt 0.20638 0.50000
vt 0.01888 0.50000
vt 0.01311 0.50000
vt 0.00716 0.50000
vt 0.02148 0.50000
vt 0.20117 0.50000
vt 0.03060 0.50000
vt 0.03418 0.50000
vt 0.01855 0.50000
vt 0.04395 0.50000
vt 0.03125 0.50000
vt 0.19531 0.50000
vt 0.01562 0.50000
vt 0.19922 0.50000
vt 0.04199 0.50000
vt 0.18711 0.50000
vt 0.00846 0.50000
vt 0.00716 0.50000
vt 0.00586 0.50000
vt 0.01465 0.50000
vt 0.10872 0.50000
vt 0.20117 0.50000
vt 0.20117 0.50000
vt 0.01497 0.50000
vt 0.19141 0.50000
vt 0.01628 0.50000
vt 0.19206 0.50000
vt 0.20117 0.50000
vt 0.00846 0.50000
vt 0.00586 0.50000
vt 0.20605 0.50000
vt 0.01914 0.50000
vt 0.01465 0.50000
vt 0.03945 0.50000
vt 0.00977 0.50000
vt 0.00879 0.50000
vt 0.01465 0.50000
vt 0.20117 0.50000
vt 0.03418 0.50000
vt 0.00586 0.50000
vt 0.02344 0.50000
vt 0.20703 0.50000
vt 0.01953 0.50000
vt 0.01172 0.50000
vt 0.19596 0.50000
vt 0.02930 0.50000
vt 0.02037 0.50000
vt 0.19883 0.50000
vt 0.10937 0.50000
vt 0.03809 0.50000
vt 0.01855 0.50000
vt 0.18711 0.50000
vt 0.01497 0.50000
vt 0.19648 0.50000
vt 0.00586 0.50000
vt 0.02734 0.50000
vt 0.19434 0.50000
vt 0.01563 0.50000
vt 0.00781 0.50000
vt 0.20312 0.50000
vt 0.02995 0.50000
vt 0.19531 0.50000
vt 0.02409 0.50000
vt 0.19922 0.50000
vt 0.19727 0.50000
vt 0.01074 0.50000
vt 0.20312 0.50000
vt 0.01497 0.50000
vt 0.01074 0.50000
vt 0.03125 0.50000
vt 0.01563 0.50000
vt 0.01465 0.50000
vt 0.20312 0.50000
vt 0.01758 0.50000
vt 0.02227 0.50000
vt 0.20410 0.50000
vt 0.00586 0.50000
vt 0.01758 0.50000
vt 0.00846 0.50000
vt 0.00977 0.50000
vt 0.19727 0.50000
vt 0.00781 0.50000
vt 0.00977 0.50000
vt 0.02441 0.50000
vt 0.00846 0.50000
vt 0.01074 0.50000
vt 0.03125 0.50000
vt 0.01465 0.50000
vt 0.01009 0.50000
vt 0.00586 0.50000
vt 0.00781 0.50000
vt 0.01758 0.50000
vt 0.11021 0.50000
vt 0.07878 0.50000
vt 0.08008 0.50000
vt 0.00698 0.50000
vt 0.01888 0.50000
vt 0.01432 0.50000
vt 0.01172 0.50000
vt 0.03223 0.50000
vt 0.02930 0.50000
vt 0.02051 0.50000
vt 0.02344 0.50000
vt 0.00781 0.50000
vt 0.01270 0.50000
vt 0.03385 0.50000
vt 0.01758 0.50000
vt 0.10645 0.50000
vt 0.00977 0.50000
vt 0.01758 0.50000
vt 0.08008 0.50000
vt 0.01055 0.50000
vt 0.00977 0.50000
vt 0.02279 0.50000
vt 0.01562 0.50000
vt 0.04102 0.50000
vt 0.00781 0.50000
vt 0.01758 0.50000
vt 0.01758 0.50000
vt 0.00911 0.50000
vt 0.03418 0.50000
vt 0.19336 0.50000
vt 0.03060 0.50000
vt 0.03125 0.50000
vt 0.03223 0.50000
vt 0.04232 0.50000
vt 0.00684 0.50000
vt 0.01535 0.50000
vt 0.02409 0.50000
vt 0.02279 0.50000
vt 0.02930 0.50000
vt 0.02832 0.50000
vt 0.01953 0.50000
vt 0.01758 0.50000
vt 0.03418 0.50000
vt 0.00586 0.50000
vt 0.00586 0.50000
vt 0.01914 0.50000
vt 0.02344 0.50000
vt 0.01514 0.50000
vt 0.01855 0.50000
vt 0.01758 0.50000
vt 0.00586 0.50000
vt 0.03027 0.50000
vt 0.01562 0.50000
vt 0.02773 0.50000
vt 0.01367 0.50000
vt 0.01270 0.50000
vt 0.09049 0.50000
vt 0.02441 0.50000
vt 0.01107 0.50000
vt 0.01660 0.50000
vt 0.00879 0.50000
vt 0.00586 0.50000
vt 0.00781 0.50000
vt 0.09375 0.50000
vt 0.02441 0.50000
vt 0.00586 0.50000
vt 0.00684 0.50000
vt 0.02930 0.50000
vt 0.01270 0.50000
vt 0.00586 0.50000
vt 0.00879 0.50000
vt 0.08945 0.50000
vt 0.01758 0.50000
vt 0.01465 0.50000
vt 0.03516 0.50000
vt 0.01107 0.50000
vt 0.01074 0.50000
vt 0.00716 0.50000
vt 0.03711 0.50000
vt 0.01172 0.50000
vt 0.00781 0.50000
vt 0.03027 0.50000
vt 0.01172 0.50000
vt 0.01107 0.50000
vt 0.00586 0.50000
vt 0.00684 0.50000
vt 0.02441 0.50000
vt 0.00586 0.50000
vt 0.03223 0.50000
vt 0.01497 0.50000
vt 0.02474 0.50000
vt 0.02539 0.50000
vt 0.02539 0.50000
vt 0.07813 0.50000
vt 0.02539 0.50000
vt 0.01237 0.50000
vt 0.00586 0.50000
vt 0.02930 0.50000
vt 0.02018 0.50000
vt 0.02344 0.50000
vt 0.02930 0.50000
vt 0.08724 0.50000
vt 0.04004 0.50000
vt 0.02018 0.50000
vt 0.00846 0.50000
vt 0.00586 0.50000
vt 0.11133 0.50000
vt 0.01465 0.50000
vt 0.00586 0.50000
vt 0.01432 0.50000
vt 0.02539 0.50000
vt 0.19857 0.50000
vt 0.01172 0.50000
vt 0.01888 0.50000
vt 0.00781 0.50000
vt 0.03320 0.50000
vt 0.02539 0.50000
vt 0.02322 0.50000
vt 0.02441 0.50000
vt 0.01602 0.50000
vt 0.01888 0.50000
vt 0.02070 0.50000
vt 0.01660 0.50000
vt 0.01758 0.50000
vt 0.01660 0.50000
vt 0.00846 0.50000
vt 0.02832 0.50000
vt 0.03125 0.50000
vt 0.00586 0.50000
vt 0.00651 0.50000
vt 0.01855 0.50000
vt 0.02441 0.50000
vt 0.01823 0.50000
vt 0.01628 0.50000
vt 0.01660 0.50000
vt 0.01367 0.50000
vt 0.01123 0.50000
vt 0.00879 0.50000
vt 0.12193 0.50000
vt 0.00781 0.50000
vt 0.02279 0.50000
vt 0.03223 0.50000
vt 0.01855 0.50000
vt 0.03223 0.50000
vt 0.00586 0.50000
vt 0.01628 0.50000
vt 0.01855 0.50000
vt 0.01758 0.50000
vt 0.02148 0.50000
vt 0.09115 0.50000
vt 0.00586 0.50000
vt 0.02637 0.50000
vt 0.00586 0.50000
vt 0.00781 0.50000
vt 0.02344 0.50000
vt 0.06334 0.50000
vt 0.00781 0.50000
vt 0.00586 0.50000
vt 0.01758 0.50000
vt 0.01628 0.50000
vt 0.01465 0.50000
vt 0.02539 0.50000
vt 0.01107 0.50000
vt 0.00781 0.50000
vt 0.00586 0.50000
vt 0.00781 0.50000
vt 0.03060 0.50000
vt 0.03809 0.50000
vt 0.02409 0.50000
vt 0.02246 0.50000
vt 0.03906 0.50000
vt 0.01563 0.50000
vt 0.05957 0.50000
vt 0.01758 0.50000
vt 0.00977 0.50000
vt 0.00586 0.50000
vt 0.01074 0.50000
vt 0.01074 0.50000
vt 0.00781 0.50000
vt 0.05957 0.50000
vt 0.02344 0.50000
vt 0.01107 0.50000
vt 0.01953 0.50000
vt 0.04102 0.50000
vt 0.01660 0.50000
vt 0.00977 0.50000
vt 0.02083 0.50000
vt 0.03190 0.50000
vt 0.02832 0.50000
vt 0.03223 0.50000
vt 0.01855 0.50000
vt 0.00879 0.50000
vt 0.03164 0.50000
vt 0.00781 0.50000
vt 0.00879 0.50000
vt 0.02441 0.50000
vt 0.03418 0.50000
vt 0.02018 0.50000
vt 0.01497 0.50000
vt 0.01107 0.50000
vt 0.01465 0.50000
vt 0.02246 0.50000
vt 0.06445 0.50000
vt 0.00586 0.50000
vt 0.01758 0.50000
vt 0.01523 0.50000
vt 0.03060 0.50000
vt 0.00586 0.50000
vt 0.01367 0.50000
vt 0.02734 0.50000
vt 0.02734 0.50000
vt 0.01758 0.50000
vt 0.04102 0.50000
vt 0.00781 0.50000
vt 0.00977 0.50000
vt 0.07422 0.50000
vt 0.00977 0.50000
vt 0.00865 0.50000
vt 0.03841 0.50000
vt 0.00716 0.50000
vt 0.00977 0.50000
vt 0.19043 0.50000
vt 0.00835 0.50000
vt 0.01074 0.50000
vt 0.00879 0.50000
vt 0.04004 0.50000
vt 0.01074 0.50000
vt 0.02773 0.50000
vt 0.00716 0.50000
vt 0.01836 0.50000
vt 0.01465 0.50000
vt 0.01465 0.50000
vt 0.00846 0.50000
vt 0.00684 0.50000
vt 0.01367 0.50000
vt 0.01237 0.50000
vt 0.03320 0.50000
vt 0.04102 0.50000
vt 0.01953 0.50000
vt 0.01953 0.50000
vt 0.02441 0.50000
vt 0.00781 0.50000
vt 0.01888 0.50000
vt 0.03320 0.50000
vt 0.01602 0.50000
vt 0.02383 0.50000
vt 0.09049 0.50000
vt 0.03581 0.50000
vt 0.01367 0.50000
vt 0.01256 0.50000
vt 0.01367 0.50000
vt 0.12695 0.50000
vt 0.01855 0.50000
vt 0.02783 0.50000
vt 0.00781 0.50000
vt 0.00586 0.50000
vt 0.02344 0.50000
vt 0.00977 0.50000
vt 0.02322 0.50000
vt 0.02930 0.50000
vt 0.01953 0.50000
vt 0.02148 0.50000
vt 0.01888 0.50000
vt 0.02051 0.50000
vt 0.01465 0.50000
vt 0.01367 0.50000
vt 0.01367 0.50000
vt 0.00879 0.50000
vt 0.09883 0.50000
vt 0.00586 0.50000
vt 0.01367 0.50000
vt 0.00586 0.50000
vt 0.03223 0.50000
vt 0.02637 0.50000
vt 0.11772 0.50000
vt 0.03418 0.50000
vt 0.00664 0.50000
vt 0.02832 0.50000
vt 0.00846 0.50000
vt 0.03125 0.50000
vt 0.03711 0.50000
vt 0.03789 0.50000
vt 0.01465 0.50000
vt 0.03223 0.50000
vt 0.02734 0.50000
vt 0.01514 0.50000
vt 0.02070 0.50000
vt 0.02995 0.50000
vt 0.08724 0.50000
vt 0.02148 0.50000
vt 0.00586 0.50000
vt 0.01888 0.50000
vt 0.02070 0.50000
vt 0.01270 0.50000
vt 0.01562 0.50000
vt 0.01445 0.50000
vt 0.00716 0.50000
vt 0.03711 0.50000
vt 0.02246 0.50000
vt 0.00846 0.50000
vt 0.02441 0.50000
vt 0.01107 0.50000
vt 0.00781 0.50000
vt 0.01953 0.50000
vt 0.20039 0.50000
vt 0.01628 0.50000
vt 0.01465 0.50000
vt 0.00586 0.50000
vt 0.01465 0.50000
vt 0.01563 0.50000
vt 0.01465 0.50000
vt 0.01237 0.50000
vt 0.02604 0.50000
vt 0.00586 0.50000
vt 0.08181 0.50000
vt 0.02695 0.50000
vt 0.01562 0.50000
vt 0.01888 0.50000
vt 0.01563 0.50000
vt 0.02604 0.50000
vt 0.01211 0.50000
vt 0.01465 0.50000
vt 0.02539 0.50000
vt 0.01758 0.50000
vt 0.02344 0.50000
vt 0.03841 0.50000
vt 0.02051 0.50000
vt 0.00586 0.50000
vt 0.03271 0.50000
vt 0.01237 0.50000
vt 0.03418 0.50000
vt 0.00781 0.50000
vt 0.19238 0.50000
vt 0.02246 0.50000
vt 0.01367 0.50000
vt 0.02734 0.50000
vt 0.00977 0.50000
vt 0.01758 0.50000
vt 0.01660 0.50000
vt 0.03711 0.50000
vt 0.02344 0.50000
vt 0.03418 0.50000
vt 0.01016 0.50000
vt 0.04232 0.50000
vt 0.00898 0.50000
vt 0.00586 0.50000
vt 0.00684 0.50000
vt 0.01953 0.50000
vt 0.00781 0.50000
vt 0.01693 0.50000
vt 0.01074 0.50000
vt 0.02279 0.50000
vt 0.00651 0.50000
vt 0.01497 0.50000
vt 0.01497 0.50000
vt 0.00846 0.50000
vt 0.12305 0.50000
vt 0.02539 0.50000
vt 0.00846 0.50000
vt 0.01953 0.50000
vt 0.01432 0.50000
vt 0.01693 0.50000
vt 0.01172 0.50000
vt 0.03060 0.50000
vt 0.01172 0.50000
vt 0.02197 0.50000
vt 0.00977 0.50000
vt 0.01953 0.50000
vt 0.00781 0.50000
vt 0.01107 0.50000
vt 0.00586 0.50000
vt 0.01107 0.50000
vt 0.01074 0.50000
vt 0.01465 0.50000
vt 0.01074 0.50000
vt 0.01758 0.50000
vt 0.01660 0.50000
vt 0.01563 0.50000
vt 0.02539 0.50000
vt 0.00846 0.50000
vt 0.01432 0.50000
vt 0.02246 0.50000
vt 0.02344 0.50000
vt 0.00586 0.50000
vt 0.00977 0.50000
vt 0.03027 0.50000
vt 0.06934 0.50000
vt 0.01758 0.50000
vt 0.00684 0.50000
vt 0.00781 0.50000
vt 0.10519 0.50000
vt 0.00684 0.50000
vt 0.00684 0.50000
vt 0.00977 0.50000
vt 0.01836 0.50000
vt 0.00586 0.50000
vt 0.00911 0.50000
vt 0.03418 0.50000
vt 0.01660 0.50000
vt 0.01367 0.50000
vt 0.00586 0.50000
vt 0.00879 0.50000
vt 0.03516 0.50000
vt 0.02695 0.50000
vt 0.00846 0.50000
vt 0.01855 0.50000
vt 0.00716 0.50000
vt 0.02246 0.50000
vt 0.02930 0.50000
vt 0.03125 0.50000
vt 0.01237 0.50000
vt 0.00781 0.50000
vt 0.01758 0.50000
vt 0.02734 0.50000
vt 0.03385 0.50000
vt 0.04199 0.50000
vt 0.20703 0.50000
vt 0.05664 0.50000
vt 0.01855 0.50000
vt 0.03711 0.50000
vt 0.02344 0.50000
vt 0.02018 0.50000
vt 0.00781 0.50000
vt 0.01758 0.50000
vt 0.02344 0.50000
vt 0.03418 0.50000
vt 0.01367 0.50000
vt 0.02018 0.50000
vt 0.01465 0.50000
vt 0.01758 0.50000
vt 0.01367 0.50000
vt 0.01953 0.50000
vt 0.01107 0.50000
vt 0.11230 0.50000
vt 0.01465 0.50000
vt 0.00879 0.50000
vt 0.01523 0.50000
vt 0.03060 0.50000
vt 0.01855 0.50000
vt 0.02832 0.50000
vt 0.01602 0.50000
vt 0.03906 0.50000
vt 0.04004 0.50000
vt 0.00586 0.50000
vt 0.02246 0.50000
vt 0.02930 0.50000
vt 0.01237 0.50000
vt 0.08095 0.50000
vt 0.01523 0.50000
vt 0.02051 0.50000
vt 0.02051 0.50000
vt 0.01270 0.50000
vt 0.00586 0.50000
vt 0.00865 0.50000
vt 0.00586 0.50000
vt 0.01855 0.50000
vt 0.02865 0.50000
vt 0.02051 0.50000
vt 0.00781 0.50000
vt 0.01237 0.50000
vt 0.18652 0.50000
vt 0.03385 0.50000
vt 0.02930 0.50000
vt 0.00977 0.50000
vt 0.02637 0.50000
vt 0.00586 0.50000
vt 0.01107 0.50000
vt 0.01465 0.50000
vt 0.02930 0.50000
vt 0.02409 0.50000
vt 0.01497 0.50000
vt 0.02539 0.50000
vt 0.03516 0.50000
vt 0.00846 0.50000
vt 0.01628 0.50000
vt 0.02930 0.50000
vt 0.03516 0.50000
vt 0.01107 0.50000
vt 0.00586 0.50000
vt 0.02930 0.50000
vt 0.01107 0.50000
vt 0.03223 0.50000
vt 0.00933 0.50000
vt 0.01074 0.50000
vt 0.02539 0.50000
vt 0.01925 0.50000
vt 0.01497 0.50000
vt 0.02539 0.50000
vt 0.03223 0.50000
vt 0.00781 0.50000
vt 0.20215 0.50000
vt 0.00898 0.50000
vt 0.00586 0.50000
vt 0.09115 0.50000
vt 0.02773 0.50000
vt 0.01270 0.50000
vt 0.01758 0.50000
vt 0.01758 0.50000
vt 0.03581 0.50000
vt 0.02018 0.50000
vt 0.01367 0.50000
vt 0.00664 0.50000
vt 0.02051 0.50000
vt 0.00977 0.50000
vt 0.00586 0.50000
vt 0.00742 0.50000
vt 0.01107 0.50000
vt 0.02344 0.50000
vt 0.01758 0.50000
vt 0.03418 0.50000
vt 0.02930 0.50000
vt 0.02018 0.50000
vt 0.03581 0.50000
vt 0.01563 0.50000
vt 0.01172 0.50000
vt 0.00977 0.50000
vt 0.01660 0.50000
vt 0.09375 0.50000
vt 0.02279 0.50000
vt 0.10645 0.50000
vt 0.02441 0.50000
vt 0.02539 0.50000
vt 0.00977 0.50000
vt 0.00586 0.50000
vt 0.00977 0.50000
vt 0.01172 0.50000
vt 0.00781 0.50000
vt 0.03320 0.50000
vt 0.00879 0.50000
vt 0.01055 0.50000
vt 0.00977 0.50000
vt 0.02832 0.50000
vt 0.00586 0.50000
vt 0.00684 0.50000
vt 0.02409 0.50000
vt 0.00781 0.50000
vt 0.04102 0.50000
vt 0.03451 0.50000
vt 0.00879 0.50000
vt 0.02637 0.50000
vt 0.02799 0.50000
vt 0.05957 0.50000
vt 0.00586 0.50000
vt 0.00846 0.50000
vt 0.03223 0.50000
vt 0.01237 0.50000
vt 0.00586 0.50000
vt 0.11719 0.50000
vt 0.01497 0.50000
vt 0.00586 0.50000
vt 0.02051 0.50000
vt 0.00586 0.50000
vt 0.00781 0.50000
vt 0.00809 0.50000
vt 0.01107 0.50000
vt 0.02246 0.50000
vt 0.03223 0.50000
vt 0.01855 0.50000
vt 0.00781 0.50000
vt 0.01055 0.50000
vt 0.11133 0.50000
vt 0.02539 0.50000
vt 0.03223 0.50000
vt 0.01367 0.50000
vt 0.02083 0.50000
vt 0.01074 0.50000
vt 0.03581 0.50000
vt 0.19238 0.50000
vt 0.02930 0.50000
vt 0.02441 0.50000
vt 0.02441 0.50000
vt 0.01367 0.50000
vt 0.02930 0.50000
vt 0.00586 0.50000
vt 0.02018 0.50000
vt 0.01602 0.50000
vt 0.07487 0.50000
vt 0.00977 0.50000
vt 0.02441 0.50000
vt 0.02539 0.50000
vt 0.01367 0.50000
vt 0.01953 0.50000
vt 0.01497 0.50000
vt 0.01432 0.50000
vt 0.01823 0.50000
vt 0.01270 0.50000
vt 0.02279 0.50000
vt 0.00977 0.50000
vt 0.00651 0.50000
vt 0.00977 0.50000
vt 0.03223 0.50000
vt 0.02832 0.50000
vt 0.19492 0.50000
vt 0.01497 0.50000
vt 0.02344 0.50000
vt 0.01758 0.50000
vt 0.01367 0.50000
vt 0.00651 0.50000
vt 0.01855 0.50000
vt 0.03125 0.50000
vt 0.01050 0.50000
vt 0.01758 0.50000
vt 0.02441 0.50000
vt 0.01660 0.50000
vt 0.02018 0.50000
vt 0.02344 0.50000
vt 0.02344 0.50000
vt 0.02409 0.50000
vt 0.10449 0.50000
vt 0.02539 0.50000
vt 0.04004 0.50000
vt 0.10514 0.50000
vt 0.01133 0.50000
vt 0.02148 0.50000
vt 0.00586 0.50000
vt 0.03060 0.50000
vt 0.01270 0.50000
vt 0.00879 0.50000
vt 0.01172 0.50000
vt 0.01172 0.50000
vt 0.01628 0.50000
vt 0.00898 0.50000
vt 0.00781 0.50000
vt 0.02441 0.50000
vt 0.01563 0.50000
vt 0.01602 0.50000
vt 0.03809 0.50000
vt 0.01367 0.50000
vt 0.00781 0.50000
vt 0.03125 0.50000
vt 0.03060 0.50000
vt 0.01953 0.50000
vt 0.01855 0.50000
vt 0.02734 0.50000
vt 0.10840 0.50000
vt 0.01237 0.50000
vt 0.02083 0.50000
vt 0.01367 0.50000
vt 0.02604 0.50000
vt 0.01465 0.50000
vt 0.01660 0.50000
vt 0.01914 0.50000
vt 0.01465 0.50000
vt 0.01237 0.50000
vt 0.01445 0.50000
vt 0.05664 0.50000
vt 0.03320 0.50000
vt 0.00586 0.50000
vt 0.00879 0.50000
vt 0.01107 0.50000
vt 0.04102 0.50000
vt 0.02734 0.50000
vt 0.02070 0.50000
vt 0.04232 0.50000
vt 0.00586 0.50000
vt 0.01074 0.50000
vt 0.00586 0.50000
vt 0.01758 0.50000
vt 0.01074 0.50000
vt 0.07964 0.50000
vt 0.02051 0.50000
vt 0.02539 0.50000
vt 0.00586 0.50000
vt 0.07422 0.50000
vt 0.00781 0.50000
vt 0.01367 0.50000
vt 0.20378 0.50000
vt 0.00586 0.50000
vt 0.00781 0.50000
vt 0.00586 0.50000
vt 0.04004 0.50000
vt 0.03581 0.50000
vt 0.03809 0.50000
vt 0.03060 0.50000
vt 0.00977 0.50000
vt 0.00977 0.50000
vt 0.01563 0.50000
vt 0.01660 0.50000
vt 0.09049 0.50000
vt 0.00664 0.50000
vt 0.01172 0.50000
vt 0.01367 0.50000
vt 0.01237 0.50000
vt 0.02441 0.50000
vt 0.02409 0.50000
vt 0.00753 0.50000
vt 0.03190 0.50000
vt 0.01256 0.50000
vt 0.03320 0.50000
vt 0.00586 0.50000
vt 0.00977 0.50000
vt 0.02148 0.50000
vt 0.00846 0.50000
vt 0.01855 0.50000
vt 0.01953 0.50000
vt 0.01367 0.50000
vt 0.01465 0.50000
vt 0.02695 0.50000
vt 0.00846 0.50000
vt 0.01497 0.50000
vt 0.01172 0.50000
vt 0.01953 0.50000
vt 0.09310 0.50000
vt 0.02539 0.50000
vt 0.03451 0.50000
vt 0.00586 0.50000
vt 0.01465 0.50000
vt 0.03418 0.50000
vt 0.06689 0.50000
vt 0.00586 0.50000
vt 0.02148 0.50000
vt 0.01814 0.50000
vt 0.03320 0.50000
vt 0.00742 0.50000
vt 0.01465 0.50000
vt 0.01888 0.50000
vt 0.01465 0.50000
vt 0.00684 0.50000
vt 0.01563 0.50000
vt 0.00879 0.50000
vt 0.00586 0.50000
vt 0.00846 0.50000
vt 0.03223 0.50000
vt 0.02441 0.50000
vt 0.04102 0.50000
vt 0.01367 0.50000
vt 0.01602 0.50000
vt 0.00781 0.50000
vt 0.08984 0.50000
vt 0.03223 0.50000
vt 0.01914 0.50000
vt 0.02734 0.50000
vt 0.01270 0.50000
vt 0.00586 0.50000
vt 0.01563 0.50000
vt 0.01563 0.50000
vt 0.03060 0.50000
vt 0.11914 0.50000
vt 0.06576 0.50000
vt 0.02279 0.50000
vt 0.01953 0.50000
vt 0.01367 0.50000
vt 0.00684 0.50000
vt 0.00781 0.50000
vt 0.03418 0.50000
vt 0.02669 0.50000
vt 0.19531 0.50000
vt 0.01888 0.50000
vt 0.04004 0.50000
vt 0.00651 0.50000
vt 0.03418 0.50000
vt 0.01445 0.50000
vt 0.00820 0.50000
vt 0.00586 0.50000
vt 0.00586 0.50000
vt 0.00684 0.50000
vt 0.00586 0.50000
vt 0.19727 0.50000
vt 0.01465 0.50000
vt 0.03223 0.50000
vt 0.00586 0.50000
vt 0.00586 0.50000
vt 0.01541 0.50000
vt 0.00977 0.50000
vt 0.03125 0.50000
vt 0.03125 0.50000
vt 0.02344 0.50000
vt 0.00977 0.50000
vt 0.03581 0.50000
vt 0.00742 0.50000
vt 0.01563 0.50000
vt 0.01497 0.50000
vt 0.09849 0.50000
vt 0.03320 0.50000
vt 0.09648 0.50000
vt 0.01302 0.50000
vt 0.09766 0.50000
vt 0.02539 0.50000
vt 0.01758 0.50000
vt 0.00586 0.50000
vt 0.02930 0.50000
vt 0.02695 0.50000
vt 0.01497 0.50000
vt 0.00586 0.50000
vt 0.02246 0.50000
vt 0.01563 0.50000
vt 0.00742 0.50000
vt 0.08711 0.50000
vt 0.00586 0.50000
vt 0.02539 0.50000
vt 0.01953 0.50000
vt 0.02279 0.50000
vt 0.01302 0.50000
vt 0.00977 0.50000
vt 0.01855 0.50000
vt 0.01432 0.50000
vt 0.03516 0.50000
vt 0.02051 0.50000
vt 0.01445 0.50000
vt 0.01465 0.50000
vt 0.00781 0.50000
vt 0.00781 0.50000
vt 0.04232 0.50000
vt 0.00781 0.50000
vt 0.01888 0.50000
vt 0.00586 0.50000
vt 0.00977 0.50000
vt 0.02246 0.50000
vt 0.07422 0.50000
vt 0.00586 0.50000
vt 0.01758 0.50000
vt 0.03418 0.50000
vt 0.01602 0.50000
vt 0.00586 0.50000
vt 0.02322 0.50000
vt 0.03125 0.50000
vt 0.03711 0.50000
vt 0.03516 0.50000
vt 0.08268 0.50000
vt 0.01562 0.50000
vt 0.01758 0.50000
vt 0.01074 0.50000
vt 0.06934 0.50000
vt 0.03320 0.50000
vt 0.01953 0.50000
vt 0.00706 0.50000
vt 0.03418 0.50000
vt 0.00586 0.50000
vt 0.03242 0.50000
vt 0.03711 0.50000
vt 0.03027 0.50000
vt 0.01172 0.50000
vt 0.00586 0.50000
vt 0.01758 0.50000
vt 0.00781 0.50000
vt 0.01037 0.50000
vt 0.01465 0.50000
usemtl palette
f 1/1 12/12 132/132
f 1/1 32/32 118/118
f 1/1 118/118 231/231
f 1/1 125/125 32/32
f 1/1 231/231 118/118
f 1/1 231/231 345/345
f 1/1 345/345 231/231
f 1/1 345/345 462/462
f 1/1 462/462 345/345
f 2/2 83/83 773/773
f 2/2 109/109 83/83
f 2/2 240/240 109/109
f 3/3 35/35 1679/1679
f 3/3 189/189 35/35
f 3/3 679/679 189/189
f 4/4 29/29 1680/1680
f 4/4 113/113 29/29
f 5/5 347/347 397/397
f 5/5 412/412 347/347
f 6/6 1642/1642 95/95
f 7/7 86/86 202/202
f 7/7 202/202 353/353
f 8/8 102/102 127/127
f 8/8 127/127 352/352
f 9/9 130/130 785/785
f 9/9 416/416 130/130
f 10/10 39/39 304/304
f 10/10 761/761 39/39
f 11/11 110/110 47/47
f 11/11 190/190 110/110
f 12/12 34/34 132/132
f 13/13 302/302 413/413
f 13/13 413/413 297/297
f 14/14 28/28 153/153
f 14/14 153/153 348/348
f 15/15 114/114 37/37
f 15/15 203/203 114/114
f 16/16 144/144 1726/1726
f 16/16 319/319 91/91
f 17/17 129/129 65/65
f 17/17 158/158 129/129
f 18/18 1656/1656 49/49
f 18/18 1689/1689 1656/1656
f 19/19 48/48 210/210
f 19/19 340/340 48/48
f 20/20 105/105 196/196
f 20/20 815/815 105/105
f 21/21 131/131 418/418
f 21/21 418/418 159/159
f 22/22 51/51 139/139
f 22/22 75/75 51/51
f 24/24 100/100 748/748
f 24/24 166/166 100/100
f 25/25 46/46 114/114
f 25/25 363/363 46/46
f 26/26 211/211 116/116
f 26/26 1569/1569 211/211
f 27/27 42/42 326/326
f 27/27 183/183 42/42
f 28/28 1681/1681 153/153
f 28/28 1787/1787 1681/1681
f 28/28 3348/3348 3450/3450
f 29/29 85/85 172/172
f 29/29 172/172 1680/1680
f 29/29 221/221 85/85
f 30/30 250/250 376/376
f 30/30 376/376 356/356
f 31/31 1716/1716 6/6
f 32/32 1/1 157/157
f 32/32 62/62 141/141
f 32/32 125/125 62/62
f 33/33 7/7 323/323
f 33/33 125/125 7/7
f 34/34 162/162 358/358
f 35/35 61/61 1679/1679
f 35/35 94/94 61/61
f 35/35 171/171 61/61
f 35/35 189/189 171/171
f 36/36 158/158 17/17
f 36/36 278/278 158/158
f 37/37 114/114 150/150
f 37/37 150/150 186/186
f 38/38 13/13 266/266
f 38/38 106/106 13/13
f 39/39 74/74 280/280
f 39/39 844/844 74/74
f 41/41 24/24 777/777
f 41/41 136/136 24/24
f 42/42 70/70 342/342
f 42/42 183/183 70/70
f 43/43 26/26 134/134
f 43/43 134/134 383/383
f 43/43 1653/1653 26/26
f 44/44 20/20 163/163
f 44/44 815/815 20/20
f 45/45 21/21 123/123
f 45/45 313/313 21/21
f 46/46 179/179 114/114
f 46/46 289/289 179/179
f 47/47 110/110 151/151
f 47/47 151/151 168/168
f 48/48 55/55 396/396
f 48/48 215/215 187/187
f 48/48 396/396 215/215
f 49/49 1656/1656 1624/1624
f 50/50 1567/1567 1724/1724
f 51/51 75/75 22/22
f 51/51 75/75 108/108
f 51/51 417/417 75/75
f 52/52 146/146 154/154
f 52/52 684/684 146/146
f 53/53 150/150 81/81
f 54/54 182/182 88/88
f 54/54 255/255 182/182
f 55/55 33/33 396/396
f 55/55 155/155 33/33
f 55/55 183/183 396/396
f 56/56 90/90 399/399
f 56/56 399/399 177/177
f 57/57 93/93 174/174
f 57/57 174/174 239/239
f 58/58 67/67 148/148
f 58/58 148/148 834/834
f 59/59 391/391 343/343
f 59/59 402/402 391/391
f 60/60 43/43 383/383
f 60/60 56/56 177/177
f 60/60 177/177 1724/1724
f 60/60 354/354 184/184
f 60/60 383/383 497/497
f 60/60 451/451 354/354
f 60/60 497/497 575/575
f 60/60 575/575 451/451
f 60/60 1630/1630 43/43
f 61/61 94/94 35/35
f 61/61 94/94 1725/1725
f 61/61 145/145 94/94
f 61/61 171/171 145/145
f 62/62 1/1 32/32
f 62/62 32/32 176/176
f 62/62 86/86 164/164
f 62/62 125/125 86/86
f 63/63 506/506 803/803
f 63/63 803/803 175/175
f 64/64 25/25 82/82
f 64/64 82/82 203/203
f 64/64 404/404 82/82
f 65/65 129/129 167/167
f 65/65 167/167 149/149
f 66/66 285/285 199/199
f 67/67 405/405 148/148
f 68/68 246/246 821/821
f 68/68 388/388 246/246
f 69/69 80/80 205/205
f 69/69 205/205 388/388
f 70/70 216/216 328/328
f 70/70 328/328 375/375
f 71/71 1522/1522 1719/1719
f 71/71 1719/1719 96/96
f 72/72 6/6 95/95
f 72/72 95/95 1678/1678
f 73/73 90/90 819/819
f 74/74 98/98 252/252
f 74/74 818/818 98/98
f 75/75 84/84 197/197
f 75/75 417/417 84/84
f 76/76 104/104 384/384
f 76/76 120/120 104/104
f 77/77 389/389 412/412
f 77/77 412/412 5/5
f 78/78 4/4 1678/1678
f 78/78 137/137 4/4
f 79/79 264/264 810/810
f 79/79 348/348 264/264
f 79/79 810/810 97/97
f 80/80 49/49 1624/1624
f 80/80 1624/1624 205/205
f 80/80 1707/1707 205/205
f 81/81 114/114 50/50
f 82/82 25/25 64/64
f 82/82 25/25 203/203
f 82/82 363/363 25/25
f 83/83 58/58 802/802
f 83/83 147/147 58/58
f 83/83 222/222 147/147
f 84/84 117/117 178/178
f 84/84 230/230 117/117
f 85/85 66/66 172/172
f 85/85 243/243 66/66
f 86/86 1/1 62/62
f 86/86 62/62 202/202
f 86/86 125/125 192/192
f 87/87 38/38 414/414
f 87/87 140/140 38/38
f 88/88 182/182 203/203
f 88/88 203/203 15/15
f 89/89 19/19 124/124
f 89/89 366/366 19/19
f 91/91 319/319 402/402
f 91/91 402/402 59/59
f 92/92 190/190 11/11
f 92/92 261/261 190/190
f 93/93 379/379 174/174
f 93/93 1322/1322 379/379
f 94/94 103/103 133/133
f 94/94 126/126 103/103
f 94/94 133/133 1725/1725
f 94/94 145/145 126/126
f 94/94 156/156 133/133
f 95/95 6/6 72/72
f 95/95 1662/1662 1678/1678
f 96/96 1689/1689 18/18
f 96/96 1719/1719 1689/1689
f 97/97 810/810 845/845
f 97/97 845/845 1641/1641
f 98/98 2/2 773/773
f 98/98 773/773 229/229
f 100/100 655/655 771/771
f 100/100 771/771 836/836
f 101/101 68/68 821/821
f 101/101 821/821 162/162
f 102/102 220/220 127/127
f 102/102 239/239 220/220
f 103/103 254/254 389/389
f 103/103 389/389 77/77
f 104/104 30/30 407/407
f 104/104 173/173 30/30
f 105/105 52/52 121/121
f 105/105 815/815 52/52
f 106/106 302/302 13/13
f 106/106 1468/1468 302/302
f 107/107 180/180 198/198
f 108/108 75/75 197/197
f 108/108 197/197 618/618
f 109/109 222/222 83/83
f 110/110 1560/1560 151/151
f 110/110 1595/1595 1560/1560
f 111/111 6/6 207/207
f 111/111 31/31 6/6
f 112/112 28/28 14/14
f 112/112 3450/3450 28/28
f 113/113 221/221 29/29
f 113/113 478/478 400/400
f 114/114 142/142 50/50
f 115/115 152/152 641/641
f 115/115 373/373 152/152
f 116/116 87/87 414/414
f 116/116 211/211 87/87
f 117/117 136/136 41/41
f 117/117 253/253 136/136
f 118/118 12/12 1/1
f 118/118 32/32 141/141
f 118/118 141/141 259/259
f 118/118 259/259 231/231
f 118/118 322/322 12/12
f 119/119 18/18 143/143
f 119/119 96/96 18/18
f 119/119 188/188 143/143
f 120/120 173/173 104/104
f 120/120 688/688 173/173
f 121/121 52/52 154/154
f 121/121 154/154 196/196
f 121/121 154/154 217/217
f 122/122 852/852 90/90
f 123/123 21/21 159/159
f 123/123 159/159 1613/1613
f 124/124 19/19 210/210
f 124/124 210/210 669/669
f 125/125 1/1 86/86
f 125/125 86/86 7/7
f 125/125 155/155 27/27
f 126/126 223/223 254/254
f 126/126 254/254 103/103
f 127/127 220/220 256/256
f 128/128 101/101 162/162
f 128/128 840/840 101/101
f 129/129 1540/1540 167/167
f 130/130 2810/2810 680/680
f 130/130 3075/3075 3363/3363
f 130/130 3363/3363 2810/2810
f 131/131 161/161 418/418
f 131/131 716/716 161/161
f 132/132 34/34 358/358
f 132/132 358/358 263/263
f 133/133 103/103 156/156
f 133/133 156/156 94/94
f 133/133 156/156 1536/1536
f 134/134 26/26 116/116
f 134/134 116/116 383/383
f 135/135 50/50 1575/1575
f 135/135 81/81 50/50
f 136/136 166/166 24/24
f 136/136 282/282 166/166
f 137/137 113/113 4/4
f 137/137 400/400 113/113
f 138/138 1491/1491 1526/1526
f 139/139 51/51 108/108
f 139/139 108/108 618/618
f 140/140 106/106 38/38
f 140/140 1563/1563 106/106
f 141/141 62/62 164/164
f 141/141 164/164 259/259
f 142/142 1458/1458 1567/1567
f 142/142 1567/1567 50/50
f 143/143 18/18 49/49
f 143/143 188/188 119/119
f 144/144 16/16 170/170
f 144/144 681/681 1572/1572
f 145/145 223/223 126/126
f 145/145 300/300 223/223
f 146/146 120/120 76/76
f 146/146 652/652 120/120
f 147/147 67/67 58/58
f 147/147 405/405 67/67
f 148/148 89/89 124/124
f 148/148 124/124 646/646
f 148/148 382/382 89/89
f 149/149 31/31 111/111
f 149/149 167/167 31/31
f 150/150 114/114 81/81
f 151/151 1522/1522 71/71
f 151/151 1560/1560 1522/1522
f 152/152 249/249 682/682
f 153/153 1585/1585 225/225
f 153/153 1681/1681 1585/1585
f 154/154 76/76 262/262
f 154/154 146/146 76/76
f 155/155 125/125 33/33
f 155/155 183/183 27/27
f 155/155 216/216 183/183
f 156/156 77/77 195/195
f 156/156 103/103 77/77
f 156/156 195/195 1511/1511
f 157/157 1/1 132/132
f 157/157 132/132 233/233
f 158/158 1593/1593 129/129
f 159/159 287/287 1441/1441
f 159/159 418/418 287/287
f 160/160 69/69 388/388
f 160/160 388/388 68/68
f 161/161 194/194 341/341
f 161/161 692/692 194/194
f 162/162 719/719 279/279
f 162/162 821/821 719/719
f 163/163 20/20 196/196
f 163/163 196/196 271/271
f 164/164 86/86 192/192
f 164/164 192/192 276/276
f 165/165 80/80 69/69
f 165/165 1707/1707 80/80
f 166/166 534/534 655/655
f 166/166 655/655 100/100
f 167/167 1540/1540 31/31
f 168/168 71/71 188/188
f 168/168 151/151 71/71
f 169/169 14/14 348/348
f 169/169 79/79 201/201
f 169/169 348/348 79/79
f 170/170 16/16 91/91
f 170/170 91/91 206/206
f 171/171 267/267 300/300
f 171/171 300/300 145/145
f 172/172 66/66 199/199
f 172/172 199/199 1515/1515
f 173/173 250/250 30/30
f 173/173 558/558 250/250
f 174/174 303/303 360/360
f 174/174 379/379 303/303
f 175/175 709/709 249/249
f 175/175 803/803 709/709
f 176/176 32/32 157/157
f 176/176 157/157 310/310
f 177/177 56/56 1608/1608
f 177/177 308/308 1608/1608
f 177/177 399/399 308/308
f 178/178 41/41 197/197
f 178/178 41/41 687/687
f 178/178 117/117 41/41
f 179/179 204/204 114/114
f 179/179 316/316 204/204
f 181/181 92/92 219/219
f 181/181 261/261 92/92
f 181/181 799/799 1562/1562
f 182/182 255/255 203/203
f 183/183 155/155 55/55
f 183/183 216/216 70/70
f 184/184 56/56 60/60
f 184/184 247/247 56/56
f 185/185 72/72 1554/1554
f 185/185 95/95 72/72
f 186/186 53/53 209/209
f 186/186 150/150 53/53
f 187/187 215/215 742/742
f 188/188 71/71 96/96
f 188/188 96/96 119/119
f 189/189 267/267 171/171
f 189/189 552/552 267/267
f 190/190 1397/1397 1595/1595
f 190/190 1595/1595 110/110
f 191/191 240/240 2/2
f 191/191 394/394 265/265
f 192/192 27/27 309/309
f 192/192 125/125 27/27
f 193/193 93/93 57/57
f 193/193 1643/1643 93/93
f 194/194 783/783 321/321
f 195/195 5/5 214/214
f 195/195 77/77 5/5
f 195/195 214/214 1588/1588
f 196/196 105/105 121/121
f 196/196 121/121 295/295
f 196/196 154/154 121/121
f 197/197 41/41 178/178
f 197/197 84/84 178/178
f 197/197 178/178 687/687
f 197/197 687/687 743/743
f 198/198 180/180 107/107
f 199/199 45/45 123/123
f 199/199 123/123 1515/1515
f 199/199 285/285 45/45
f 200/200 102/102 8/8
f 200/200 822/822 102/102
f 201/201 79/79 97/97
f 201/201 97/97 1641/1641
f 202/202 62/62 176/176
f 202/202 176/176 277/277
f 203/203 25/25 114/114
f 204/204 142/142 114/114
f 204/204 238/238 142/142
f 205/205 1624/1624 311/311
f 205/205 1707/1707 80/80
f 206/206 59/59 234/234
f 206/206 91/91 59/59
f 207/207 6/6 95/95
f 207/207 95/95 185/185
f 208/208 137/137 78/78
f 208/208 372/372 137/137
f 209/209 53/53 81/81
f 209/209 81/81 135/135
f 210/210 48/48 187/187
f 210/210 187/187 712/712
f 211/211 140/140 87/87
f 211/211 1531/1531 140/140
f 212/212 135/135 1490/1490
f 212/212 209/209 135/135
f 214/214 5/5 397/397
f 214/214 244/244 1446/1446
f 214/214 397/397 244/244
f 215/215 296/296 557/557
f 215/215 323/323 296/296
f 216/216 155/155 183/183
f 216/216 183/183 340/340
f 216/216 242/242 328/328
f 217/217 154/154 262/262
f 217/217 262/262 408/408
f 218/218 237/237 1454/1454
f 218/218 321/321 237/237
f 219/219 92/92 11/11
f 220/220 239/239 531/531
f 220/220 403/403 63/63
f 220/220 531/531 403/403
f 221/221 243/243 85/85
f 221/221 543/543 243/243
f 222/222 305/305 405/405
f 222/222 405/405 147/147
f 223/223 334/334 254/254
f 223/223 408/408 334/334
f 224/224 319/319 1494/1494
f 224/224 1401/1401 299/299
f 225/225 1493/1493 338/338
f 225/225 1585/1585 1493/1493
f 226/226 65/65 149/149
f 226/226 111/111 301/301
f 226/226 149/149 111/111
f 226/226 301/301 273/273
f 227/227 325/325 364/364
f 227/227 364/364 409/409
f 228/228 294/294 404/404
f 229/229 589/589 369/369
f 229/229 773/773 589/589
f 230/230 253/253 117/117
f 230/230 367/367 253/253
f 231/231 257/257 322/322
f 231/231 259/259 345/345
f 231/231 322/322 118/118
f 232/232 23/23 99/99
f 232/232 99/99 588/588
f 233/233 132/132 263/263
f 233/233 263/263 415/415
f 234/234 59/59 343/343
f 234/234 343/343 260/260
f 235/235 38/38 266/266
f 235/235 266/266 547/547
f 236/236 312/312 541/541
f 237/237 304/304 377/377
f 237/237 377/377 1454/1454
f 238/238 1313/1313 1458/1458
f 238/238 1458/1458 142/142
f 239/239 174/174 360/360
f 239/239 360/360 531/531
f 240/240 222/222 109/109
f 240/240 336/336 222/222
f 241/241 90/90 73/73
f 241/241 213/213 90/90
f 241/241 335/335 213/213
f 242/242 216/216 366/366
f 242/242 274/274 370/370
f 242/242 367/367 274/274
f 242/242 370/370 351/351
f 243/243 285/285 66/66
f 243/243 628/628 285/285
f 244/244 286/286 1406/1406
f 244/244 380/380 286/286
f 244/244 397/397 380/380
f 245/245 325/325 227/227
f 245/245 395/395 325/325
f 246/246 311/311 324/324
f 246/246 324/324 581/581
f 247/247 90/90 56/56
f 247/247 122/122 90/90
f 247/247 657/657 122/122
f 248/248 69/69 160/160
f 248/248 165/165 69/69
f 249/249 256/256 344/344
f 250/250 228/228 376/376
f 250/250 294/294 228/228
f 250/250 599/599 294/294
f 251/251 236/236 555/555
f 251/251 342/342 236/236
f 252/252 74/74 331/331
f 252/252 98/98 229/229
f 252/252 229/229 331/331
f 253/253 282/282 136/136
f 253/253 394/394 282/282
f 254/254 334/334 349/349
f 254/254 349/349 389/389
f 255/255 64/64 203/203
f 256/256 63/63 344/344
f 256/256 220/220 63/63
f 257/257 128/128 322/322
f 257/257 645/645 128/128
f 258/258 65/65 226/226
f 259/259 164/164 276/276
f 259/259 276/276 317/317
f 259/259 309/309 276/276
f 260/260 318/318 291/291
f 260/260 343/343 318/318
f 261/261 181/181 1479/1479
f 261/261 1397/1397 190/190
f 262/262 76/76 384/384
f 262/262 384/384 408/408
f 263/263 279/279 390/390
f 263/263 390/390 523/523
f 264/264 225/225 338/338
f 264/264 338/338 574/574
f 265/265 240/240 191/191
f 265/265 367/367 240/240
f 265/265 394/394 191/191
f 266/266 13/13 297/297
f 266/266 297/297 595/595
f 267/267 393/393 300/300
f 267/267 424/424 393/393
f 268/268 408/408 298/298
f 269/269 374/374 395/395
f 269/269 395/395 245/245
f 270/270 350/350 363/363
f 271/271 196/196 295/295
f 271/271 295/295 548/548
f 272/272 11/11 47/47
f 272/272 47/47 362/362
f 273/273 185/185 1426/1426
f 273/273 207/207 185/185
f 274/274 242/242 382/382
f 274/274 305/305 370/370
f 274/274 336/336 305/305
f 274/274 367/367 336/336
f 275/275 7/7 353/353
f 275/275 277/277 359/359
f 275/275 359/359 619/619
f 276/276 192/192 309/309
f 276/276 309/309 259/259
f 276/276 309/309 406/406
f 277/277 176/176 359/359
f 278/278 1593/1593 158/158
f 279/279 162/162 390/390
f 279/279 622/622 390/390
f 279/279 719/719 622/622
f 280/280 74/74 252/252
f 280/280 252/252 411/411
f 281/281 169/169 201/201
f 281/281 201/201 1452/1452
f 282/282 422/422 534/534
f 282/282 534/534 166/166
f 283/283 40/40 314/314
f 283/283 180/180 40/40
f 284/284 249/249 373/373
f 284/284 1404/1404 249/249
f 285/285 313/313 45/45
f 285/285 605/605 313/313
f 286/286 306/306 1489/1489
f 286/286 339/339 306/306
f 286/286 361/361 306/306
f 286/286 380/380 361/361
f 287/287 218/218 1486/1486
f 287/287 341/341 218/218
f 288/288 2044/2044 3210/3210
f 288/288 3099/3099 3210/3210
f 288/288 3210/3210 416/416
f 289/289 316/316 179/179
f 290/290 186/186 209/209
f 290/290 209/209 212/212
f 291/291 65/65 392/392
f 291/291 318/318 65/65
f 291/291 392/392 320/320
f 292/292 11/11 272/272
f 292/292 219/219 11/11
f 293/293 138/138 374/374
f 293/293 261/261 1479/1479
f 293/293 374/374 269/269
f 293/293 1479/1479 374/374
f 294/294 270/270 329/329
f 294/294 599/599 270/270
f 295/295 121/121 217/217
f 295/295 217/217 408/408
f 296/296 33/33 323/323
f 296/296 275/275 590/590
f 296/296 353/353 275/275
f 297/297 115/115 614/614
f 297/297 373/373 115/115
f 298/298 356/356 255/255
f 299/299 1401/1401 278/278
f 300/300 393/393 408/408
f 300/300 408/408 223/223
f 301/301 111/111 207/207
f 301/301 207/207 273/273
f 302/302 284/284 413/413
f 302/302 1488/1488 284/284
f 303/303 288/288 416/416
f 303/303 416/416 9/9
f 304/304 10/10 377/377
f 304/304 39/39 280/280
f 304/304 280/280 377/377
f 305/305 242/242 274/274
f 305/305 274/274 405/405
f 305/305 336/336 417/417
f 306/306 330/330 339/339
f 306/306 339/339 286/286
f 306/306 339/339 1463/1463
f 306/306 361/361 330/330
f 307/307 14/14 169/169
f 307/307 112/112 14/14
f 307/307 169/169 281/281
f 308/308 213/213 335/335
f 308/308 335/335 1460/1460
f 309/309 27/27 326/326
f 309/309 326/326 378/378
f 310/310 157/157 233/233
f 310/310 233/233 333/333
f 311/311 205/205 324/324
f 311/311 1419/1419 324/324
f 311/311 1624/1624 1419/1419
f 312/312 22/22 139/139
f 312/312 139/139 618/618
f 313/313 131/131 21/21
f 313/313 685/685 131/131
f 314/314 23/23 232/232
f 314/314 40/40 23/23
f 315/315 37/37 186/186
f 315/315 186/186 290/290
f 316/316 238/238 204/204
f 316/316 385/385 238/238
f 317/317 276/276 406/406
f 317/317 406/406 462/462
f 318/318 17/17 65/65
f 318/318 36/36 17/17
f 319/319 16/16 1375/1375
f 319/319 224/224 402/402
f 320/320 258/258 355/355
f 320/320 392/392 258/258
f 321/321 10/10 304/304
f 321/321 304/304 237/237
f 321/321 783/783 10/10
f 322/322 34/34 12/12
f 322/322 128/128 162/162
f 322/322 162/162 34/34
f 323/323 7/7 353/353
f 323/323 33/33 296/296
f 323/323 353/353 296/296
f 324/324 205/205 311/311
f 324/324 1382/1382 446/446
f 324/324 1419/1419 1382/1382
f 325/325 107/107 198/198
f 325/325 198/198 364/364
f 326/326 42/42 342/342
f 326/326 342/342 251/251
f 327/327 385/385 316/316
f 327/327 477/477 385/385
f 328/328 242/242 351/351
f 328/328 351/351 22/22
f 329/329 270/270 363/363
f 329/329 363/363 82/82
f 330/330 15/15 37/37
f 330/330 37/37 315/315
f 331/331 74/74 252/252
f 331/331 229/229 369/369
f 331/331 369/369 1386/1386
f 332/332 188/188 419/419
f 332/332 362/362 188/188
f 333/333 176/176 310/310
f 333/333 233/233 415/415
f 333/333 415/415 465/465
f 334/334 408/408 349/349
f 335/335 213/213 1327/1327
f 335/335 1327/1327 213/213
f 336/336 242/242 305/305
f 336/336 305/305 222/222
f 336/336 367/367 230/230
f 337/337 372/372 208/208
f 337/337 502/502 372/372
f 338/338 1493/1493 436/436
f 339/339 315/315 365/365
f 339/339 330/330 315/315
f 339/339 365/365 1463/1463
f 340/340 55/55 48/48
f 340/340 183/183 55/55
f 341/341 194/194 321/321
f 341/341 321/321 218/218
f 342/342 70/70 375/375
f 342/342 312/312 236/236
f 342/342 375/375 312/312
f 343/343 36/36 318/318
f 343/343 391/391 36/36
f 344/344 63/63 175/175
f 344/344 175/175 249/249
f 345/345 257/257 231/231
f 345/345 259/259 317/317
f 345/345 317/317 462/462
f 345/345 570/570 257/257
f 346/346 165/165 248/248
f 346/346 1622/1622 165/165
f 346/346 1721/1721 1622/1622
f 347/347 255/255 54/54
f 347/347 298/298 255/255
f 348/348 153/153 225/225
f 348/348 225/225 264/264
f 349/349 408/408 268/268
f 350/350 316/316 289/289
f 350/350 327/327 316/316
f 350/350 440/440 327/327
f 351/351 51/51 22/22
f 351/351 370/370 51/51
f 352/352 127/127 256/256
f 352/352 256/256 249/249
f 352/352 256/256 1303/1303
f 353/353 7/7 275/275
f 353/353 202/202 277/277
f 353/353 277/277 275/275
f 354/354 247/247 184/184
f 354/354 582/582 247/247
f 355/355 226/226 410/410
f 355/355 258/258 226/226
f 355/355 320/320 381/381
f 356/356 64/64 255/255
f 356/356 376/376 64/64
f 357/357 335/335 241/241
f 357/357 1327/1327 335/335
f 358/358 162/162 279/279
f 358/358 279/279 263/263
f 359/359 176/176 333/333
f 359/359 333/333 432/432
f 360/360 9/9 433/433
f 360/360 303/303 9/9
f 361/361 15/15 330/330
f 361/361 88/88 15/15
f 362/362 47/47 168/168
f 362/362 168/168 188/188
f 363/363 289/289 46/46
f 363/363 350/350 289/289
f 364/364 180/180 283/283
f 364/364 198/198 180/180
f 365/365 290/290 398/398
f 365/365 315/315 290/290
f 365/365 398/398 1291/1291
f 366/366 216/216 340/340
f 366/366 340/340 19/19
f 367/367 242/242 336/336
f 367/367 336/336 240/240
f 367/367 394/394 253/253
f 367/367 454/454 394/394
f 368/368 232/232 505/505
f 368/368 314/314 232/232
f 369/369 504/504 1371/1371
f 369/369 589/589 504/504
f 370/370 305/305 417/417
f 370/370 417/417 51/51
f 371/371 281/281 1329/1329
f 371/371 307/307 281/281
f 372/372 400/400 137/137
f 372/372 478/478 400/400
f 373/373 249/249 152/152
f 374/374 138/138 293/293
f 374/374 138/138 395/395
f 374/374 1392/1392 138/138
f 374/374 1479/1479 1392/1392
f 375/375 22/22 312/312
f 375/375 328/328 22/22
f 376/376 228/228 404/404
f 376/376 404/404 64/64
f 377/377 10/10 304/304
f 377/377 280/280 411/411
f 377/377 411/411 1306/1306
f 378/378 251/251 495/495
f 378/378 326/326 251/251
f 379/379 288/288 303/303
f 379/379 1444/1444 288/288
f 380/380 88/88 361/361
f 381/381 320/320 410/410
f 382/382 242/242 366/366
f 382/382 366/366 89/89
f 383/383 116/116 414/414
f 383/383 414/414 497/497
f 384/384 104/104 407/407
f 384/384 407/407 408/408
f 385/385 1227/1227 1340/1340
f 385/385 1340/1340 238/238
f 386/386 119/119 143/143
f 386/386 143/143 49/49
f 387/387 283/283 314/314
f 387/387 314/314 368/368
f 388/388 205/205 311/311
f 388/388 311/311 246/246
f 389/389 268/268 412/412
f 389/389 349/349 268/268
f 390/390 162/162 279/279
f 390/390 263/263 523/523
f 390/390 622/622 523/523
f 391/391 278/278 36/36
f 391/391 299/299 278/278
f 392/392 65/65 258/258
f 393/393 500/500 408/408
f 394/394 367/367 265/265
f 394/394 422/422 282/282
f 394/394 454/454 422/422
f 395/395 107/107 325/325
f 395/395 138/138 107/107
f 396/396 33/33 323/323
f 396/396 183/183 55/55
f 396/396 323/323 215/215
f 397/397 54/54 88/88
f 397/397 88/88 380/380
f 397/397 347/347 54/54
f 398/398 212/212 1301/1301
f 398/398 290/290 212/212
f 398/398 357/357 1372/1372
f 398/398 1301/1301 357/357
f 399/399 90/90 213/213
f 399/399 213/213 308/308
f 400/400 221/221 113/113
f 400/400 478/478 113/113
f 400/400 567/567 221/221
f 401/401 112/112 307/307
f 401/401 307/307 371/371
f 401/401 3375/3375 112/112
f 402/402 224/224 299/299
f 402/402 299/299 391/391
f 403/403 506/506 63/63
f 403/403 531/531 506/506
f 404/404 294/294 329/329
f 404/404 329/329 82/82
f 405/405 274/274 382/382
f 405/405 382/382 148/148
f 406/406 309/309 378/378
f 406/406 378/378 519/519
f 407/407 30/30 356/356
f 407/407 356/356 298/298
f 408/408 407/407 298/298
f 409/409 283/283 1341/1341
f 409/409 364/364 283/283
f 410/410 226/226 273/273
f 410/410 273/273 1309/1309
f 410/410 320/320 355/355
f 411/411 252/252 331/331
f 411/411 331/331 1306/1306
f 412/412 268/268 298/298
f 412/412 298/298 347/347
f 413/413 284/284 373/373
f 413/413 373/373 297/297
f 414/414 38/38 235/235
f 414/414 235/235 516/516
f 415/415 263/263 390/390
f 415/415 390/390 492/492
f 416/416 3075/3075 130/130
f 416/416 3210/3210 3075/3075
f 417/417 230/230 84/84
f 417/417 336/336 230/230
f 418/418 161/161 341/341
f 418/418 341/341 287/287
f 419/419 119/119 386/386
f 419/419 188/188 119/119
f 420/420 472/472 632/632
f 420/420 786/786 472/472
f 421/421 457/457 1260/1260
f 421/421 538/538 457/457
f 422/422 394/394 553/553
f 422/422 454/454 534/534
f 423/423 446/446 560/560
f 423/423 560/560 757/757
f 424/424 500/500 393/393
f 425/425 547/547 790/790
f 426/426 514/514 615/615
f 426/426 615/615 776/776
f 427/427 346/346 546/546
f 427/427 1312/1312 346/346
f 428/428 566/566 610/610
f 429/429 550/550 463/463
f 429/429 632/632 550/550
f 430/430 291/291 320/320
f 430/430 320/320 470/470
f 431/431 535/535 577/577
f 431/431 577/577 631/631
f 432/432 333/333 732/732
f 433/433 9/9 785/785
f 433/433 785/785 623/623
f 434/434 1188/1188 1225/1225
f 434/434 1225/1225 476/476
f 435/435 460/460 745/745
f 435/435 583/583 460/460
f 436/436 338/338 723/723
f 436/436 1272/1272 723/723
f 436/436 1493/1493 1272/1272
f 437/437 467/467 605/605
f 437/437 605/605 628/628
f 437/437 766/766 467/467
f 438/438 406/406 519/519
f 438/438 519/519 613/613
f 439/439 808/808 2951/2951
f 440/440 477/477 327/327
f 440/440 633/633 477/477
f 442/442 758/758 841/841
f 442/442 781/781 758/758
f 443/443 193/193 728/728
f 443/443 728/728 580/580
f 443/443 980/980 728/728
f 444/444 670/670 798/798
f 444/444 798/798 756/756
f 445/445 181/181 539/539
f 445/445 539/539 517/517
f 446/446 1281/1281 560/560
f 446/446 1382/1382 1281/1281
f 447/447 557/557 795/795
f 447/447 795/795 579/579
f 448/448 461/461 558/558
f 448/448 778/778 461/461
f 449/449 332/332 515/515
f 449/449 362/362 332/332
f 450/450 426/426 746/746
f 450/450 551/551 426/426
f 451/451 455/455 582/582
f 451/451 582/582 354/354
f 452/452 653/653 690/690
f 452/452 690/690 794/794
f 453/453 781/781 442/442
f 453/453 807/807 781/781
f 454/454 367/367 394/394
f 454/454 394/394 422/422
f 454/454 422/422 578/578
f 454/454 485/485 534/534
f 454/454 583/583 485/485
f 455/455 466/466 749/749
f 455/455 749/749 582/582
f 456/456 439/439 584/584
f 456/456 782/782 439/439
f 457/457 509/509 594/594
f 457/457 594/594 1105/1105
f 458/458 443/443 580/580
f 458/458 580/580 1059/1059
f 458/458 804/804 580/580
f 459/459 535/535 431/431
f 459/459 620/620 535/535
f 460/460 511/511 774/774
f 460/460 608/608 511/511
f 461/461 483/483 544/544
f 461/461 508/508 483/483
f 462/462 406/406 438/438
f 462/462 438/438 585/585
f 462/462 498/498 570/570
f 462/462 570/570 345/345
f 463/463 550/550 569/569
f 463/463 569/569 596/596
f 464/464 797/797 1188/1188
f 464/464 1188/1188 434/434
f 465/465 415/415 492/492
f 465/465 492/492 706/706
f 466/466 481/481 600/600
f 466/466 600/600 749/749
f 467/467 524/524 824/824
f 467/467 608/608 524/524
f 467/467 824/824 605/605
f 468/468 272/272 362/362
f 468/468 362/362 449/449
f 469/469 502/502 337/337
f 469/469 527/527 502/502
f 469/469 661/661 527/527
f 469/469 739/739 604/604
f 470/470 320/320 355/355
f 470/470 355/355 480/480
f 471/471 742/742 554/554
f 472/472 603/603 632/632
f 472/472 705/705 603/603
f 473/473 440/440 350/350
f 473/473 440/440 599/599
f 473/473 564/564 440/440
f 475/475 601/601 1212/1212
f 475/475 807/807 453/453
f 477/477 1227/1227 385/385
f 478/478 484/484 567/567
f 478/478 567/567 400/400
f 478/478 835/835 484/484
f 479/479 602/602 503/503
f 479/479 925/925 1280/1280
f 479/479 1170/1170 1280/1280
f 479/479 1280/1280 602/602
f 480/480 355/355 381/381
f 480/480 381/381 499/499
f 482/482 620/620 459/459
f 482/482 772/772 620/620
f 483/483 508/508 461/461
f 483/483 508/508 627/627
f 483/483 650/650 508/508
f 484/484 510/510 567/567
f 484/484 809/809 510/510
f 485/485 454/454 597/597
f 485/485 514/514 587/587
f 485/485 583/583 514/514
f 486/486 507/507 602/602
f 486/486 507/507 756/756
f 486/486 752/752 507/507
f 487/487 632/632 500/500
f 488/488 471/471 629/629
f 488/488 712/712 471/471
f 489/489 591/591 571/571
f 489/489 621/621 591/591
f 490/490 518/518 825/825
f 490/490 541/541 518/518
f 491/491 419/419 386/386
f 492/492 390/390 523/523
f 492/492 523/523 676/676
f 493/493 545/545 566/566
f 493/493 566/566 428/428
f 494/494 522/522 830/830
f 494/494 614/614 522/522
f 495/495 251/251 555/555
f 495/495 555/555 572/572
f 496/496 683/683 520/520
f 496/496 813/813 683/683
f 497/497 414/414 516/516
f 497/497 516/516 592/592
f 497/497 547/547 516/516
f 498/498 513/513 851/851
f 498/498 851/851 570/570
f 499/499 381/381 410/410
f 499/499 410/410 1309/1309
f 500/500 548/548 408/408
f 501/501 481/481 2983/2983
f 501/501 600/600 481/481
f 502/502 478/478 372/372
f 502/502 562/562 478/478
f 503/503 602/602 632/632
f 503/503 632/632 429/429
f 504/504 421/421 1184/1184
f 504/504 565/565 421/421
f 505/505 232/232 588/588
f 505/505 588/588 482/482
f 506/506 433/433 623/623
f 506/506 623/623 803/803
f 507/507 420/420 632/632
f 507/507 752/752 420/420
f 508/508 528/528 599/599
f 508/508 650/650 528/528
f 509/509 148/148 646/646
f 509/509 669/669 594/594
f 510/510 437/437 543/543
f 510/510 789/789 437/437
f 511/511 642/642 751/751
f 511/511 751/751 849/849
f 512/512 525/525 607/607
f 512/512 607/607 808/808
f 513/513 427/427 546/546
f 513/513 546/546 658/658
f 513/513 612/612 851/851
f 514/514 454/454 485/485
f 514/514 485/485 615/615
f 514/514 551/551 634/634
f 514/514 583/583 551/551
f 515/515 332/332 419/419
f 515/515 419/419 491/491
f 516/516 235/235 547/547
f 516/516 547/547 497/497
f 516/516 547/547 609/609
f 517/517 539/539 621/621
f 517/517 621/621 489/489
f 518/518 444/444 846/846
f 518/518 618/618 444/444
f 519/519 378/378 495/495
f 519/519 495/495 537/537
f 520/520 653/653 452/452
f 520/520 683/683 653/653
f 521/521 545/545 493/493
f 521/521 711/711 717/717
f 521/521 717/717 545/545
f 522/522 641/641 759/759
f 522/522 759/759 796/796
f 523/523 757/757 654/654
f 524/524 450/450 824/824
f 524/524 583/583 450/450
f 525/525 2975/2975 607/607
f 526/526 616/616 1205/1205
f 526/526 799/799 770/770
f 527/527 562/562 502/502
f 527/527 639/639 562/562
f 528/528 564/564 473/473
f 528/528 672/672 564/564
f 529/529 452/452 721/721
f 529/529 520/520 452/452
f 530/530 439/439 2951/2951
f 531/531 360/360 433/433
f 531/531 433/433 506/506
f 532/532 434/434 1164/1164
f 532/532 464/464 434/434
f 533/533 443/443 458/458
f 533/533 980/980 443/443
f 534/534 485/485 563/563
f 534/534 563/563 655/655
f 535/535 754/754 833/833
f 535/535 833/833 577/577
f 536/536 449/449 611/611
f 536/536 468/468 449/449
f 536/536 571/571 611/611
f 537/537 495/495 572/572
f 537/537 572/572 637/637
f 538/538 509/509 457/457
f 538/538 646/646 509/509
f 539/539 181/181 219/219
f 539/539 219/219 621/621
f 540/540 475/475 722/722
f 541/541 312/312 618/618
f 541/541 618/618 518/518
f 543/543 437/437 628/628
f 543/543 628/628 243/243
f 544/544 483/483 627/627
f 544/544 627/627 250/250
f 545/545 206/206 234/234
f 545/545 234/234 566/566
f 546/546 248/248 658/658
f 546/546 346/346 248/248
f 547/547 266/266 595/595
f 547/547 494/494 790/790
f 547/547 595/595 494/494
f 548/548 163/163 271/271
f 548/548 295/295 408/408
f 549/549 480/480 1179/1179
f 550/550 632/632 487/487
f 551/551 454/454 514/514
f 551/551 514/514 426/426
f 551/551 583/583 435/435
f 552/552 424/424 267/267
f 552/552 500/500 424/424
f 553/553 265/265 678/678
f 553/553 394/394 265/265
f 554/554 447/447 579/579
f 554/554 579/579 1178/1178
f 554/554 742/742 447/447
f 555/555 236/236 541/541
f 555/555 541/541 490/490
f 556/556 464/464 532/532
f 556/556 574/574 797/797
f 556/556 797/797 464/464
f 557/557 296/296 590/590
f 557/557 590/590 795/795
f 558/558 461/461 544/544
f 558/558 544/544 250/250
f 560/560 1135/1135 675/675
f 560/560 1281/1281 1135/1135
f 561/561 2921/2921 466/466
f 562/562 639/639 478/478
f 563/563 485/485 587/587
f 563/563 587/587 708/708
f 563/563 708/708 668/668
f 564/564 633/633 440/440
f 564/564 724/724 633/633
f 565/565 538/538 421/421
f 565/565 834/834 538/538
f 566/566 234/234 260/260
f 566/566 260/260 625/625
f 567/567 510/510 543/543
f 567/567 543/543 221/221
f 568/568 57/57 239/239
f 568/568 239/239 102/102
f 569/569 550/550 487/487
f 570/570 645/645 257/257
f 570/570 851/851 645/645
f 571/571 468/468 536/536
f 571/571 591/591 468/468
f 572/572 490/490 664/664
f 572/572 555/555 490/490
f 573/573 475/475 540/540
f 574/574 338/338 436/436
f 574/574 436/436 797/797
f 575/575 455/455 451/451
f 575/575 497/497 592/592
f 575/575 592/592 733/733
f 575/575 733/733 2731/2731
f 575/575 764/764 455/455
f 575/575 767/767 644/644
f 576/576 470/470 480/480
f 576/576 480/480 549/549
f 577/577 813/813 496/496
f 577/577 833/833 813/813
f 578/578 422/422 553/553
f 578/578 553/553 651/651
f 579/579 720/720 1149/1149
f 579/579 795/795 720/720
f 580/580 728/728 804/804
f 580/580 804/804 458/458
f 580/580 804/804 822/822
f 581/581 324/324 446/446
f 581/581 446/446 423/423
f 582/582 657/657 247/247
f 582/582 749/749 657/657
f 583/583 454/454 551/551
f 583/583 551/551 450/450
f 583/583 608/608 460/460
f 584/584 439/439 530/530
f 584/584 530/530 2786/2786
f 585/585 438/438 613/613
f 585/585 498/498 462/462
f 585/585 537/537 613/613
f 585/585 613/613 698/698
f 585/585 698/698 820/820
f 585/585 811/811 498/498
f 585/585 820/820 698/698
f 586/586 491/491 386/386
f 586/586 515/515 491/491
f 587/587 514/514 634/634
f 587/587 634/634 708/708
f 588/588 99/99 772/772
f 588/588 772/772 482/482
f 589/589 565/565 504/504
f 589/589 802/802 565/565
f 590/590 275/275 619/619
f 590/590 619/619 775/775
f 591/591 272/272 468/468
f 591/591 292/292 272/272
f 592/592 516/516 609/609
f 592/592 609/609 733/733
f 593/593 470/470 576/576
f 593/593 610/610 470/470
f 594/594 488/488 629/629
f 594/594 629/629 1105/1105
f 594/594 669/669 488/488
f 595/595 297/297 614/614
f 595/595 614/614 494/494
f 596/596 487/487 635/635
f 596/596 569/569 487/487
f 597/597 454/454 578/578
f 597/597 578/578 730/730
f 598/598 474/474 626/626
f 599/599 350/350 270/270
f 599/599 440/440 473/473
f 599/599 473/473 350/350
f 599/599 528/528 473/473
f 601/601 475/475 573/573
f 601/601 1163/1163 1115/1115
f 602/602 507/507 632/632
f 602/602 1280/1280 1159/1159
f 603/603 630/630 632/632
f 603/603 738/738 630/630
f 604/604 661/661 469/469
f 604/604 739/739 469/469
f 605/605 685/685 313/313
f 605/605 824/824 685/685
f 606/606 496/496 520/520
f 606/606 520/520 529/529
f 606/606 520/520 1128/1128
f 607/607 2975/2975 2868/2868
f 608/608 583/583 524/524
f 608/608 642/642 511/511
f 608/608 667/667 642/642
f 609/609 425/425 733/733
f 609/609 547/547 425/425
f 610/610 430/430 470/470
f 610/610 566/566 625/625
f 610/610 625/625 430/430
f 611/611 449/449 515/515
f 611/611 515/515 586/586
f 611/611 571/571 536/536
f 612/612 427/427 513/513
f 612/612 1232/1232 427/427
f 613/613 519/519 537/537
f 613/613 537/537 585/585
f 613/613 537/537 726/726
f 614/614 115/115 641/641
f 614/614 641/641 522/522
f 615/615 485/485 597/597
f 615/615 597/597 697/697
f 616/616 526/526 673/673
f 616/616 2875/2875 1084/1084
f 617/617 525/525 512/512
f 617/617 827/827 525/525
f 618/618 197/197 648/648
f 618/618 648/648 670/670
f 618/618 670/670 444/444
f 619/619 359/359 432/432
f 619/619 432/432 755/755
f 620/620 754/754 535/535
f 620/620 772/772 754/754
f 621/621 219/219 292/292
f 621/621 292/292 591/591
f 622/622 423/423 757/757
f 622/622 581/581 423/423
f 622/622 757/757 523/523
f 623/623 696/696 702/702
f 623/623 785/785 696/696
f 624/624 600/600 501/501
f 624/624 725/725 600/600
f 625/625 260/260 291/291
f 625/625 291/291 430/430
f 626/626 474/474 598/598
f 627/627 508/508 599/599
f 627/627 599/599 250/250
f 628/628 605/605 285/285
f 629/629 471/471 554/554
f 629/629 554/554 1178/1178
f 630/630 548/548 500/500
f 630/630 660/660 548/548
f 631/631 496/496 606/606
f 631/631 577/577 496/496
f 631/631 606/606 1128/1128
f 632/632 630/630 500/500
f 633/633 969/969 1086/1086
f 633/633 1086/1086 1227/1227
f 633/633 1227/1227 477/477
f 634/634 435/435 727/727
f 634/634 551/551 435/435
f 635/635 487/487 500/500
f 635/635 500/500 552/552
f 636/636 665/665 1016/1016
f 636/636 755/755 665/665
f 637/637 572/572 664/664
f 637/637 664/664 820/820
f 638/638 561/561 764/764
f 638/638 2840/2840 561/561
f 639/639 735/735 835/835
f 639/639 835/835 478/478
f 640/640 662/662 1008/1008
f 640/640 829/829 662/662
f 640/640 1008/1008 829/829
f 641/641 152/152 682/682
f 641/641 682/682 782/782
f 641/641 782/782 759/759
f 642/642 608/608 766/766
f 642/642 667/667 751/751
f 643/643 602/602 1011/1011
f 644/644 638/638 764/764
f 644/644 764/764 575/575
f 645/645 658/658 840/840
f 645/645 840/840 128/128
f 646/646 124/124 669/669
f 646/646 148/148 509/509
f 646/646 669/669 509/509
f 647/647 489/489 571/571
f 647/647 571/571 674/674
f 648/648 197/197 743/743
f 648/648 743/743 831/831
f 649/649 765/765 787/787
f 649/649 787/787 850/850
f 650/650 672/672 528/528
f 650/650 793/793 672/672
f 651/651 191/191 818/818
f 651/651 553/553 678/678
f 651/651 678/678 191/191
f 651/651 818/818 844/844
f 652/652 688/688 120/120
f 652/652 849/849 688/688
f 654/654 523/523 791/791
f 654/654 675/675 791/791
f 655/655 563/563 668/668
f 655/655 668/668 771/771
f 656/656 841/841 847/847
f 657/657 725/725 852/852
f 657/657 852/852 122/122
f 658/658 160/160 840/840
f 658/658 248/248 160/160
f 659/659 549/549 1061/1061
f 659/659 576/576 549/549
f 660/660 44/44 163/163
f 660/660 163/163 548/548
f 661/661 639/639 527/527
f 661/661 768/768 639/639
f 662/662 695/695 984/984
f 662/662 736/736 695/695
f 662/662 800/800 695/695
f 662/662 829/829 800/800
f 663/663 441/441 476/476
f 663/663 476/476 1021/1021
f 664/664 490/490 825/825
f 664/664 825/825 820/820
f 665/665 732/732 814/814
f 665/665 814/814 898/898
f 666/666 734/734 2648/2648
f 666/666 830/830 734/734
f 667/667 608/608 642/642
f 667/667 642/642 789/789
f 667/667 701/701 778/778
f 668/668 708/708 753/753
f 669/669 210/210 712/712
f 669/669 712/712 488/488
f 670/670 648/648 798/798
f 671/671 765/765 649/649
f 671/671 837/837 765/765
f 672/672 724/724 564/564
f 672/672 828/828 724/724
f 673/673 526/526 770/770
f 673/673 616/616 707/707
f 673/673 770/770 707/707
f 674/674 536/536 710/710
f 674/674 571/571 536/536
f 675/675 1032/1032 791/791
f 675/675 1135/1135 1032/1032
f 676/676 523/523 654/654
f 676/676 654/654 769/769
f 677/677 576/576 659/659
f 677/677 593/593 576/576
f 678/678 265/265 191/191
f 679/679 552/552 189/189
f 679/679 635/635 552/552
f 680/680 2810/2810 2671/2671
f 681/681 144/144 711/711
f 681/681 807/807 1040/1040
f 682/682 249/249 782/782
f 683/683 653/653 813/813
f 684/684 652/652 146/146
f 684/684 774/774 652/652
f 685/685 524/524 824/824
f 685/685 716/716 131/131
f 685/685 746/746 716/716
f 686/686 841/841 656/656
f 687/687 41/41 777/777
f 687/687 705/705 786/786
f 687/687 777/777 705/705
f 688/688 448/448 558/558
f 688/688 558/558 173/173
f 689/689 593/593 677/677
f 689/689 610/610 593/593
f 689/689 729/729 677/677
f 691/691 612/612 513/513
f 691/691 948/948 1067/1067
f 691/691 1148/1148 612/612
f 692/692 615/615 783/783
f 692/692 783/783 194/194
f 693/693 718/718 1041/1041
f 693/693 846/846 718/718
f 693/693 1041/1041 1063/1063
f 694/694 559/559 837/837
f 694/694 837/837 671/671
f 695/695 736/736 662/662
f 695/695 736/736 1064/1064
f 695/695 780/780 736/736
f 695/695 800/800 780/780
f 696/696 680/680 2671/2671
f 696/696 827/827 617/617
f 696/696 2671/2671 827/827
f 697/697 597/597 730/730
f 697/697 730/730 783/783
f 698/698 613/613 726/726
f 698/698 691/691 811/811
f 698/698 726/726 820/820
f 698/698 811/811 585/585
f 699/699 725/725 624/624
f 699/699 852/852 725/725
f 700/700 580/580 822/822
f 700/700 822/822 200/200
f 701/701 667/667 809/809
f 701/701 735/735 848/848
f 701/701 828/828 735/735
f 701/701 848/848 823/823
f 702/702 617/617 808/808
f 702/702 696/696 617/617
f 703/703 456/456 584/584
f 703/703 584/584 2786/2786
f 704/704 574/574 797/797
f 704/704 723/723 843/843
f 704/704 843/843 1049/1049
f 705/705 738/738 603/603
f 705/705 748/748 738/738
f 706/706 465/465 842/842
f 706/706 492/492 676/676
f 706/706 676/676 842/842
f 707/707 616/616 673/673
f 707/707 770/770 801/801
f 707/707 801/801 740/740
f 708/708 634/634 727/727
f 708/708 727/727 832/832
f 708/708 745/745 727/727
f 709/709 702/702 808/808
f 709/709 808/808 249/249
f 710/710 536/536 611/611
f 710/710 611/611 741/741
f 711/711 144/144 170/170
f 711/711 170/170 717/717
f 712/712 187/187 742/742
f 712/712 742/742 471/471
f 713/713 474/474 737/737
f 713/713 598/598 474/474
f 714/714 596/596 635/635
f 714/714 635/635 679/679
f 715/715 425/425 790/790
f 715/715 790/790 806/806
f 716/716 450/450 746/746
f 716/716 692/692 161/161
f 716/716 776/776 692/692
f 717/717 170/170 206/206
f 717/717 206/206 545/545
f 718/718 602/602 643/643
f 718/718 643/643 1041/1041
f 719/719 581/581 622/622
f 720/720 636/636 1044/1044
f 720/720 775/775 636/636
f 721/721 452/452 794/794
f 721/721 794/794 694/694
f 722/722 442/442 841/841
f 722/722 453/453 442/442
f 722/722 475/475 453/453
f 722/722 841/841 686/686
f 723/723 338/338 436/436
f 723/723 1272/1272 843/843
f 724/724 860/860 969/969
f 724/724 969/969 633/633
f 726/726 537/537 637/637
f 726/726 637/637 820/820
f 727/727 435/435 745/745
f 727/727 745/745 708/708
f 727/727 745/745 815/815
f 728/728 193/193 443/443
f 728/728 193/193 804/804
f 728/728 1643/1643 193/193
f 729/729 428/428 610/610
f 729/729 610/610 689/689
f 729/729 689/689 677/677
f 730/730 578/578 651/651
f 730/730 651/651 761/761
f 731/731 463/463 596/596
f 731/731 596/596 714/714
f 732/732 333/333 465/465
f 732/732 465/465 706/706
f 732/732 706/706 814/814
f 733/733 425/425 715/715
f 733/733 715/715 806/806
f 733/733 806/806 2648/2648
f 734/734 703/703 2648/2648
f 734/734 796/796 703/703
f 735/735 701/701 835/835
f 735/735 768/768 848/848
f 735/735 793/793 768/768
f 735/735 828/828 793/793
f 736/736 760/760 1064/1064
f 736/736 763/763 760/760
f 736/736 780/780 763/763
f 737/737 441/441 663/663
f 737/737 474/474 441/441
f 738/738 660/660 630/630
f 738/738 836/836 660/660
f 739/739 661/661 604/604
f 739/739 793/793 661/661
f 740/740 801/801 838/838
f 740/740 838/838 744/744
f 741/741 611/611 586/586
f 742/742 215/215 557/557
f 742/742 557/557 447/447
f 743/743 687/687 752/752
f 744/744 647/647 779/779
f 744/744 740/740 779/779
f 744/744 838/838 647/647
f 745/745 460/460 774/774
f 745/745 774/774 684/684
f 746/746 426/426 776/776
f 746/746 450/450 716/716
f 746/746 776/776 716/716
f 747/747 663/663 940/940
f 747/747 737/737 663/663
f 748/748 100/100 836/836
f 748/748 836/836 738/738
f 749/749 600/600 725/725
f 749/749 725/725 657/657
f 750/750 428/428 729/729
f 750/750 493/493 428/428
f 751/751 667/667 778/778
f 751/751 778/778 448/448
f 752/752 687/687 786/786
f 752/752 786/786 420/420
f 753/753 708/708 832/832
f 753/753 832/832 836/836
f 754/754 813/813 833/833
f 755/755 432/432 732/732
f 755/755 732/732 665/665
f 756/756 486/486 602/602
f 756/756 507/507 486/486
f 756/756 798/798 486/486
f 757/757 560/560 675/675
f 757/757 675/675 654/654
f 758/758 711/711 521/521
f 759/759 782/782 456/456
f 760/760 731/731 792/792
f 760/760 763/763 731/731
f 760/760 792/792 892/892
f 761/761 651/651 844/844
f 761/761 844/844 39/39
f 762/762 788/788 893/893
f 762/762 825/825 788/788
f 763/763 429/429 463/463
f 763/763 463/463 731/731
f 764/764 466/466 455/455
f 764/764 561/561 466/466
f 765/765 542/542 626/626
f 765/765 626/626 787/787
f 766/766 608/608 467/467
f 767/767 638/638 644/644
f 767/767 2840/2840 638/638
f 768/768 701/701 735/735
f 768/768 735/735 639/639
f 768/768 793/793 650/650
f 769/769 654/654 791/791
f 769/769 791/791 962/962
f 770/770 445/445 801/801
f 770/770 799/799 445/445
f 771/771 668/668 753/753
f 771/771 753/753 836/836
f 773/773 83/83 802/802
f 773/773 802/802 589/589
f 774/774 511/511 849/849
f 774/774 849/849 652/652
f 775/775 619/619 755/755
f 775/775 755/755 636/636
f 776/776 615/615 692/692
f 777/777 24/24 748/748
f 777/777 748/748 705/705
f 778/778 701/701 823/823
f 778/778 823/823 461/461
f 779/779 647/647 674/674
f 779/779 674/674 805/805
f 779/779 740/740 805/805
f 780/780 429/429 763/763
f 780/780 503/503 429/429
f 781/781 681/681 711/711
f 781/781 711/711 758/758
f 782/782 249/249 808/808
f 782/782 808/808 439/439
f 783/783 615/615 697/697
f 783/783 730/730 761/761
f 783/783 761/761 10/10
f 784/784 689/689 937/937
f 785/785 130/130 680/680
f 785/785 680/680 696/696
f 786/786 705/705 472/472
f 787/787 598/598 713/713
f 787/787 626/626 598/598
f 788/788 693/693 858/858
f 788/788 825/825 693/693
f 789/789 642/642 766/766
f 789/789 766/766 437/437
f 790/790 494/494 830/830
f 790/790 830/830 666/666
f 791/791 523/523 654/654
f 791/791 1032/1032 924/924
f 792/792 714/714 817/817
f 792/792 731/731 714/714
f 792/792 817/817 854/854
f 793/793 701/701 768/768
f 793/793 768/768 661/661
f 793/793 828/828 672/672
f 794/794 559/559 694/694
f 794/794 690/690 559/559
f 795/795 590/590 775/775
f 795/795 775/775 720/720
f 796/796 456/456 703/703
f 796/796 759/759 456/456
f 797/797 436/436 723/723
f 797/797 574/574 704/704
f 797/797 723/723 704/704
f 798/798 648/648 831/831
f 798/798 831/831 486/486
f 799/799 181/181 445/445
f 799/799 526/526 881/881
f 800/800 479/479 503/503
f 800/800 503/503 780/780
f 801/801 445/445 517/517
f 801/801 517/517 838/838
f 802/802 58/58 834/834
f 802/802 834/834 565/565
f 803/803 623/623 702/702
f 803/803 702/702 709/709
f 804/804 57/57 568/568
f 804/804 193/193 57/57
f 805/805 674/674 710/710
f 805/805 710/710 839/839
f 805/805 740/740 839/839
f 806/806 666/666 2648/2648
f 806/806 790/790 666/666
f 807/807 475/475 891/891
f 807/807 681/681 781/781
f 808/808 607/607 2868/2868
f 808/808 617/617 512/512
f 809/809 667/667 789/789
f 809/809 789/789 510/510
f 810/810 264/264 574/574
f 810/810 556/556 532/532
f 810/810 574/574 556/556
f 811/811 513/513 498/498
f 811/811 691/691 513/513
f 812/812 689/689 784/784
f 812/812 729/729 689/689
f 812/812 750/750 729/729
f 812/812 816/816 750/750
f 812/812 841/841 816/816
f 813/813 653/653 683/683
f 814/814 706/706 842/842
f 814/814 842/842 898/898
f 815/815 684/684 52/52
f 815/815 745/745 684/684
f 816/816 493/493 750/750
f 816/816 521/521 493/493
f 817/817 3/3 936/936
f 817/817 679/679 3/3
f 817/817 714/714 679/679
f 818/818 2/2 98/98
f 818/818 191/191 2/2
f 819/819 90/90 852/852
f 819/819 852/852 699/699
f 820/820 691/691 698/698
f 820/820 825/825 853/853
f 820/820 853/853 939/939
f 820/820 1067/1067 691/691
f 821/821 246/246 581/581
f 821/821 581/581 719/719
f 822/822 568/568 102/102
f 822/822 804/804 568/568
f 823/823 483/483 461/461
f 823/823 848/848 483/483
f 824/824 450/450 746/746
f 824/824 524/524 685/685
f 824/824 746/746 685/685
f 825/825 518/518 846/846
f 825/825 846/846 693/693
f 826/826 713/713 737/737
f 826/826 737/737 937/937
f 827/827 2671/2671 2975/2975
f 827/827 2975/2975 525/525
f 828/828 701/701 793/793
f 828/828 793/793 739/739
f 828/828 860/860 724/724
f 828/828 921/921 860/860
f 829/829 479/479 800/800
f 829/829 925/925 479/479
f 829/829 1008/1008 925/925
f 830/830 522/522 796/796
f 830/830 796/796 734/734
f 831/831 743/743 752/752
f 831/831 752/752 486/486
f 832/832 727/727 815/815
f 832/832 815/815 836/836
f 833/833 813/813 754/754
f 834/834 148/148 646/646
f 834/834 646/646 538/538
f 835/835 701/701 809/809
f 835/835 809/809 484/484
f 836/836 44/44 660/660
f 836/836 815/815 44/44
f 837/837 542/542 765/765
f 837/837 559/559 542/542
f 838/838 489/489 647/647
f 838/838 517/517 489/489
f 839/839 710/710 741/741
f 839/839 740/740 744/744
f 839/839 744/744 779/779
f 839/839 779/779 805/805
f 840/840 68/68 101/101
f 840/840 160/160 68/68
f 841/841 521/521 816/816
f 841/841 758/758 521/521
f 842/842 465/465 706/706
f 842/842 676/676 769/769
f 842/842 769/769 962/962
f 843/843 867/867 919/919
f 843/843 1272/1272 867/867
f 844/844 818/818 74/74
f 845/845 532/532 875/875
f 845/845 810/810 532/532
f 846/846 444/444 756/756
f 846/846 602/602 718/718
f 846/846 756/756 602/602
f 847/847 841/841 812/812
f 848/848 650/650 483/483
f 848/848 768/768 650/650
f 849/849 448/448 688/688
f 849/849 751/751 448/448
f 850/850 713/713 826/826
f 850/850 787/787 713/713
f 851/851 513/513 658/658
f 851/851 612/612 513/513
f 851/851 658/658 645/645
f 853/853 762/762 908/908
f 853/853 825/825 762/762
f 854/854 817/817 936/936
f 854/854 936/936 981/981
f 855/855 957/957 1047/1047
f 855/855 1047/1047 1211/1211
f 856/856 1030/1030 1054/1054
f 856/856 1054/1054 1050/1050
f 857/857 1197/1197 971/971
f 857/857 1197/1197 1048/1048
f 857/857 1334/1334 1197/1197
f 858/858 693/693 1063/1063
f 858/858 1063/1063 988/988
f 859/859 931/931 1177/1177
f 859/859 1064/1064 931/931
f 860/860 828/828 983/983
f 860/860 889/889 969/969
f 860/860 921/921 889/889
f 861/861 970/970 952/952
f 861/861 1149/1149 970/970
f 862/862 901/901 1052/1052
f 862/862 1082/1082 1200/1200
f 862/862 1200/1200 901/901
f 863/863 1203/1203 935/935
f 863/863 1218/1218 1203/1203
f 864/864 839/839 985/985
f 864/864 2516/2516 2630/2630
f 864/864 2657/2657 839/839
f 865/865 913/913 903/903
f 865/865 1204/1204 1273/1273
f 865/865 1228/1228 1204/1204
f 866/866 918/918 1183/1183
f 866/866 1015/1015 918/918
f 867/867 812/812 784/784
f 868/868 886/886 1001/1001
f 868/868 886/886 1284/1284
f 868/868 1233/1233 886/886
f 869/869 842/842 962/962
f 870/870 881/881 966/966
f 870/870 966/966 1175/1175
f 871/871 894/894 1220/1220
f 871/871 994/994 894/894
f 872/872 967/967 956/956
f 872/872 1597/1597 967/967
f 873/873 996/996 1072/1072
f 874/874 1201/1201 1223/1223
f 874/874 1223/1223 961/961
f 875/875 532/532 1164/1164
f 875/875 1164/1164 909/909
f 876/876 906/906 1282/1282
f 876/876 1282/1282 976/976
f 877/877 1601/1601 1634/1634
f 877/877 1634/1634 884/884
f 878/878 933/933 1056/1056
f 878/878 1056/1056 2620/2620
f 879/879 1336/1336 1637/1637
f 879/879 1637/1637 965/965
f 880/880 754/754 772/772
f 880/880 772/772 1686/1686
f 880/880 833/833 754/754
f 880/880 897/897 1686/1686
f 881/881 526/526 1205/1205
f 881/881 1205/1205 966/966
f 882/882 986/986 912/912
f 882/882 1606/1606 986/986
f 882/882 1663/1663 1703/1703
f 883/883 878/878 2580/2580
f 883/883 973/973 878/878
f 884/884 1634/1634 1663/1663
f 884/884 1663/1663 905/905
f 885/885 977/977 1030/1030
f 885/885 1030/1030 856/856
f 886/886 1256/1256 982/982
f 887/887 1176/1176 1201/1201
f 887/887 1201/1201 874/874
f 888/888 859/859 1154/1154
f 888/888 984/984 859/859
f 888/888 1154/1154 1022/1022
f 889/889 860/860 1003/1003
f 889/889 921/921 992/992
f 890/890 1159/1159 1153/1153
f 891/891 475/475 1212/1212
f 891/891 1212/1212 974/974
f 891/891 1212/1212 1040/1040
f 892/892 792/792 854/854
f 892/892 854/854 1012/1012
f 893/893 788/788 858/858
f 893/893 858/858 1010/1010
f 894/894 915/915 1039/1039
f 894/894 1039/1039 1195/1195
f 895/895 1033/1033 1218/1218
f 896/896 996/996 873/873
f 896/896 1065/1065 996/996
f 897/897 833/833 880/880
f 898/898 842/842 869/869
f 899/899 73/73 819/819
f 899/899 699/699 993/993
f 899/899 819/819 699/699
f 900/900 991/991 1024/1024
f 900/900 1073/1073 991/991
f 901/901 959/959 1031/1031
f 902/902 864/864 985/985
f 902/902 985/985 1185/1185
f 903/903 913/913 865/865
f 903/903 1228/1228 865/865
f 903/903 1239/1239 1228/1228
f 904/904 883/883 2580/2580
f 904/904 1005/1005 883/883
f 905/905 1663/1663 1703/1703
f 905/905 1703/1703 951/951
f 906/906 946/946 1282/1282
f 906/906 1071/1071 946/946
f 907/907 935/935 1247/1247
f 907/907 1247/1247 1206/1206
f 908/908 762/762 893/893
f 908/908 893/893 1035/1035
f 909/909 1164/1164 938/938
f 910/910 656/656 847/847
f 910/910 847/847 953/953
f 911/911 1016/1016 1007/1007
f 911/911 1044/1044 1016/1016
f 912/912 986/986 1068/1068
f 912/912 1068/1068 943/943
f 913/913 932/932 1239/1239
f 913/913 1239/1239 903/903
f 914/914 876/876 1029/1029
f 914/914 1217/1217 876/876
f 915/915 899/899 954/954
f 915/915 954/954 1039/1039
f 915/915 1672/1672 899/899
f 916/916 890/890 1119/1119
f 916/916 1011/1011 890/890
f 917/917 947/947 1058/1058
f 917/917 1058/1058 1256/1256
f 918/918 944/944 1253/1253
f 918/918 1046/1046 944/944
f 919/919 867/867 784/784
f 919/919 1021/1021 1049/1049
f 919/919 1188/1188 1049/1049
f 920/920 1037/1037 941/941
f 920/920 1117/1117 1037/1037
f 921/921 828/828 860/860
f 921/921 860/860 889/889
f 921/921 889/889 1019/1019
f 921/921 957/957 992/992
f 921/921 1046/1046 957/957
f 922/922 683/683 813/813
f 922/922 813/813 833/833
f 922/922 833/833 897/897
f 923/923 1221/1221 1018/1018
f 923/923 1235/1235 1262/1262
f 925/925 888/888 1022/1022
f 925/925 1022/1022 1280/1280
f 926/926 955/955 1108/1108
f 927/927 1020/1020 1009/1009
f 927/927 1043/1043 1020/1020
f 928/928 855/855 1285/1285
f 928/928 987/987 855/855
f 929/929 892/892 1012/1012
f 929/929 981/981 1106/1106
f 930/930 916/916 1089/1089
f 930/930 1041/1041 916/916
f 931/931 929/929 1087/1087
f 931/931 1017/1017 929/929
f 932/932 998/998 978/978
f 932/932 1076/1076 1266/1266
f 932/932 1266/1266 1239/1239
f 933/933 914/914 1056/1056
f 933/933 1277/1277 914/914
f 934/934 1059/1059 1685/1685
f 934/934 1199/1199 1059/1059
f 935/935 1203/1203 1267/1267
f 935/935 1267/1267 1247/1247
f 936/936 3/3 1679/1679
f 936/936 1638/1638 1679/1679
f 936/936 1679/1679 1055/1055
f 937/937 659/659 1061/1061
f 937/937 677/677 659/659
f 937/937 689/689 677/677
f 937/937 737/737 747/747
f 937/937 747/747 940/940
f 937/937 919/919 784/784
f 937/937 940/940 919/919
f 937/937 1061/1061 1023/1023
f 938/938 1091/1091 972/972
f 938/938 1164/1164 1091/1091
f 939/939 853/853 908/908
f 939/939 908/908 1060/1060
f 939/939 948/948 1067/1067
f 939/939 1060/1060 1181/1181
f 939/939 1067/1067 820/820
f 939/939 1181/1181 1060/1060
f 939/939 1181/1181 1300/1300
f 939/939 1300/1300 1181/1181
f 939/939 1300/1300 1418/1418
f 939/939 1418/1418 1300/1300
f 940/940 663/663 1021/1021
f 940/940 1021/1021 919/919
f 941/941 1037/1037 1073/1073
f 941/941 1073/1073 900/900
f 942/942 683/683 922/922
f 943/943 1033/1033 979/979
f 943/943 1068/1068 1033/1033
f 944/944 1082/1082 1186/1186
f 944/944 1186/1186 1284/1284
f 945/945 857/857 1048/1048
f 945/945 862/862 1052/1052
f 945/945 1048/1048 1240/1240
f 945/945 1052/1052 1546/1546
f 945/945 1226/1226 862/862
f 946/946 871/871 1246/1246
f 946/946 1519/1519 871/871
f 947/947 1362/1362 1729/1729
f 947/947 1729/1729 1058/1058
f 948/948 926/926 1243/1243
f 948/948 1243/1243 1067/1067
f 949/949 1065/1065 896/896
f 949/949 1098/1098 1065/1065
f 950/950 1074/1074 2553/2553
f 951/951 1703/1703 1727/1727
f 951/951 1727/1727 1666/1666
f 952/952 970/970 1044/1044
f 952/952 1044/1044 911/911
f 953/953 812/812 867/867
f 953/953 847/847 812/812
f 954/954 899/899 1066/1066
f 955/955 1088/1088 1733/1733
f 955/955 1185/1185 1088/1088
f 956/956 967/967 1043/1043
f 956/956 1043/1043 927/927
f 957/957 921/921 1047/1047
f 957/957 987/987 1062/1062
f 957/957 1046/1046 987/987
f 958/958 977/977 885/885
f 958/958 1171/1171 977/977
f 959/959 928/928 1254/1254
f 959/959 1015/1015 928/928
f 960/960 891/891 974/974
f 960/960 974/974 1093/1093
f 961/961 1223/1223 1235/1235
f 961/961 1235/1235 923/923
f 962/962 791/791 924/924
f 963/963 994/994 871/871
f 963/963 1544/1544 994/994
f 964/964 653/653 683/683
f 964/964 683/683 942/942
f 965/965 1521/1521 1159/1159
f 965/965 1637/1637 1521/1521
f 966/966 1121/1121 1262/1262
f 966/966 1205/1205 1121/1121
f 967/967 1123/1123 1043/1043
f 967/967 1482/1482 1123/1123
f 968/968 874/874 1053/1053
f 968/968 887/887 874/874
f 968/968 927/927 1009/1009
f 969/969 889/889 992/992
f 969/969 992/992 1086/1086
f 970/970 720/720 1044/1044
f 971/971 857/857 945/945
f 971/971 1197/1197 857/857
f 971/971 1657/1657 857/857
f 972/972 1091/1091 1278/1278
f 972/972 1278/1278 1000/1000
f 973/973 933/933 878/878
f 973/973 1258/1258 933/933
f 974/974 1078/1078 1264/1264
f 974/974 1212/1212 1078/1078
f 975/975 880/880 1583/1583
f 975/975 897/897 880/880
f 975/975 995/995 1583/1583
f 976/976 1169/1169 2526/2526
f 976/976 1282/1282 1169/1169
f 977/977 1501/1501 1533/1533
f 977/977 1533/1533 1030/1030
f 978/978 1076/1076 932/932
f 978/978 1104/1104 1076/1076
f 979/979 895/895 1218/1218
f 979/979 1033/1033 895/895
f 979/979 1218/1218 863/863
f 980/980 1163/1163 1202/1202
f 980/980 1202/1202 1051/1051
f 980/980 1643/1643 728/728
f 981/981 936/936 1055/1055
f 981/981 1055/1055 1263/1263
f 982/982 1256/1256 1508/1508
f 983/983 739/739 1116/1116
f 983/983 828/828 739/739
f 983/983 860/860 1116/1116
f 984/984 695/695 1064/1064
f 984/984 1064/1064 859/859
f 985/985 741/741 1102/1102
f 985/985 839/839 741/741
f 986/986 1080/1080 1068/1068
f 986/986 1471/1471 1080/1080
f 987/987 921/921 957/957
f 987/987 957/957 855/855
f 987/987 1015/1015 866/866
f 987/987 1046/1046 1015/1015
f 988/988 930/930 1265/1265
f 988/988 1063/1063 930/930
f 989/989 905/905 951/951
f 989/989 951/951 1568/1568
f 990/990 869/869 1057/1057
f 990/990 898/898 869/869
f 991/991 656/656 910/910
f 991/991 686/686 656/656
f 992/992 957/957 1042/1042
f 992/992 1042/1042 1118/1118
f 993/993 699/699 1100/1100
f 994/994 915/915 894/894
f 994/994 1687/1687 915/915
f 995/995 897/897 975/975
f 995/995 922/922 897/897
f 996/996 653/653 964/964
f 996/996 690/690 653/653
f 997/997 864/864 902/902
f 997/997 2630/2630 864/864
f 998/998 1104/1104 978/978
f 998/998 1179/1179 1104/1104
f 999/999 694/694 1023/1023
f 999/999 721/721 694/694
f 999/999 903/903 1157/1157
f 999/999 913/913 903/903
f 1000/1000 1259/1259 1036/1036
f 1000/1000 1278/1278 1259/1259
f 1001/1001 886/886 982/982
f 1001/1001 982/982 1561/1561
f 1002/1002 863/863 1038/1038
f 1002/1002 979/979 863/863
f 1003/1003 860/860 983/983
f 1003/1003 983/983 1085/1085
f 1004/1004 905/905 989/989
f 1004/1004 1028/1028 905/905
f 1005/1005 973/973 883/883
f 1005/1005 1114/1114 973/973
f 1006/1006 799/799 881/881
f 1006/1006 881/881 870/870
f 1007/1007 898/898 990/990
f 1007/1007 1016/1016 898/898
f 1008/1008 662/662 984/984
f 1008/1008 888/888 925/925
f 1008/1008 984/984 888/888
f 1009/1009 887/887 968/968
f 1009/1009 927/927 968/968
f 1009/1009 1020/1020 887/887
f 1010/1010 858/858 988/988
f 1010/1010 988/988 1213/1213
f 1011/1011 602/602 1159/1159
f 1011/1011 1159/1159 890/890
f 1012/1012 854/854 981/981
f 1012/1012 981/981 929/929
f 1013/1013 1697/1697 926/926
f 1014/1014 922/922 995/995
f 1014/1014 942/942 922/922
f 1015/1015 921/921 987/987
f 1015/1015 987/987 928/928
f 1015/1015 1046/1046 918/918
f 1016/1016 665/665 898/898
f 1017/1017 892/892 929/929
f 1018/1018 1053/1053 923/923
f 1018/1018 2281/2281 2473/2473
f 1019/1019 889/889 1003/1003
f 1019/1019 1003/1003 1167/1167
f 1020/1020 1152/1152 1176/1176
f 1020/1020 1176/1176 887/887
f 1021/1021 476/476 1225/1225
f 1021/1021 1225/1225 1049/1049
f 1022/1022 1154/1154 1170/1170
f 1023/1023 649/649 850/850
f 1023/1023 671/671 649/649
f 1023/1023 694/694 671/671
f 1023/1023 826/826 937/937
f 1023/1023 850/850 826/826
f 1023/1023 913/913 999/999
f 1023/1023 932/932 913/913
f 1023/1023 998/998 932/932
f 1023/1023 1061/1061 998/998
f 1024/1024 900/900 1069/1069
f 1024/1024 910/910 1069/1069
f 1024/1024 991/991 910/910
f 1025/1025 1051/1051 1209/1209
f 1025/1025 1209/1209 1126/1126
f 1026/1026 947/947 917/917
f 1026/1026 1242/1242 947/947
f 1027/1027 1005/1005 904/904
f 1027/1027 1079/1079 1005/1005
f 1028/1028 877/877 884/884
f 1028/1028 884/884 905/905
f 1028/1028 1054/1054 877/877
f 1029/1029 876/876 976/976
f 1029/1029 976/976 1056/1056
f 1029/1029 976/976 2445/2445
f 1030/1030 1533/1533 1566/1566
f 1030/1030 1566/1566 1054/1054
f 1031/1031 959/959 1254/1254
f 1031/1031 1124/1124 1619/1619
f 1031/1031 1254/1254 1124/1124
f 1032/1032 962/962 924/924
f 1033/1033 1137/1137 1218/1218
f 1033/1033 1165/1165 1137/1137
f 1034/1034 1071/1071 906/906
f 1035/1035 893/893 1010/1010
f 1035/1035 1010/1010 1213/1213
f 1036/1036 1214/1214 1070/1070
f 1036/1036 1259/1259 1214/1214
f 1037/1037 540/540 722/722
f 1037/1037 722/722 1073/1073
f 1038/1038 863/863 935/935
f 1038/1038 935/935 1075/1075
f 1039/1039 954/954 1066/1066
f 1039/1039 1066/1066 1155/1155
f 1040/1040 807/807 891/891
f 1040/1040 891/891 960/960
f 1040/1040 1212/1212 891/891
f 1041/1041 643/643 1011/1011
f 1041/1041 1011/1011 916/916
f 1041/1041 1011/1011 1063/1063
f 1042/1042 957/957 1062/1062
f 1042/1042 1062/1062 1156/1156
f 1042/1042 1156/1156 1144/1144
f 1043/1043 1123/1123 1152/1152
f 1043/1043 1152/1152 1020/1020
f 1044/1044 636/636 1016/1016
f 1045/1045 902/902 1185/1185
f 1045/1045 1185/1185 955/955
f 1046/1046 921/921 1015/1015
f 1046/1046 1015/1015 959/959
f 1046/1046 1082/1082 944/944
f 1046/1046 1146/1146 1082/1082
f 1047/1047 921/921 1019/1019
f 1047/1047 1019/1019 1140/1140
f 1048/1048 1174/1174 1240/1240
f 1048/1048 1197/1197 1174/1174
f 1049/1049 843/843 919/919
f 1049/1049 1188/1188 919/919
f 1049/1049 1225/1225 1188/1188
f 1050/1050 1054/1054 1028/1028
f 1051/1051 1202/1202 1209/1209
f 1052/1052 901/901 1031/1031
f 1052/1052 1031/1031 1576/1576
f 1053/1053 874/874 961/961
f 1053/1053 961/961 923/923
f 1054/1054 1566/1566 1601/1601
f 1054/1054 1601/1601 877/877
f 1055/1055 1364/1364 1182/1182
f 1055/1055 1513/1513 1547/1547
f 1055/1055 1547/1547 1364/1364
f 1055/1055 1679/1679 1547/1547
f 1056/1056 914/914 1029/1029
f 1056/1056 976/976 1029/1029
f 1056/1056 1029/1029 2620/2620
f 1057/1057 869/869 962/962
f 1057/1057 962/962 1032/1032
f 1058/1058 1602/1602 1256/1256
f 1058/1058 1729/1729 1602/1602
f 1059/1059 580/580 700/700
f 1059/1059 700/700 1584/1584
f 1060/1060 908/908 1035/1035
f 1060/1060 948/948 939/939
f 1060/1060 1035/1035 1181/1181
f 1060/1060 1101/1101 948/948
f 1061/1061 549/549 1179/1179
f 1061/1061 1179/1179 998/998
f 1062/1062 866/866 1156/1156
f 1062/1062 987/987 866/866
f 1063/1063 1011/1011 1041/1041
f 1063/1063 1041/1041 930/930
f 1064/1064 760/760 892/892
f 1064/1064 892/892 1017/1017
f 1064/1064 1017/1017 931/931
f 1065/1065 559/559 690/690
f 1065/1065 690/690 996/996
f 1066/1066 899/899 993/993
f 1066/1066 993/993 1139/1139
f 1067/1067 948/948 691/691
f 1067/1067 1148/1148 691/691
f 1067/1067 1243/1243 1148/1148
f 1068/1068 1080/1080 1165/1165
f 1068/1068 1165/1165 1033/1033
f 1069/1069 900/900 1024/1024
f 1069/1069 910/910 953/953
f 1069/1069 953/953 867/867
f 1070/1070 1187/1187 1099/1099
f 1070/1070 1214/1214 1187/1187
f 1071/1071 1519/1519 946/946
f 1072/1072 942/942 1014/1014
f 1072/1072 964/964 942/942
f 1072/1072 996/996 964/964
f 1073/1073 686/686 991/991
f 1073/1073 722/722 686/686
f 1074/1074 904/904 2553/2553
f 1074/1074 1027/1027 904/904
f 1074/1074 1168/1168 1027/1027
f 1075/1075 907/907 1103/1103
f 1075/1075 935/935 907/907
f 1075/1075 1038/1038 1103/1103
f 1076/1076 1252/1252 1270/1270
f 1076/1076 1270/1270 1266/1266
f 1077/1077 1350/1350 1381/1381
f 1077/1077 1381/1381 1402/1402
f 1077/1077 1402/1402 1127/1127
f 1078/1078 1115/1115 1199/1199
f 1078/1078 1199/1199 934/934
f 1079/1079 1114/1114 1005/1005
f 1079/1079 1210/1210 1114/1114
f 1080/1080 1184/1184 1165/1165
f 1080/1080 1371/1371 1184/1184
f 1081/1081 990/990 1162/1162
f 1082/1082 1046/1046 1200/1200
f 1082/1082 1110/1110 1186/1186
f 1082/1082 1146/1146 1110/1110
f 1083/1083 573/573 1117/1117
f 1083/1083 601/601 573/573
f 1084/1084 2297/2297 2405/2405
f 1084/1084 2405/2405 1221/1221
f 1084/1084 2875/2875 2405/2405
f 1085/1085 983/983 1116/1116
f 1086/1086 992/992 1118/1118
f 1086/1086 1118/1118 1227/1227
f 1087/1087 929/929 1106/1106
f 1087/1087 1106/1106 1420/1420
f 1088/1088 1102/1102 1231/1231
f 1088/1088 1231/1231 1421/1421
f 1089/1089 916/916 1119/1119
f 1089/1089 1119/1119 1422/1422
f 1090/1090 989/989 1457/1457
f 1090/1090 1004/1004 989/989
f 1091/1091 1164/1164 1111/1111
f 1091/1091 1180/1180 1278/1278
f 1091/1091 1215/1215 1180/1180
f 1092/1092 1105/1105 1178/1178
f 1093/1093 974/974 1264/1264
f 1093/1093 1264/1264 1445/1445
f 1094/1094 920/920 941/941
f 1094/1094 941/941 900/900
f 1095/1095 1344/1344 1377/1377
f 1095/1095 1377/1377 1399/1399
f 1095/1095 1399/1399 1120/1120
f 1096/1096 855/855 1131/1131
f 1096/1096 1131/1131 1447/1447
f 1097/1097 1155/1155 1269/1269
f 1097/1097 1251/1251 1269/1269
f 1097/1097 1269/1269 2367/2367
f 1098/1098 542/542 559/559
f 1098/1098 559/559 1065/1065
f 1098/1098 1145/1145 1112/1112
f 1099/1099 949/949 1132/1132
f 1099/1099 1187/1187 949/949
f 1100/1100 624/624 1192/1192
f 1100/1100 699/699 624/624
f 1101/1101 926/926 948/948
f 1101/1101 1013/1013 926/926
f 1101/1101 1557/1557 1013/1013
f 1102/1102 586/586 1231/1231
f 1102/1102 741/741 586/586
f 1103/1103 907/907 1206/1206
f 1103/1103 1038/1038 1075/1075
f 1103/1103 1206/1206 1138/1138
f 1104/1104 1191/1191 1252/1252
f 1104/1104 1252/1252 1076/1076
f 1105/1105 629/629 1178/1178
f 1106/1106 981/981 1237/1237
f 1106/1106 1237/1237 1423/1423
f 1107/1107 911/911 1007/1007
f 1107/1107 1007/1007 990/990
f 1108/1108 955/955 1733/1733
f 1108/1108 1403/1403 1232/1232
f 1108/1108 1733/1733 1403/1403
f 1109/1109 1093/1093 1445/1445
f 1109/1109 1445/1445 1242/1242
f 1110/1110 1046/1046 1082/1082
f 1110/1110 1082/1082 1226/1226
f 1110/1110 1146/1146 1233/1233
f 1111/1111 1215/1215 1091/1091
f 1111/1111 1283/1283 1215/1215
f 1112/1112 542/542 1098/1098
f 1112/1112 626/626 542/542
f 1112/1112 1145/1145 1098/1098
f 1113/1113 1034/1034 1217/1217
f 1113/1113 1589/1589 1034/1034
f 1114/1114 1143/1143 1258/1258
f 1114/1114 1258/1258 973/973
f 1115/1115 533/533 1199/1199
f 1115/1115 1163/1163 533/533
f 1116/1116 604/604 1249/1249
f 1116/1116 739/739 604/604
f 1116/1116 860/860 983/983
f 1117/1117 540/540 1037/1037
f 1117/1117 573/573 540/540
f 1118/1118 1042/1042 1144/1144
f 1118/1118 1144/1144 1189/1189
f 1119/1119 890/890 1153/1153
f 1119/1119 1153/1153 1438/1438
f 1120/1120 1399/1399 1430/1430
f 1120/1120 1430/1430 1133/1133
f 1121/1121 1084/1084 1221/1221
f 1121/1121 1221/1221 923/923
f 1122/1122 1097/1097 2367/2367
f 1122/1122 1195/1195 1097/1097
f 1123/1123 1224/1224 1152/1152
f 1123/1123 1389/1389 1224/1224
f 1124/1124 959/959 1254/1254
f 1124/1124 1096/1096 1417/1417
f 1124/1124 1285/1285 1096/1096
f 1125/1125 1161/1161 1432/1432
f 1125/1125 1253/1253 1161/1161
f 1126/1126 920/920 1094/1094
f 1126/1126 1209/1209 920/920
f 1127/1127 1402/1402 1433/1433
f 1127/1127 1433/1433 1147/1147
f 1128/1128 520/520 606/606
f 1128/1128 606/606 1157/1157
f 1128/1128 1222/1222 1219/1219
f 1128/1128 1273/1273 1222/1222
f 1129/1129 1004/1004 1090/1090
f 1129/1129 1028/1028 1004/1004
f 1129/1129 1150/1150 1090/1090
f 1130/1130 868/868 1001/1001
f 1130/1130 1001/1001 1474/1474
f 1131/1131 855/855 1211/1211
f 1131/1131 1140/1140 1216/1216
f 1131/1131 1216/1216 1481/1481
f 1132/1132 896/896 1158/1158
f 1132/1132 949/949 896/896
f 1133/1133 1430/1430 1475/1475
f 1133/1133 1475/1475 1171/1171
f 1134/1134 1122/1122 2355/2355
f 1135/1135 990/990 1057/1057
f 1135/1135 1057/1057 1032/1032
f 1136/1136 1168/1168 1074/1074
f 1136/1136 1276/1276 1168/1168
f 1137/1137 1244/1244 1218/1218
f 1137/1137 1260/1260 1244/1244
f 1138/1138 1206/1206 1279/1279
f 1138/1138 1279/1279 1172/1172
f 1139/1139 993/993 1100/1100
f 1139/1139 1100/1100 1251/1251
f 1140/1140 1019/1019 1167/1167
f 1140/1140 1167/1167 1216/1216
f 1141/1141 1026/1026 1256/1256
f 1141/1141 1174/1174 1026/1026
f 1142/1142 900/900 1208/1208
f 1142/1142 1094/1094 900/900
f 1143/1143 1166/1166 1258/1258
f 1143/1143 1480/1480 1166/1166
f 1144/1144 1156/1156 1274/1274
f 1145/1145 598/598 626/626
f 1145/1145 626/626 1112/1112
f 1146/1146 1046/1046 1110/1110
f 1146/1146 1110/1110 1240/1240
f 1146/1146 1141/1141 1256/1256
f 1147/1147 1433/1433 1477/1477
f 1148/1148 1108/1108 1232/1232
f 1148/1148 1232/1232 612/612
f 1149/1149 720/720 970/970
f 1150/1150 1028/1028 1129/1129
f 1150/1150 1050/1050 1028/1028
f 1150/1150 1129/1129 1090/1090
f 1151/1151 902/902 1045/1045
f 1151/1151 997/997 902/902
f 1152/1152 1224/1224 1241/1241
f 1152/1152 1241/1241 1176/1176
f 1153/1153 1159/1159 1466/1466
f 1154/1154 859/859 1177/1177
f 1154/1154 1177/1177 1470/1470
f 1154/1154 1234/1234 879/879
f 1154/1154 1470/1470 1234/1234
f 1155/1155 1066/1066 1139/1139
f 1155/1155 1139/1139 1269/1269
f 1156/1156 866/866 1183/1183
f 1156/1156 1183/1183 1257/1257
f 1156/1156 1253/1253 1183/1183
f 1157/1157 529/529 721/721
f 1157/1157 606/606 529/529
f 1157/1157 721/721 999/999
f 1157/1157 865/865 1273/1273
f 1157/1157 903/903 865/865
f 1157/1157 1273/1273 1128/1128
f 1158/1158 873/873 1194/1194
f 1158/1158 896/896 873/873
f 1159/1159 1170/1170 1268/1268
f 1160/1160 856/856 1050/1050
f 1160/1160 1050/1050 1150/1150
f 1161/1161 1130/1130 1495/1495
f 1161/1161 1284/1284 1130/1130
f 1162/1162 990/990 1135/1135
f 1163/1163 601/601 1083/1083
f 1163/1163 980/980 533/533
f 1164/1164 434/434 1283/1283
f 1164/1164 1283/1283 1111/1111
f 1165/1165 1184/1184 1260/1260
f 1165/1165 1260/1260 1137/1137
f 1166/1166 1113/1113 1277/1277
f 1166/1166 1451/1451 1113/1113
f 1167/1167 1003/1003 1085/1085
f 1167/1167 1085/1085 1116/1116
f 1167/1167 1116/1116 1271/1271
f 1167/1167 1271/1271 1193/1193
f 1168/1168 1079/1079 1027/1027
f 1169/1169 1246/1246 2326/2326
f 1170/1170 879/879 1268/1268
f 1170/1170 1154/1154 879/879
f 1171/1171 1475/1475 1501/1501
f 1171/1171 1501/1501 977/977
f 1172/1172 1245/1245 1198/1198
f 1172/1172 1279/1279 1245/1245
f 1173/1173 441/441 474/474
f 1173/1173 474/474 598/598
f 1173/1173 598/598 1145/1145
f 1174/1174 1197/1197 1026/1026
f 1175/1175 966/966 1262/1262
f 1175/1175 1477/1477 1504/1504
f 1176/1176 1241/1241 1261/1261
f 1176/1176 1261/1261 1201/1201
f 1177/1177 931/931 1087/1087
f 1177/1177 1087/1087 1498/1498
f 1177/1177 1498/1498 1374/1374
f 1178/1178 579/579 1149/1149
f 1179/1179 480/480 499/499
f 1179/1179 499/499 1191/1191
f 1179/1179 1191/1191 1104/1104
f 1180/1180 1215/1215 1173/1173
f 1181/1181 1035/1035 1213/1213
f 1181/1181 1101/1101 1060/1060
f 1181/1181 1213/1213 1300/1300
f 1181/1181 1408/1408 1101/1101
f 1182/1182 1364/1364 1302/1302
f 1183/1183 918/918 1253/1253
f 1183/1183 1253/1253 1125/1125
f 1183/1183 1253/1253 1156/1156
f 1184/1184 421/421 1260/1260
f 1184/1184 1386/1386 1371/1371
f 1185/1185 985/985 1102/1102
f 1185/1185 1102/1102 1088/1088
f 1186/1186 1110/1110 1233/1233
f 1186/1186 1233/1233 868/868
f 1187/1187 1098/1098 949/949
f 1187/1187 1112/1112 1098/1098
f 1187/1187 1259/1259 1214/1214
f 1188/1188 704/704 1049/1049
f 1188/1188 797/797 704/704
f 1189/1189 1144/1144 1274/1274
f 1189/1189 1274/1274 1340/1340
f 1190/1190 1024/1024 1069/1069
f 1190/1190 1069/1069 1272/1272
f 1191/1191 499/499 1309/1309
f 1191/1191 1309/1309 1252/1252
f 1192/1192 501/501 2299/2299
f 1192/1192 624/624 501/501
f 1193/1193 1271/1271 1333/1333
f 1194/1194 873/873 1072/1072
f 1194/1194 1072/1072 1229/1229
f 1195/1195 1039/1039 1155/1155
f 1195/1195 1155/1155 1097/1097
f 1196/1196 856/856 1160/1160
f 1196/1196 885/885 856/856
f 1197/1197 1109/1109 1242/1242
f 1197/1197 1242/1242 1026/1026
f 1197/1197 1405/1405 1109/1109
f 1198/1198 1107/1107 1230/1230
f 1198/1198 1245/1245 1107/1107
f 1199/1199 458/458 1059/1059
f 1199/1199 533/533 458/458
f 1200/1200 959/959 901/901
f 1200/1200 1046/1046 959/959
f 1201/1201 1077/1077 1223/1223
f 1201/1201 1261/1261 1077/1077
f 1202/1202 1083/1083 1209/1209
f 1202/1202 1163/1163 1083/1083
f 1203/1203 1092/1092 1267/1267
f 1203/1203 1105/1105 1092/1092
f 1204/1204 1133/1133 1171/1171
f 1204/1204 1171/1171 958/958
f 1205/1205 616/616 1084/1084
f 1205/1205 1084/1084 1121/1121
f 1206/1206 861/861 1279/1279
f 1206/1206 1247/1247 861/861
f 1207/1207 1210/1210 1079/1079
f 1207/1207 1330/1330 1210/1210
f 1208/1208 900/900 1024/1024
f 1208/1208 1024/1024 1190/1190
f 1209/1209 1083/1083 1117/1117
f 1209/1209 1117/1117 920/920
f 1210/1210 1143/1143 1114/1114
f 1210/1210 1480/1480 1143/1143
f 1211/1211 1047/1047 1140/1140
f 1211/1211 1140/1140 1131/1131
f 1212/1212 601/601 1115/1115
f 1212/1212 1115/1115 1078/1078
f 1213/1213 988/988 1238/1238
f 1213/1213 1238/1238 1325/1325
f 1214/1214 1112/1112 1187/1187
f 1214/1214 1145/1145 1112/1112
f 1214/1214 1259/1259 1187/1187
f 1215/1215 441/441 1173/1173
f 1215/1215 476/476 441/441
f 1216/1216 1167/1167 1193/1193
f 1216/1216 1193/1193 1292/1292
f 1217/1217 906/906 876/876
f 1217/1217 1034/1034 906/906
f 1218/1218 1105/1105 1203/1203
f 1218/1218 1244/1244 1105/1105
f 1219/1219 431/431 631/631
f 1219/1219 459/459 431/431
f 1219/1219 482/482 459/459
f 1219/1219 505/505 482/482
f 1219/1219 631/631 1128/1128
f 1219/1219 1129/1129 1341/1341
f 1219/1219 1150/1150 1129/1129
f 1219/1219 1160/1160 1150/1150
f 1219/1219 1196/1196 1160/1160
f 1219/1219 1222/1222 1196/1196
f 1220/1220 894/894 1195/1195
f 1220/1220 1195/1195 1122/1122
f 1221/1221 2281/2281 1018/1018
f 1221/1221 2405/2405 2281/2281
f 1222/1222 885/885 1196/1196
f 1222/1222 958/958 885/885
f 1223/1223 1077/1077 1127/1127
f 1223/1223 1127/1127 1235/1235
f 1224/1224 1275/1275 1318/1318
f 1224/1224 1318/1318 1241/1241
f 1226/1226 1082/1082 862/862
f 1227/1227 1118/1118 1189/1189
f 1227/1227 1189/1189 1340/1340
f 1228/1228 1133/1133 1204/1204
f 1228/1228 1239/1239 1133/1133
f 1229/1229 1014/1014 1250/1250
f 1229/1229 1072/1072 1014/1014
f 1230/1230 990/990 1081/1081
f 1230/1230 1081/1081 1255/1255
f 1230/1230 1107/1107 990/990
f 1231/1231 586/586 1342/1342
f 1232/1232 1312/1312 427/427
f 1232/1232 1403/1403 1312/1312
f 1233/1233 1146/1146 1256/1256
f 1233/1233 1256/1256 886/886
f 1234/1234 1336/1336 879/879
f 1234/1234 1470/1470 1336/1336
f 1235/1235 1127/1127 1147/1147
f 1235/1235 1147/1147 1477/1477
f 1235/1235 1477/1477 1262/1262
f 1236/1236 997/997 1151/1151
f 1236/1236 2494/2494 997/997
f 1237/1237 981/981 1263/1263
f 1237/1237 1263/1263 1423/1423
f 1238/1238 988/988 1265/1265
f 1238/1238 1265/1265 1346/1346
f 1239/1239 1076/1076 1266/1266
f 1239/1239 1095/1095 1120/1120
f 1239/1239 1120/1120 1133/1133
f 1240/1240 1110/1110 1226/1226
f 1240/1240 1141/1141 1146/1146
f 1240/1240 1174/1174 1141/1141
f 1240/1240 1226/1226 945/945
f 1241/1241 1318/1318 1350/1350
f 1241/1241 1350/1350 1077/1077
f 1242/1242 1362/1362 947/947
f 1242/1242 1445/1445 1362/1362
f 1243/1243 926/926 1108/1108
f 1243/1243 1108/1108 1148/1148
f 1244/1244 1260/1260 1105/1105
f 1245/1245 911/911 1107/1107
f 1245/1245 952/952 911/911
f 1246/1246 871/871 1220/1220
f 1246/1246 1122/1122 1134/1134
f 1246/1246 1134/1134 2355/2355
f 1246/1246 1220/1220 1122/1122
f 1247/1247 1149/1149 861/861
f 1247/1247 1178/1178 1149/1149
f 1247/1247 1203/1203 1267/1267
f 1248/1248 1276/1276 1136/1136
f 1248/1248 1387/1387 1276/1276
f 1249/1249 469/469 1388/1388
f 1249/1249 604/604 469/469
f 1250/1250 995/995 1275/1275
f 1250/1250 1014/1014 995/995
f 1251/1251 1100/1100 1192/1192
f 1251/1251 1192/1192 2228/2228
f 1252/1252 1309/1309 1344/1344
f 1252/1252 1344/1344 1270/1270
f 1253/1253 944/944 1284/1284
f 1253/1253 1284/1284 1161/1161
f 1254/1254 928/928 1285/1285
f 1254/1254 959/959 1124/1124
f 1254/1254 1285/1285 1124/1124
f 1255/1255 1081/1081 1162/1162
f 1255/1255 1162/1162 1281/1281
f 1256/1256 1026/1026 917/917
f 1257/1257 1125/1125 1340/1340
f 1257/1257 1183/1183 1125/1125
f 1258/1258 1166/1166 1277/1277
f 1258/1258 1277/1277 933/933
f 1259/1259 1145/1145 1214/1214
f 1259/1259 1173/1173 1145/1145
f 1260/1260 457/457 1105/1105
f 1261/1261 1241/1241 1077/1077
f 1262/1262 1121/1121 923/923
f 1262/1262 1477/1477 1175/1175
f 1263/1263 1055/1055 1182/1182
f 1263/1263 1182/1182 1383/1383
f 1264/1264 934/934 1353/1353
f 1264/1264 1078/1078 934/934
f 1265/1265 930/930 1089/1089
f 1265/1265 1089/1089 1376/1376
f 1266/1266 1076/1076 1239/1239
f 1266/1266 1095/1095 1239/1239
f 1266/1266 1270/1270 1095/1095
f 1267/1267 1092/1092 1178/1178
f 1267/1267 1178/1178 1247/1247
f 1267/1267 1203/1203 1247/1247
f 1268/1268 879/879 965/965
f 1268/1268 965/965 1159/1159
f 1269/1269 1139/1139 1251/1251
f 1269/1269 1251/1251 1097/1097
f 1269/1269 1251/1251 2201/2201
f 1270/1270 1344/1344 1095/1095
f 1271/1271 1116/1116 1249/1249
f 1271/1271 1249/1249 1361/1361
f 1272/1272 1069/1069 867/867
f 1273/1273 958/958 1222/1222
f 1273/1273 1204/1204 958/958
f 1274/1274 1156/1156 1257/1257
f 1274/1274 1257/1257 1340/1340
f 1275/1275 975/975 1583/1583
f 1275/1275 995/995 975/975
f 1276/1276 1387/1387 1168/1168
f 1277/1277 1113/1113 1217/1217
f 1277/1277 1217/1217 914/914
f 1278/1278 1173/1173 1259/1259
f 1278/1278 1180/1180 1173/1173
f 1279/1279 861/861 952/952
f 1279/1279 952/952 1245/1245
f 1280/1280 1022/1022 1170/1170
f 1280/1280 1170/1170 479/479
f 1280/1280 1170/1170 1159/1159
f 1281/1281 1162/1162 1135/1135
f 1282/1282 946/946 1246/1246
f 1282/1282 1246/1246 1169/1169
f 1283/1283 434/434 476/476
f 1283/1283 476/476 1215/1215
f 1284/1284 868/868 1130/1130
f 1284/1284 886/886 868/868
f 1284/1284 1186/1186 868/868
f 1285/1285 855/855 1096/1096
f 1286/1286 1413/1413 1370/1370
f 1286/1286 1435/1435 1413/1413
f 1287/1287 1321/1321 1632/1632
f 1287/1287 1474/1474 1321/1321
f 1288/1288 1132/1132 1158/1158
f 1288/1288 1158/1158 1194/1194
f 1288/1288 1194/1194 1343/1343
f 1289/1289 1190/1190 1272/1272
f 1289/1289 1208/1208 1190/1190
f 1290/1290 1409/1409 1366/1366
f 1290/1290 1617/1617 1409/1409
f 1291/1291 398/398 1372/1372
f 1291/1291 1372/1372 1407/1407
f 1292/1292 1193/1193 1333/1333
f 1292/1292 1333/1333 1600/1600
f 1293/1293 1311/1311 1655/1655
f 1293/1293 1655/1655 1408/1408
f 1294/1294 1394/1394 1324/1324
f 1294/1294 1394/1394 1618/1618
f 1294/1294 1489/1489 1394/1394
f 1295/1295 1172/1172 1198/1198
f 1295/1295 1198/1198 1314/1314
f 1296/1296 1467/1467 1499/1499
f 1296/1296 1499/1499 1496/1496
f 1297/1297 1317/1317 1665/1665
f 1297/1297 1438/1438 1317/1317
f 1298/1298 1639/1639 1668/1668
f 1298/1298 1668/1668 1385/1385
f 1299/1299 1338/1338 1670/1670
f 1299/1299 1423/1423 1338/1338
f 1300/1300 1213/1213 1325/1325
f 1300/1300 1293/1293 1408/1408
f 1300/1300 1325/1325 1418/1418
f 1300/1300 1346/1346 1325/1325
f 1300/1300 1408/1408 1181/1181
f 1301/1301 212/212 1490/1490
f 1301/1301 1327/1327 357/357
f 1301/1301 1490/1490 1327/1327
f 1302/1302 1248/1248 1415/1415
f 1302/1302 1364/1364 1248/1248
f 1303/1303 8/8 352/352
f 1303/1303 256/256 352/352
f 1303/1303 352/352 1404/1404
f 1304/1304 1330/1330 1207/1207
f 1304/1304 1592/1592 1330/1330
f 1305/1305 1628/1628 1735/1735
f 1305/1305 1654/1654 1628/1628
f 1306/1306 331/331 1386/1386
f 1307/1307 1335/1335 1690/1690
f 1307/1307 1647/1647 1690/1690
f 1307/1307 1677/1677 1647/1647
f 1308/1308 1417/1417 1731/1731
f 1308/1308 1731/1731 1434/1434
f 1309/1309 273/273 1426/1426
f 1309/1309 1426/1426 1344/1344
f 1310/1310 1303/1303 1404/1404
f 1310/1310 1404/1404 1644/1644
f 1311/1311 1380/1380 1500/1500
f 1311/1311 1500/1500 1655/1655
f 1312/1312 1721/1721 346/346
f 1313/1313 1125/1125 1373/1373
f 1313/1313 1373/1373 1492/1492
f 1314/1314 1198/1198 1230/1230
f 1314/1314 1230/1230 1357/1357
f 1315/1315 1291/1291 1437/1437
f 1316/1316 1436/1436 1467/1467
f 1316/1316 1467/1467 1296/1296
f 1317/1317 1351/1351 1650/1650
f 1318/1318 1275/1275 1583/1583
f 1318/1318 1583/1583 1350/1350
f 1319/1319 1323/1323 1439/1439
f 1319/1319 1439/1439 1646/1646
f 1320/1320 1435/1435 1286/1286
f 1320/1320 1591/1591 1435/1435
f 1320/1320 1722/1722 1691/1691
f 1321/1321 1561/1561 1692/1692
f 1321/1321 1692/1692 1659/1659
f 1322/1322 1444/1444 379/379
f 1322/1322 1643/1643 1358/1358
f 1323/1323 2168/2168 1439/1439
f 1324/1324 1294/1294 1589/1589
f 1324/1324 1394/1394 1294/1294
f 1324/1324 1406/1406 1294/1294
f 1325/1325 1238/1238 1346/1346
f 1325/1325 1346/1346 1300/1300
f 1325/1325 1346/1346 1450/1450
f 1326/1326 377/377 1306/1306
f 1327/1327 1490/1490 1460/1460
f 1328/1328 1308/1308 1401/1401
f 1328/1328 1619/1619 1308/1308
f 1329/1329 281/281 1452/1452
f 1329/1329 1452/1452 1391/1391
f 1330/1330 1455/1455 1210/1210
f 1330/1330 1667/1667 1455/1455
f 1331/1331 1623/1623 1639/1639
f 1331/1331 1639/1639 1298/1298
f 1332/1332 1142/1142 1208/1208
f 1332/1332 1208/1208 1289/1289
f 1333/1333 1271/1271 1361/1361
f 1333/1333 1361/1361 1580/1580
f 1334/1334 1405/1405 1197/1197
f 1334/1334 1720/1720 1405/1405
f 1335/1335 1365/1365 1677/1677
f 1335/1335 1677/1677 1307/1307
f 1336/1336 1347/1347 1425/1425
f 1336/1336 1425/1425 1637/1637
f 1337/1337 1441/1441 1384/1384
f 1337/1337 1594/1594 1441/1441
f 1338/1338 1348/1348 1469/1469
f 1338/1338 1469/1469 1631/1631
f 1339/1339 1577/1577 1654/1654
f 1339/1339 1654/1654 1305/1305
f 1340/1340 1125/1125 1313/1313
f 1340/1340 1313/1313 238/238
f 1341/1341 283/283 387/387
f 1341/1341 368/368 505/505
f 1341/1341 387/387 368/368
f 1341/1341 505/505 1219/1219
f 1341/1341 1090/1090 1457/1457
f 1341/1341 1129/1129 1090/1090
f 1341/1341 1431/1431 1427/1427
f 1341/1341 1457/1457 1431/1431
f 1342/1342 386/386 1573/1573
f 1342/1342 586/586 386/386
f 1342/1342 1231/1231 1573/1573
f 1343/1343 1194/1194 1229/1229
f 1343/1343 1229/1229 1250/1250
f 1344/1344 1426/1426 1502/1502
f 1344/1344 1502/1502 1377/1377
f 1345/1345 1699/1699 1652/1652
f 1345/1345 1735/1735 1699/1699
f 1346/1346 1265/1265 1376/1376
f 1346/1346 1376/1376 1497/1497
f 1346/1346 1497/1497 1611/1611
f 1347/1347 1177/1177 1374/1374
f 1347/1347 1374/1374 1728/1728
f 1347/1347 1728/1728 1425/1425
f 1348/1348 1383/1383 1469/1469
f 1349/1349 1393/1393 1563/1563
f 1349/1349 1723/1723 1393/1393
f 1350/1350 1559/1559 1381/1381
f 1350/1350 1583/1583 1559/1559
f 1351/1351 1159/1159 1646/1646
f 1351/1351 1646/1646 1730/1730
f 1352/1352 1436/1436 1316/1316
f 1352/1352 1609/1609 1436/1436
f 1353/1353 934/934 1685/1685
f 1353/1353 1541/1541 1429/1429
f 1353/1353 1685/1685 1541/1541
f 1354/1354 1328/1328 1494/1494
f 1354/1354 1375/1375 1456/1456
f 1354/1354 1456/1456 1546/1546
f 1354/1354 1576/1576 1328/1328
f 1355/1355 181/181 1562/1562
f 1355/1355 1006/1006 1562/1562
f 1355/1355 1562/1562 1491/1491
f 1356/1356 1125/1125 1432/1432
f 1356/1356 1432/1432 1440/1440
f 1357/1357 1230/1230 1255/1255
f 1357/1357 1255/1255 1382/1382
f 1358/1358 1643/1643 1722/1722
f 1358/1358 1722/1722 1390/1390
f 1359/1359 1454/1454 1424/1424
f 1359/1359 1486/1486 1454/1454
f 1360/1360 1391/1391 1448/1448
f 1360/1360 1453/1453 1448/1448
f 1360/1360 1484/1484 1453/1453
f 1361/1361 1249/1249 1388/1388
f 1361/1361 1388/1388 1555/1555
f 1362/1362 1353/1353 1429/1429
f 1362/1362 1429/1429 1729/1729
f 1363/1363 1250/1250 1389/1389
f 1364/1364 1387/1387 1248/1248
f 1364/1364 1513/1513 1387/1387
f 1365/1365 1396/1396 1378/1378
f 1365/1365 1704/1704 1677/1677
f 1365/1365 1718/1718 1704/1704
f 1366/1366 1409/1409 1462/1462
f 1366/1366 1462/1462 1395/1395
f 1367/1367 1315/1315 1437/1437
f 1367/1367 1437/1437 1544/1544
f 1368/1368 1695/1695 1712/1712
f 1368/1368 1712/1712 1673/1673
f 1369/1369 1287/1287 1698/1698
f 1369/1369 1495/1495 1287/1287
f 1370/1370 1286/1286 1442/1442
f 1370/1370 1413/1413 1461/1461
f 1370/1370 1461/1461 1442/1442
f 1371/1371 504/504 1184/1184
f 1371/1371 1386/1386 1184/1184
f 1372/1372 357/357 1459/1459
f 1373/1373 1125/1125 1356/1356
f 1373/1373 1356/1356 1410/1410
f 1374/1374 1299/1299 1708/1708
f 1374/1374 1420/1420 1299/1299
f 1375/1375 16/16 1726/1726
f 1375/1375 1726/1726 1456/1456
f 1376/1376 1089/1089 1422/1422
f 1376/1376 1422/1422 1497/1497
f 1377/1377 1476/1476 1577/1577
f 1377/1377 1502/1502 1476/1476
f 1377/1377 1577/1577 1339/1339
f 1378/1378 1520/1520 1718/1718
f 1378/1378 1718/1718 1365/1365
f 1379/1379 1305/1305 1735/1735
f 1379/1379 1735/1735 1345/1345
f 1380/1380 1236/1236 1500/1500
f 1380/1380 2105/2105 1236/1236
f 1381/1381 1559/1559 1402/1402
f 1382/1382 1255/1255 1281/1281
f 1383/1383 1182/1182 1302/1302
f 1383/1383 1302/1302 1503/1503
f 1384/1384 1441/1441 1486/1486
f 1384/1384 1486/1486 1359/1359
f 1385/1385 1668/1668 1695/1695
f 1385/1385 1695/1695 1368/1368
f 1386/1386 369/369 1371/1371
f 1387/1387 1079/1079 1168/1168
f 1387/1387 1207/1207 1079/1079
f 1387/1387 1304/1304 1207/1207
f 1387/1387 1598/1598 1304/1304
f 1388/1388 337/337 1524/1524
f 1388/1388 469/469 337/337
f 1389/1389 1250/1250 1275/1275
f 1389/1389 1275/1275 1224/1224
f 1390/1390 1691/1691 1648/1648
f 1390/1390 1722/1722 1691/1691
f 1391/1391 1452/1452 1484/1484
f 1391/1391 1484/1484 1360/1360
f 1392/1392 1355/1355 1491/1491
f 1392/1392 1491/1491 138/138
f 1392/1392 1649/1649 1491/1491
f 1393/1393 1644/1644 1488/1488
f 1394/1394 1367/1367 1519/1519
f 1394/1394 1463/1463 1367/1367
f 1395/1395 1462/1462 1487/1487
f 1395/1395 1487/1487 1412/1412
f 1396/1396 1520/1520 1378/1378
f 1396/1396 1534/1534 1520/1520
f 1397/1397 261/261 293/293
f 1397/1397 293/293 1427/1427
f 1397/1397 1307/1307 1595/1595
f 1397/1397 1335/1335 1307/1307
f 1398/1398 1303/1303 1310/1310
f 1399/1399 1339/1339 1430/1430
f 1399/1399 1377/1377 1339/1339
f 1400/1400 2083/2083 1311/1311
f 1401/1401 1308/1308 1434/1434
f 1401/1401 1434/1434 278/278
f 1402/1402 1559/1559 1738/1738
f 1402/1402 1738/1738 1433/1433
f 1403/1403 1421/1421 1721/1721
f 1403/1403 1721/1721 1312/1312
f 1404/1404 352/352 249/249
f 1405/1405 960/960 1093/1093
f 1405/1405 1093/1093 1109/1109
f 1406/1406 286/286 1489/1489
f 1406/1406 1489/1489 1294/1294
f 1406/1406 1489/1489 1446/1446
f 1407/1407 1372/1372 1459/1459
f 1407/1407 1459/1459 1437/1437
f 1408/1408 1557/1557 1101/1101
f 1408/1408 1655/1655 1557/1557
f 1409/1409 1070/1070 1099/1099
f 1409/1409 1099/1099 1462/1462
f 1410/1410 1356/1356 1440/1440
f 1410/1410 1369/1369 1440/1440
f 1410/1410 1440/1440 1532/1532
f 1411/1411 1289/1289 1493/1493
f 1411/1411 1332/1332 1289/1289
f 1412/1412 1288/1288 1428/1428
f 1412/1412 1487/1487 1288/1288
f 1413/1413 1094/1094 1461/1461
f 1413/1413 1126/1126 1094/1094
f 1414/1414 1298/1298 1385/1385
f 1414/1414 1331/1331 1298/1298
f 1415/1415 1136/1136 1537/1537
f 1415/1415 1248/1248 1136/1136
f 1416/1416 1306/1306 1505/1505
f 1416/1416 1326/1326 1306/1306
f 1417/1417 1096/1096 1447/1447
f 1417/1417 1447/1447 1731/1731
f 1418/1418 1293/1293 1300/1300
f 1418/1418 1325/1325 1450/1450
f 1418/1418 1450/1450 1542/1542
f 1418/1418 1542/1542 1797/1797
f 1418/1418 1664/1664 1542/1542
f 1418/1418 1671/1671 1293/1293
f 1419/1419 1449/1449 1382/1382
f 1420/1420 1106/1106 1423/1423
f 1420/1420 1423/1423 1299/1299
f 1421/1421 1231/1231 1342/1342
f 1421/1421 1342/1342 1721/1721
f 1422/1422 1119/1119 1438/1438
f 1422/1422 1438/1438 1297/1297
f 1423/1423 1263/1263 1383/1383
f 1423/1423 1348/1348 1338/1338
f 1423/1423 1383/1383 1348/1348
f 1424/1424 1326/1326 1416/1416
f 1424/1424 1454/1454 1326/1326
f 1425/1425 1530/1530 1512/1512
f 1425/1425 1728/1728 1530/1530
f 1426/1426 185/185 1554/1554
f 1426/1426 1554/1554 1502/1502
f 1427/1427 227/227 409/409
f 1427/1427 245/245 227/227
f 1427/1427 269/269 245/245
f 1427/1427 293/293 269/269
f 1427/1427 409/409 1341/1341
f 1427/1427 1335/1335 1397/1397
f 1427/1427 1365/1365 1335/1335
f 1427/1427 1396/1396 1365/1365
f 1427/1427 1431/1431 1396/1396
f 1428/1428 1288/1288 1343/1343
f 1428/1428 1343/1343 1250/1250
f 1429/1429 1541/1541 1516/1516
f 1429/1429 1661/1661 1541/1541
f 1430/1430 1305/1305 1475/1475
f 1430/1430 1339/1339 1305/1305
f 1431/1431 1534/1534 1396/1396
f 1431/1431 1568/1568 1534/1534
f 1432/1432 1161/1161 1495/1495
f 1432/1432 1495/1495 1369/1369
f 1433/1433 1682/1682 1477/1477
f 1433/1433 1738/1738 1682/1682
f 1434/1434 1593/1593 278/278
f 1434/1434 1731/1731 1593/1593
f 1435/1435 1025/1025 1126/1126
f 1435/1435 1126/1126 1413/1413
f 1436/1436 1075/1075 1103/1103
f 1436/1436 1103/1103 1138/1138
f 1437/1437 1291/1291 1407/1407
f 1437/1437 1459/1459 1687/1687
f 1438/1438 1153/1153 1466/1466
f 1438/1438 1351/1351 1317/1317
f 1438/1438 1466/1466 1351/1351
f 1439/1439 2168/2168 2028/2028
f 1440/1440 1369/1369 1410/1410
f 1440/1440 1369/1369 1558/1558
f 1440/1440 1432/1432 1369/1369
f 1441/1441 287/287 1486/1486
f 1442/1442 1286/1286 1370/1370
f 1442/1442 1332/1332 1411/1411
f 1442/1442 1461/1461 1332/1332
f 1443/1443 1323/1323 1319/1319
f 1443/1443 1629/1629 1323/1323
f 1444/1444 1322/1322 1478/1478
f 1444/1444 2044/2044 288/288
f 1445/1445 1264/1264 1353/1353
f 1445/1445 1353/1353 1362/1362
f 1446/1446 244/244 1406/1406
f 1446/1446 1406/1406 1324/1324
f 1446/1446 1489/1489 1406/1406
f 1447/1447 1131/1131 1709/1709
f 1448/1448 1331/1331 1414/1414
f 1448/1448 1391/1391 1360/1360
f 1448/1448 1453/1453 1331/1331
f 1449/1449 1295/1295 1314/1314
f 1449/1449 1314/1314 1357/1357
f 1449/1449 1357/1357 1382/1382
f 1450/1450 1346/1346 1473/1473
f 1450/1450 1473/1473 1542/1542
f 1451/1451 1324/1324 1589/1589
f 1451/1451 1589/1589 1113/1113
f 1452/1452 201/201 1506/1506
f 1452/1452 1506/1506 1484/1484
f 1453/1453 1587/1587 1623/1623
f 1453/1453 1623/1623 1331/1331
f 1454/1454 377/377 1326/1326
f 1455/1455 1480/1480 1210/1210
f 1455/1455 1640/1640 1480/1480
f 1456/1456 1581/1581 1657/1657
f 1456/1456 1726/1726 1581/1581
f 1457/1457 989/989 1568/1568
f 1457/1457 1568/1568 1431/1431
f 1458/1458 1313/1313 1492/1492
f 1458/1458 1492/1492 1567/1567
f 1459/1459 241/241 1672/1672
f 1459/1459 357/357 241/241
f 1460/1460 335/335 1327/1327
f 1460/1460 1575/1575 1608/1608
f 1461/1461 1094/1094 1142/1142
f 1461/1461 1142/1142 1332/1332
f 1462/1462 1099/1099 1132/1132
f 1462/1462 1132/1132 1487/1487
f 1463/1463 365/365 1291/1291
f 1463/1463 1291/1291 1315/1315
f 1463/1463 1315/1315 1367/1367
f 1464/1464 1250/1250 1363/1363
f 1464/1464 1363/1363 1482/1482
f 1464/1464 1428/1428 1250/1250
f 1465/1465 1368/1368 1548/1548
f 1465/1465 1385/1385 1368/1368
f 1466/1466 1159/1159 1351/1351
f 1467/1467 1138/1138 1499/1499
f 1467/1467 1436/1436 1138/1138
f 1468/1468 1393/1393 1488/1488
f 1468/1468 1488/1488 302/302
f 1469/1469 1383/1383 1503/1503
f 1469/1469 1503/1503 1612/1612
f 1470/1470 1177/1177 1347/1347
f 1470/1470 1347/1347 1336/1336
f 1471/1471 1371/1371 1080/1080
f 1471/1471 1386/1386 1371/1371
f 1472/1472 1295/1295 1449/1449
f 1473/1473 1346/1346 1611/1611
f 1474/1474 1001/1001 1561/1561
f 1474/1474 1561/1561 1321/1321
f 1475/1475 1305/1305 1379/1379
f 1475/1475 1379/1379 1501/1501
f 1475/1475 1430/1430 1501/1501
f 1476/1476 1502/1502 1577/1577
f 1477/1477 1658/1658 1504/1504
f 1477/1477 1682/1682 1658/1658
f 1478/1478 1322/1322 1358/1358
f 1478/1478 1358/1358 1485/1485
f 1478/1478 1444/1444 1485/1485
f 1479/1479 181/181 1355/1355
f 1479/1479 1355/1355 1392/1392
f 1480/1480 1451/1451 1166/1166
f 1480/1480 1693/1693 1451/1451
f 1481/1481 1216/1216 1292/1292
f 1481/1481 1292/1292 1625/1625
f 1482/1482 1363/1363 1389/1389
f 1482/1482 1389/1389 1123/1123
f 1483/1483 1414/1414 1385/1385
f 1484/1484 1506/1506 1587/1587
f 1484/1484 1587/1587 1453/1453
f 1485/1485 1358/1358 1390/1390
f 1485/1485 1390/1390 1514/1514
f 1485/1485 1444/1444 1514/1514
f 1486/1486 218/218 1454/1454
f 1487/1487 1132/1132 1288/1288
f 1488/1488 1404/1404 284/284
f 1488/1488 1644/1644 1404/1404
f 1489/1489 306/306 1463/1463
f 1489/1489 1463/1463 1394/1394
f 1490/1490 135/135 1575/1575
f 1490/1490 1575/1575 1460/1460
f 1491/1491 1562/1562 1649/1649
f 1491/1491 1649/1649 1392/1392
f 1491/1491 1649/1649 1633/1633
f 1492/1492 1373/1373 1410/1410
f 1492/1492 1410/1410 1599/1599
f 1493/1493 1289/1289 1272/1272
f 1494/1494 319/319 1375/1375
f 1494/1494 1328/1328 1401/1401
f 1494/1494 1375/1375 1354/1354
f 1494/1494 1401/1401 224/224
f 1495/1495 1130/1130 1474/1474
f 1495/1495 1474/1474 1287/1287
f 1496/1496 1295/1295 1472/1472
f 1496/1496 1499/1499 1295/1295
f 1497/1497 1297/1297 1574/1574
f 1497/1497 1422/1422 1297/1297
f 1498/1498 1087/1087 1420/1420
f 1498/1498 1420/1420 1374/1374
f 1499/1499 1138/1138 1172/1172
f 1499/1499 1172/1172 1295/1295
f 1500/1500 1151/1151 1571/1571
f 1500/1500 1236/1236 1151/1151
f 1501/1501 1345/1345 1533/1533
f 1501/1501 1379/1379 1345/1345
f 1501/1501 1430/1430 1475/1475
f 1502/1502 1554/1554 1605/1605
f 1502/1502 1605/1605 1577/1577
f 1503/1503 1302/1302 1415/1415
f 1503/1503 1415/1415 1565/1565
f 1504/1504 870/870 1175/1175
f 1504/1504 1658/1658 1633/1633
f 1505/1505 1306/1306 1386/1386
f 1505/1505 1386/1386 1471/1471
f 1506/1506 201/201 1641/1641
f 1506/1506 1641/1641 1587/1587
f 1507/1507 1473/1473 1611/1611
f 1507/1507 1611/1611 1636/1636
f 1508/1508 1256/1256 1602/1602
f 1508/1508 1602/1602 1723/1723
f 1509/1509 938/938 972/972
f 1509/1509 972/972 1535/1535
f 1510/1510 1370/1370 1442/1442
f 1510/1510 1442/1442 1550/1550
f 1511/1511 195/195 1588/1588
f 1511/1511 1588/1588 1640/1640
f 1512/1512 1443/1443 1646/1646
f 1512/1512 1530/1530 1443/1443
f 1513/1513 1598/1598 1387/1387
f 1513/1513 1725/1725 1598/1598
f 1514/1514 1390/1390 1648/1648
f 1514/1514 1444/1444 1478/1478
f 1514/1514 1478/1478 1485/1485
f 1514/1514 1648/1648 1552/1552
f 1515/1515 123/123 1613/1613
f 1516/1516 1398/1398 1644/1644
f 1516/1516 1541/1541 1398/1398
f 1517/1517 1604/1604 1963/1963
f 1517/1517 1730/1730 1604/1604
f 1518/1518 1424/1424 1606/1606
f 1519/1519 963/963 871/871
f 1519/1519 1367/1367 1544/1544
f 1519/1519 1544/1544 963/963
f 1520/1520 1700/1700 1732/1732
f 1520/1520 1732/1732 1718/1718
f 1521/1521 1512/1512 1646/1646
f 1521/1521 1646/1646 1159/1159
f 1522/1522 1560/1560 1626/1626
f 1522/1522 1626/1626 1719/1719
f 1523/1523 1412/1412 1428/1428
f 1523/1523 1428/1428 1614/1614
f 1524/1524 208/208 1662/1662
f 1524/1524 337/337 208/208
f 1525/1525 1449/1449 1419/1419
f 1526/1526 107/107 138/138
f 1526/1526 1491/1491 1633/1633
f 1527/1527 1612/1612 1734/1734
f 1527/1527 1734/1734 1538/1538
f 1527/1527 1734/1734 1951/1951
f 1528/1528 943/943 1539/1539
f 1529/1529 1635/1635 1738/1738
f 1529/1529 1651/1651 1635/1635
f 1530/1530 1610/1610 1850/1850
f 1530/1530 1629/1629 1443/1443
f 1530/1530 1850/1850 1629/1629
f 1531/1531 1563/1563 140/140
f 1531/1531 1659/1659 1563/1563
f 1532/1532 1440/1440 1558/1558
f 1532/1532 1558/1558 1630/1630
f 1533/1533 1345/1345 1652/1652
f 1533/1533 1652/1652 1566/1566
f 1534/1534 951/951 1666/1666
f 1534/1534 1666/1666 1700/1700
f 1534/1534 1700/1700 1520/1520
f 1535/1535 972/972 1000/1000
f 1536/1536 156/156 1511/1511
f 1536/1536 1511/1511 1592/1592
f 1537/1537 1074/1074 1669/1669
f 1537/1537 1136/1136 1074/1074
f 1538/1538 1527/1527 1908/1908
f 1538/1538 1631/1631 1527/1527
f 1538/1538 1734/1734 1527/1527
f 1539/1539 943/943 979/979
f 1539/1539 979/979 1002/1002
f 1539/1539 1002/1002 1578/1578
f 1540/1540 1481/1481 1625/1625
f 1540/1540 1600/1600 1683/1683
f 1540/1540 1683/1683 31/31
f 1541/1541 1303/1303 1398/1398
f 1541/1541 1584/1584 1661/1661
f 1541/1541 1661/1661 1303/1303
f 1541/1541 1661/1661 1429/1429
f 1542/1542 1473/1473 1507/1507
f 1542/1542 1507/1507 1636/1636
f 1542/1542 1549/1549 1671/1671
f 1542/1542 1636/1636 1797/1797
f 1542/1542 1671/1671 1418/1418
f 1543/1543 1517/1517 1928/1928
f 1543/1543 1650/1650 1517/1517
f 1544/1544 1437/1437 1687/1687
f 1544/1544 1687/1687 994/994
f 1545/1545 1395/1395 1412/1412
f 1545/1545 1412/1412 1523/1523
f 1546/1546 971/971 945/945
f 1546/1546 1052/1052 1576/1576
f 1546/1546 1456/1456 1657/1657
f 1546/1546 1576/1576 1354/1354
f 1546/1546 1657/1657 971/971
f 1547/1547 1513/1513 1055/1055
f 1547/1547 1513/1513 1364/1364
f 1547/1547 1638/1638 1513/1513
f 1548/1548 1368/1368 1673/1673
f 1548/1548 1673/1673 1616/1616
f 1549/1549 1400/1400 1671/1671
f 1549/1549 1942/1942 1400/1400
f 1550/1550 1411/1411 1585/1585
f 1550/1550 1442/1442 1411/1411
f 1551/1551 1680/1680 1515/1515
f 1552/1552 1514/1514 1615/1615
f 1552/1552 1648/1648 1675/1675
f 1552/1552 1675/1675 1615/1615
f 1553/1553 1424/1424 1518/1518
f 1554/1554 72/72 1678/1678
f 1554/1554 1678/1678 1605/1605
f 1555/1555 1388/1388 1524/1524
f 1555/1555 1524/1524 1642/1642
f 1556/1556 1449/1449 1525/1525
f 1556/1556 1472/1472 1449/1449
f 1557/1557 1571/1571 1697/1697
f 1557/1557 1697/1697 1013/1013
f 1558/1558 1369/1369 1698/1698
f 1558/1558 1698/1698 1630/1630
f 1559/1559 1651/1651 1529/1529
f 1559/1559 1686/1686 1651/1651
f 1560/1560 1307/1307 1690/1690
f 1560/1560 1660/1660 1626/1626
f 1560/1560 1690/1690 1660/1660
f 1561/1561 982/982 1508/1508
f 1561/1561 1508/1508 1692/1692
f 1562/1562 799/799 1006/1006
f 1562/1562 1006/1006 1355/1355
f 1562/1562 1006/1006 1649/1649
f 1563/1563 1393/1393 1468/1468
f 1563/1563 1468/1468 106/106
f 1564/1564 107/107 1526/1526
f 1564/1564 198/198 107/107
f 1565/1565 1415/1415 1537/1537
f 1565/1565 1537/1537 1701/1701
f 1566/1566 1652/1652 1737/1737
f 1566/1566 1737/1737 1601/1601
f 1567/1567 1492/1492 1599/1599
f 1567/1567 1532/1532 1724/1724
f 1568/1568 951/951 1534/1534
f 1569/1569 1531/1531 211/211
f 1569/1569 1659/1659 1531/1531
f 1570/1570 1471/1471 986/986
f 1570/1570 1505/1505 1471/1471
f 1571/1571 1045/1045 1697/1697
f 1571/1571 1151/1151 1045/1045
f 1572/1572 681/681 1040/1040
f 1572/1572 1040/1040 1720/1720
f 1573/1573 386/386 1707/1707
f 1573/1573 1231/1231 1342/1342
f 1574/1574 1297/1297 1665/1665
f 1574/1574 1665/1665 1705/1705
f 1575/1575 50/50 1702/1702
f 1575/1575 1702/1702 1608/1608
f 1576/1576 1031/1031 1619/1619
f 1576/1576 1619/1619 1328/1328
f 1577/1577 1680/1680 1654/1654
f 1577/1577 1714/1714 1680/1680
f 1578/1578 1002/1002 1038/1038
f 1578/1578 1038/1038 1609/1609
f 1579/1579 1538/1538 1908/1908
f 1579/1579 1670/1670 1538/1538
f 1580/1580 1333/1333 1716/1716
f 1580/1580 1361/1361 1555/1555
f 1580/1580 1555/1555 1716/1716
f 1581/1581 1572/1572 1720/1720
f 1581/1581 1720/1720 1657/1657
f 1582/1582 1548/1548 1616/1616
f 1582/1582 1684/1684 1674/1674
f 1582/1582 1715/1715 1684/1684
f 1583/1583 880/880 1686/1686
f 1583/1583 995/995 975/975
f 1583/1583 1686/1686 1559/1559
f 1584/1584 200/200 1661/1661
f 1584/1584 700/700 200/200
f 1585/1585 1411/1411 1493/1493
f 1586/1586 40/40 180/180
f 1586/1586 180/180 198/198
f 1586/1586 198/198 1564/1564
f 1587/1587 1641/1641 1696/1696
f 1587/1587 1696/1696 1623/1623
f 1588/1588 214/214 1446/1446
f 1588/1588 1446/1446 1693/1693
f 1589/1589 1071/1071 1034/1034
f 1589/1589 1294/1294 1618/1618
f 1589/1589 1618/1618 1071/1071
f 1590/1590 1000/1000 1036/1036
f 1590/1590 1036/1036 1070/1070
f 1591/1591 1025/1025 1435/1435
f 1591/1591 1051/1051 1025/1025
f 1592/1592 1511/1511 1667/1667
f 1592/1592 1667/1667 1330/1330
f 1593/1593 1621/1621 129/129
f 1593/1593 1709/1709 1621/1621
f 1594/1594 159/159 1441/1441
f 1595/1595 1307/1307 1560/1560
f 1596/1596 1472/1472 1556/1556
f 1596/1596 1496/1496 1472/1472
f 1597/1597 1464/1464 1482/1482
f 1597/1597 1482/1482 967/967
f 1598/1598 1592/1592 1304/1304
f 1598/1598 1688/1688 1592/1592
f 1599/1599 1410/1410 1532/1532
f 1599/1599 1532/1532 1567/1567
f 1600/1600 1333/1333 1580/1580
f 1600/1600 1580/1580 1683/1683
f 1601/1601 1706/1706 1634/1634
f 1601/1601 1737/1737 1706/1706
f 1602/1602 1516/1516 1644/1644
f 1603/1603 980/980 1051/1051
f 1603/1603 1051/1051 1591/1591
f 1604/1604 1730/1730 1881/1881
f 1605/1605 1678/1678 1714/1714
f 1605/1605 1714/1714 1577/1577
f 1606/1606 1416/1416 1505/1505
f 1606/1606 1424/1424 1416/1416
f 1606/1606 1505/1505 1570/1570
f 1606/1606 1570/1570 986/986
f 1607/1607 1635/1635 1586/1586
f 1608/1608 56/56 177/177
f 1608/1608 308/308 1460/1460
f 1608/1608 1702/1702 1724/1724
f 1609/1609 1038/1038 1075/1075
f 1609/1609 1075/1075 1436/1436
f 1610/1610 1579/1579 1883/1883
f 1610/1610 1883/1883 1850/1850
f 1611/1611 1497/1497 1574/1574
f 1611/1611 1574/1574 1736/1736
f 1612/1612 1503/1503 1565/1565
f 1612/1612 1565/1565 1734/1734
f 1613/1613 159/159 1594/1594
f 1614/1614 1428/1428 1464/1464
f 1614/1614 1464/1464 1597/1597
f 1615/1615 1514/1514 1645/1645
f 1615/1615 1675/1675 1710/1710
f 1615/1615 1710/1710 1645/1645
f 1616/1616 1548/1548 1582/1582
f 1616/1616 1673/1673 1715/1715
f 1616/1616 1715/1715 1582/1582
f 1617/1617 1070/1070 1409/1409
f 1617/1617 1590/1590 1070/1070
f 1618/1618 1394/1394 1519/1519
f 1618/1618 1519/1519 1071/1071
f 1619/1619 1124/1124 1417/1417
f 1619/1619 1417/1417 1308/1308
f 1620/1620 1296/1296 1496/1496
f 1620/1620 1496/1496 1596/1596
f 1621/1621 1540/1540 129/129
f 1621/1621 1625/1625 1540/1540
f 1622/1622 1421/1421 1721/1721
f 1622/1622 1573/1573 1707/1707
f 1622/1622 1707/1707 165/165
f 1623/1623 1696/1696 1717/1717
f 1623/1623 1717/1717 1639/1639
f 1624/1624 1525/1525 1419/1419
f 1624/1624 1556/1556 1525/1525
f 1624/1624 1596/1596 1556/1556
f 1624/1624 1620/1620 1596/1596
f 1624/1624 1626/1626 1620/1620
f 1625/1625 1292/1292 1600/1600
f 1625/1625 1481/1481 1540/1540
f 1625/1625 1600/1600 1540/1540
f 1626/1626 1296/1296 1620/1620
f 1626/1626 1316/1316 1296/1296
f 1627/1627 1523/1523 1711/1711
f 1627/1627 1545/1545 1523/1523
f 1628/1628 1515/1515 1735/1735
f 1628/1628 1551/1551 1515/1515
f 1628/1628 1654/1654 1735/1735
f 1629/1629 1850/1850 2168/2168
f 1629/1629 2168/2168 1323/1323
f 1630/1630 1653/1653 43/43
f 1630/1630 1659/1659 1653/1653
f 1631/1631 1469/1469 1612/1612
f 1631/1631 1612/1612 1527/1527
f 1632/1632 1321/1321 1659/1659
f 1632/1632 1659/1659 1630/1630
f 1633/1633 1564/1564 1526/1526
f 1633/1633 1649/1649 1504/1504
f 1634/1634 1424/1424 1553/1553
f 1634/1634 1553/1553 1663/1663
f 1634/1634 1706/1706 1424/1424
f 1635/1635 23/23 40/40
f 1635/1635 40/40 1586/1586
f 1636/1636 1611/1611 1736/1736
f 1636/1636 1736/1736 1797/1797
f 1637/1637 1425/1425 1512/1512
f 1637/1637 1512/1512 1521/1521
f 1638/1638 61/61 1725/1725
f 1638/1638 1725/1725 1513/1513
f 1639/1639 1509/1509 1668/1668
f 1639/1639 1717/1717 1509/1509
f 1640/1640 1588/1588 1693/1693
f 1640/1640 1693/1693 1480/1480
f 1641/1641 845/845 875/875
f 1641/1641 875/875 1717/1717
f 1642/1642 1524/1524 1662/1662
f 1642/1642 1662/1662 95/95
f 1643/1643 980/980 1722/1722
f 1643/1643 1322/1322 93/93
f 1644/1644 1398/1398 1310/1310
f 1645/1645 1510/1510 1676/1676
f 1645/1645 1514/1514 1676/1676
f 1645/1645 1710/1710 1510/1510
f 1646/1646 1439/1439 2028/2028
f 1646/1646 1443/1443 1319/1319
f 1647/1647 1609/1609 1352/1352
f 1647/1647 1677/1677 1609/1609
f 1648/1648 1320/1320 1675/1675
f 1648/1648 1691/1691 1320/1320
f 1649/1649 870/870 1504/1504
f 1649/1649 1006/1006 870/870
f 1650/1650 1351/1351 1730/1730
f 1650/1650 1730/1730 1517/1517
f 1651/1651 23/23 1635/1635
f 1651/1651 99/99 23/23
f 1652/1652 1337/1337 1737/1737
f 1652/1652 1699/1699 1337/1337
f 1653/1653 1569/1569 26/26
f 1653/1653 1659/1659 1569/1569
f 1654/1654 1551/1551 1628/1628
f 1654/1654 1680/1680 1551/1551
f 1655/1655 1500/1500 1571/1571
f 1655/1655 1571/1571 1557/1557
f 1656/1656 1626/1626 1624/1624
f 1657/1657 1334/1334 857/857
f 1657/1657 1720/1720 1334/1334
f 1658/1658 1564/1564 1633/1633
f 1658/1658 1586/1586 1564/1564
f 1659/1659 1349/1349 1563/1563
f 1659/1659 1692/1692 1349/1349
f 1660/1660 1316/1316 1626/1626
f 1660/1660 1352/1352 1316/1316
f 1661/1661 8/8 1303/1303
f 1661/1661 200/200 8/8
f 1662/1662 78/78 1678/1678
f 1662/1662 208/208 78/78
f 1663/1663 1518/1518 1703/1703
f 1663/1663 1553/1553 1518/1518
f 1664/1664 1549/1549 1542/1542
f 1664/1664 1942/1942 1549/1549
f 1665/1665 1317/1317 1650/1650
f 1665/1665 1650/1650 1543/1543
f 1666/1666 882/882 1700/1700
f 1666/1666 1727/1727 882/882
f 1667/1667 1511/1511 1640/1640
f 1667/1667 1640/1640 1455/1455
f 1668/1668 1000/1000 1695/1695
f 1668/1668 1509/1509 1535/1535
f 1668/1668 1535/1535 1000/1000
f 1669/1669 950/950 1801/1801
f 1669/1669 1074/1074 950/950
f 1670/1670 1338/1338 1631/1631
f 1670/1670 1631/1631 1538/1538
f 1671/1671 1311/1311 1293/1293
f 1671/1671 1400/1400 1311/1311
f 1672/1672 73/73 899/899
f 1672/1672 241/241 73/73
f 1673/1673 1290/1290 1715/1715
f 1673/1673 1712/1712 1290/1290
f 1674/1674 1545/1545 1627/1627
f 1674/1674 1684/1684 1545/1545
f 1675/1675 1286/1286 1710/1710
f 1675/1675 1320/1320 1286/1286
f 1676/1676 1510/1510 1550/1550
f 1676/1676 1514/1514 1552/1552
f 1676/1676 1550/1550 1585/1585
f 1676/1676 1552/1552 1615/1615
f 1676/1676 1615/1615 1645/1645
f 1677/1677 1539/1539 1578/1578
f 1677/1677 1578/1578 1609/1609
f 1677/1677 1718/1718 1704/1704
f 1678/1678 4/4 1680/1680
f 1679/1679 61/61 1638/1638
f 1679/1679 1638/1638 936/936
f 1679/1679 1638/1638 1547/1547
f 1680/1680 172/172 1515/1515
f 1681/1681 1676/1676 1585/1585
f 1682/1682 1586/1586 1658/1658
f 1682/1682 1607/1607 1586/1586
f 1683/1683 1580/1580 1716/1716
f 1683/1683 1716/1716 31/31
f 1684/1684 1366/1366 1395/1395
f 1684/1684 1395/1395 1545/1545
f 1685/1685 1059/1059 1584/1584
f 1685/1685 1584/1584 1541/1541
f 1686/1686 99/99 1651/1651
f 1686/1686 772/772 99/99
f 1686/1686 897/897 880/880
f 1687/1687 1459/1459 1713/1713
f 1687/1687 1713/1713 915/915
f 1688/1688 133/133 1536/1536
f 1688/1688 1536/1536 1592/1592
f 1689/1689 1626/1626 1656/1656
f 1690/1690 1335/1335 1307/1307
f 1690/1690 1352/1352 1660/1660
f 1690/1690 1647/1647 1352/1352
f 1691/1691 1591/1591 1320/1320
f 1691/1691 1603/1603 1591/1591
f 1691/1691 1722/1722 1320/1320
f 1692/1692 1508/1508 1723/1723
f 1692/1692 1723/1723 1349/1349
f 1693/1693 1324/1324 1451/1451
f 1693/1693 1446/1446 1324/1324
f 1694/1694 1597/1597 872/872
f 1695/1695 1000/1000 1590/1590
f 1695/1695 1590/1590 1712/1712
f 1696/1696 1641/1641 1717/1717
f 1697/1697 955/955 926/926
f 1697/1697 1045/1045 955/955
f 1698/1698 1287/1287 1632/1632
f 1698/1698 1632/1632 1630/1630
f 1699/1699 1594/1594 1337/1337
f 1699/1699 1613/1613 1594/1594
f 1700/1700 882/882 912/912
f 1700/1700 912/912 1732/1732
f 1701/1701 1537/1537 1669/1669
f 1701/1701 1669/1669 1773/1773
f 1702/1702 50/50 1724/1724
f 1703/1703 1518/1518 1606/1606
f 1703/1703 1606/1606 882/882
f 1703/1703 1663/1663 1727/1727
f 1704/1704 1528/1528 1539/1539
f 1704/1704 1539/1539 1677/1677
f 1704/1704 1718/1718 1677/1677
f 1705/1705 1543/1543 1797/1797
f 1705/1705 1665/1665 1543/1543
f 1706/1706 1359/1359 1424/1424
f 1706/1706 1384/1384 1359/1359
f 1707/1707 49/49 80/80
f 1707/1707 386/386 49/49
f 1708/1708 1299/1299 1670/1670
f 1708/1708 1670/1670 1579/1579
f 1709/1709 1131/1131 1481/1481
f 1709/1709 1481/1481 1625/1625
f 1709/1709 1625/1625 1621/1621
f 1710/1710 1286/1286 1370/1370
f 1710/1710 1370/1370 1510/1510
f 1711/1711 1523/1523 1614/1614
f 1711/1711 1614/1614 1597/1597
f 1712/1712 1590/1590 1617/1617
f 1712/1712 1617/1617 1290/1290
f 1713/1713 1459/1459 1672/1672
f 1713/1713 1672/1672 915/915
f 1714/1714 1678/1678 1680/1680
f 1715/1715 1290/1290 1366/1366
f 1715/1715 1366/1366 1684/1684
f 1716/1716 1333/1333 1580/1580
f 1716/1716 1555/1555 1642/1642
f 1716/1716 1642/1642 6/6
f 1717/1717 875/875 909/909
f 1717/1717 909/909 938/938
f 1717/1717 938/938 1509/1509
f 1718/1718 1528/1528 1704/1704
f 1718/1718 1732/1732 1528/1528
f 1719/1719 1626/1626 1689/1689
f 1720/1720 960/960 1405/1405
f 1720/1720 1040/1040 960/960
f 1721/1721 1342/1342 1573/1573
f 1721/1721 1421/1421 1622/1622
f 1721/1721 1573/1573 1622/1622
f 1722/1722 980/980 1603/1603
f 1722/1722 1603/1603 1691/1691
f 1723/1723 1602/1602 1644/1644
f 1723/1723 1644/1644 1393/1393
f 1724/1724 177/177 1608/1608
f 1724/1724 1532/1532 1630/1630
f 1724/1724 1630/1630 60/60
f 1725/1725 133/133 1688/1688
f 1725/1725 1688/1688 1598/1598
f 1726/1726 144/144 1572/1572
f 1726/1726 1572/1572 1581/1581
f 1727/1727 1663/1663 882/882
f 1728/1728 1374/1374 1708/1708
f 1728/1728 1579/1579 1610/1610
f 1728/1728 1610/1610 1530/1530
f 1728/1728 1708/1708 1579/1579
f 1729/1729 1429/1429 1516/1516
f 1729/1729 1516/1516 1602/1602
f 1730/1730 1646/1646 1881/1881
f 1731/1731 1447/1447 1709/1709
f 1731/1731 1709/1709 1593/1593
f 1732/1732 912/912 943/943
f 1732/1732 943/943 1528/1528
f 1733/1733 1088/1088 1421/1421
f 1733/1733 1421/1421 1403/1403
f 1734/1734 1565/1565 1701/1701
f 1734/1734 1701/1701 1745/1745
f 1735/1735 1515/1515 1613/1613
f 1735/1735 1613/1613 1699/1699
f 1735/1735 1654/1654 1628/1628
f 1736/1736 1574/1574 1705/1705
f 1736/1736 1705/1705 1797/1797
f 1737/1737 1337/1337 1384/1384
f 1737/1737 1384/1384 1706/1706
f 1738/1738 1559/1559 1529/1529
f 1738/1738 1607/1607 1682/1682
f 1738/1738 1635/1635 1607/1607
f 1739/1739 1851/1851 1772/1772
f 1739/1739 1879/1879 1910/1910
f 1739/1739 1910/1910 1952/1952
f 1740/1740 2186/2186 1956/1956
f 1741/1741 1785/1785 1873/1873
f 1741/1741 1873/1873 2062/2062
f 1742/1742 3332/3332 1834/1834
f 1743/1743 1763/1763 2066/2066
f 1743/1743 2066/2066 2555/2555
f 1744/1744 1543/1543 1778/1778
f 1744/1744 1778/1778 1857/1857
f 1745/1745 1701/1701 1773/1773
f 1745/1745 1773/1773 1860/1860
f 1746/1746 1862/1862 1954/1954
f 1746/1746 1938/1938 1862/1862
f 1747/1747 2231/2231 2531/2531
f 1747/1747 2531/2531 1876/1876
f 1748/1748 2106/2106 2175/2175
f 1748/1748 2114/2114 2106/2106
f 1749/1749 1853/1853 1775/1775
f 1749/1749 1943/1943 1853/1853
f 1750/1750 2076/2076 1781/1781
f 1750/1750 2108/2108 2076/2076
f 1751/1751 2171/2171 1769/1769
f 1752/1752 1930/1930 1965/1965
f 1752/1752 1965/1965 1950/1950
f 1753/1753 2036/2036 2070/2070
f 1753/1753 2070/2070 2173/2173
f 1753/1753 2368/2368 2070/2070
f 1754/1754 1867/1867 1937/1937
f 1754/1754 1932/1932 1867/1867
f 1755/1755 2598/2598 2592/2592
f 1756/1756 2028/2028 2149/2149
f 1756/1756 2149/2149 2092/2092
f 1757/1757 1789/1789 2088/2088
f 1757/1757 1908/1908 1789/1789
f 1757/1757 2088/2088 1957/1957
f 1758/1758 1784/1784 1896/1896
f 1758/1758 3486/3486 1866/1866
f 1759/1759 1627/1627 1711/1711
f 1759/1759 1674/1674 1627/1627
f 1759/1759 1711/1711 1790/1790
f 1759/1759 1844/1844 1790/1790
f 1760/1760 2606/2606 2058/2058
f 1761/1761 1829/1829 1786/1786
f 1761/1761 2117/2117 1786/1786
f 1761/1761 2153/2153 2117/2117
f 1762/1762 1865/1865 1958/1958
f 1762/1762 1892/1892 1865/1865
f 1763/1763 1783/1783 1906/1906
f 1763/1763 1906/1906 2066/2066
f 1764/1764 1907/1907 1788/1788
f 1764/1764 2113/2113 1907/1907
f 1765/1765 1768/1768 3389/3389
f 1765/1765 1897/1897 1768/1768
f 1766/1766 2064/2064 2095/2095
f 1766/1766 2095/2095 1771/1771
f 1767/1767 1882/1882 1804/1804
f 1767/1767 2029/2029 1882/1882
f 1768/1768 1802/1802 1920/1920
f 1768/1768 1920/1920 3425/3425
f 1769/1769 2102/2102 2130/2130
f 1769/1769 2130/2130 2141/2141
f 1769/1769 2171/2171 2102/2102
f 1770/1770 1899/1899 1930/1930
f 1770/1770 1930/1930 1752/1752
f 1771/1771 2095/2095 2126/2126
f 1771/1771 2126/2126 1810/1810
f 1772/1772 1879/1879 1739/1739
f 1772/1772 1912/1912 1879/1879
f 1773/1773 1669/1669 1801/1801
f 1773/1773 1801/1801 1894/1894
f 1774/1774 1990/1990 2036/2036
f 1774/1774 2036/2036 1753/1753
f 1775/1775 1749/1749 1913/1913
f 1775/1775 1853/1853 1887/1887
f 1775/1775 1887/1887 1913/1913
f 1776/1776 1885/1885 1808/1808
f 1776/1776 2519/2519 1885/1885
f 1777/1777 3332/3332 1742/1742
f 1778/1778 1543/1543 1928/1928
f 1778/1778 1928/1928 1886/1886
f 1779/1779 2135/2135 1921/1921
f 1779/1779 2221/2221 2135/2135
f 1780/1780 2114/2114 1748/1748
f 1780/1780 2139/2139 2114/2114
f 1781/1781 2030/2030 1822/1822
f 1781/1781 2076/2076 2030/2030
f 1782/1782 1760/1760 2034/2034
f 1782/1782 2606/2606 1760/1760
f 1783/1783 1800/1800 1906/1906
f 1783/1783 3299/3299 3409/3409
f 1784/1784 1758/1758 1893/1893
f 1784/1784 1807/1807 1864/1864
f 1784/1784 1893/1893 3406/3406
f 1784/1784 3460/3460 1807/1807
f 1784/1784 3486/3486 1758/1758
f 1785/1785 2090/2090 1873/1873
f 1785/1785 3151/3151 2090/2090
f 1786/1786 1829/1829 1761/1761
f 1786/1786 2091/2091 2152/2152
f 1786/1786 2117/2117 2091/2091
f 1787/1787 1676/1676 1681/1681
f 1788/1788 1870/1870 1929/1929
f 1788/1788 1907/1907 1870/1870
f 1789/1789 1823/1823 2111/2111
f 1789/1789 1926/1926 1823/1823
f 1790/1790 1597/1597 1694/1694
f 1790/1790 1694/1694 2610/2610
f 1790/1790 1711/1711 1597/1597
f 1790/1790 1844/1844 1759/1759
f 1791/1791 1743/1743 2555/2555
f 1791/1791 2555/2555 1863/1863
f 1792/1792 1836/1836 2116/2116
f 1792/1792 1939/1939 1836/1836
f 1793/1793 1892/1892 1762/1762
f 1793/1793 1961/1961 1892/1892
f 1794/1794 2598/2598 1755/1755
f 1795/1795 1895/1895 2167/2167
f 1795/1795 2167/2167 1900/1900
f 1796/1796 1740/1740 2005/2005
f 1796/1796 2101/2101 1740/1740
f 1797/1797 1543/1543 1835/1835
f 1797/1797 1664/1664 1418/1418
f 1797/1797 1814/1814 1942/1942
f 1797/1797 1835/1835 1923/1923
f 1797/1797 1923/1923 2052/2052
f 1797/1797 1942/1942 1664/1664
f 1797/1797 2052/2052 1923/1923
f 1797/1797 2052/2052 2176/2176
f 1797/1797 2176/2176 2052/2052
f 1797/1797 2176/2176 2295/2295
f 1797/1797 2295/2295 2176/2176
f 1798/1798 1940/1940 2608/2608
f 1798/1798 2134/2134 1940/1940
f 1799/1799 1984/1984 2122/2122
f 1799/1799 2122/2122 2155/2155
f 1800/1800 3332/3332 3429/3429
f 1800/1800 3405/3405 3470/3470
f 1800/1800 3429/3429 3405/3405
f 1800/1800 3454/3454 3351/3351
f 1800/1800 3470/3470 3454/3454
f 1801/1801 950/950 2553/2553
f 1801/1801 2553/2553 1925/1925
f 1802/1802 1828/1828 1920/1920
f 1802/1802 1989/1989 1828/1828
f 1803/1803 1899/1899 1770/1770
f 1803/1803 2508/2508 1899/1899
f 1804/1804 1882/1882 1962/1962
f 1804/1804 1962/1962 1841/1841
f 1805/1805 1945/1945 1825/1825
f 1805/1805 3289/3289 1945/1945
f 1806/1806 1993/1993 2189/2189
f 1806/1806 2189/2189 2153/2153
f 1807/1807 1830/1830 1959/1959
f 1807/1807 3364/3364 1830/1830
f 1808/1808 1885/1885 1916/1916
f 1808/1808 1916/1916 1837/1837
f 1809/1809 1645/1645 1676/1676
f 1809/1809 1676/1676 1787/1787
f 1810/1810 2126/2126 1840/1840
f 1811/1811 1805/1805 1825/1825
f 1811/1811 1825/1825 3485/3485
f 1811/1811 1932/1932 1754/1754
f 1811/1811 3323/3323 1932/1932
f 1811/1811 3347/3347 3413/3413
f 1811/1811 3384/3384 3412/3412
f 1811/1811 3413/3413 1805/1805
f 1811/1811 3485/3485 3384/3384
f 1812/1812 2680/2680 3408/3408
f 1812/1812 3408/3408 2020/2020
f 1813/1813 1582/1582 1674/1674
f 1813/1813 1616/1616 1582/1582
f 1813/1813 1674/1674 1844/1844
f 1813/1813 1887/1887 1844/1844
f 1814/1814 1833/1833 1942/1942
f 1815/1815 1943/1943 1749/1749
f 1815/1815 2022/2022 1943/1943
f 1816/1816 2009/2009 2142/2142
f 1816/1816 2142/2142 1847/1847
f 1817/1817 1948/1948 3422/3422
f 1817/1817 2139/2139 1780/1780
f 1818/1818 1938/1938 1746/1746
f 1818/1818 1967/1967 1938/1938
f 1819/1819 1848/1848 3438/3438
f 1819/1819 1960/1960 1848/1848
f 1820/1820 1849/1849 1946/1946
f 1820/1820 1946/1946 2149/2149
f 1821/1821 2598/2598 1794/1794
f 1821/1821 2614/2614 2598/2598
f 1822/1822 2012/2012 2356/2356
f 1822/1822 2030/2030 2012/2012
f 1822/1822 2356/2356 1852/1852
f 1823/1823 1745/1745 1826/1826
f 1823/1823 1826/1826 2148/2148
f 1824/1824 1846/1846 2147/2147
f 1824/1824 1881/1881 1846/1846
f 1825/1825 1915/1915 1764/1764
f 1825/1825 1945/1945 1915/1915
f 1826/1826 1745/1745 1860/1860
f 1826/1826 1860/1860 2192/2192
f 1827/1827 1747/1747 1876/1876
f 1827/1827 1876/1876 2186/2186
f 1828/1828 1795/1795 1953/1953
f 1828/1828 2041/2041 1795/1795
f 1829/1829 1806/1806 2153/2153
f 1829/1829 2153/2153 1761/1761
f 1830/1830 1861/1861 1944/1944
f 1830/1830 3364/3364 1861/1861
f 1831/1831 1615/1615 1645/1645
f 1831/1831 1645/1645 1809/1809
f 1832/1832 1961/1961 1793/1793
f 1832/1832 1988/1988 1961/1961
f 1833/1833 1863/1863 2188/2188
f 1834/1834 3332/3332 1800/1800
f 1835/1835 1543/1543 1744/1744
f 1835/1835 1744/1744 1949/1949
f 1836/1836 1799/1799 2190/2190
f 1836/1836 1968/1968 1799/1799
f 1837/1837 1916/1916 1947/1947
f 1837/1837 1947/1947 1856/1856
f 1838/1838 2413/2413 2614/2614
f 1838/1838 2614/2614 1821/1821
f 1839/1839 1997/1997 1977/1977
f 1839/1839 2132/2132 1997/1997
f 1840/1840 2126/2126 2163/2163
f 1840/1840 2163/2163 2196/2196
f 1840/1840 2196/2196 1767/1767
f 1841/1841 1927/1927 1875/1875
f 1841/1841 1962/1962 1927/1927
f 1842/1842 1779/1779 1921/1921
f 1842/1842 1921/1921 2154/2154
f 1843/1843 1967/1967 1818/1818
f 1843/1843 1982/1982 1967/1967
f 1844/1844 1674/1674 1759/1759
f 1844/1844 1887/1887 1813/1813
f 1845/1845 1990/1990 1774/1774
f 1845/1845 2184/2184 1990/1990
f 1845/1845 2354/2354 1990/1990
f 1846/1846 1756/1756 2172/2172
f 1846/1846 1881/1881 1756/1756
f 1847/1847 2142/2142 2171/2171
f 1847/1847 2171/2171 1751/1751
f 1848/1848 1765/1765 3469/3469
f 1848/1848 1871/1871 1765/1765
f 1849/1849 2261/2261 2616/2616
f 1849/1849 2616/2616 1946/1946
f 1850/1850 1757/1757 1957/1957
f 1850/1850 1957/1957 2168/2168
f 1851/1851 1912/1912 1772/1772
f 1851/1851 3317/3317 1912/1912
f 1852/1852 2098/2098 1955/1955
f 1852/1852 2356/2356 1977/1977
f 1853/1853 1548/1548 1616/1616
f 1853/1853 1616/1616 1887/1887
f 1854/1854 2368/2368 2447/2447
f 1854/1854 2447/2447 1905/1905
f 1855/1855 2507/2507 2193/2193
f 1856/1856 1750/1750 1911/1911
f 1856/1856 1947/1947 1750/1750
f 1857/1857 1778/1778 1886/1886
f 1857/1857 1886/1886 1987/1987
f 1858/1858 1761/1761 1890/1890
f 1858/1858 1829/1829 1761/1761
f 1858/1858 3335/3335 3360/3360
f 1858/1858 3360/3360 1970/1970
f 1859/1859 1755/1755 2495/2495
f 1859/1859 1794/1794 1755/1755
f 1860/1860 1773/1773 1894/1894
f 1860/1860 1894/1894 2192/2192
f 1861/1861 1939/1939 1792/1792
f 1861/1861 3364/3364 1939/1939
f 1862/1862 1552/1552 1615/1615
f 1862/1862 1615/1615 1831/1831
f 1863/1863 2453/2453 1983/1983
f 1863/1863 2555/2555 2453/2453
f 1864/1864 1807/1807 1959/1959
f 1864/1864 1944/1944 1959/1959
f 1864/1864 1959/1959 1992/1992
f 1865/1865 2413/2413 1838/1838
f 1865/1865 2454/2454 2413/2413
f 1866/1866 1758/1758 2010/2010
f 1866/1866 3354/3354 2010/2010
f 1866/1866 3486/3486 3354/3354
f 1867/1867 2025/2025 1888/1888
f 1867/1867 2059/2059 2025/2025
f 1868/1868 1780/1780 1903/1903
f 1868/1868 1817/1817 1780/1780
f 1869/1869 1774/1774 1891/1891
f 1869/1869 1845/1845 1774/1774
f 1869/1869 1891/1891 3336/3336
f 1870/1870 2165/2165 2184/2184
f 1870/1870 2184/2184 1845/1845
f 1870/1870 2268/2268 2184/2184
f 1871/1871 1897/1897 1765/1765
f 1871/1871 2164/2164 1897/1897
f 1872/1872 1783/1783 1763/1763
f 1872/1872 3409/3409 1783/1783
f 1873/1873 1999/1999 2185/2185
f 1873/1873 2090/2090 1999/1999
f 1874/1874 1779/1779 1842/1842
f 1874/1874 2547/2547 1779/1779
f 1875/1875 1777/1777 1901/1901
f 1875/1875 1927/1927 1777/1777
f 1876/1876 2438/2438 2186/2186
f 1876/1876 2531/2531 2438/2438
f 1877/1877 1759/1759 1902/1902
f 1877/1877 1844/1844 1759/1759
f 1878/1878 1810/1810 1840/1840
f 1878/1878 1840/1840 2129/2129
f 1878/1878 2129/2129 2033/2033
f 1879/1879 1912/1912 1910/1910
f 1880/1880 1751/1751 1769/1769
f 1880/1880 1769/1769 2077/2077
f 1881/1881 1646/1646 2028/2028
f 1881/1881 2028/2028 1756/1756
f 1882/1882 3247/3247 1962/1962
f 1883/1883 1579/1579 1908/1908
f 1883/1883 1757/1757 1850/1850
f 1883/1883 1757/1757 2088/2088
f 1883/1883 1908/1908 1757/1757
f 1883/1883 2088/2088 1757/1757
f 1884/1884 1785/1785 1741/1741
f 1884/1884 3451/3451 1785/1785
f 1885/1885 2160/2160 1916/1916
f 1885/1885 2519/2519 2160/2160
f 1886/1886 1824/1824 2015/2015
f 1886/1886 1928/1928 1824/1824
f 1887/1887 1616/1616 1813/1813
f 1888/1888 1993/1993 1806/1806
f 1888/1888 2025/2025 1993/1993
f 1889/1889 1794/1794 1859/1859
f 1889/1889 1821/1821 1794/1794
f 1890/1890 1761/1761 1786/1786
f 1890/1890 1786/1786 2043/2043
f 1891/1891 1753/1753 2032/2032
f 1891/1891 1753/1753 3336/3336
f 1891/1891 1774/1774 1753/1753
f 1892/1892 2454/2454 1865/1865
f 1892/1892 2518/2518 2454/2454
f 1893/1893 1758/1758 1866/1866
f 1893/1893 1866/1866 1978/1978
f 1893/1893 1978/1978 3327/3327
f 1894/1894 1801/1801 1925/1925
f 1894/1894 1925/1925 2023/2023
f 1895/1895 1855/1855 2167/2167
f 1895/1895 2426/2426 1855/1855
f 1896/1896 1784/1784 1864/1864
f 1896/1896 1864/1864 2024/2024
f 1897/1897 1802/1802 1768/1768
f 1897/1897 2014/2014 1802/1802
f 1898/1898 1751/1751 1880/1880
f 1898/1898 1847/1847 1751/1751
f 1899/1899 2000/2000 1930/1930
f 1899/1899 2406/2406 2000/2000
f 1900/1900 2048/2048 3310/3310
f 1900/1900 2167/2167 2048/2048
f 1901/1901 1742/1742 1935/1935
f 1901/1901 1777/1777 1742/1742
f 1902/1902 1759/1759 2510/2510
f 1903/1903 1748/1748 2053/2053
f 1903/1903 1780/1780 1748/1748
f 1904/1904 1809/1809 1787/1787
f 1905/1905 2435/2435 1940/1940
f 1905/1905 2447/2447 2435/2435
f 1906/1906 1800/1800 3351/3351
f 1906/1906 3351/3351 2151/2151
f 1907/1907 2113/2113 2165/2165
f 1907/1907 2165/2165 1870/1870
f 1908/1908 1527/1527 1926/1926
f 1908/1908 1926/1926 1789/1789
f 1909/1909 1771/1771 1810/1810
f 1909/1909 1810/1810 1878/1878
f 1910/1910 1980/1980 2009/2009
f 1910/1910 2009/2009 1816/1816
f 1910/1910 2050/2050 1980/1980
f 1911/1911 1750/1750 1781/1781
f 1911/1911 1781/1781 1931/1931
f 1912/1912 2050/2050 1910/1910
f 1912/1912 3218/3218 2050/2050
f 1913/1913 1749/1749 1775/1775
f 1913/1913 1813/1813 1971/1971
f 1913/1913 1887/1887 1813/1813
f 1914/1914 1809/1809 1904/1904
f 1914/1914 1831/1831 1809/1809
f 1915/1915 2085/2085 2113/2113
f 1915/1915 2113/2113 1764/1764
f 1916/1916 2127/2127 2225/2225
f 1916/1916 2160/2160 2127/2127
f 1916/1916 2225/2225 1947/1947
f 1917/1917 1849/1849 1820/1820
f 1917/1917 2166/2166 1849/1849
f 1918/1918 1740/1740 1956/1956
f 1918/1918 1956/1956 2477/2477
f 1919/1919 1816/1816 1847/1847
f 1919/1919 1847/1847 1898/1898
f 1920/1920 1828/1828 1953/1953
f 1920/1920 1953/1953 3353/3353
f 1921/1921 2055/2055 2068/2068
f 1921/1921 2135/2135 2055/2055
f 1922/1922 2132/2132 1839/1839
f 1922/1922 3140/3140 2132/2132
f 1923/1923 1814/1814 1797/1797
f 1923/1923 1835/1835 1949/1949
f 1923/1923 1949/1949 2081/2081
f 1923/1923 2081/2081 2052/2052
f 1923/1923 2144/2144 1814/1814
f 1924/1924 1762/1762 1958/1958
f 1924/1924 1821/1821 1889/1889
f 1924/1924 1838/1838 1821/1821
f 1925/1925 2430/2430 2051/2051
f 1925/1925 2580/2580 2430/2430
f 1926/1926 1527/1527 1951/1951
f 1926/1926 1745/1745 1823/1823
f 1927/1927 1962/1962 3332/3332
f 1927/1927 3332/3332 1777/1777
f 1928/1928 1517/1517 1963/1963
f 1928/1928 1963/1963 1824/1824
f 1929/1929 1845/1845 1869/1869
f 1929/1929 1870/1870 1845/1845
f 1930/1930 2000/2000 2035/2035
f 1930/1930 2035/2035 1965/1965
f 1931/1931 1781/1781 1822/1822
f 1931/1931 1822/1822 1955/1955
f 1932/1932 2059/2059 1867/1867
f 1932/1932 3180/3180 2059/2059
f 1933/1933 1766/1766 1771/1771
f 1933/1933 1771/1771 1909/1909
f 1934/1934 1960/1960 1819/1819
f 1934/1934 2084/2084 1960/1960
f 1935/1935 1742/1742 1834/1834
f 1935/1935 1834/1834 1966/1966
f 1936/1936 1791/1791 1863/1863
f 1936/1936 2566/2566 1791/1791
f 1937/1937 1806/1806 1970/1970
f 1937/1937 1867/1867 1888/1888
f 1937/1937 1888/1888 1806/1806
f 1938/1938 1514/1514 1552/1552
f 1938/1938 1552/1552 1862/1862
f 1939/1939 1968/1968 1836/1836
f 1939/1939 3364/3364 1968/1968
f 1940/1940 2435/2435 2522/2522
f 1941/1941 1782/1782 2115/2115
f 1941/1941 2559/2559 1782/1782
f 1942/1942 1833/1833 2188/2188
f 1942/1942 2083/2083 1400/1400
f 1942/1942 2188/2188 2083/2083
f 1943/1943 1465/1465 1548/1548
f 1943/1943 1548/1548 1853/1853
f 1944/1944 1792/1792 2042/2042
f 1944/1944 1861/1861 1792/1792
f 1945/1945 2085/2085 1915/1915
f 1945/1945 3161/3161 2085/2085
f 1946/1946 2517/2517 2149/2149
f 1946/1946 2616/2616 2517/2517
f 1947/1947 2108/2108 1750/1750
f 1947/1947 2225/2225 2108/2108
f 1948/1948 1817/1817 1868/1868
f 1948/1948 2521/2521 3286/3286
f 1949/1949 1744/1744 1857/1857
f 1949/1949 1857/1857 2081/2081
f 1950/1950 1766/1766 1933/1933
f 1950/1950 1965/1965 1766/1766
f 1951/1951 1734/1734 1745/1745
f 1951/1951 1745/1745 1926/1926
f 1952/1952 1816/1816 1919/1919
f 1952/1952 1910/1910 1816/1816
f 1953/1953 1795/1795 1900/1900
f 1953/1953 1900/1900 3353/3353
f 1954/1954 1831/1831 1914/1914
f 1954/1954 1862/1862 1831/1831
f 1955/1955 1822/1822 1852/1852
f 1955/1955 3072/3072 3359/3359
f 1956/1956 2186/2186 2525/2525
f 1957/1957 2060/2060 2168/2168
f 1957/1957 2088/2088 2060/2060
f 1958/1958 1762/1762 1924/1924
f 1958/1958 1838/1838 1924/1924
f 1958/1958 1865/1865 1838/1838
f 1959/1959 1830/1830 1944/1944
f 1959/1959 1944/1944 1864/1864
f 1959/1959 1944/1944 2063/2063
f 1959/1959 2063/2063 2099/2099
f 1960/1960 1871/1871 1848/1848
f 1960/1960 2177/2177 1871/1871
f 1961/1961 2328/2328 2518/2518
f 1961/1961 2518/2518 1892/1892
f 1962/1962 3247/3247 3287/3287
f 1962/1962 3287/3287 3370/3370
f 1962/1962 3370/3370 3332/3332
f 1963/1963 1604/1604 1881/1881
f 1963/1963 1881/1881 1824/1824
f 1964/1964 1941/1941 2094/2094
f 1965/1965 2035/2035 2064/2064
f 1965/1965 2064/2064 1766/1766
f 1966/1966 1834/1834 1800/1800
f 1967/1967 1485/1485 1514/1514
f 1967/1967 1514/1514 1938/1938
f 1968/1968 1984/1984 1799/1799
f 1968/1968 3223/3223 1984/1984
f 1969/1969 1747/1747 1827/1827
f 1969/1969 2038/2038 1747/1747
f 1970/1970 1754/1754 1937/1937
f 1970/1970 1806/1806 1829/1829
f 1970/1970 1811/1811 1754/1754
f 1970/1970 1829/1829 1858/1858
f 1970/1970 3303/3303 3324/3324
f 1970/1970 3324/3324 3452/3452
f 1970/1970 3360/3360 3303/3303
f 1970/1970 3452/3452 3471/3471
f 1970/1970 3471/3471 1811/1811
f 1971/1971 1813/1813 1844/1844
f 1971/1971 1844/1844 1877/1877
f 1972/1972 2005/2005 2321/2321
f 1972/1972 2155/2155 2005/2005
f 1973/1973 1841/1841 1875/1875
f 1973/1973 1875/1875 2006/2006
f 1974/1974 2004/2004 2178/2178
f 1974/1974 2103/2103 2136/2136
f 1974/1974 2136/2136 2178/2178
f 1975/1975 2003/2003 3192/3192
f 1975/1975 2115/2115 2003/2003
f 1976/1976 2159/2159 2195/2195
f 1976/1976 2195/2195 2191/2191
f 1977/1977 1997/1997 1852/1852
f 1977/1977 2356/2356 2324/2324
f 1978/1978 1866/1866 2010/2010
f 1978/1978 2010/2010 2179/2179
f 1978/1978 2179/2179 3196/3196
f 1979/1979 2013/2013 2061/2061
f 1980/1980 2087/2087 2009/2009
f 1980/1980 2161/2161 2087/2087
f 1981/1981 1877/1877 2001/2001
f 1981/1981 1971/1971 1877/1877
f 1982/1982 1478/1478 1485/1485
f 1982/1982 1485/1485 1967/1967
f 1983/1983 1863/1863 2105/2105
f 1983/1983 2348/2348 2105/2105
f 1983/1983 2453/2453 2348/2348
f 1984/1984 2008/2008 2122/2122
f 1984/1984 3223/3223 2008/2008
f 1985/1985 2023/2023 2125/2125
f 1986/1986 2097/2097 2018/2018
f 1986/1986 2152/2152 2097/2097
f 1986/1986 3135/3135 3265/3265
f 1986/1986 3265/3265 2043/2043
f 1987/1987 1886/1886 2015/2015
f 1987/1987 2015/2015 2081/2081
f 1987/1987 2015/2015 2124/2124
f 1988/1988 2328/2328 1961/1961
f 1988/1988 2347/2347 2328/2328
f 1988/1988 2365/2365 2347/2347
f 1989/1989 2310/2310 1828/1828
f 1990/1990 2268/2268 2354/2354
f 1990/1990 2354/2354 1845/1845
f 1990/1990 2354/2354 2036/2036
f 1991/1991 1385/1385 2022/2022
f 1991/1991 1414/1414 1483/1483
f 1991/1991 1483/1483 1385/1385
f 1992/1992 1959/1959 2182/2182
f 1993/1993 2096/2096 2189/2189
f 1993/1993 2121/2121 2096/2096
f 1994/1994 1889/1889 2016/2016
f 1994/1994 1924/1924 1889/1889
f 1995/1995 1905/1905 1940/1940
f 1996/1996 2072/2072 2385/2385
f 1996/1996 2148/2148 2072/2072
f 1996/1996 2320/2320 2631/2631
f 1996/1996 2385/2385 2320/2320
f 1997/1997 2017/2017 2098/2098
f 1997/1997 2098/2098 1852/1852
f 1998/1998 1746/1746 2107/2107
f 1998/1998 2107/2107 2143/2143
f 1998/1998 2138/2138 1746/1746
f 1999/1999 1995/1995 2134/2134
f 1999/1999 2134/2134 1798/1798
f 2000/2000 2109/2109 2035/2035
f 2000/2000 2255/2255 2109/2109
f 2000/2000 2289/2289 2255/2255
f 2001/2001 1877/1877 2407/2407
f 2002/2002 2033/2033 2159/2159
f 2002/2002 2159/2159 1976/1976
f 2003/2003 2034/2034 2146/2146
f 2003/2003 2146/2146 3211/3211
f 2004/2004 2103/2103 1974/1974
f 2004/2004 2141/2141 2103/2103
f 2005/2005 1740/1740 1918/1918
f 2005/2005 1918/1918 2338/2338
f 2006/2006 1875/1875 1901/1901
f 2006/2006 1901/1901 2039/2039
f 2007/2007 1444/1444 1478/1478
f 2007/2007 1478/1478 1982/1982
f 2008/2008 2045/2045 2101/2101
f 2008/2008 3136/3136 2045/2045
f 2009/2009 2087/2087 2142/2142
f 2010/2010 1758/1758 1866/1866
f 2010/2010 3226/3226 2150/2150
f 2010/2010 3354/3354 3226/3226
f 2011/2011 1914/1914 1904/1904
f 2012/2012 2030/2030 2356/2356
f 2013/2013 3258/3258 2061/2061
f 2014/2014 1989/1989 1802/1802
f 2014/2014 2310/2310 1989/1989
f 2015/2015 1824/1824 2147/2147
f 2015/2015 2147/2147 2093/2093
f 2016/2016 1859/1859 2394/2394
f 2016/2016 1889/1889 1859/1859
f 2017/2017 2029/2029 3199/3199
f 2017/2017 3199/3199 2098/2098
f 2018/2018 2097/2097 2119/2119
f 2018/2018 2119/2119 2169/2169
f 2019/2019 1996/1996 2340/2340
f 2019/2019 2111/2111 1996/1996
f 2019/2019 2340/2340 2166/2166
f 2020/2020 3243/3243 2131/2131
f 2020/2020 3408/3408 3243/3243
f 2021/2021 2149/2149 2339/2339
f 2022/2022 1385/1385 1465/1465
f 2022/2022 1465/1465 1943/1943
f 2023/2023 1925/1925 2051/2051
f 2023/2023 2051/2051 2086/2086
f 2024/2024 1864/1864 1992/1992
f 2024/2024 1992/1992 2145/2145
f 2025/2025 2121/2121 1993/1993
f 2025/2025 2183/2183 2121/2121
f 2026/2026 2365/2365 1988/1988
f 2027/2027 1762/1762 1958/1958
f 2027/2027 1958/1958 2078/2078
f 2028/2028 2046/2046 2149/2149
f 2029/2029 3247/3247 1882/1882
f 2030/2030 2374/2374 2356/2356
f 2030/2030 2391/2391 2374/2374
f 2031/2031 2365/2365 2026/2026
f 2031/2031 2396/2396 2365/2365
f 2032/2032 1753/1753 2173/2173
f 2032/2032 2173/2173 2082/2082
f 2033/2033 2129/2129 2159/2159
f 2034/2034 1760/1760 2058/2058
f 2034/2034 2058/2058 2146/2146
f 2035/2035 2109/2109 2194/2194
f 2035/2035 2194/2194 2064/2064
f 2036/2036 2354/2354 2389/2389
f 2036/2036 2389/2389 2070/2070
f 2037/2037 1360/1360 2067/2067
f 2037/2037 2087/2087 2112/2112
f 2038/2038 2062/2062 2360/2360
f 2038/2038 2118/2118 1747/1747
f 2038/2038 2360/2360 2118/2118
f 2039/2039 1901/1901 1935/1935
f 2039/2039 1935/1935 2069/2069
f 2039/2039 2006/2006 2069/2069
f 2040/2040 1985/1985 2125/2125
f 2040/2040 2086/2086 2375/2375
f 2041/2041 1895/1895 1795/1795
f 2041/2041 2471/2471 1895/1895
f 2042/2042 1792/1792 2116/2116
f 2042/2042 2116/2116 2133/2133
f 2043/2043 1786/1786 2152/2152
f 2043/2043 1858/1858 1890/1890
f 2043/2043 2152/2152 1986/1986
f 2043/2043 3206/3206 3335/3335
f 2043/2043 3265/3265 3206/3206
f 2043/2043 3335/3335 1858/1858
f 2044/2044 1444/1444 2007/2007
f 2044/2044 2139/2139 3210/3210
f 2045/2045 2068/2068 2186/2186
f 2046/2046 1917/1917 2149/2149
f 2046/2046 2060/2060 1917/1917
f 2047/2047 1746/1746 1954/1954
f 2047/2047 1914/1914 2011/2011
f 2047/2047 1954/1954 1914/1914
f 2048/2048 2073/2073 3227/3227
f 2049/2049 1775/1775 1913/1913
f 2049/2049 1913/1913 2065/2065
f 2050/2050 2161/2161 1980/1980
f 2050/2050 3111/3111 2161/2161
f 2051/2051 2309/2309 2174/2174
f 2051/2051 2467/2467 2309/2309
f 2052/2052 2075/2075 2144/2144
f 2052/2052 2081/2081 2176/2176
f 2052/2052 2144/2144 1923/1923
f 2053/2053 1748/1748 2175/2175
f 2053/2053 2175/2175 2079/2079
f 2054/2054 1972/1972 2372/2372
f 2054/2054 2190/2190 1972/1972
f 2055/2055 2038/2038 1969/1969
f 2056/2056 2021/2021 2366/2366
f 2057/2057 2121/2121 2096/2096
f 2057/2057 2199/2199 2396/2396
f 2057/2057 2396/2396 2031/2031
f 2058/2058 2020/2020 2180/2180
f 2058/2058 2606/2606 2020/2020
f 2059/2059 2183/2183 2025/2025
f 2059/2059 3092/3092 2183/2183
f 2059/2059 3209/3209 3180/3180
f 2060/2060 2088/2088 1917/1917
f 2061/2061 3199/3199 2029/2029
f 2062/2062 1873/1873 2185/2185
f 2062/2062 2185/2185 2360/2360
f 2063/2063 1944/1944 2042/2042
f 2063/2063 2042/2042 2099/2099
f 2064/2064 2157/2157 2095/2095
f 2064/2064 2194/2194 2157/2157
f 2065/2065 1913/1913 1971/1971
f 2065/2065 1971/1971 1981/1981
f 2066/2066 1906/1906 2151/2151
f 2066/2066 2151/2151 2408/2408
f 2067/2067 1360/1360 1448/1448
f 2067/2067 1414/1414 1991/1991
f 2067/2067 1448/1448 1414/1414
f 2068/2068 1969/1969 2154/2154
f 2068/2068 1969/1969 2186/2186
f 2068/2068 2055/2055 1969/1969
f 2069/2069 1935/1935 1966/1966
f 2069/2069 2006/2006 2039/2039
f 2070/2070 2368/2368 1753/1753
f 2070/2070 2368/2368 2173/2173
f 2070/2070 2389/2389 2368/2368
f 2071/2071 2056/2056 2386/2386
f 2071/2071 2172/2172 2056/2056
f 2072/2072 2040/2040 2385/2385
f 2072/2072 2192/2192 2040/2040
f 2073/2073 1975/1975 3259/3259
f 2073/2073 2094/2094 1975/1975
f 2074/2074 1746/1746 2047/2047
f 2075/2075 1936/1936 2144/2144
f 2075/2075 2484/2484 1936/1936
f 2076/2076 2225/2225 2391/2391
f 2076/2076 2391/2391 2030/2030
f 2077/2077 1769/1769 2141/2141
f 2077/2077 2141/2141 2004/2004
f 2078/2078 1924/1924 1994/1994
f 2078/2078 1958/1958 1924/1924
f 2078/2078 1994/1994 2016/2016
f 2079/2079 2138/2138 1998/1998
f 2079/2079 2175/2175 2138/2138
f 2080/2080 1763/1763 1743/1743
f 2080/2080 1872/1872 1763/1763
f 2081/2081 1857/1857 1987/1987
f 2081/2081 1987/1987 2140/2140
f 2081/2081 2015/2015 1987/1987
f 2082/2082 2162/2162 1995/1995
f 2082/2082 2173/2173 2162/2162
f 2083/2083 1380/1380 1311/1311
f 2083/2083 1983/1983 2105/2105
f 2083/2083 2105/2105 1380/1380
f 2084/2084 2211/2211 1960/1960
f 2085/2085 2227/2227 2113/2113
f 2085/2085 3027/3027 2227/2227
f 2086/2086 2051/2051 2174/2174
f 2086/2086 2174/2174 2212/2212
f 2086/2086 2212/2212 2503/2503
f 2087/2087 1329/1329 1391/1391
f 2087/2087 1391/1391 2112/2112
f 2088/2088 1789/1789 2111/2111
f 2088/2088 2019/2019 2166/2166
f 2088/2088 2111/2111 2019/2019
f 2088/2088 2166/2166 1917/1917
f 2089/2089 1986/1986 2018/2018
f 2089/2089 2018/2018 2169/2169
f 2089/2089 2078/2078 2120/2120
f 2089/2089 2169/2169 2170/2170
f 2089/2089 3070/3070 3117/3117
f 2089/2089 3117/3117 3246/3246
f 2089/2089 3128/3128 3152/3152
f 2089/2089 3152/3152 3070/3070
f 2089/2089 3246/3246 1986/1986
f 2090/2090 1995/1995 1999/1999
f 2090/2090 3272/3272 1995/1995
f 2091/2091 1988/1988 1832/1832
f 2091/2091 2026/2026 1988/1988
f 2092/2092 2149/2149 2021/2021
f 2093/2093 2071/2071 2218/2218
f 2093/2093 2147/2147 2071/2071
f 2094/2094 1941/1941 2115/2115
f 2094/2094 2115/2115 1975/1975
f 2095/2095 2013/2013 2126/2126
f 2095/2095 2157/2157 2013/2013
f 2096/2096 2121/2121 2057/2057
f 2096/2096 2199/2199 2057/2057
f 2096/2096 2230/2230 2199/2199
f 2097/2097 1793/1793 2119/2119
f 2097/2097 1832/1832 1793/1793
f 2098/2098 3072/3072 1955/1955
f 2098/2098 3199/3199 3072/3072
f 2099/2099 2042/2042 2133/2133
f 2099/2099 2133/2133 2222/2222
f 2100/2100 2047/2047 2011/2011
f 2101/2101 2045/2045 2186/2186
f 2101/2101 2186/2186 1740/1740
f 2102/2102 2067/2067 2130/2130
f 2103/2103 1749/1749 2136/2136
f 2103/2103 1815/1815 1749/1749
f 2104/2104 2039/2039 2069/2069
f 2104/2104 2069/2069 1966/1966
f 2105/2105 1863/1863 1983/1983
f 2105/2105 2246/2246 1236/1236
f 2105/2105 2348/2348 2246/2246
f 2106/2106 1982/1982 1843/1843
f 2106/2106 2007/2007 1982/1982
f 2107/2107 1746/1746 2074/2074
f 2108/2108 2225/2225 2076/2076
f 2109/2109 3087/3087 2194/2194
f 2110/2110 1981/1981 2001/2001
f 2110/2110 2001/2001 2254/2254
f 2111/2111 1823/1823 2148/2148
f 2111/2111 2148/2148 1996/1996
f 2112/2112 1360/1360 2037/2037
f 2112/2112 1391/1391 1360/1360
f 2113/2113 2202/2202 2165/2165
f 2113/2113 2227/2227 2202/2202
f 2114/2114 2007/2007 2106/2106
f 2114/2114 2044/2044 2007/2007
f 2115/2115 1782/1782 2034/2034
f 2115/2115 2034/2034 2003/2003
f 2116/2116 1836/1836 2190/2190
f 2116/2116 2190/2190 2133/2133
f 2117/2117 2026/2026 2091/2091
f 2117/2117 2031/2031 2026/2026
f 2118/2118 2231/2231 1747/1747
f 2118/2118 2360/2360 2231/2231
f 2119/2119 1762/1762 2027/2027
f 2119/2119 1793/1793 1762/1762
f 2120/2120 2016/2016 2294/2294
f 2120/2120 2078/2078 2016/2016
f 2121/2121 2230/2230 2096/2096
f 2121/2121 2306/2306 2230/2230
f 2122/2122 2008/2008 2101/2101
f 2122/2122 2101/2101 1796/1796
f 2123/2123 2084/2084 1934/1934
f 2123/2123 2211/2211 2084/2084
f 2124/2124 2015/2015 2093/2093
f 2124/2124 2093/2093 2243/2243
f 2125/2125 2023/2023 2086/2086
f 2125/2125 2086/2086 2040/2040
f 2126/2126 1979/1979 2163/2163
f 2126/2126 2013/2013 1979/1979
f 2127/2127 2254/2254 2225/2225
f 2128/2128 1981/1981 2110/2110
f 2128/2128 2065/2065 1981/1981
f 2129/2129 1767/1767 2159/2159
f 2129/2129 1840/1840 1767/1767
f 2130/2130 1991/1991 2022/2022
f 2130/2130 2022/2022 1815/1815
f 2130/2130 2067/2067 1991/1991
f 2131/2131 3141/3141 3098/3098
f 2131/2131 3243/3243 3141/3141
f 2132/2132 2017/2017 1997/1997
f 2132/2132 3247/3247 2017/2017
f 2133/2133 2054/2054 2237/2237
f 2133/2133 2190/2190 2054/2054
f 2134/2134 1995/1995 1940/1940
f 2135/2135 2038/2038 2055/2055
f 2135/2135 2062/2062 2038/2038
f 2136/2136 1749/1749 1775/1775
f 2136/2136 1775/1775 2049/2049
f 2137/2137 2006/2006 2039/2039
f 2137/2137 2039/2039 2104/2104
f 2138/2138 1818/1818 1746/1746
f 2138/2138 1843/1843 1818/1818
f 2139/2139 1817/1817 3099/3099
f 2139/2139 2044/2044 2114/2114
f 2140/2140 1987/1987 2124/2124
f 2140/2140 2124/2124 2295/2295
f 2141/2141 1815/1815 2103/2103
f 2141/2141 2130/2130 1815/1815
f 2142/2142 2037/2037 2171/2171
f 2142/2142 2087/2087 2037/2037
f 2143/2143 2074/2074 2181/2181
f 2143/2143 2107/2107 2074/2074
f 2144/2144 1833/1833 1814/1814
f 2144/2144 1863/1863 1833/1833
f 2144/2144 1936/1936 1863/1863
f 2145/2145 1992/1992 2182/2182
f 2145/2145 2182/2182 2260/2260
f 2146/2146 2058/2058 2180/2180
f 2146/2146 2180/2180 3211/3211
f 2147/2147 1846/1846 2172/2172
f 2147/2147 2172/2172 2071/2071
f 2148/2148 1826/1826 2192/2192
f 2148/2148 2192/2192 2072/2072
f 2149/2149 1917/1917 1820/1820
f 2150/2150 3170/3170 2179/2179
f 2150/2150 3226/3226 3098/3098
f 2151/2151 3107/3107 2279/2279
f 2151/2151 3351/3351 3107/3107
f 2152/2152 1832/1832 2097/2097
f 2152/2152 2091/2091 1832/1832
f 2153/2153 1993/1993 2189/2189
f 2153/2153 2031/2031 2117/2117
f 2153/2153 2057/2057 2031/2031
f 2154/2154 1921/1921 2068/2068
f 2154/2154 1969/1969 2068/2068
f 2154/2154 2068/2068 2045/2045
f 2155/2155 1796/1796 2005/2005
f 2155/2155 2122/2122 1796/1796
f 2156/2156 2006/2006 2137/2137
f 2156/2156 2191/2191 2006/2006
f 2157/2157 2194/2194 2013/2013
f 2158/2158 2049/2049 2065/2065
f 2158/2158 2065/2065 2128/2128
f 2159/2159 1767/1767 1804/1804
f 2159/2159 1804/1804 2195/2195
f 2160/2160 2110/2110 2254/2254
f 2160/2160 2254/2254 2127/2127
f 2161/2161 371/371 1329/1329
f 2161/2161 1329/1329 2087/2087
f 2162/2162 1854/1854 1905/1905
f 2162/2162 1905/1905 1995/1995
f 2163/2163 1979/1979 2061/2061
f 2163/2163 2061/2061 2196/2196
f 2164/2164 2014/2014 1897/1897
f 2164/2164 2331/2331 2014/2014
f 2165/2165 2202/2202 2303/2303
f 2165/2165 2303/2303 2184/2184
f 2166/2166 2261/2261 1849/1849
f 2166/2166 2340/2340 2261/2261
f 2167/2167 1855/1855 2193/2193
f 2167/2167 2073/2073 2048/2048
f 2167/2167 2193/2193 2073/2073
f 2168/2168 2046/2046 2028/2028
f 2168/2168 2060/2060 2046/2046
f 2169/2169 2027/2027 2170/2170
f 2169/2169 2119/2119 2027/2027
f 2170/2170 2027/2027 2078/2078
f 2170/2170 2078/2078 2089/2089
f 2171/2171 2037/2037 2067/2067
f 2171/2171 2067/2067 2102/2102
f 2172/2172 1756/1756 2092/2092
f 2172/2172 2021/2021 2056/2056
f 2172/2172 2092/2092 2021/2021
f 2173/2173 1854/1854 2162/2162
f 2173/2173 2368/2368 1854/1854
f 2174/2174 2247/2247 2298/2298
f 2174/2174 2309/2309 2247/2247
f 2175/2175 1843/1843 2138/2138
f 2175/2175 2106/2106 1843/1843
f 2176/2176 2075/2075 2052/2052
f 2176/2176 2081/2081 2140/2140
f 2176/2176 2140/2140 2295/2295
f 2176/2176 2393/2393 2075/2075
f 2177/2177 2164/2164 1871/1871
f 2177/2177 2263/2263 2164/2164
f 2178/2178 2004/2004 1974/1974
f 2178/2178 2049/2049 2158/2158
f 2178/2178 2136/2136 2049/2049
f 2179/2179 2010/2010 2150/2150
f 2180/2180 2020/2020 2131/2131
f 2180/2180 2131/2131 3168/3168
f 2181/2181 2047/2047 2100/2100
f 2181/2181 2074/2074 2047/2047
f 2182/2182 1959/1959 2099/2099
f 2182/2182 2099/2099 2282/2282
f 2183/2183 2306/2306 2121/2121
f 2183/2183 2980/2980 2306/2306
f 2184/2184 2268/2268 1870/1870
f 2184/2184 2268/2268 1990/1990
f 2184/2184 2303/2303 2268/2268
f 2185/2185 1798/1798 2270/2270
f 2185/2185 1999/1999 1798/1798
f 2186/2186 1969/1969 1827/1827
f 2187/2187 1872/1872 2080/2080
f 2187/2187 3284/3284 1872/1872
f 2188/2188 1863/1863 1983/1983
f 2188/2188 1983/1983 2083/2083
f 2189/2189 1993/1993 2153/2153
f 2189/2189 2057/2057 2153/2153
f 2189/2189 2096/2096 2057/2057
f 2190/2190 1799/1799 2155/2155
f 2190/2190 2155/2155 1972/1972
f 2191/2191 1973/1973 2006/2006
f 2191/2191 2195/2195 1973/1973
f 2192/2192 1894/1894 2023/2023
f 2192/2192 1985/1985 2040/2040
f 2192/2192 2023/2023 1985/1985
f 2193/2193 2094/2094 2073/2073
f 2193/2193 2507/2507 2094/2094
f 2194/2194 3112/3112 2013/2013
f 2195/2195 1804/1804 1841/1841
f 2195/2195 1841/1841 1973/1973
f 2196/2196 2029/2029 1767/1767
f 2196/2196 2061/2061 2029/2029
f 2197/2197 2304/2304 2100/2100
f 2198/2198 2552/2552 2229/2229
f 2198/2198 2634/2634 2552/2552
f 2199/2199 2369/2369 2401/2401
f 2199/2199 2401/2401 2396/2396
f 2200/2200 2210/2210 2318/2318
f 2201/2201 1251/1251 2228/2228
f 2201/2201 2228/2228 2390/2390
f 2202/2202 2358/2358 2384/2384
f 2202/2202 2384/2384 2303/2303
f 2203/2203 2524/2524 2232/2232
f 2203/2203 2551/2551 2524/2524
f 2204/2204 2569/2569 2233/2233
f 2204/2204 2627/2627 2569/2569
f 2205/2205 2110/2110 2160/2160
f 2205/2205 2128/2128 2110/2110
f 2206/2206 2307/2307 3055/3055
f 2206/2206 2521/2521 2292/2292
f 2207/2207 2329/2329 2351/2351
f 2207/2207 2351/2351 2391/2391
f 2208/2208 2972/2972 2289/2289
f 2209/2209 2312/2312 2397/2397
f 2209/2209 2341/2341 2312/2312
f 2210/2210 2667/2667 2967/2967
f 2210/2210 2967/2967 2318/2318
f 2211/2211 2177/2177 1960/1960
f 2211/2211 2296/2296 2177/2177
f 2211/2211 2364/2364 2296/2296
f 2212/2212 2174/2174 2298/2298
f 2212/2212 2298/2298 2503/2503
f 2213/2213 2137/2137 2104/2104
f 2214/2214 2089/2089 2120/2120
f 2214/2214 2120/2120 2294/2294
f 2214/2214 2313/2313 2240/2240
f 2214/2214 2394/2394 2313/2313
f 2214/2214 2961/2961 3062/3062
f 2214/2214 2979/2979 3128/3128
f 2214/2214 3062/3062 2979/2979
f 2214/2214 3128/3128 2089/2089
f 2215/2215 2305/2305 2563/2563
f 2215/2215 2563/2563 2234/2234
f 2216/2216 2325/2325 2265/2265
f 2216/2216 2955/2955 2325/2325
f 2217/2217 2241/2241 2527/2527
f 2217/2217 2367/2367 2241/2241
f 2218/2218 2071/2071 2386/2386
f 2218/2218 2386/2386 2511/2511
f 2219/2219 2244/2244 2567/2567
f 2219/2219 2338/2338 2244/2244
f 2220/2220 2504/2504 2537/2537
f 2220/2220 2537/2537 2248/2248
f 2221/2221 2388/2388 2135/2135
f 2221/2221 2536/2536 2388/2388
f 2222/2222 2133/2133 2237/2237
f 2222/2222 2237/2237 2260/2260
f 2222/2222 2237/2237 2314/2314
f 2222/2222 2372/2372 2237/2237
f 2223/2223 2239/2239 2331/2331
f 2223/2223 2572/2572 2239/2239
f 2224/2224 2335/2335 2251/2251
f 2224/2224 2479/2479 2335/2335
f 2225/2225 2329/2329 2207/2207
f 2225/2225 2407/2407 2329/2329
f 2226/2226 2128/2128 2205/2205
f 2227/2227 2358/2358 2202/2202
f 2227/2227 2890/2890 2358/2358
f 2228/2228 1192/1192 2299/2299
f 2228/2228 2299/2299 2344/2344
f 2229/2229 2552/2552 2579/2579
f 2229/2229 2628/2628 2324/2324
f 2230/2230 2316/2316 2369/2369
f 2230/2230 2369/2369 2199/2199
f 2231/2231 2270/2270 2346/2346
f 2231/2231 2346/2346 2531/2531
f 2232/2232 1919/1919 2274/2274
f 2232/2232 2492/2492 1919/1919
f 2232/2232 2524/2524 2492/2492
f 2233/2233 2542/2542 2587/2587
f 2233/2233 2569/2569 2542/2542
f 2234/2234 2215/2215 2619/2619
f 2234/2234 2530/2530 2619/2619
f 2234/2234 2563/2563 2530/2530
f 2235/2235 2137/2137 2213/2213
f 2235/2235 2156/2156 2137/2137
f 2236/2236 3031/3031 2208/2208
f 2237/2237 2054/2054 2372/2372
f 2237/2237 2372/2372 2260/2260
f 2237/2237 2372/2372 2334/2334
f 2238/2238 2341/2341 2209/2209
f 2238/2238 2363/2363 2341/2341
f 2239/2239 2286/2286 2310/2310
f 2239/2239 2622/2622 2286/2286
f 2240/2240 2313/2313 2337/2337
f 2240/2240 2337/2337 2382/2382
f 2241/2241 2252/2252 2527/2527
f 2241/2241 2367/2367 2252/2252
f 2242/2242 2086/2086 2482/2482
f 2243/2243 2093/2093 2218/2218
f 2243/2243 2218/2218 2481/2481
f 2244/2244 2477/2477 2594/2594
f 2244/2244 2594/2594 2546/2546
f 2245/2245 2250/2250 2330/2330
f 2245/2245 2330/2330 2548/2548
f 2246/2246 2494/2494 1236/1236
f 2246/2246 2595/2595 2494/2494
f 2247/2247 2211/2211 2123/2123
f 2247/2247 2343/2343 2211/2211
f 2248/2248 2537/2537 2256/2256
f 2249/2249 2345/2345 2379/2379
f 2249/2249 2379/2379 2484/2484
f 2249/2249 2885/2885 2345/2345
f 2250/2250 2359/2359 2330/2330
f 2251/2251 2335/2335 2409/2409
f 2251/2251 2409/2409 2285/2285
f 2252/2252 2287/2287 2600/2600
f 2252/2252 2390/2390 2287/2287
f 2253/2253 2429/2429 2621/2621
f 2253/2253 2621/2621 2305/2305
f 2254/2254 2001/2001 2407/2407
f 2254/2254 2407/2407 2225/2225
f 2255/2255 3172/3172 2109/2109
f 2256/2256 2537/2537 2573/2573
f 2256/2256 2573/2573 2599/2599
f 2256/2256 2599/2599 2629/2629
f 2257/2257 2219/2219 2624/2624
f 2258/2258 2279/2279 2381/2381
f 2258/2258 2381/2381 2595/2595
f 2259/2259 2158/2158 2128/2128
f 2259/2259 2178/2178 2158/2158
f 2260/2260 2182/2182 2282/2282
f 2260/2260 2282/2282 2370/2370
f 2260/2260 2372/2372 2282/2282
f 2261/2261 2472/2472 2616/2616
f 2261/2261 2607/2607 2472/2472
f 2262/2262 2601/2601 2395/2395
f 2262/2262 2814/2814 2601/2601
f 2263/2263 2223/2223 2331/2331
f 2263/2263 2310/2310 2331/2331
f 2263/2263 2331/2331 2164/2164
f 2264/2264 2293/2293 2455/2455
f 2264/2264 2455/2455 3041/3041
f 2264/2264 3041/3041 2293/2293
f 2265/2265 2325/2325 2357/2357
f 2265/2265 2357/2357 2288/2288
f 2266/2266 2442/2442 2584/2584
f 2267/2267 2124/2124 2243/2243
f 2267/2267 2243/2243 2452/2452
f 2268/2268 2323/2323 2350/2350
f 2268/2268 2350/2350 2354/2354
f 2269/2269 2262/2262 2395/2395
f 2269/2269 2395/2395 2458/2458
f 2270/2270 1798/1798 2608/2608
f 2270/2270 2414/2414 2346/2346
f 2270/2270 2608/2608 2414/2414
f 2271/2271 2187/2187 2379/2379
f 2271/2271 3153/3153 2187/2187
f 2272/2272 1998/1998 2143/2143
f 2272/2272 2143/2143 2304/2304
f 2273/2273 2427/2427 2627/2627
f 2273/2273 2627/2627 2204/2204
f 2274/2274 1919/1919 2448/2448
f 2274/2274 2448/2448 2300/2300
f 2275/2275 2417/2417 2450/2450
f 2275/2275 2450/2450 2585/2585
f 2275/2275 2585/2585 2291/2291
f 2276/2276 2548/2548 2330/2330
f 2277/2277 2359/2359 2250/2250
f 2277/2277 2410/2410 2359/2359
f 2278/2278 2363/2363 2238/2238
f 2278/2278 2433/2433 2363/2363
f 2279/2279 3013/3013 2381/2381
f 2279/2279 3107/3107 3013/3013
f 2280/2280 2156/2156 2235/2235
f 2280/2280 2191/2191 2156/2156
f 2281/2281 2297/2297 2371/2371
f 2281/2281 2371/2371 2473/2473
f 2282/2282 2099/2099 2222/2222
f 2282/2282 2222/2222 2260/2260
f 2282/2282 2222/2222 2402/2402
f 2282/2282 2372/2372 2222/2222
f 2283/2283 2410/2410 2277/2277
f 2283/2283 2428/2428 2410/2410
f 2284/2284 2276/2276 2410/2410
f 2284/2284 2617/2617 2276/2276
f 2285/2285 2378/2378 2319/2319
f 2285/2285 2409/2409 2378/2378
f 2286/2286 2217/2217 2527/2527
f 2286/2286 2527/2527 2376/2376
f 2287/2287 2228/2228 2317/2317
f 2287/2287 2317/2317 2623/2623
f 2288/2288 2357/2357 2387/2387
f 2288/2288 2387/2387 2311/2311
f 2289/2289 2995/2995 2255/2255
f 2290/2290 2256/2256 2629/2629
f 2290/2290 2629/2629 2541/2541
f 2291/2291 2585/2585 2634/2634
f 2291/2291 2634/2634 2198/2198
f 2292/2292 2442/2442 2266/2266
f 2292/2292 2521/2521 2442/2442
f 2293/2293 2965/2965 2418/2418
f 2293/2293 3041/3041 3067/3067
f 2293/2293 3067/3067 2965/2965
f 2294/2294 2016/2016 2394/2394
f 2294/2294 2394/2394 2214/2214
f 2295/2295 2124/2124 2267/2267
f 2295/2295 2267/2267 2411/2411
f 2295/2295 2393/2393 2176/2176
f 2295/2295 2556/2556 2393/2393
f 2296/2296 2263/2263 2177/2177
f 2296/2296 2399/2399 2263/2263
f 2297/2297 2611/2611 2371/2371
f 2297/2297 2640/2640 2611/2611
f 2298/2298 1934/1934 2412/2412
f 2298/2298 2123/2123 1934/1934
f 2298/2298 2247/2247 2123/2123
f 2299/2299 501/501 2983/2983
f 2299/2299 2983/2983 2400/2400
f 2300/2300 2420/2420 2558/2558
f 2300/2300 2448/2448 2420/2420
f 2301/2301 1976/1976 2191/2191
f 2301/2301 2191/2191 2280/2280
f 2302/2302 1974/1974 2178/2178
f 2302/2302 2178/2178 2259/2259
f 2303/2303 2323/2323 2268/2268
f 2303/2303 2384/2384 2323/2323
f 2304/2304 2143/2143 2181/2181
f 2304/2304 2181/2181 2100/2100
f 2305/2305 2593/2593 2563/2563
f 2305/2305 2621/2621 2593/2593
f 2306/2306 2316/2316 2230/2230
f 2306/2306 2980/2980 2316/2316
f 2307/2307 2206/2206 2383/2383
f 2307/2307 2867/2867 2938/2938
f 2308/2308 2213/2213 2104/2104
f 2308/2308 2235/2235 2213/2213
f 2309/2309 2343/2343 2247/2247
f 2309/2309 2467/2467 2343/2343
f 2310/2310 2041/2041 1828/1828
f 2310/2310 2286/2286 2376/2376
f 2310/2310 2376/2376 2041/2041
f 2311/2311 2203/2203 2332/2332
f 2311/2311 2387/2387 2203/2203
f 2312/2312 1976/1976 2301/2301
f 2312/2312 2002/2002 1976/1976
f 2313/2313 2468/2468 2337/2337
f 2313/2313 2495/2495 2468/2468
f 2314/2314 2237/2237 2334/2334
f 2314/2314 2257/2257 2334/2334
f 2314/2314 2334/2334 2469/2469
f 2315/2315 2214/2214 2240/2240
f 2315/2315 2215/2215 2342/2342
f 2315/2315 2240/2240 2382/2382
f 2315/2315 2305/2305 2215/2215
f 2315/2315 2857/2857 2905/2905
f 2315/2315 2905/2905 3038/3038
f 2315/2315 2920/2920 2943/2943
f 2315/2315 2943/2943 2857/2857
f 2315/2315 3038/3038 2214/2214
f 2316/2316 2436/2436 2369/2369
f 2316/2316 2847/2847 2436/2436
f 2317/2317 2228/2228 2344/2344
f 2317/2317 2344/2344 2440/2440
f 2318/2318 2873/2873 2200/2200
f 2318/2318 2967/2967 2873/2873
f 2319/2319 2236/2236 2352/2352
f 2319/2319 2378/2378 2236/2236
f 2320/2320 2385/2385 2631/2631
f 2321/2321 2005/2005 2338/2338
f 2321/2321 2338/2338 2219/2219
f 2322/2322 1974/1974 2302/2302
f 2322/2322 2004/2004 1974/1974
f 2323/2323 2466/2466 2350/2350
f 2323/2323 2475/2475 2466/2466
f 2324/2324 1839/1839 1977/1977
f 2324/2324 2198/2198 2229/2229
f 2325/2325 1851/1851 2357/2357
f 2325/2325 2618/2618 1851/1851
f 2325/2325 2639/2639 2618/2618
f 2326/2326 1246/1246 2355/2355
f 2326/2326 2355/2355 2217/2217
f 2327/2327 2210/2210 2200/2200
f 2327/2327 2577/2577 2210/2210
f 2328/2328 2290/2290 2541/2541
f 2329/2329 2417/2417 2275/2275
f 2329/2329 2510/2510 2417/2417
f 2331/2331 2239/2239 2310/2310
f 2331/2331 2310/2310 2014/2014
f 2331/2331 2310/2310 2263/2263
f 2332/2332 2203/2203 2232/2232
f 2332/2332 2232/2232 2377/2377
f 2333/2333 2250/2250 2245/2245
f 2333/2333 2557/2557 2250/2250
f 2334/2334 2257/2257 2314/2314
f 2334/2334 2257/2257 2421/2421
f 2334/2334 2372/2372 2257/2257
f 2335/2335 2909/2909 2409/2409
f 2336/2336 2235/2235 2308/2308
f 2336/2336 2280/2280 2235/2235
f 2336/2336 2397/2397 2361/2361
f 2337/2337 2429/2429 2253/2253
f 2337/2337 2468/2468 2429/2429
f 2338/2338 1918/1918 2477/2477
f 2338/2338 2477/2477 2244/2244
f 2339/2339 2149/2149 2517/2517
f 2339/2339 2517/2517 2605/2605
f 2340/2340 1996/1996 2607/2607
f 2340/2340 2607/2607 2261/2261
f 2341/2341 2002/2002 2312/2312
f 2341/2341 2033/2033 2002/2002
f 2342/2342 2215/2215 2234/2234
f 2342/2342 2234/2234 2513/2513
f 2342/2342 2767/2767 2920/2920
f 2342/2342 2920/2920 2315/2315
f 2343/2343 2364/2364 2211/2211
f 2343/2343 2497/2497 2364/2364
f 2344/2344 2299/2299 2400/2400
f 2344/2344 2400/2400 2440/2440
f 2345/2345 2271/2271 2379/2379
f 2345/2345 2885/2885 2249/2249
f 2345/2345 3019/3019 2271/2271
f 2346/2346 2414/2414 2425/2425
f 2346/2346 2557/2557 2414/2414
f 2347/2347 2248/2248 2256/2256
f 2347/2347 2256/2256 2290/2290
f 2347/2347 2290/2290 2328/2328
f 2348/2348 2258/2258 2595/2595
f 2348/2348 2408/2408 2258/2258
f 2348/2348 2595/2595 2246/2246
f 2349/2349 1998/1998 2272/2272
f 2349/2349 2079/2079 1998/1998
f 2350/2350 2427/2427 2273/2273
f 2350/2350 2466/2466 2427/2427
f 2351/2351 2329/2329 2275/2275
f 2352/2352 2208/2208 2373/2373
f 2352/2352 2236/2236 2208/2208
f 2353/2353 2004/2004 2322/2322
f 2354/2354 2273/2273 2389/2389
f 2354/2354 2350/2350 2273/2273
f 2355/2355 1122/1122 2367/2367
f 2355/2355 2367/2367 2217/2217
f 2356/2356 2198/2198 2324/2324
f 2356/2356 2291/2291 2198/2198
f 2357/2357 1851/1851 2581/2581
f 2357/2357 2581/2581 2387/2387
f 2358/2358 2501/2501 2384/2384
f 2358/2358 2764/2764 2501/2501
f 2359/2359 2276/2276 2330/2330
f 2359/2359 2428/2428 2330/2330
f 2360/2360 2185/2185 2270/2270
f 2360/2360 2270/2270 2231/2231
f 2361/2361 2280/2280 2336/2336
f 2361/2361 2301/2301 2280/2280
f 2361/2361 2397/2397 2336/2336
f 2362/2362 1903/1903 2053/2053
f 2362/2362 2053/2053 2398/2398
f 2363/2363 1878/1878 2033/2033
f 2363/2363 1909/1909 1878/1878
f 2363/2363 2033/2033 2341/2341
f 2364/2364 2399/2399 2296/2296
f 2364/2364 2500/2500 2399/2399
f 2365/2365 2220/2220 2248/2248
f 2365/2365 2248/2248 2347/2347
f 2366/2366 2021/2021 2339/2339
f 2366/2366 2339/2339 2582/2582
f 2367/2367 1269/1269 2390/2390
f 2367/2367 2390/2390 2252/2252
f 2368/2368 2204/2204 2233/2233
f 2368/2368 2233/2233 2447/2447
f 2369/2369 2436/2436 2474/2474
f 2369/2369 2474/2474 2401/2401
f 2370/2370 2282/2282 2402/2402
f 2370/2370 2402/2402 2498/2498
f 2370/2370 2402/2402 2904/2904
f 2371/2371 2476/2476 2579/2579
f 2371/2371 2611/2611 2476/2476
f 2372/2372 1972/1972 2321/2321
f 2372/2372 2219/2219 2257/2257
f 2372/2372 2321/2321 2219/2219
f 2373/2373 2208/2208 2289/2289
f 2373/2373 2289/2289 2406/2406
f 2374/2374 2275/2275 2291/2291
f 2374/2374 2291/2291 2356/2356
f 2375/2375 2086/2086 2242/2242
f 2375/2375 2242/2242 2574/2574
f 2376/2376 2471/2471 2041/2041
f 2376/2376 2527/2527 2471/2471
f 2377/2377 2232/2232 2274/2274
f 2377/2377 2274/2274 2300/2300
f 2378/2378 3031/3031 2236/2236
f 2379/2379 2080/2080 2566/2566
f 2379/2379 2187/2187 2080/2080
f 2380/2380 2266/2266 2457/2457
f 2380/2380 2292/2292 2266/2266
f 2381/2381 2855/2855 2516/2516
f 2381/2381 3013/3013 2855/2855
f 2382/2382 2253/2253 2305/2305
f 2382/2382 2305/2305 2315/2315
f 2382/2382 2337/2337 2253/2253
f 2383/2383 2206/2206 2292/2292
f 2383/2383 2292/2292 2380/2380
f 2384/2384 2475/2475 2323/2323
f 2384/2384 2501/2501 2475/2475
f 2385/2385 2040/2040 2375/2375
f 2385/2385 2375/2375 2549/2549
f 2386/2386 2056/2056 2366/2366
f 2386/2386 2366/2366 2550/2550
f 2387/2387 2551/2551 2203/2203
f 2387/2387 2581/2581 2551/2551
f 2388/2388 1741/1741 2062/2062
f 2388/2388 2062/2062 2135/2135
f 2389/2389 2204/2204 2368/2368
f 2389/2389 2273/2273 2204/2204
f 2390/2390 1269/1269 2201/2201
f 2390/2390 2228/2228 2287/2287
f 2391/2391 2225/2225 2207/2207
f 2391/2391 2275/2275 2374/2374
f 2391/2391 2351/2351 2275/2275
f 2392/2392 1880/1880 2077/2077
f 2392/2392 2077/2077 2004/2004
f 2393/2393 2249/2249 2484/2484
f 2393/2393 2484/2484 2075/2075
f 2394/2394 1859/1859 2495/2495
f 2394/2394 2495/2495 2313/2313
f 2395/2395 2523/2523 2458/2458
f 2395/2395 2536/2536 2523/2523
f 2395/2395 2601/2601 2523/2523
f 2396/2396 2220/2220 2365/2365
f 2396/2396 2401/2401 2220/2220
f 2397/2397 2301/2301 2361/2361
f 2397/2397 2312/2312 2301/2301
f 2398/2398 2053/2053 2079/2079
f 2398/2398 2079/2079 2349/2349
f 2399/2399 2223/2223 2263/2263
f 2399/2399 2535/2535 2223/2223
f 2400/2400 2872/2872 2499/2499
f 2400/2400 2983/2983 2872/2872
f 2401/2401 2474/2474 2504/2504
f 2401/2401 2504/2504 2220/2220
f 2402/2402 2222/2222 2314/2314
f 2402/2402 2314/2314 2478/2478
f 2403/2403 2300/2300 2422/2422
f 2403/2403 2377/2377 2300/2300
f 2404/2404 2262/2262 2269/2269
f 2404/2404 2999/2999 2262/2262
f 2405/2405 2297/2297 1084/1084
f 2405/2405 2297/2297 2281/2281
f 2405/2405 2982/2982 2297/2297
f 2406/2406 2289/2289 2000/2000
f 2407/2407 1877/1877 1902/1902
f 2407/2407 1902/1902 2510/2510
f 2407/2407 2510/2510 2329/2329
f 2408/2408 2151/2151 2279/2279
f 2408/2408 2279/2279 2258/2258
f 2409/2409 2880/2880 2378/2378
f 2410/2410 2276/2276 2359/2359
f 2410/2410 2359/2359 2428/2428
f 2410/2410 2428/2428 2359/2359
f 2411/2411 2267/2267 2452/2452
f 2411/2411 2424/2424 2556/2556
f 2411/2411 2452/2452 2545/2545
f 2411/2411 2481/2481 2452/2452
f 2411/2411 2545/2545 2654/2654
f 2411/2411 2556/2556 2295/2295
f 2411/2411 2654/2654 2545/2545
f 2412/2412 1934/1934 2540/2540
f 2413/2413 2597/2597 2626/2626
f 2413/2413 2626/2626 2439/2439
f 2414/2414 2522/2522 2557/2557
f 2414/2414 2557/2557 2333/2333
f 2414/2414 2557/2557 2346/2346
f 2415/2415 1029/1029 2445/2445
f 2415/2415 2445/2445 2535/2535
f 2416/2416 2304/2304 2515/2515
f 2416/2416 2449/2449 2304/2304
f 2417/2417 2533/2533 2450/2450
f 2417/2417 2610/2610 2533/2533
f 2418/2418 2832/2832 2565/2565
f 2418/2418 2965/2965 2832/2832
f 2419/2419 2302/2302 2460/2460
f 2419/2419 2322/2322 2302/2302
f 2420/2420 1880/1880 2392/2392
f 2420/2420 1898/1898 1880/1880
f 2421/2421 2257/2257 2624/2624
f 2421/2421 2624/2624 2543/2543
f 2422/2422 2300/2300 2558/2558
f 2422/2422 2558/2558 2486/2486
f 2423/2423 2758/2758 2506/2506
f 2424/2424 2345/2345 2556/2556
f 2424/2424 2750/2750 2345/2345
f 2425/2425 2333/2333 2548/2548
f 2425/2425 2414/2414 2333/2333
f 2426/2426 2507/2507 1855/1855
f 2426/2426 2600/2600 2507/2507
f 2427/2427 2543/2543 2627/2627
f 2427/2427 2562/2562 2543/2543
f 2428/2428 2284/2284 2410/2410
f 2428/2428 2359/2359 2330/2330
f 2429/2429 2529/2529 2621/2621
f 2429/2429 2575/2575 2529/2529
f 2430/2430 2467/2467 2051/2051
f 2430/2430 2580/2580 2467/2467
f 2431/2431 2554/2554 2483/2483
f 2431/2431 2584/2584 2554/2554
f 2432/2432 2336/2336 2459/2459
f 2432/2432 2361/2361 2336/2336
f 2433/2433 1909/1909 2363/2363
f 2434/2434 2342/2342 2513/2513
f 2434/2434 2538/2538 2470/2470
f 2434/2434 2619/2619 2538/2538
f 2434/2434 2767/2767 2342/2342
f 2434/2434 2826/2826 2848/2848
f 2434/2434 2848/2848 2767/2767
f 2435/2435 2587/2587 2632/2632
f 2435/2435 2632/2632 2522/2522
f 2436/2436 2561/2561 2474/2474
f 2436/2436 2701/2701 2561/2561
f 2437/2437 968/968 1053/1053
f 2437/2437 1009/1009 968/968
f 2437/2437 1053/1053 2473/2473
f 2438/2438 2425/2425 2548/2548
f 2438/2438 2548/2548 2186/2186
f 2439/2439 2285/2285 2319/2319
f 2439/2439 2319/2319 2444/2444
f 2440/2440 2400/2400 2499/2499
f 2440/2440 2465/2465 2559/2559
f 2440/2440 2499/2499 2465/2465
f 2441/2441 2464/2464 2756/2756
f 2441/2441 2582/2582 2464/2464
f 2442/2442 1868/1868 2451/2451
f 2442/2442 1948/1948 1868/1868
f 2443/2443 2446/2446 2757/2757
f 2443/2443 2574/2574 2446/2446
f 2444/2444 2319/2319 2352/2352
f 2444/2444 2352/2352 2480/2480
f 2444/2444 2439/2439 2480/2480
f 2445/2445 976/976 2526/2526
f 2445/2445 2526/2526 2572/2572
f 2446/2446 2482/2482 2589/2589
f 2446/2446 2589/2589 2757/2757
f 2447/2447 2233/2233 2587/2587
f 2447/2447 2587/2587 2435/2435
f 2448/2448 1898/1898 2420/2420
f 2448/2448 1919/1919 1898/1898
f 2449/2449 2272/2272 2304/2304
f 2449/2449 2349/2349 2272/2272
f 2449/2449 2398/2398 2349/2349
f 2450/2450 2533/2533 2564/2564
f 2450/2450 2564/2564 2585/2585
f 2451/2451 1868/1868 1903/1903
f 2451/2451 1903/1903 2362/2362
f 2452/2452 2243/2243 2481/2481
f 2452/2452 2481/2481 2411/2411
f 2452/2452 2481/2481 2568/2568
f 2453/2453 2408/2408 2348/2348
f 2454/2454 2541/2541 2597/2597
f 2454/2454 2597/2597 2413/2413
f 2455/2455 2293/2293 2418/2418
f 2455/2455 2418/2418 2544/2544
f 2455/2455 2544/2544 2803/2803
f 2456/2456 1884/1884 2536/2536
f 2456/2456 1884/1884 2601/2601
f 2456/2456 3451/3451 1884/1884
f 2457/2457 2266/2266 2584/2584
f 2457/2457 2584/2584 2431/2431
f 2458/2458 2523/2523 2547/2547
f 2458/2458 2547/2547 1874/1874
f 2459/2459 2336/2336 2308/2308
f 2460/2460 2259/2259 2490/2490
f 2460/2460 2302/2302 2259/2259
f 2461/2461 1909/1909 2433/2433
f 2461/2461 1933/1933 1909/1909
f 2462/2462 2602/2602 2423/2423
f 2463/2463 2428/2428 2562/2562
f 2463/2463 2546/2546 2428/2428
f 2463/2463 2562/2562 2428/2428
f 2464/2464 2489/2489 2873/2873
f 2464/2464 2605/2605 2489/2489
f 2464/2464 2873/2873 2779/2779
f 2465/2465 2499/2499 2532/2532
f 2466/2466 2562/2562 2427/2427
f 2466/2466 2604/2604 2562/2562
f 2467/2467 2497/2497 2343/2343
f 2467/2467 2596/2596 2497/2497
f 2468/2468 1859/1859 2495/2495
f 2468/2468 2575/2575 2429/2429
f 2468/2468 2592/2592 2575/2575
f 2469/2469 2334/2334 2421/2421
f 2469/2469 2421/2421 2543/2543
f 2469/2469 2543/2543 2562/2562
f 2470/2470 2538/2538 2560/2560
f 2470/2470 2560/2560 2588/2588
f 2470/2470 2742/2742 2826/2826
f 2470/2470 2826/2826 2434/2434
f 2471/2471 2426/2426 1895/1895
f 2471/2471 2570/2570 2426/2426
f 2472/2472 2577/2577 2327/2327
f 2472/2472 2667/2667 2577/2577
f 2473/2473 1053/1053 1018/1018
f 2473/2473 2371/2371 2579/2579
f 2474/2474 2561/2561 2635/2635
f 2474/2474 2635/2635 2504/2504
f 2475/2475 2604/2604 2466/2466
f 2475/2475 2633/2633 2604/2604
f 2476/2476 2496/2496 2628/2628
f 2476/2476 2628/2628 2579/2579
f 2477/2477 1956/1956 2525/2525
f 2477/2477 2525/2525 2617/2617
f 2477/2477 2617/2617 2594/2594
f 2478/2478 2314/2314 2469/2469
f 2478/2478 2469/2469 2633/2633
f 2479/2479 2783/2783 2335/2335
f 2480/2480 2352/2352 2373/2373
f 2480/2480 2373/2373 2406/2406
f 2480/2480 2439/2439 2444/2444
f 2481/2481 2218/2218 2511/2511
f 2481/2481 2511/2511 2591/2591
f 2482/2482 2086/2086 2503/2503
f 2482/2482 2503/2503 2589/2589
f 2483/2483 2554/2554 2590/2590
f 2483/2483 2590/2590 2571/2571
f 2484/2484 2379/2379 2566/2566
f 2484/2484 2566/2566 1936/1936
f 2485/2485 927/927 1009/1009
f 2485/2485 1009/1009 2512/2512
f 2486/2486 2558/2558 2586/2586
f 2486/2486 2586/2586 2509/2509
f 2487/2487 2440/2440 2559/2559
f 2487/2487 2559/2559 1941/1941
f 2488/2488 2514/2514 2806/2806
f 2488/2488 2631/2631 2514/2514
f 2488/2488 2806/2806 2577/2577
f 2489/2489 2200/2200 2873/2873
f 2490/2490 2128/2128 2226/2226
f 2490/2490 2226/2226 2519/2519
f 2490/2490 2259/2259 2128/2128
f 2491/2491 1933/1933 2461/2461
f 2491/2491 1950/1950 1933/1933
f 2491/2491 2529/2529 2502/2502
f 2492/2492 2524/2524 1919/1919
f 2493/2493 2209/2209 2397/2397
f 2493/2493 2397/2397 2520/2520
f 2494/2494 2516/2516 2630/2630
f 2494/2494 2630/2630 997/997
f 2495/2495 1755/1755 2592/2592
f 2495/2495 1859/1859 2468/2468
f 2495/2495 2592/2592 2468/2468
f 2496/2496 1922/1922 2628/2628
f 2496/2496 3315/3315 1922/1922
f 2497/2497 2500/2500 2364/2364
f 2497/2497 2620/2620 2500/2500
f 2498/2498 2402/2402 2478/2478
f 2498/2498 2478/2478 2633/2633
f 2499/2499 2762/2762 2606/2606
f 2499/2499 2872/2872 2762/2762
f 2500/2500 2415/2415 2535/2535
f 2500/2500 2535/2535 2399/2399
f 2500/2500 2572/2572 2535/2535
f 2501/2501 2633/2633 2475/2475
f 2501/2501 2647/2647 2633/2633
f 2502/2502 1752/1752 1950/1950
f 2502/2502 1950/1950 2491/2491
f 2502/2502 2529/2529 2491/2491
f 2503/2503 2298/2298 2412/2412
f 2503/2503 2412/2412 2615/2615
f 2504/2504 2602/2602 2537/2537
f 2504/2504 2635/2635 2602/2602
f 2505/2505 2463/2463 2562/2562
f 2505/2505 2562/2562 2463/2463
f 2505/2505 2567/2567 2463/2463
f 2506/2506 2783/2783 2479/2479
f 2507/2507 1941/1941 1964/1964
f 2507/2507 1964/1964 2094/2094
f 2507/2507 2487/2487 1941/1941
f 2507/2507 2623/2623 2487/2487
f 2508/2508 2406/2406 1899/1899
f 2508/2508 2480/2480 2406/2406
f 2509/2509 2586/2586 2612/2612
f 2509/2509 2612/2612 2528/2528
f 2510/2510 1759/1759 1790/1790
f 2510/2510 1790/1790 2610/2610
f 2510/2510 2610/2610 2417/2417
f 2511/2511 2386/2386 2550/2550
f 2511/2511 2550/2550 2609/2609
f 2512/2512 1009/1009 2437/2437
f 2512/2512 2564/2564 2485/2485
f 2513/2513 2234/2234 2619/2619
f 2513/2513 2619/2619 2434/2434
f 2514/2514 2443/2443 2830/2830
f 2514/2514 2549/2549 2443/2443
f 2515/2515 2304/2304 2197/2197
f 2516/2516 2771/2771 2630/2630
f 2516/2516 2855/2855 2771/2771
f 2517/2517 2327/2327 2200/2200
f 2518/2518 2328/2328 2541/2541
f 2518/2518 2541/2541 2454/2454
f 2519/2519 2205/2205 2160/2160
f 2519/2519 2226/2226 2205/2205
f 2520/2520 2361/2361 2432/2432
f 2520/2520 2397/2397 2361/2361
f 2521/2521 1948/1948 2442/2442
f 2521/2521 2206/2206 2772/2772
f 2522/2522 2632/2632 2557/2557
f 2523/2523 2456/2456 2536/2536
f 2523/2523 2536/2536 2221/2221
f 2523/2523 2536/2536 2395/2395
f 2524/2524 1739/1739 1952/1952
f 2524/2524 1952/1952 1919/1919
f 2525/2525 2186/2186 2617/2617
f 2526/2526 1169/1169 2326/2326
f 2526/2526 2326/2326 2622/2622
f 2527/2527 2252/2252 2570/2570
f 2527/2527 2570/2570 2471/2471
f 2528/2528 2419/2419 2583/2583
f 2528/2528 2612/2612 2419/2419
f 2529/2529 1752/1752 2502/2502
f 2529/2529 1770/1770 1752/1752
f 2530/2530 2433/2433 2278/2278
f 2530/2530 2461/2461 2433/2433
f 2531/2531 2346/2346 2425/2425
f 2531/2531 2425/2425 2438/2438
f 2532/2532 2499/2499 2606/2606
f 2532/2532 2606/2606 2559/2559
f 2533/2533 872/872 956/956
f 2533/2533 956/956 2564/2564
f 2534/2534 2416/2416 2515/2515
f 2534/2534 2571/2571 2416/2416
f 2535/2535 2445/2445 2572/2572
f 2535/2535 2572/2572 2223/2223
f 2535/2535 2572/2572 2500/2500
f 2536/2536 1741/1741 2388/2388
f 2536/2536 1884/1884 1741/1741
f 2537/2537 2462/2462 2573/2573
f 2537/2537 2602/2602 2462/2462
f 2538/2538 2238/2238 2560/2560
f 2538/2538 2278/2278 2238/2238
f 2539/2539 2432/2432 2576/2576
f 2539/2539 2520/2520 2432/2432
f 2540/2540 1819/1819 2653/2653
f 2540/2540 1934/1934 1819/1819
f 2541/2541 2224/2224 2597/2597
f 2541/2541 2629/2629 2224/2224
f 2542/2542 2428/2428 2283/2283
f 2542/2542 2463/2463 2428/2428
f 2543/2543 2505/2505 2562/2562
f 2543/2543 2562/2562 2505/2505
f 2543/2543 2624/2624 2505/2505
f 2544/2544 2418/2418 2565/2565
f 2544/2544 2565/2565 2734/2734
f 2544/2544 2734/2734 2655/2655
f 2545/2545 2424/2424 2411/2411
f 2545/2545 2452/2452 2568/2568
f 2545/2545 2568/2568 2654/2654
f 2545/2545 2750/2750 2424/2424
f 2546/2546 2284/2284 2428/2428
f 2546/2546 2594/2594 2284/2284
f 2547/2547 2221/2221 1779/1779
f 2547/2547 2523/2523 2221/2221
f 2548/2548 2333/2333 2245/2245
f 2549/2549 2375/2375 2574/2574
f 2549/2549 2574/2574 2443/2443
f 2550/2550 2366/2366 2582/2582
f 2550/2550 2582/2582 2441/2441
f 2551/2551 1739/1739 2524/2524
f 2551/2551 1851/1851 1739/1739
f 2552/2552 2437/2437 2579/2579
f 2552/2552 2512/2512 2437/2437
f 2553/2553 904/904 2580/2580
f 2553/2553 2580/2580 1925/1925
f 2553/2553 2596/2596 2580/2580
f 2554/2554 2362/2362 2398/2398
f 2554/2554 2398/2398 2590/2590
f 2555/2555 2066/2066 2408/2408
f 2555/2555 2408/2408 2453/2453
f 2556/2556 2249/2249 2393/2393
f 2556/2556 2345/2345 2249/2249
f 2557/2557 2277/2277 2250/2250
f 2558/2558 2392/2392 2586/2586
f 2558/2558 2420/2420 2392/2392
f 2559/2559 2465/2465 2532/2532
f 2559/2559 2606/2606 1782/1782
f 2560/2560 2209/2209 2493/2493
f 2560/2560 2238/2238 2209/2209
f 2561/2561 2664/2664 2602/2602
f 2563/2563 2461/2461 2530/2530
f 2563/2563 2491/2491 2461/2461
f 2563/2563 2621/2621 2593/2593
f 2564/2564 927/927 2485/2485
f 2564/2564 956/956 927/927
f 2565/2565 2698/2698 2561/2561
f 2565/2565 2832/2832 2698/2698
f 2566/2566 1743/1743 1791/1791
f 2566/2566 2080/2080 1743/1743
f 2567/2567 2244/2244 2546/2546
f 2567/2567 2546/2546 2463/2463
f 2568/2568 2481/2481 2591/2591
f 2568/2568 2591/2591 2654/2654
f 2569/2569 2463/2463 2542/2542
f 2569/2569 2505/2505 2463/2463
f 2570/2570 2252/2252 2600/2600
f 2570/2570 2600/2600 2426/2426
f 2571/2571 2449/2449 2416/2416
f 2571/2571 2590/2590 2449/2449
f 2572/2572 2526/2526 2622/2622
f 2572/2572 2622/2622 2239/2239
f 2573/2573 2423/2423 2599/2599
f 2573/2573 2462/2462 2423/2423
f 2574/2574 2242/2242 2482/2482
f 2574/2574 2482/2482 2446/2446
f 2575/2575 1770/1770 2529/2529
f 2575/2575 1803/1803 1770/1770
f 2576/2576 2432/2432 2459/2459
f 2576/2576 2459/2459 2308/2308
f 2576/2576 2470/2470 2588/2588
f 2576/2576 2588/2588 2613/2613
f 2576/2576 2613/2613 2539/2539
f 2576/2576 2643/2643 2665/2665
f 2576/2576 2665/2665 2470/2470
f 2576/2576 2706/2706 2729/2729
f 2576/2576 2729/2729 2643/2643
f 2577/2577 2667/2667 2210/2210
f 2577/2577 2667/2667 2472/2472
f 2577/2577 2806/2806 2667/2667
f 2578/2578 2444/2444 2480/2480
f 2578/2578 2480/2480 2508/2508
f 2578/2578 2508/2508 1803/1803
f 2579/2579 2437/2437 2473/2473
f 2579/2579 2628/2628 2229/2229
f 2580/2580 878/878 2596/2596
f 2580/2580 2596/2596 2467/2467
f 2580/2580 2596/2596 2553/2553
f 2581/2581 1851/1851 2551/2551
f 2582/2582 2339/2339 2605/2605
f 2582/2582 2605/2605 2464/2464
f 2583/2583 2419/2419 2460/2460
f 2583/2583 2460/2460 2603/2603
f 2584/2584 2362/2362 2554/2554
f 2584/2584 2442/2442 2451/2451
f 2584/2584 2451/2451 2362/2362
f 2585/2585 2564/2564 2634/2634
f 2586/2586 2004/2004 2353/2353
f 2586/2586 2353/2353 2612/2612
f 2586/2586 2392/2392 2004/2004
f 2587/2587 2283/2283 2632/2632
f 2587/2587 2542/2542 2283/2283
f 2588/2588 2493/2493 2613/2613
f 2588/2588 2560/2560 2493/2493
f 2589/2589 2503/2503 2615/2615
f 2589/2589 2615/2615 2714/2714
f 2590/2590 2398/2398 2449/2449
f 2591/2591 2511/2511 2609/2609
f 2591/2591 2609/2609 2654/2654
f 2592/2592 1803/1803 2575/2575
f 2592/2592 2578/2578 1803/1803
f 2592/2592 2598/2598 2578/2578
f 2593/2593 2491/2491 2563/2563
f 2593/2593 2502/2502 2491/2491
f 2593/2593 2621/2621 2563/2563
f 2594/2594 2617/2617 2284/2284
f 2595/2595 2381/2381 2516/2516
f 2595/2595 2516/2516 2494/2494
f 2596/2596 878/878 2620/2620
f 2596/2596 2415/2415 2620/2620
f 2596/2596 2620/2620 2497/2497
f 2597/2597 2224/2224 2251/2251
f 2597/2597 2251/2251 2626/2626
f 2598/2598 2439/2439 2444/2444
f 2598/2598 2444/2444 2578/2578
f 2599/2599 2423/2423 2506/2506
f 2599/2599 2506/2506 2629/2629
f 2600/2600 2287/2287 2623/2623
f 2600/2600 2623/2623 2507/2507
f 2601/2601 1884/1884 2456/2456
f 2601/2601 2456/2456 2523/2523
f 2601/2601 2814/2814 2456/2456
f 2602/2602 2819/2819 2423/2423
f 2603/2603 2460/2460 2490/2490
f 2603/2603 2490/2490 2625/2625
f 2604/2604 2647/2647 2562/2562
f 2605/2605 2200/2200 2489/2489
f 2605/2605 2517/2517 2200/2200
f 2606/2606 1812/1812 2020/2020
f 2606/2606 2680/2680 1812/1812
f 2606/2606 2762/2762 2680/2680
f 2607/2607 1996/1996 2631/2631
f 2607/2607 2488/2488 2577/2577
f 2607/2607 2577/2577 2472/2472
f 2607/2607 2631/2631 2488/2488
f 2608/2608 1940/1940 2522/2522
f 2608/2608 2522/2522 2414/2414
f 2609/2609 2441/2441 2654/2654
f 2609/2609 2550/2550 2441/2441
f 2610/2610 872/872 2533/2533
f 2610/2610 1694/1694 872/872
f 2611/2611 2496/2496 2476/2476
f 2611/2611 2804/2804 2496/2496
f 2612/2612 2322/2322 2419/2419
f 2612/2612 2353/2353 2322/2322
f 2613/2613 2493/2493 2520/2520
f 2613/2613 2520/2520 2539/2539
f 2614/2614 2413/2413 2439/2439
f 2614/2614 2439/2439 2598/2598
f 2615/2615 2412/2412 2540/2540
f 2615/2615 2540/2540 2744/2744
f 2616/2616 2327/2327 2517/2517
f 2616/2616 2472/2472 2327/2327
f 2617/2617 2186/2186 2548/2548
f 2617/2617 2548/2548 2276/2276
f 2618/2618 3397/3397 1851/1851
f 2619/2619 2215/2215 2234/2234
f 2619/2619 2278/2278 2538/2538
f 2619/2619 2530/2530 2278/2278
f 2620/2620 1029/1029 2415/2415
f 2620/2620 2415/2415 2500/2500
f 2620/2620 2415/2415 2596/2596
f 2621/2621 2502/2502 2593/2593
f 2621/2621 2529/2529 2502/2502
f 2622/2622 2217/2217 2286/2286
f 2622/2622 2326/2326 2217/2217
f 2623/2623 2317/2317 2440/2440
f 2623/2623 2440/2440 2487/2487
f 2624/2624 2219/2219 2567/2567
f 2624/2624 2567/2567 2505/2505
f 2625/2625 2490/2490 2519/2519
f 2625/2625 2519/2519 1776/1776
f 2626/2626 2251/2251 2285/2285
f 2626/2626 2285/2285 2439/2439
f 2627/2627 2505/2505 2569/2569
f 2627/2627 2543/2543 2505/2505
f 2628/2628 1839/1839 2324/2324
f 2628/2628 1922/1922 1839/1839
f 2629/2629 2479/2479 2224/2224
f 2629/2629 2506/2506 2479/2479
f 2630/2630 2516/2516 864/864
f 2630/2630 2657/2657 864/864
f 2630/2630 2771/2771 2657/2657
f 2631/2631 2385/2385 2549/2549
f 2631/2631 2549/2549 2514/2514
f 2632/2632 2277/2277 2557/2557
f 2632/2632 2283/2283 2277/2277
f 2633/2633 2469/2469 2562/2562
f 2633/2633 2647/2647 2604/2604
f 2634/2634 2512/2512 2552/2552
f 2634/2634 2564/2564 2512/2512
f 2635/2635 2561/2561 2602/2602
f 2636/2636 2692/2692 2770/2770
f 2636/2636 2692/2692 3396/3396
f 2636/2636 3421/3421 2692/2692
f 2637/2637 2752/2752 3047/3047
f 2637/2637 3047/3047 2783/2783
f 2638/2638 2815/2815 2831/2831
f 2638/2638 2831/2831 2724/2724
f 2639/2639 3397/3397 2618/2618
f 2639/2639 3423/3423 3397/3397
f 2640/2640 2804/2804 2611/2611
f 2640/2640 2982/2982 3042/3042
f 2641/2641 2667/2667 2830/2830
f 2641/2641 2967/2967 2667/2667
f 2642/2642 2755/2755 2851/2851
f 2642/2642 2778/2778 2755/2755
f 2643/2643 2776/2776 2665/2665
f 2643/2643 2813/2813 2776/2776
f 2644/2644 2658/2658 2836/2836
f 2644/2644 2836/2836 2987/2987
f 2645/2645 2672/2672 2989/2989
f 2645/2645 2786/2786 2672/2672
f 2646/2646 2675/2675 2797/2797
f 2646/2646 2797/2797 2986/2986
f 2647/2647 2498/2498 2633/2633
f 2647/2647 2633/2633 2562/2562
f 2648/2648 703/703 2685/2685
f 2648/2648 2685/2685 2774/2774
f 2649/2649 2431/2431 2483/2483
f 2649/2649 2457/2457 2431/2431
f 2649/2649 2483/2483 2571/2571
f 2649/2649 2534/2534 2734/2734
f 2649/2649 2571/2571 2534/2534
f 2650/2650 2699/2699 2740/2740
f 2650/2650 2740/2740 2805/2805
f 2650/2650 3053/3053 2740/2740
f 2652/2652 2509/2509 2528/2528
f 2652/2652 2528/2528 2669/2669
f 2652/2652 2669/2669 2952/2952
f 2653/2653 1819/1819 3438/3438
f 2653/2653 2775/2775 2744/2744
f 2653/2653 2903/2903 2775/2775
f 2654/2654 2441/2441 2694/2694
f 2654/2654 2684/2684 2750/2750
f 2654/2654 2694/2694 2787/2787
f 2654/2654 2750/2750 2545/2545
f 2655/2655 2734/2734 2768/2768
f 2656/2656 2784/2784 2690/2690
f 2656/2656 2917/2917 2784/2784
f 2657/2657 805/805 839/839
f 2658/2658 2677/2677 2836/2836
f 2659/2659 3349/3349 3435/3435
f 2659/2659 3435/3435 2926/2926
f 2660/2660 2845/2845 2748/2748
f 2660/2660 2908/2908 2845/2845
f 2661/2661 3318/3318 3440/3440
f 2661/2661 3440/3440 3396/3396
f 2662/2662 2741/2741 2681/2681
f 2662/2662 2741/2741 2977/2977
f 2662/2662 2808/2808 2741/2741
f 2663/2663 2748/2748 2841/2841
f 2663/2663 2780/2780 2748/2748
f 2664/2664 2688/2688 2602/2602
f 2664/2664 2773/2773 2688/2688
f 2665/2665 2754/2754 2826/2826
f 2665/2665 2776/2776 2754/2754
f 2665/2665 2826/2826 2470/2470
f 2666/2666 2678/2678 2911/2911
f 2666/2666 2911/2911 3423/3423
f 2666/2666 3423/3423 2639/2639
f 2668/2668 2782/2782 3390/3390
f 2668/2668 3022/3022 2782/2782
f 2669/2669 2528/2528 2583/2583
f 2669/2669 2583/2583 2707/2707
f 2669/2669 2707/2707 2915/2915
f 2670/2670 2968/2968 3026/3026
f 2670/2670 3036/3036 2968/2968
f 2671/2671 2700/2700 2781/2781
f 2671/2671 2781/2781 2975/2975
f 2672/2672 2918/2918 3018/3018
f 2672/2672 3018/3018 3012/3012
f 2673/2673 2815/2815 2638/2638
f 2673/2673 3295/3295 2815/2815
f 2674/2674 2637/2637 2758/2758
f 2674/2674 2919/2919 2637/2637
f 2675/2675 3093/3093 3436/3436
f 2675/2675 3436/3436 2797/2797
f 2676/2676 2778/2778 2642/2642
f 2676/2676 2809/2809 2778/2778
f 2677/2677 2924/2924 3434/3434
f 2677/2677 3020/3020 2924/2924
f 2678/2678 2655/2655 2768/2768
f 2678/2678 2768/2768 2911/2911
f 2679/2679 3398/3398 2896/2896
f 2679/2679 3435/3435 3398/3398
f 2680/2680 2651/2651 3408/3408
f 2680/2680 2789/2789 2651/2651
f 2681/2681 2662/2662 2998/2998
f 2681/2681 2741/2741 2662/2662
f 2682/2682 2893/2893 2927/2927
f 2682/2682 2927/2927 2920/2920
f 2683/2683 2660/2660 2780/2780
f 2683/2683 3003/3003 2660/2660
f 2684/2684 2644/2644 2987/2987
f 2684/2684 2987/2987 2750/2750
f 2684/2684 3001/3001 2750/2750
f 2685/2685 703/703 2824/2824
f 2685/2685 2824/2824 2799/2799
f 2686/2686 3039/3039 2973/2973
f 2687/2687 2457/2457 2649/2649
f 2688/2688 2735/2735 2819/2819
f 2688/2688 2819/2819 2602/2602
f 2688/2688 2866/2866 2735/2735
f 2689/2689 2780/2780 2663/2663
f 2689/2689 2828/2828 2780/2780
f 2690/2690 2746/2746 2721/2721
f 2690/2690 2784/2784 2746/2746
f 2691/2691 2913/2913 2934/2934
f 2691/2691 3055/3055 2913/2913
f 2692/2692 2696/2696 2788/2788
f 2692/2692 2820/2820 2696/2696
f 2692/2692 3350/3350 2820/2820
f 2693/2693 779/779 805/805
f 2693/2693 805/805 2657/2657
f 2694/2694 2441/2441 2712/2712
f 2694/2694 2712/2712 2749/2749
f 2695/2695 2828/2828 2689/2689
f 2695/2695 2843/2843 2828/2828
f 2696/2696 2725/2725 3056/3056
f 2696/2696 2846/2846 2725/2725
f 2697/2697 2683/2683 2732/2732
f 2697/2697 2683/2683 2828/2828
f 2697/2697 3003/3003 2683/2683
f 2698/2698 2664/2664 2561/2561
f 2698/2698 2802/2802 2664/2664
f 2699/2699 2777/2777 2795/2795
f 2699/2699 2894/2894 2777/2777
f 2700/2700 3030/3030 2781/2781
f 2700/2700 3030/3030 2810/2810
f 2700/2700 3164/3164 3030/3030
f 2701/2701 2734/2734 2561/2561
f 2702/2702 2809/2809 2676/2676
f 2702/2702 2875/2875 2809/2809
f 2703/2703 2692/2692 2726/2726
f 2703/2703 2726/2726 2829/2829
f 2703/2703 2726/2726 3396/3396
f 2703/2703 3466/3466 2726/2726
f 2704/2704 2647/2647 2780/2780
f 2704/2704 2760/2760 2647/2647
f 2704/2704 2780/2780 2647/2647
f 2705/2705 2789/2789 3043/3043
f 2706/2706 2576/2576 2817/2817
f 2706/2706 2835/2835 2729/2729
f 2706/2706 2971/2971 2835/2835
f 2707/2707 2583/2583 2603/2603
f 2707/2707 2603/2603 2722/2722
f 2707/2707 2722/2722 2888/2888
f 2708/2708 2645/2645 3021/3021
f 2708/2708 2747/2747 2645/2645
f 2709/2709 2728/2728 2838/2838
f 2709/2709 2728/2728 3012/3012
f 2709/2709 3069/3069 2728/2728
f 2710/2710 2876/2876 2893/2893
f 2710/2710 2893/2893 2682/2682
f 2710/2710 3186/3186 2893/2893
f 2711/2711 744/744 779/779
f 2711/2711 779/779 2693/2693
f 2712/2712 2441/2441 2738/2738
f 2712/2712 2738/2738 2839/2839
f 2713/2713 2874/2874 3060/3060
f 2713/2713 3060/3060 2739/2739
f 2714/2714 2615/2615 2744/2744
f 2714/2714 2716/2716 2800/2800
f 2715/2715 2743/2743 3458/3458
f 2715/2715 2763/2763 2743/2743
f 2716/2716 3064/3064 2800/2800
f 2717/2717 3398/3398 3479/3479
f 2717/2717 3479/3479 3394/3394
f 2718/2718 2919/2919 2842/2842
f 2719/2719 2753/2753 2801/2801
f 2719/2719 2801/2801 2796/2796
f 2720/2720 2999/2999 3028/3028
f 2720/2720 3028/3028 2723/2723
f 2721/2721 2746/2746 2825/2825
f 2721/2721 2825/2825 2751/2751
f 2722/2722 2603/2603 2625/2625
f 2722/2722 2625/2625 3427/3427
f 2722/2722 3427/3427 2859/2859
f 2723/2723 3028/3028 3066/3066
f 2723/2723 3066/3066 2970/2970
f 2724/2724 2753/2753 2719/2719
f 2724/2724 2831/2831 2753/2753
f 2725/2725 2686/2686 3034/3034
f 2725/2725 2791/2791 2686/2686
f 2726/2726 2636/2636 2844/2844
f 2726/2726 2636/2636 3396/3396
f 2726/2726 2692/2692 2636/2636
f 2726/2726 3395/3395 2636/2636
f 2727/2727 2641/2641 2830/2830
f 2727/2727 2994/2994 2641/2641
f 2728/2728 2986/2986 2821/2821
f 2729/2729 2813/2813 2643/2643
f 2729/2729 2835/2835 2813/2813
f 2730/2730 2843/2843 2695/2695
f 2730/2730 2871/2871 2843/2843
f 2731/2731 733/733 2648/2648
f 2731/2731 767/767 575/575
f 2731/2731 2648/2648 2774/2774
f 2731/2731 2745/2745 2840/2840
f 2731/2731 2774/2774 2863/2863
f 2731/2731 2840/2840 767/767
f 2731/2731 2863/2863 3008/3008
f 2731/2731 2953/2953 2833/2833
f 2731/2731 3008/3008 3142/3142
f 2731/2731 3025/3025 2953/2953
f 2731/2731 3142/3142 3025/3025
f 2732/2732 2683/2683 2697/2697
f 2732/2732 2697/2697 2843/2843
f 2732/2732 3057/3057 2697/2697
f 2733/2733 2704/2704 2780/2780
f 2733/2733 2748/2748 2704/2704
f 2733/2733 2822/2822 2704/2704
f 2734/2734 2534/2534 2515/2515
f 2734/2734 2565/2565 2561/2561
f 2735/2735 2718/2718 2819/2819
f 2735/2735 2897/2897 2718/2718
f 2736/2736 2706/2706 2817/2817
f 2736/2736 2817/2817 3020/3020
f 2737/2737 740/740 744/744
f 2737/2737 744/744 2711/2711
f 2738/2738 2441/2441 2756/2756
f 2738/2738 2756/2756 2811/2811
f 2739/2739 3036/3036 2670/2670
f 2739/2739 3060/3060 3036/3036
f 2740/2740 2699/2699 2650/2650
f 2740/2740 2699/2699 2761/2761
f 2740/2740 3035/3035 2699/2699
f 2741/2741 2873/2873 2997/2997
f 2741/2741 2997/2997 3050/3050
f 2742/2742 2876/2876 2710/2710
f 2742/2742 3049/3049 2876/2876
f 2742/2742 3220/3220 2876/2876
f 2743/2743 2661/2661 3475/3475
f 2743/2743 2837/2837 2661/2661
f 2744/2744 2540/2540 2653/2653
f 2744/2744 2794/2794 2714/2714
f 2744/2744 2865/2865 2794/2794
f 2745/2745 2705/2705 2840/2840
f 2746/2746 2457/2457 2825/2825
f 2747/2747 703/703 2786/2786
f 2747/2747 2786/2786 2645/2645
f 2748/2748 2733/2733 2780/2780
f 2748/2748 2780/2780 2704/2704
f 2748/2748 2845/2845 2733/2733
f 2749/2749 2712/2712 2839/2839
f 2749/2749 2839/2839 2864/2864
f 2750/2750 2885/2885 2345/2345
f 2750/2750 2987/2987 2885/2885
f 2750/2750 3001/3001 2684/2684
f 2751/2751 2687/2687 2792/2792
f 2751/2751 2825/2825 2687/2687
f 2752/2752 2403/2403 2422/2422
f 2752/2752 2422/2422 2823/2823
f 2752/2752 2823/2823 3047/3047
f 2753/2753 2883/2883 2801/2801
f 2753/2753 2910/2910 2883/2883
f 2754/2754 3015/3015 3049/3049
f 2754/2754 3049/3049 2742/2742
f 2755/2755 707/707 740/740
f 2755/2755 740/740 2737/2737
f 2756/2756 2464/2464 2779/2779
f 2756/2756 2662/2662 2681/2681
f 2756/2756 2779/2779 2662/2662
f 2757/2757 2589/2589 2800/2800
f 2757/2757 2727/2727 2830/2830
f 2758/2758 2637/2637 2783/2783
f 2758/2758 2783/2783 2506/2506
f 2759/2759 3266/3266 3313/3313
f 2759/2759 3313/3313 2793/2793
f 2760/2760 2370/2370 2498/2498
f 2760/2760 2498/2498 2647/2647
f 2761/2761 2699/2699 2795/2795
f 2761/2761 2795/2795 3278/3278
f 2762/2762 2789/2789 2680/2680
f 2762/2762 2902/2902 2789/2789
f 2763/2763 2837/2837 2743/2743
f 2763/2763 2956/2956 2837/2837
f 2764/2764 2647/2647 2501/2501
f 2764/2764 2704/2704 2647/2647
f 2765/2765 2675/2675 2646/2646
f 2765/2765 2976/2976 2675/2675
f 2766/2766 2723/2723 2963/2963
f 2766/2766 2790/2790 2723/2723
f 2767/2767 2682/2682 2920/2920
f 2767/2767 2710/2710 2682/2682
f 2768/2768 2515/2515 3045/3045
f 2768/2768 2734/2734 2515/2515
f 2769/2769 2713/2713 2739/2739
f 2769/2769 2739/2739 2812/2812
f 2770/2770 2692/2692 2788/2788
f 2770/2770 2788/2788 2844/2844
f 2770/2770 2788/2788 2887/2887
f 2771/2771 2693/2693 2657/2657
f 2772/2772 2206/2206 3055/3055
f 2772/2772 3055/3055 2691/2691
f 2773/2773 2866/2866 2688/2688
f 2774/2774 2685/2685 2799/2799
f 2774/2774 2799/2799 2882/2882
f 2774/2774 2882/2882 2863/2863
f 2775/2775 2865/2865 2744/2744
f 2776/2776 3002/3002 3015/3015
f 2776/2776 3015/3015 2754/2754
f 2776/2776 3146/3146 3015/3015
f 2777/2777 2763/2763 2715/2715
f 2777/2777 2879/2879 2763/2763
f 2778/2778 673/673 707/707
f 2778/2778 707/707 2755/2755
f 2779/2779 2808/2808 2662/2662
f 2779/2779 2873/2873 2808/2808
f 2780/2780 2660/2660 2748/2748
f 2781/2781 2892/2892 2975/2975
f 2781/2781 3030/3030 2892/2892
f 2782/2782 2269/2269 2458/2458
f 2782/2782 2458/2458 3281/3281
f 2783/2783 2909/2909 2335/2335
f 2783/2783 3047/3047 2909/2909
f 2784/2784 2307/2307 2383/2383
f 2784/2784 2380/2380 2457/2457
f 2784/2784 2383/2383 2380/2380
f 2784/2784 2457/2457 2746/2746
f 2785/2785 2736/2736 3020/3020
f 2785/2785 3020/3020 2677/2677
f 2786/2786 530/530 2918/2918
f 2786/2786 2918/2918 2672/2672
f 2787/2787 2684/2684 2654/2654
f 2787/2787 2694/2694 2749/2749
f 2787/2787 2749/2749 2895/2895
f 2787/2787 2895/2895 3016/3016
f 2787/2787 3001/3001 2684/2684
f 2787/2787 3016/3016 2895/2895
f 2787/2787 3016/3016 3131/3131
f 2787/2787 3131/3131 3016/3016
f 2787/2787 3131/3131 3251/3251
f 2787/2787 3251/3251 3131/3131
f 2788/2788 2696/2696 2877/2877
f 2790/2790 2720/2720 2723/2723
f 2791/2791 2914/2914 3039/3039
f 2791/2791 3039/3039 2686/2686
f 2791/2791 3229/3229 2914/2914
f 2792/2792 2649/2649 2816/2816
f 2792/2792 2687/2687 2649/2649
f 2793/2793 3290/3290 2996/2996
f 2793/2793 3313/3313 3290/3290
f 2794/2794 2716/2716 2714/2714
f 2794/2794 3064/3064 2716/2716
f 2795/2795 2715/2715 3278/3278
f 2795/2795 2777/2777 2715/2715
f 2796/2796 2713/2713 2769/2769
f 2796/2796 2801/2801 2713/2713
f 2797/2797 3305/3305 2986/2986
f 2797/2797 3436/3436 3305/3305
f 2798/2798 2693/2693 2771/2771
f 2798/2798 2711/2711 2693/2693
f 2799/2799 2708/2708 2882/2882
f 2799/2799 2824/2824 2708/2708
f 2800/2800 2589/2589 2714/2714
f 2800/2800 2727/2727 2757/2757
f 2800/2800 3023/3023 2727/2727
f 2801/2801 2874/2874 2713/2713
f 2801/2801 2883/2883 2874/2874
f 2802/2802 2773/2773 2664/2664
f 2802/2802 3068/3068 2773/2773
f 2803/2803 2544/2544 2655/2655
f 2803/2803 2655/2655 2678/2678
f 2804/2804 2640/2640 2937/2937
f 2804/2804 3315/3315 2496/2496
f 2805/2805 2740/2740 2834/2834
f 2805/2805 2834/2834 3340/3340
f 2806/2806 2514/2514 2830/2830
f 2807/2807 3290/3290 3357/3357
f 2807/2807 3357/3357 2985/2985
f 2808/2808 2873/2873 2741/2741
f 2809/2809 616/616 673/673
f 2809/2809 673/673 2778/2778
f 2810/2810 2700/2700 2671/2671
f 2810/2810 3030/3030 2700/2700
f 2810/2810 3462/3462 2700/2700
f 2811/2811 2681/2681 2930/2930
f 2811/2811 2756/2756 2681/2681
f 2812/2812 2670/2670 2891/2891
f 2812/2812 2739/2739 2670/2670
f 2813/2813 2971/2971 3002/3002
f 2813/2813 3002/3002 2776/2776
f 2813/2813 3079/3079 3002/3002
f 2814/2814 2720/2720 2790/2790
f 2814/2814 2999/2999 2720/2720
f 2814/2814 3451/3451 2456/2456
f 2815/2815 2947/2947 2831/2831
f 2815/2815 3215/3215 2947/2947
f 2816/2816 2649/2649 2847/2847
f 2817/2817 2576/2576 2936/2936
f 2818/2818 2704/2704 2764/2764
f 2818/2818 2733/2733 2704/2704
f 2819/2819 2718/2718 2842/2842
f 2819/2819 2842/2842 2423/2423
f 2820/2820 2846/2846 2696/2696
f 2820/2820 3380/3380 2846/2846
f 2821/2821 2986/2986 3331/3331
f 2822/2822 2760/2760 2704/2704
f 2822/2822 2904/2904 2760/2760
f 2823/2823 2422/2422 2853/2853
f 2823/2823 2853/2853 3010/3010
f 2824/2824 703/703 2747/2747
f 2824/2824 2747/2747 2708/2708
f 2825/2825 2457/2457 2687/2687
f 2826/2826 2742/2742 2470/2470
f 2826/2826 2742/2742 2848/2848
f 2826/2826 2754/2754 2742/2742
f 2827/2827 2711/2711 2798/2798
f 2827/2827 2737/2737 2711/2711
f 2828/2828 2683/2683 2780/2780
f 2829/2829 2726/2726 2844/2844
f 2829/2829 2844/2844 2945/2945
f 2830/2830 2443/2443 2757/2757
f 2830/2830 2667/2667 2806/2806
f 2831/2831 2910/2910 2753/2753
f 2831/2831 2947/2947 2910/2910
f 2832/2832 2802/2802 2698/2698
f 2832/2832 3037/3037 2802/2802
f 2833/2833 2745/2745 2731/2731
f 2833/2833 3052/3052 2745/2745
f 2834/2834 2740/2740 2761/2761
f 2834/2834 2761/2761 3365/3365
f 2835/2835 2706/2706 2736/2736
f 2835/2835 2971/2971 2813/2813
f 2836/2836 2677/2677 3434/3434
f 2836/2836 3334/3334 2959/2959
f 2836/2836 3434/3434 3334/3334
f 2837/2837 3201/3201 3318/3318
f 2837/2837 3318/3318 2661/2661
f 2838/2838 2728/2728 2821/2821
f 2838/2838 2821/2821 3382/3382
f 2839/2839 2738/2738 2811/2811
f 2839/2839 2811/2811 2962/2962
f 2840/2840 2705/2705 3043/3043
f 2840/2840 2921/2921 561/561
f 2840/2840 3043/3043 2921/2921
f 2841/2841 2733/2733 2818/2818
f 2841/2841 2748/2748 2733/2733
f 2842/2842 2674/2674 2758/2758
f 2842/2842 2758/2758 2423/2423
f 2842/2842 2919/2919 2674/2674
f 2843/2843 2697/2697 2828/2828
f 2843/2843 2871/2871 2828/2828
f 2844/2844 2636/2636 2770/2770
f 2844/2844 2770/2770 2907/2907
f 2844/2844 2788/2788 2770/2770
f 2845/2845 2822/2822 2733/2733
f 2845/2845 2940/2940 2822/2822
f 2846/2846 2791/2791 2725/2725
f 2846/2846 3308/3308 2791/2791
f 2847/2847 2649/2649 2734/2734
f 2847/2847 2701/2701 2436/2436
f 2847/2847 2734/2734 2701/2701
f 2848/2848 2710/2710 2767/2767
f 2848/2848 2742/2742 2710/2710
f 2849/2849 2651/2651 2789/2789
f 2849/2849 3388/3388 2651/2651
f 2850/2850 3349/3349 2659/2659
f 2850/2850 3357/3357 3349/3349
f 2851/2851 2737/2737 2827/2827
f 2851/2851 2755/2755 2737/2737
f 2852/2852 2903/2903 2653/2653
f 2852/2852 3017/3017 2932/2932
f 2853/2853 2422/2422 2486/2486
f 2853/2853 2486/2486 2509/2509
f 2853/2853 2509/2509 2652/2652
f 2853/2853 2652/2652 2991/2991
f 2854/2854 3399/3399 2658/2658
f 2855/2855 2798/2798 2771/2771
f 2855/2855 2827/2827 2798/2798
f 2856/2856 2709/2709 2838/2838
f 2856/2856 2838/2838 3188/3188
f 2857/2857 2996/2996 2905/2905
f 2857/2857 3029/3029 2996/2996
f 2858/2858 3026/3026 3044/3044
f 2858/2858 3044/3044 2957/2957
f 2859/2859 3248/3248 2995/2995
f 2859/2859 3427/3427 3248/3248
f 2860/2860 3009/3009 2889/2889
f 2860/2860 3042/3042 3009/3009
f 2861/2861 2931/2931 3061/3061
f 2861/2861 3061/3061 3046/3046
f 2862/2862 2765/2765 2986/2986
f 2862/2862 2892/2892 2765/2765
f 2863/2863 2882/2882 3008/3008
f 2864/2864 2839/2839 2962/2962
f 2864/2864 2962/2962 3048/3048
f 2865/2865 2944/2944 3064/3064
f 2865/2865 3064/3064 2794/2794
f 2866/2866 2265/2265 2288/2288
f 2866/2866 2288/2288 2311/2311
f 2866/2866 2311/2311 2897/2897
f 2866/2866 2897/2897 2735/2735
f 2867/2867 2307/2307 2950/2950
f 2867/2867 2999/2999 2404/2404
f 2868/2868 2862/2862 2986/2986
f 2869/2869 2736/2736 2785/2785
f 2869/2869 2835/2835 2736/2736
f 2870/2870 2721/2721 2751/2751
f 2870/2870 2751/2751 2901/2901
f 2870/2870 3061/3061 2901/2901
f 2871/2871 2732/2732 2843/2843
f 2871/2871 2843/2843 2828/2828
f 2872/2872 2902/2902 2762/2762
f 2872/2872 3007/3007 2902/2902
f 2873/2873 2900/2900 2997/2997
f 2874/2874 2966/2966 3060/3060
f 2874/2874 3011/3011 2966/2966
f 2875/2875 616/616 2809/2809
f 2875/2875 2982/2982 2405/2405
f 2876/2876 3125/3125 3220/3220
f 2876/2876 3220/3220 2742/2742
f 2876/2876 3220/3220 2893/2893
f 2877/2877 2696/2696 3056/3056
f 2877/2877 3056/3056 2966/2966
f 2878/2878 2805/2805 3191/3191
f 2878/2878 2997/2997 2805/2805
f 2879/2879 2956/2956 2763/2763
f 2879/2879 3017/3017 2956/2956
f 2880/2880 2898/2898 2378/2378
f 2880/2880 2991/2991 2898/2898
f 2881/2881 2899/2899 2914/2914
f 2881/2881 2899/2899 2974/2974
f 2881/2881 3212/3212 2899/2899
f 2882/2882 2708/2708 3021/3021
f 2882/2882 2989/2989 3021/3021
f 2882/2882 3021/3021 2992/2992
f 2883/2883 3011/3011 2874/2874
f 2883/2883 3040/3040 3011/3011
f 2884/2884 2827/2827 2855/2855
f 2885/2885 2959/2959 3019/3019
f 2885/2885 3019/3019 2345/2345
f 2886/2886 2856/2856 3213/3213
f 2886/2886 3012/3012 2856/2856
f 2887/2887 2788/2788 2877/2877
f 2887/2887 2877/2877 3011/3011
f 2888/2888 2707/2707 2972/2972
f 2888/2888 2722/2722 2859/2859
f 2888/2888 2859/2859 2972/2972
f 2889/2889 2981/2981 3032/3032
f 2889/2889 3009/3009 2981/2981
f 2890/2890 2764/2764 2358/2358
f 2890/2890 2818/2818 2764/2764
f 2891/2891 2670/2670 3026/3026
f 2891/2891 3026/3026 2858/2858
f 2892/2892 3030/3030 2765/2765
f 2893/2893 3186/3186 2710/2710
f 2893/2893 3186/3186 2927/2927
f 2893/2893 3220/3220 3186/3186
f 2894/2894 2879/2879 2777/2777
f 2894/2894 2993/2993 2879/2879
f 2895/2895 2749/2749 2864/2864
f 2895/2895 2864/2864 3016/3016
f 2895/2895 2935/2935 3001/3001
f 2895/2895 3001/3001 2787/2787
f 2896/2896 2717/2717 3260/3260
f 2896/2896 3398/3398 2717/2717
f 2897/2897 2311/2311 2332/2332
f 2897/2897 2332/2332 2919/2919
f 2897/2897 2919/2919 2718/2718
f 2898/2898 2952/2952 3031/3031
f 2898/2898 3031/3031 2378/2378
f 2899/2899 3033/3033 3003/3003
f 2899/2899 3171/3171 3033/3033
f 2900/2900 2873/2873 2994/2994
f 2900/2900 2929/2929 2964/2964
f 2900/2900 2993/2993 2929/2929
f 2901/2901 2751/2751 2792/2792
f 2901/2901 2792/2792 2816/2816
f 2901/2901 3061/3061 2870/2870
f 2902/2902 2789/2789 3007/3007
f 2902/2902 3007/3007 2789/2789
f 2903/2903 2865/2865 2775/2775
f 2903/2903 2978/2978 2865/2865
f 2904/2904 2370/2370 2760/2760
f 2904/2904 2402/2402 2370/2370
f 2905/2905 2985/2985 3038/3038
f 2905/2905 2996/2996 2985/2985
f 2906/2906 2816/2816 2942/2942
f 2906/2906 2901/2901 2816/2816
f 2907/2907 2770/2770 2887/2887
f 2907/2907 2887/2887 3011/3011
f 2907/2907 3011/3011 3040/3040
f 2908/2908 2940/2940 2845/2845
f 2908/2908 3058/3058 2940/2940
f 2909/2909 2880/2880 2409/2409
f 2909/2909 3010/3010 2880/2880
f 2910/2910 3040/3040 2883/2883
f 2910/2910 3059/3059 3040/3040
f 2911/2911 2768/2768 3045/3045
f 2911/2911 3045/3045 3245/3245
f 2912/2912 2973/2973 2871/2871
f 2913/2913 2938/2938 3022/3022
f 2913/2913 3022/3022 2668/2668
f 2914/2914 2881/2881 3039/3039
f 2914/2914 2899/2899 2881/2881
f 2914/2914 3257/3257 2941/2941
f 2915/2915 2707/2707 2888/2888
f 2915/2915 2888/2888 3054/3054
f 2916/2916 2827/2827 2884/2884
f 2917/2917 2307/2307 2784/2784
f 2918/2918 530/530 2951/2951
f 2918/2918 2951/2951 3018/3018
f 2919/2919 2332/2332 2377/2377
f 2919/2919 2377/2377 2939/2939
f 2919/2919 2939/2939 2637/2637
f 2920/2920 2927/2927 3051/3051
f 2920/2920 3051/3051 2943/2943
f 2921/2921 481/481 466/466
f 2921/2921 2902/2902 3007/3007
f 2921/2921 3007/3007 481/481
f 2922/2922 2663/2663 2841/2841
f 2922/2922 2841/2841 2954/2954
f 2923/2923 2958/2958 3253/3253
f 2923/2923 2977/2977 2958/2958
f 2924/2924 2936/2936 3065/3065
f 2924/2924 3065/3065 3254/3254
f 2925/2925 2666/2666 2639/2639
f 2925/2925 2678/2678 2666/2666
f 2925/2925 2803/2803 2678/2678
f 2926/2926 2679/2679 2896/2896
f 2926/2926 3435/3435 2679/2679
f 2927/2927 3186/3186 3266/3266
f 2927/2927 3266/3266 2759/2759
f 2928/2928 2849/2849 3052/3052
f 2928/2928 3358/3358 2849/2849
f 2929/2929 2900/2900 3023/3023
f 2929/2929 2978/2978 3053/3053
f 2929/2929 2993/2993 2978/2978
f 2930/2930 2681/2681 2998/2998
f 2930/2930 2998/2998 3004/3004
f 2931/2931 2970/2970 3005/3005
f 2931/2931 3005/3005 3061/3061
f 2932/2932 2903/2903 2852/2852
f 2932/2932 2993/2993 2903/2903
f 2932/2932 3017/3017 2852/2852
f 2933/2933 2990/2990 3014/3014
f 2933/2933 3014/3014 3006/3006
f 2934/2934 2668/2668 3274/3274
f 2934/2934 2913/2913 2668/2668
f 2935/2935 2658/2658 3001/3001
f 2935/2935 2854/2854 2658/2658
f 2935/2935 3373/3373 2854/2854
f 2936/2936 2308/2308 3065/3065
f 2936/2936 2576/2576 2308/2308
f 2937/2937 2640/2640 3042/3042
f 2937/2937 3042/3042 2860/2860
f 2938/2938 2404/2404 3022/3022
f 2938/2938 2867/2867 2404/2404
f 2939/2939 2377/2377 2403/2403
f 2939/2939 2403/2403 2752/2752
f 2939/2939 2752/2752 2637/2637
f 2940/2940 2904/2904 2822/2822
f 2940/2940 3000/3000 2904/2904
f 2941/2941 2881/2881 2914/2914
f 2941/2941 3187/3187 2881/2881
f 2942/2942 2816/2816 2847/2847
f 2942/2942 2847/2847 2316/2316
f 2943/2943 3029/3029 2857/2857
f 2943/2943 3051/3051 3029/3029
f 2944/2944 2900/2900 2929/2929
f 2944/2944 2929/2929 3064/3064
f 2945/2945 2844/2844 2907/2907
f 2945/2945 2907/2907 3106/3106
f 2946/2946 2912/2912 3040/3040
f 2946/2946 3034/3034 2912/2912
f 2946/2946 3040/3040 2912/2912
f 2947/2947 3059/3059 2910/2910
f 2947/2947 3106/3106 3059/3059
f 2948/2948 2642/2642 2851/2851
f 2948/2948 2851/2851 2827/2827
f 2949/2949 2934/2934 3274/3274
f 2949/2949 3274/3274 2976/2976
f 2950/2950 2307/2307 2917/2917
f 2951/2951 808/808 2868/2868
f 2951/2951 2868/2868 3069/3069
f 2952/2952 2652/2652 3031/3031
f 2952/2952 2669/2669 2915/2915
f 2952/2952 2915/2915 3031/3031
f 2953/2953 2928/2928 3052/3052
f 2953/2953 3052/3052 2833/2833
f 2954/2954 2818/2818 2890/2890
f 2954/2954 2841/2841 2818/2818
f 2955/2955 2639/2639 2325/2325
f 2955/2955 2925/2925 2639/2639
f 2956/2956 3094/3094 3201/3201
f 2956/2956 3201/3201 2837/2837
f 2957/2957 2990/2990 2933/2933
f 2957/2957 3044/3044 2990/2990
f 2958/2958 2878/2878 3267/3267
f 2958/2958 3050/3050 2878/2878
f 2959/2959 3250/3250 3019/3019
f 2959/2959 3334/3334 3250/3250
f 2960/2960 2886/2886 3256/3256
f 2960/2960 2989/2989 2886/2886
f 2961/2961 2659/2659 2926/2926
f 2961/2961 2850/2850 2659/2659
f 2962/2962 2811/2811 2930/2930
f 2962/2962 2930/2930 3048/3048
f 2963/2963 2723/2723 2970/2970
f 2963/2963 2970/2970 2931/2931
f 2964/2964 2929/2929 3053/3053
f 2964/2964 3053/3053 2650/2650
f 2965/2965 2216/2216 3037/3037
f 2965/2965 3037/3037 2832/2832
f 2965/2965 3067/3067 2216/2216
f 2966/2966 2946/2946 3040/3040
f 2966/2966 3040/3040 2946/2946
f 2966/2966 3056/3056 2946/2946
f 2968/2968 2871/2871 2730/2730
f 2968/2968 2912/2912 2871/2871
f 2969/2969 2930/2930 3004/3004
f 2969/2969 3004/3004 3074/3074
f 2970/2970 2656/2656 3005/3005
f 2970/2970 3066/3066 2656/2656
f 2971/2971 2706/2706 2835/2835
f 2971/2971 2835/2835 2869/2869
f 2971/2971 3104/3104 3002/3002
f 2972/2972 2707/2707 2888/2888
f 2972/2972 2859/2859 2995/2995
f 2972/2972 2995/2995 2289/2289
f 2973/2973 2732/2732 2871/2871
f 2973/2973 3039/3039 2732/2732
f 2974/2974 2899/2899 3003/3003
f 2974/2974 3003/3003 2697/2697
f 2975/2975 2862/2862 2868/2868
f 2975/2975 2892/2892 2862/2862
f 2976/2976 3093/3093 2675/2675
f 2976/2976 3274/3274 3093/3093
f 2977/2977 2741/2741 3050/3050
f 2977/2977 3050/3050 2958/2958
f 2978/2978 2900/2900 2944/2944
f 2978/2978 2944/2944 2865/2865
f 2978/2978 2993/2993 2894/2894
f 2979/2979 2896/2896 3128/3128
f 2979/2979 2926/2926 2896/2896
f 2980/2980 2906/2906 2942/2942
f 2980/2980 2942/2942 2316/2316
f 2981/2981 2642/2642 2948/2948
f 2981/2981 2676/2676 2642/2642
f 2982/2982 2640/2640 2297/2297
f 2982/2982 2875/2875 2702/2702
f 2983/2983 481/481 3007/3007
f 2983/2983 3007/3007 2872/2872
f 2984/2984 2922/2922 2954/2954
f 2984/2984 2954/2954 3027/3027
f 2985/2985 2850/2850 2961/2961
f 2985/2985 3357/3357 2850/2850
f 2986/2986 2765/2765 2646/2646
f 2987/2987 2836/2836 2959/2959
f 2987/2987 2959/2959 2885/2885
f 2988/2988 2884/2884 3013/3013
f 2988/2988 2916/2916 2884/2884
f 2989/2989 2672/2672 3012/3012
f 2989/2989 3012/3012 2886/2886
f 2990/2990 2689/2689 3014/3014
f 2990/2990 2695/2695 2689/2689
f 2991/2991 2652/2652 2952/2952
f 2991/2991 2952/2952 2898/2898
f 2992/2992 2960/2960 3103/3103
f 2992/2992 3021/3021 2960/2960
f 2993/2993 2900/2900 2978/2978
f 2993/2993 2978/2978 2903/2903
f 2993/2993 3017/3017 2879/2879
f 2993/2993 3109/3109 3017/3017
f 2994/2994 2873/2873 2967/2967
f 2994/2994 2967/2967 2641/2641
f 2995/2995 3172/3172 2255/2255
f 2995/2995 3248/3248 3172/3172
f 2996/2996 2807/2807 2985/2985
f 2996/2996 3290/3290 2807/2807
f 2997/2997 2650/2650 2805/2805
f 2997/2997 2900/2900 2964/2964
f 2997/2997 2964/2964 2650/2650
f 2998/2998 2662/2662 2977/2977
f 2998/2998 2977/2977 2923/2923
f 2999/2999 2814/2814 2262/2262
f 2999/2999 2867/2867 3028/3028
f 3000/3000 2145/2145 2260/2260
f 3000/3000 2260/2260 2370/2370
f 3000/3000 2370/2370 2904/2904
f 3001/3001 2644/2644 2684/2684
f 3001/3001 2658/2658 2644/2644
f 3002/3002 3079/3079 2813/2813
f 3002/3002 3079/3079 3015/3015
f 3002/3002 3104/3104 3079/3079
f 3003/3003 2908/2908 2660/2660
f 3003/3003 3033/3033 2908/2908
f 3004/3004 2923/2923 3095/3095
f 3004/3004 2998/2998 2923/2923
f 3005/3005 2656/2656 2690/2690
f 3005/3005 2690/2690 3061/3061
f 3006/3006 2922/2922 2984/2984
f 3006/3006 3014/3014 2922/2922
f 3008/3008 2882/2882 2992/2992
f 3008/3008 2992/2992 3103/3103
f 3008/3008 3103/3103 3142/3142
f 3009/3009 2676/2676 2981/2981
f 3009/3009 2702/2702 2676/2676
f 3010/3010 2853/2853 2991/2991
f 3010/3010 2991/2991 2880/2880
f 3011/3011 2877/2877 2966/2966
f 3011/3011 2966/2966 3040/3040
f 3011/3011 3040/3040 2966/2966
f 3012/3012 2709/2709 2856/2856
f 3012/3012 2728/2728 2709/2709
f 3012/3012 3018/3018 2709/2709
f 3013/3013 2884/2884 2855/2855
f 3014/3014 2663/2663 2922/2922
f 3014/3014 2689/2689 2663/2663
f 3015/3015 3079/3079 3146/3146
f 3015/3015 3146/3146 2776/2776
f 3015/3015 3146/3146 3049/3049
f 3016/3016 2864/2864 3048/3048
f 3016/3016 2935/2935 2895/2895
f 3016/3016 3048/3048 3131/3131
f 3016/3016 3238/3238 2935/2935
f 3017/3017 2993/2993 2932/2932
f 3017/3017 3094/3094 2956/2956
f 3017/3017 3109/3109 3094/3094
f 3018/3018 2951/2951 3069/3069
f 3018/3018 3069/3069 2709/2709
f 3019/3019 3153/3153 2271/2271
f 3019/3019 3250/3250 3153/3153
f 3020/3020 2817/2817 2936/2936
f 3020/3020 2936/2936 2924/2924
f 3021/3021 2645/2645 2989/2989
f 3021/3021 2989/2989 2882/2882
f 3021/3021 2989/2989 2960/2960
f 3022/3022 2269/2269 2782/2782
f 3022/3022 2404/2404 2269/2269
f 3023/3023 2900/2900 2994/2994
f 3023/3023 2994/2994 2727/2727
f 3024/3024 2870/2870 2901/2901
f 3024/3024 2901/2901 2906/2906
f 3024/3024 2906/2906 2980/2980
f 3025/3025 2928/2928 2953/2953
f 3025/3025 3228/3228 2928/2928
f 3026/3026 2695/2695 3044/3044
f 3026/3026 2730/2730 2695/2695
f 3026/3026 2968/2968 2730/2730
f 3027/3027 2890/2890 2227/2227
f 3027/3027 2954/2954 2890/2890
f 3028/3028 2867/2867 2950/2950
f 3028/3028 2950/2950 3066/3066
f 3029/3029 2759/2759 2793/2793
f 3029/3029 2793/2793 2996/2996
f 3030/3030 2949/2949 2976/2976
f 3030/3030 2976/2976 2765/2765
f 3030/3030 3233/3233 2949/2949
f 3031/3031 2652/2652 2952/2952
f 3031/3031 2915/2915 3054/3054
f 3031/3031 3054/3054 2208/2208
f 3032/3032 2948/2948 3063/3063
f 3032/3032 2981/2981 2948/2948
f 3033/3033 3058/3058 2908/2908
f 3033/3033 3171/3171 3058/3058
f 3034/3034 2686/2686 2973/2973
f 3034/3034 2973/2973 2912/2912
f 3035/3035 2894/2894 2699/2699
f 3035/3035 2978/2978 2894/2894
f 3036/3036 2912/2912 2968/2968
f 3036/3036 2946/2946 2912/2912
f 3037/3037 2216/2216 2265/2265
f 3037/3037 2265/2265 3068/3068
f 3037/3037 3068/3068 2802/2802
f 3038/3038 2961/2961 2214/2214
f 3038/3038 2985/2985 2961/2961
f 3039/3039 2881/2881 3057/3057
f 3039/3039 3057/3057 2732/2732
f 3041/3041 2455/2455 2803/2803
f 3041/3041 2803/2803 2925/2925
f 3041/3041 2925/2925 3067/3067
f 3042/3042 2702/2702 3009/3009
f 3042/3042 2982/2982 2702/2702
f 3043/3043 2789/2789 2902/2902
f 3043/3043 2902/2902 2921/2921
f 3044/3044 2695/2695 2990/2990
f 3045/3045 2197/2197 3163/3163
f 3045/3045 2515/2515 2197/2197
f 3046/3046 2870/2870 3024/3024
f 3046/3046 3061/3061 2870/2870
f 3047/3047 2823/2823 3010/3010
f 3047/3047 3010/3010 2909/2909
f 3048/3048 2930/2930 2969/2969
f 3048/3048 2969/2969 3159/3159
f 3049/3049 3125/3125 2876/2876
f 3049/3049 3146/3146 3125/3125
f 3050/3050 2997/2997 2878/2878
f 3051/3051 2759/2759 3029/3029
f 3051/3051 2927/2927 2759/2759
f 3052/3052 2705/2705 2745/2745
f 3052/3052 2789/2789 2705/2705
f 3052/3052 2849/2849 2789/2789
f 3053/3053 2978/2978 3035/3035
f 3053/3053 3035/3035 2740/2740
f 3054/3054 2888/2888 2972/2972
f 3054/3054 2972/2972 2208/2208
f 3055/3055 2307/2307 2938/2938
f 3055/3055 2938/2938 2913/2913
f 3056/3056 2725/2725 3034/3034
f 3056/3056 3034/3034 2946/2946
f 3057/3057 2881/2881 2974/2974
f 3057/3057 2974/2974 2697/2697
f 3058/3058 3000/3000 2940/2940
f 3058/3058 3101/3101 3000/3000
f 3059/3059 3133/3133 3040/3040
f 3060/3060 2946/2946 3036/3036
f 3060/3060 2966/2966 2946/2946
f 3061/3061 2690/2690 2721/2721
f 3061/3061 2721/2721 2870/2870
f 3062/3062 2926/2926 2979/2979
f 3062/3062 2961/2961 2926/2926
f 3063/3063 2827/2827 2916/2916
f 3063/3063 2916/2916 2988/2988
f 3063/3063 2948/2948 2827/2827
f 3064/3064 2929/2929 3023/3023
f 3064/3064 3023/3023 2800/2800
f 3065/3065 2308/2308 3169/3169
f 3066/3066 2917/2917 2656/2656
f 3066/3066 2950/2950 2917/2917
f 3067/3067 2925/2925 2955/2955
f 3067/3067 2955/2955 2216/2216
f 3068/3068 2265/2265 2866/2866
f 3068/3068 2866/2866 2773/2773
f 3069/3069 2868/2868 2986/2986
f 3069/3069 2986/2986 2728/2728
f 3070/3070 3205/3205 3117/3117
f 3070/3070 3225/3225 3205/3205
f 3071/3071 3420/3420 3115/3115
f 3071/3071 3451/3451 3420/3420
f 3073/3073 3365/3365 3457/3457
f 3073/3073 3457/3457 3424/3424
f 3074/3074 3004/3004 3095/3095
f 3074/3074 3095/3095 3214/3214
f 3074/3074 3214/3214 3189/3189
f 3075/3075 3099/3099 3177/3177
f 3075/3075 3177/3177 3363/3363
f 3076/3076 2988/2988 3107/3107
f 3076/3076 3063/3063 2988/2988
f 3077/3077 3108/3108 3178/3178
f 3077/3077 3331/3331 3108/3108
f 3078/3078 2812/2812 3369/3369
f 3078/3078 3321/3321 3369/3369
f 3078/3078 3369/3369 3468/3468
f 3079/3079 3231/3231 3261/3261
f 3079/3079 3261/3261 3146/3146
f 3080/3080 2960/2960 3256/3256
f 3080/3080 3256/3256 3377/3377
f 3081/3081 3097/3097 3227/3227
f 3081/3081 3227/3227 3259/3259
f 3081/3081 3385/3385 3097/3097
f 3082/3082 1978/1978 3196/3196
f 3082/3082 3196/3196 3262/3262
f 3082/3082 3262/3262 3358/3358
f 3083/3083 2933/2933 3006/3006
f 3083/3083 3006/3006 3113/3113
f 3084/3084 401/401 3111/3111
f 3084/3084 3375/3375 401/401
f 3084/3084 3487/3487 3375/3375
f 3085/3085 3155/3155 3444/3444
f 3085/3085 3426/3426 3155/3155
f 3085/3085 3448/3448 3426/3426
f 3086/3086 3275/3275 3176/3176
f 3086/3086 3342/3342 3275/3275
f 3087/3087 3112/3112 2194/2194
f 3087/3087 3190/3190 3112/3112
f 3088/3088 3124/3124 3391/3391
f 3089/3089 3176/3176 3277/3277
f 3089/3089 3219/3219 3176/3176
f 3090/3090 3156/3156 3268/3268
f 3090/3090 3268/3268 3433/3433
f 3091/3091 3119/3119 3271/3271
f 3091/3091 3181/3181 3271/3271
f 3091/3091 3244/3244 3181/3181
f 3092/3092 2980/2980 2183/2183
f 3092/3092 3024/3024 2980/2980
f 3092/3092 3046/3046 3024/3024
f 3093/3093 3367/3367 3436/3436
f 3093/3093 3390/3390 3367/3367
f 3094/3094 3017/3017 3173/3173
f 3094/3094 3109/3109 3201/3201
f 3095/3095 2923/2923 3253/3253
f 3095/3095 3253/3253 3214/3214
f 3096/3096 3359/3359 3179/3179
f 3097/3097 3149/3149 3441/3441
f 3097/3097 3270/3270 3149/3149
f 3097/3097 3441/3441 3227/3227
f 3098/3098 3141/3141 2150/2150
f 3098/3098 3195/3195 3168/3168
f 3098/3098 3325/3325 3195/3195
f 3098/3098 3354/3354 3226/3226
f 3099/3099 1817/1817 3422/3422
f 3099/3099 3422/3422 3177/3177
f 3100/3100 3086/3086 3219/3219
f 3100/3100 3414/3414 3086/3086
f 3101/3101 2024/2024 2145/2145
f 3101/3101 2145/2145 3000/3000
f 3102/3102 3219/3219 3089/3089
f 3102/3102 3239/3239 3219/3219
f 3103/3103 2960/2960 3080/3080
f 3103/3103 3080/3080 3345/3345
f 3104/3104 2971/2971 3216/3216
f 3104/3104 3231/3231 3079/3079
f 3105/3105 3169/3169 3185/3185
f 3105/3105 3185/3185 3431/3431
f 3105/3105 3254/3254 3431/3431
f 3106/3106 2907/2907 3040/3040
f 3106/3106 3133/3133 3059/3059
f 3107/3107 2988/2988 3013/3013
f 3108/3108 3136/3136 3223/3223
f 3108/3108 3305/3305 3136/3136
f 3109/3109 2993/2993 3017/3017
f 3109/3109 3017/3017 3094/3094
f 3109/3109 3094/3094 3207/3207
f 3109/3109 3137/3137 3183/3183
f 3109/3109 3204/3204 3137/3137
f 3110/3110 3393/3393 3229/3229
f 3111/3111 371/371 2161/2161
f 3111/3111 401/401 371/371
f 3112/3112 3167/3167 3237/3237
f 3112/3112 3237/3237 2013/2013
f 3113/3113 2984/2984 3289/3289
f 3113/3113 3006/3006 2984/2984
f 3114/3114 3090/3090 3401/3401
f 3114/3114 3175/3175 3090/3090
f 3115/3115 3392/3392 3449/3449
f 3115/3115 3420/3420 3392/3392
f 3116/3116 3046/3046 3092/3092
f 3117/3117 3194/3194 3246/3246
f 3117/3117 3205/3205 3194/3194
f 3118/3118 3088/3088 3415/3415
f 3118/3118 3204/3204 3088/3088
f 3119/3119 3244/3244 3091/3091
f 3119/3119 3263/3263 3244/3244
f 3120/3120 2889/2889 3032/3032
f 3120/3120 3032/3032 3154/3154
f 3121/3121 3208/3208 3148/3148
f 3121/3121 3208/3208 3212/3212
f 3121/3121 3326/3326 3208/3208
f 3122/3122 3138/3138 3463/3463
f 3122/3122 3463/3463 3238/3238
f 3123/3123 2154/2154 3252/3252
f 3124/3124 3298/3298 3410/3410
f 3124/3124 3410/3410 3455/3455
f 3125/3125 3174/3174 3203/3203
f 3125/3125 3203/3203 3220/3220
f 3126/3126 3046/3046 3116/3116
f 3127/3127 3147/3147 3483/3483
f 3127/3127 3267/3267 3147/3147
f 3128/3128 2896/2896 3260/3260
f 3128/3128 3260/3260 3152/3152
f 3129/3129 3096/3096 3258/3258
f 3129/3129 3329/3329 3096/3096
f 3130/3130 3239/3239 3102/3102
f 3130/3130 3269/3269 3239/3239
f 3131/3131 3048/3048 3159/3159
f 3131/3131 3074/3074 3159/3159
f 3131/3131 3122/3122 3238/3238
f 3131/3131 3159/3159 3251/3251
f 3131/3131 3238/3238 3016/3016
f 3132/3132 3100/3100 3239/3239
f 3132/3132 3400/3400 3100/3100
f 3133/3133 3106/3106 3040/3040
f 3133/3133 3217/3217 3106/3106
f 3134/3134 3166/3166 3192/3192
f 3134/3134 3453/3453 3166/3166
f 3135/3135 2769/2769 3321/3321
f 3135/3135 3291/3291 3321/3321
f 3135/3135 3321/3321 3078/3078
f 3136/3136 3123/3123 3252/3252
f 3137/3137 3109/3109 3230/3230
f 3137/3137 3156/3156 3255/3255
f 3137/3137 3204/3204 3156/3156
f 3138/3138 3104/3104 3216/3216
f 3138/3138 3216/3216 3282/3282
f 3138/3138 3231/3231 3463/3463
f 3139/3139 3280/3280 3481/3481
f 3139/3139 3481/3481 3165/3165
f 3140/3140 3247/3247 2132/2132
f 3140/3140 3315/3315 3386/3386
f 3141/3141 3170/3170 2150/2150
f 3141/3141 3262/3262 3170/3170
f 3142/3142 3103/3103 3316/3316
f 3142/3142 3228/3228 3025/3025
f 3142/3142 3419/3419 3228/3228
f 3143/3143 3171/3171 2899/2899
f 3143/3143 3182/3182 3171/3171
f 3144/3144 2180/2180 3168/3168
f 3144/3144 3134/3134 3211/3211
f 3144/3144 3472/3472 3134/3134
f 3145/3145 3133/3133 3239/3239
f 3145/3145 3239/3239 3133/3133
f 3145/3145 3240/3240 3133/3133
f 3146/3146 3174/3174 3125/3125
f 3146/3146 3261/3261 3174/3174
f 3147/3147 3073/3073 3445/3445
f 3148/3148 3121/3121 3257/3257
f 3148/3148 3208/3208 3121/3121
f 3148/3148 3447/3447 3121/3121
f 3149/3149 3114/3114 3441/3441
f 3149/3149 3204/3204 3114/3114
f 3150/3150 3263/3263 3119/3119
f 3150/3150 3304/3304 3263/3263
f 3150/3150 3420/3420 3392/3392
f 3151/3151 3272/3272 2090/2090
f 3151/3151 3451/3451 3071/3071
f 3152/3152 3225/3225 3070/3070
f 3152/3152 3394/3394 3225/3225
f 3153/3153 3105/3105 3431/3431
f 3153/3153 3284/3284 2187/2187
f 3153/3153 3431/3431 3284/3284
f 3154/3154 3032/3032 3063/3063
f 3154/3154 3063/3063 3076/3076
f 3155/3155 3269/3269 3130/3130
f 3155/3155 3312/3312 3269/3269
f 3156/3156 3109/3109 3137/3137
f 3156/3156 3137/3137 3268/3268
f 3156/3156 3175/3175 3242/3242
f 3156/3156 3204/3204 3175/3175
f 3157/3157 3163/3163 3234/3234
f 3157/3157 3234/3234 3487/3487
f 3158/3158 3132/3132 3269/3269
f 3158/3158 3132/3132 3424/3424
f 3158/3158 3400/3400 3132/3132
f 3159/3159 2969/2969 3074/3074
f 3159/3159 3074/3074 3131/3131
f 3159/3159 3074/3074 3276/3276
f 3160/3160 2861/2861 3046/3046
f 3160/3160 3046/3046 3126/3126
f 3161/3161 2984/2984 3027/3027
f 3161/3161 3027/3027 2085/2085
f 3161/3161 3027/3027 3289/3289
f 3162/3162 3291/3291 3135/3135
f 3162/3162 3482/3482 3291/3291
f 3163/3163 2100/2100 3234/3234
f 3163/3163 2197/2197 2100/2100
f 3164/3164 3233/3233 3030/3030
f 3164/3164 3416/3416 3233/3233
f 3165/3165 3448/3448 3085/3085
f 3165/3165 3481/3481 3448/3448
f 3166/3166 3081/3081 3192/3192
f 3166/3166 3417/3417 3081/3081
f 3167/3167 3314/3314 3237/3237
f 3168/3168 2131/2131 3098/3098
f 3168/3168 3224/3224 3144/3144
f 3169/3169 2104/2104 3185/3185
f 3169/3169 2308/2308 2104/2104
f 3169/3169 3065/3065 3185/3185
f 3171/3171 3101/3101 3058/3058
f 3171/3171 3235/3235 3101/3101
f 3172/3172 3087/3087 2109/2109
f 3172/3172 3222/3222 3087/3087
f 3173/3173 2932/2932 3307/3307
f 3173/3173 3017/3017 2932/2932
f 3174/3174 3309/3309 3203/3203
f 3174/3174 3343/3343 3309/3309
f 3175/3175 3109/3109 3156/3156
f 3175/3175 3156/3156 3090/3090
f 3175/3175 3204/3204 3118/3118
f 3176/3176 3145/3145 3239/3239
f 3176/3176 3219/3219 3145/3145
f 3176/3176 3275/3275 3145/3145
f 3177/3177 3294/3294 3462/3462
f 3177/3177 3422/3422 3294/3294
f 3178/3178 3108/3108 3223/3223
f 3178/3178 3223/3223 1968/1968
f 3179/3179 3072/3072 3199/3199
f 3179/3179 3199/3199 2061/2061
f 3179/3179 3359/3359 3072/3072
f 3180/3180 3092/3092 2059/2059
f 3180/3180 3116/3116 3092/3092
f 3180/3180 3209/3209 2059/2059
f 3181/3181 2861/2861 3160/3160
f 3181/3181 2931/2931 2861/2861
f 3182/3182 3235/3235 3171/3171
f 3182/3182 3330/3330 3235/3235
f 3183/3183 3137/3137 3255/3255
f 3183/3183 3255/3255 3201/3201
f 3183/3183 3255/3255 3301/3301
f 3183/3183 3301/3301 3466/3466
f 3184/3184 2812/2812 2891/2891
f 3184/3184 2891/2891 3200/3200
f 3185/3185 2104/2104 3299/3299
f 3185/3185 3065/3065 3169/3169
f 3186/3186 3139/3139 3165/3165
f 3186/3186 3165/3165 3266/3266
f 3187/3187 3121/3121 3212/3212
f 3187/3187 3212/3212 2881/2881
f 3188/3188 2838/2838 3382/3382
f 3188/3188 3382/3382 3465/3465
f 3189/3189 3214/3214 3306/3306
f 3190/3190 3167/3167 3112/3112
f 3190/3190 3296/3296 3167/3167
f 3191/3191 2805/2805 3340/3340
f 3191/3191 3278/3278 3365/3365
f 3191/3191 3365/3365 3073/3073
f 3192/3192 2003/2003 3211/3211
f 3192/3192 3081/3081 3259/3259
f 3193/3193 2860/2860 3221/3221
f 3193/3193 3264/3264 2860/2860
f 3194/3194 2719/2719 3482/3482
f 3194/3194 3442/3442 3482/3482
f 3194/3194 3482/3482 3162/3162
f 3195/3195 3224/3224 3168/3168
f 3195/3195 3302/3302 3224/3224
f 3196/3196 1978/1978 3082/3082
f 3196/3196 2179/2179 3170/3170
f 3196/3196 3170/3170 3262/3262
f 3197/3197 3071/3071 3202/3202
f 3197/3197 3151/3151 3071/3071
f 3198/3198 3084/3084 3218/3218
f 3198/3198 3157/3157 3487/3487
f 3198/3198 3245/3245 3157/3157
f 3198/3198 3487/3487 3084/3084
f 3200/3200 2858/2858 3249/3249
f 3200/3200 2891/2891 2858/2858
f 3201/3201 3109/3109 3183/3183
f 3201/3201 3183/3183 3318/3318
f 3201/3201 3255/3255 3183/3183
f 3202/3202 3071/3071 3115/3115
f 3202/3202 3115/3115 3336/3336
f 3203/3203 3280/3280 3139/3139
f 3203/3203 3309/3309 3280/3280
f 3204/3204 3109/3109 3175/3175
f 3204/3204 3124/3124 3088/3088
f 3204/3204 3175/3175 3114/3114
f 3204/3204 3270/3270 3124/3124
f 3205/3205 2724/2724 3442/3442
f 3205/3205 3407/3407 3442/3442
f 3205/3205 3442/3442 3194/3194
f 3206/3206 3078/3078 3335/3335
f 3206/3206 3135/3135 3078/3078
f 3207/3207 3094/3094 3173/3173
f 3207/3207 3173/3173 3288/3288
f 3208/3208 3182/3182 3143/3143
f 3208/3208 3297/3297 3182/3182
f 3209/3209 3116/3116 3180/3180
f 3209/3209 3126/3126 3116/3116
f 3210/3210 2139/2139 3099/3099
f 3210/3210 3099/3099 288/288
f 3210/3210 3099/3099 3075/3075
f 3211/3211 2180/2180 3144/3144
f 3211/3211 3134/3134 3192/3192
f 3212/3212 3143/3143 2899/2899
f 3212/3212 3208/3208 3143/3143
f 3213/3213 2856/2856 3188/3188
f 3213/3213 3188/3188 3437/3437
f 3214/3214 3127/3127 3283/3283
f 3214/3214 3253/3253 3127/3127
f 3215/3215 3106/3106 2947/2947
f 3215/3215 3133/3133 3106/3106
f 3216/3216 2869/2869 3282/3282
f 3216/3216 2971/2971 2869/2869
f 3217/3217 2829/2829 2945/2945
f 3217/3217 2945/2945 3106/3106
f 3218/3218 3084/3084 3111/3111
f 3218/3218 3111/3111 2050/2050
f 3219/3219 3086/3086 3176/3176
f 3219/3219 3176/3176 3239/3239
f 3219/3219 3239/3239 3145/3145
f 3220/3220 3139/3139 3186/3186
f 3220/3220 3203/3203 3139/3139
f 3221/3221 2860/2860 2889/2889
f 3221/3221 2889/2889 3120/3120
f 3222/3222 3190/3190 3087/3087
f 3222/3222 3473/3473 3190/3190
f 3223/3223 3136/3136 2008/2008
f 3224/3224 3302/3302 3144/3144
f 3225/3225 3394/3394 3407/3407
f 3225/3225 3407/3407 3205/3205
f 3226/3226 3325/3325 3098/3098
f 3226/3226 3354/3354 3098/3098
f 3227/3227 2073/2073 3259/3259
f 3227/3227 3441/3441 3310/3310
f 3228/3228 3082/3082 3358/3358
f 3228/3228 3358/3358 2928/2928
f 3229/3229 3257/3257 2914/2914
f 3229/3229 3393/3393 3257/3257
f 3230/3230 3109/3109 3207/3207
f 3230/3230 3207/3207 3368/3368
f 3231/3231 3104/3104 3138/3138
f 3231/3231 3366/3366 3261/3261
f 3232/3232 3123/3123 3136/3136
f 3232/3232 3464/3464 3123/3123
f 3233/3233 2691/2691 2934/2934
f 3233/3233 2934/2934 2949/2949
f 3234/3234 2011/2011 3348/3348
f 3234/3234 2100/2100 2011/2011
f 3235/3235 1896/1896 2024/2024
f 3235/3235 2024/2024 3101/3101
f 3236/3236 3133/3133 3215/3215
f 3236/3236 3145/3145 3133/3133
f 3237/3237 3129/3129 3258/3258
f 3237/3237 3258/3258 2013/2013
f 3237/3237 3314/3314 3129/3129
f 3238/3238 3373/3373 2935/2935
f 3238/3238 3463/3463 3373/3373
f 3239/3239 3100/3100 3219/3219
f 3240/3240 3217/3217 3133/3133
f 3240/3240 3279/3279 3217/3217
f 3241/3241 3126/3126 3209/3209
f 3241/3241 3160/3160 3126/3126
f 3242/3242 3118/3118 3333/3333
f 3242/3242 3175/3175 3118/3118
f 3243/3243 3262/3262 3141/3141
f 3244/3244 2931/2931 3181/3181
f 3244/3244 2963/2963 2931/2931
f 3245/3245 3045/3045 3163/3163
f 3245/3245 3163/3163 3157/3157
f 3246/3246 3162/3162 3265/3265
f 3246/3246 3194/3194 3162/3162
f 3246/3246 3265/3265 1986/1986
f 3247/3247 2029/2029 2017/2017
f 3247/3247 3140/3140 3287/3287
f 3248/3248 3222/3222 3172/3172
f 3248/3248 3459/3459 3222/3222
f 3249/3249 2858/2858 2957/2957
f 3249/3249 2957/2957 3404/3404
f 3250/3250 3105/3105 3153/3153
f 3251/3251 3122/3122 3131/3131
f 3251/3251 3159/3159 3276/3276
f 3251/3251 3189/3189 3276/3276
f 3251/3251 3276/3276 3362/3362
f 3251/3251 3362/3362 3476/3476
f 3251/3251 3476/3476 3362/3362
f 3251/3251 3480/3480 3122/3122
f 3252/3252 2045/2045 3136/3136
f 3252/3252 2154/2154 2045/2045
f 3253/3253 2958/2958 3267/3267
f 3253/3253 3267/3267 3127/3127
f 3254/3254 3065/3065 3169/3169
f 3254/3254 3169/3169 3105/3105
f 3255/3255 3156/3156 3242/3242
f 3255/3255 3242/3242 3378/3378
f 3256/3256 2886/2886 3213/3213
f 3256/3256 3213/3213 3403/3403
f 3257/3257 3121/3121 3187/3187
f 3257/3257 3187/3187 2941/2941
f 3258/3258 3096/3096 3179/3179
f 3258/3258 3179/3179 2061/2061
f 3259/3259 1975/1975 3192/3192
f 3260/3260 2717/2717 3394/3394
f 3260/3260 3394/3394 3152/3152
f 3261/3261 3343/3343 3174/3174
f 3261/3261 3366/3366 3343/3343
f 3263/3263 2766/2766 2963/2963
f 3263/3263 2963/2963 3244/3244
f 3264/3264 2804/2804 2937/2937
f 3264/3264 2937/2937 2860/2860
f 3265/3265 3135/3135 1986/1986
f 3265/3265 3135/3135 3206/3206
f 3265/3265 3162/3162 3135/3135
f 3266/3266 3085/3085 3313/3313
f 3266/3266 3165/3165 3085/3085
f 3267/3267 2878/2878 3191/3191
f 3267/3267 3073/3073 3147/3147
f 3267/3267 3191/3191 3073/3073
f 3268/3268 3137/3137 3230/3230
f 3268/3268 3230/3230 3346/3346
f 3269/3269 3132/3132 3239/3239
f 3270/3270 3204/3204 3149/3149
f 3270/3270 3298/3298 3124/3124
f 3270/3270 3319/3319 3298/3298
f 3271/3271 3119/3119 3091/3091
f 3271/3271 3160/3160 3241/3241
f 3271/3271 3181/3181 3160/3160
f 3272/3272 2082/2082 1995/1995
f 3272/3272 3151/3151 3197/3197
f 3273/3273 2933/2933 3376/3376
f 3273/3273 2957/2957 2933/2933
f 3274/3274 2668/2668 3390/3390
f 3274/3274 3390/3390 3093/3093
f 3275/3275 3240/3240 3145/3145
f 3275/3275 3355/3355 3240/3240
f 3276/3276 3074/3074 3189/3189
f 3276/3276 3189/3189 3251/3251
f 3276/3276 3189/3189 3339/3339
f 3277/3277 3145/3145 3236/3236
f 3277/3277 3176/3176 3145/3145
f 3278/3278 2715/2715 3328/3328
f 3278/3278 3328/3328 3400/3400
f 3279/3279 2703/2703 2829/2829
f 3279/3279 2829/2829 3217/3217
f 3280/3280 3402/3402 3481/3481
f 3280/3280 3432/3432 3402/3402
f 3281/3281 1874/1874 3464/3464
f 3281/3281 2458/2458 1874/1874
f 3282/3282 2785/2785 3399/3399
f 3282/3282 2869/2869 2785/2785
f 3283/3283 3127/3127 3483/3483
f 3283/3283 3483/3483 3402/3402
f 3284/3284 3299/3299 3409/3409
f 3284/3284 3409/3409 1872/1872
f 3285/3285 3198/3198 3317/3317
f 3285/3285 3245/3245 3198/3198
f 3286/3286 2521/2521 2772/2772
f 3286/3286 2772/2772 3416/3416
f 3287/3287 3140/3140 3386/3386
f 3287/3287 3386/3386 3370/3370
f 3288/3288 2852/2852 3438/3438
f 3288/3288 3173/3173 3307/3307
f 3288/3288 3307/3307 2852/2852
f 3288/3288 3438/3438 3469/3469
f 3289/3289 2984/2984 3161/3161
f 3289/3289 3027/3027 3161/3161
f 3289/3289 3161/3161 1945/1945
f 3290/3290 3444/3444 3467/3467
f 3290/3290 3467/3467 3357/3357
f 3291/3291 2719/2719 2796/2796
f 3291/3291 2796/2796 3321/3321
f 3292/3292 3120/3120 3381/3381
f 3293/3293 3344/3344 1807/1807
f 3293/3293 3437/3437 3344/3344
f 3294/3294 3286/3286 3416/3416
f 3294/3294 3416/3416 3462/3462
f 3295/3295 3215/3215 2815/2815
f 3295/3295 3236/3236 3215/3215
f 3296/3296 1837/1837 3314/3314
f 3296/3296 3314/3314 3167/3167
f 3297/3297 3330/3330 3182/3182
f 3297/3297 3486/3486 3330/3330
f 3298/3298 3270/3270 3385/3385
f 3298/3298 3319/3319 3410/3410
f 3299/3299 1966/1966 3409/3409
f 3299/3299 2104/2104 1966/1966
f 3300/3300 3209/3209 3323/3323
f 3300/3300 3241/3241 3209/3209
f 3301/3301 3255/3255 3378/3378
f 3301/3301 3378/3378 3466/3466
f 3302/3302 3372/3372 3472/3472
f 3302/3302 3472/3472 3144/3144
f 3303/3303 3428/3428 3324/3324
f 3303/3303 3439/3439 3428/3428
f 3304/3304 2766/2766 3263/3263
f 3304/3304 2790/2790 2766/2766
f 3305/3305 3232/3232 3136/3136
f 3306/3306 3214/3214 3283/3283
f 3306/3306 3283/3283 3432/3432
f 3307/3307 2932/2932 2852/2852
f 3308/3308 3110/3110 3229/3229
f 3308/3308 3229/3229 2791/2791
f 3309/3309 3432/3432 3280/3280
f 3309/3309 3446/3446 3432/3432
f 3310/3310 2048/2048 3227/3227
f 3310/3310 3149/3149 3441/3441
f 3310/3310 3401/3401 3379/3379
f 3311/3311 2790/2790 3304/3304
f 3311/3311 2814/2814 2790/2790
f 3312/3312 3158/3158 3269/3269
f 3312/3312 3341/3341 3269/3269
f 3313/3313 3085/3085 3444/3444
f 3313/3313 3444/3444 3290/3290
f 3314/3314 1837/1837 1856/1856
f 3314/3314 1856/1856 1911/1911
f 3314/3314 1911/1911 3329/3329
f 3314/3314 3329/3329 3129/3129
f 3315/3315 2804/2804 3264/3264
f 3315/3315 3140/3140 1922/1922
f 3316/3316 1784/1784 3406/3406
f 3316/3316 3103/3103 3345/3345
f 3316/3316 3327/3327 3419/3419
f 3316/3316 3345/3345 3460/3460
f 3316/3316 3419/3419 3142/3142
f 3316/3316 3460/3460 1784/1784
f 3317/3317 3198/3198 3218/3218
f 3317/3317 3218/3218 1912/1912
f 3318/3318 3183/3183 3440/3440
f 3319/3319 3270/3270 3298/3298
f 3319/3319 3298/3298 3417/3417
f 3319/3319 3338/3338 3393/3393
f 3320/3320 3418/3418 3456/3456
f 3320/3320 3474/3474 3418/3418
f 3321/3321 2769/2769 3135/3135
f 3321/3321 2769/2769 3369/3369
f 3321/3321 2796/2796 2769/2769
f 3322/3322 3120/3120 3292/3292
f 3322/3322 3221/3221 3120/3120
f 3323/3323 3180/3180 1932/1932
f 3323/3323 3209/3209 3180/3180
f 3324/3324 3404/3404 3452/3452
f 3324/3324 3428/3428 3404/3404
f 3325/3325 3302/3302 3195/3195
f 3325/3325 3383/3383 3302/3302
f 3326/3326 3297/3297 3208/3208
f 3326/3326 3411/3411 3297/3297
f 3327/3327 1978/1978 3196/3196
f 3327/3327 3196/3196 3419/3419
f 3328/3328 2715/2715 3458/3458
f 3328/3328 3458/3458 3414/3414
f 3329/3329 1911/1911 1931/1931
f 3329/3329 1931/1931 3359/3359
f 3329/3329 3359/3359 3096/3096
f 3330/3330 1758/1758 1896/1896
f 3330/3330 1896/1896 3235/3235
f 3331/3331 2986/2986 3305/3305
f 3331/3331 3305/3305 3108/3108
f 3332/3332 3370/3370 3443/3443
f 3332/3332 3443/3443 3429/3429
f 3333/3333 3118/3118 3415/3415
f 3333/3333 3415/3415 3395/3395
f 3334/3334 3105/3105 3250/3250
f 3334/3334 3254/3254 3105/3105
f 3335/3335 3078/3078 3468/3468
f 3335/3335 3468/3468 3360/3360
f 3336/3336 1753/1753 1891/1891
f 3336/3336 1891/1891 2032/2032
f 3336/3336 2032/2032 2082/2082
f 3336/3336 2082/2082 3272/3272
f 3336/3336 3115/3115 3449/3449
f 3336/3336 3197/3197 3202/3202
f 3336/3336 3272/3272 3197/3197
f 3336/3336 3449/3449 3371/3371
f 3337/3337 3091/3091 3271/3271
f 3337/3337 3271/3271 3356/3356
f 3337/3337 3356/3356 3300/3300
f 3338/3338 3319/3319 3453/3453
f 3338/3338 3372/3372 3478/3478
f 3338/3338 3486/3486 3372/3372
f 3339/3339 3189/3189 3306/3306
f 3339/3339 3306/3306 3446/3446
f 3340/3340 2834/2834 3365/3365
f 3340/3340 3365/3365 3191/3191
f 3341/3341 3312/3312 3269/3269
f 3341/3341 3424/3424 3312/3312
f 3342/3342 3355/3355 3275/3275
f 3342/3342 3475/3475 3355/3355
f 3343/3343 3446/3446 3309/3309
f 3343/3343 3476/3476 3446/3446
f 3344/3344 3364/3364 1807/1807
f 3344/3344 3465/3465 3364/3364
f 3345/3345 3080/3080 3377/3377
f 3345/3345 3377/3377 3460/3460
f 3345/3345 3403/3403 3377/3377
f 3346/3346 3230/3230 3368/3368
f 3346/3346 3368/3368 3425/3425
f 3347/3347 3083/3083 3113/3113
f 3347/3347 3113/3113 3289/3289
f 3348/3348 1904/1904 3450/3450
f 3348/3348 2011/2011 1904/1904
f 3349/3349 3387/3387 3430/3430
f 3349/3349 3430/3430 3435/3435
f 3350/3350 3380/3380 2820/2820
f 3350/3350 3391/3391 3380/3380
f 3351/3351 3381/3381 3107/3107
f 3352/3352 3089/3089 3277/3277
f 3352/3352 3277/3277 3374/3374
f 3353/3353 1900/1900 3379/3379
f 3353/3353 3268/3268 3425/3425
f 3354/3354 3325/3325 3226/3226
f 3354/3354 3411/3411 3325/3325
f 3355/3355 3279/3279 3240/3240
f 3355/3355 3396/3396 3279/3279
f 3356/3356 3241/3241 3300/3300
f 3356/3356 3271/3271 3241/3241
f 3357/3357 3387/3387 3349/3349
f 3357/3357 3467/3467 3387/3387
f 3358/3358 3262/3262 3388/3388
f 3358/3358 3388/3388 2849/2849
f 3359/3359 1931/1931 1955/1955
f 3360/3360 3184/3184 3439/3439
f 3360/3360 3439/3439 3303/3303
f 3361/3361 3445/3445 3341/3341
f 3362/3362 3276/3276 3339/3339
f 3362/3362 3339/3339 3446/3446
f 3362/3362 3366/3366 3480/3480
f 3362/3362 3446/3446 3476/3476
f 3362/3362 3480/3480 3251/3251
f 3363/3363 3177/3177 3462/3462
f 3363/3363 3462/3462 2810/2810
f 3364/3364 3077/3077 3178/3178
f 3364/3364 3178/3178 1968/1968
f 3365/3365 2761/2761 3278/3278
f 3365/3365 3278/3278 3191/3191
f 3365/3365 3278/3278 3484/3484
f 3366/3366 3231/3231 3480/3480
f 3366/3366 3476/3476 3343/3343
f 3367/3367 1842/1842 3464/3464
f 3367/3367 3464/3464 3232/3232
f 3368/3368 3207/3207 3288/3288
f 3368/3368 3288/3288 3389/3389
f 3369/3369 2769/2769 2812/2812
f 3369/3369 2812/2812 3078/3078
f 3369/3369 2812/2812 3184/3184
f 3370/3370 3386/3386 3461/3461
f 3370/3370 3461/3461 3443/3443
f 3371/3371 3449/3449 3474/3474
f 3371/3371 3474/3474 3320/3320
f 3372/3372 3338/3338 3472/3472
f 3372/3372 3411/3411 3447/3447
f 3372/3372 3486/3486 3411/3411
f 3373/3373 3282/3282 3399/3399
f 3373/3373 3399/3399 2854/2854
f 3374/3374 3236/3236 3295/3295
f 3374/3374 3277/3277 3236/3236
f 3375/3375 3348/3348 3450/3450
f 3375/3375 3450/3450 112/112
f 3376/3376 2933/2933 3083/3083
f 3376/3376 3083/3083 3347/3347
f 3377/3377 3256/3256 3403/3403
f 3377/3377 3403/3403 3345/3345
f 3377/3377 3403/3403 3477/3477
f 3378/3378 3242/3242 3333/3333
f 3378/3378 3333/3333 3395/3395
f 3379/3379 1900/1900 3310/3310
f 3379/3379 3114/3114 3401/3401
f 3379/3379 3433/3433 3353/3353
f 3380/3380 3308/3308 2846/2846
f 3380/3380 3455/3455 3308/3308
f 3381/3381 3076/3076 3107/3107
f 3381/3381 3120/3120 3154/3154
f 3381/3381 3154/3154 3076/3076
f 3382/3382 2821/2821 3331/3331
f 3382/3382 3331/3331 3077/3077
f 3383/3383 3338/3338 3372/3372
f 3383/3383 3372/3372 3302/3302
f 3384/3384 3300/3300 3412/3412
f 3384/3384 3337/3337 3300/3300
f 3385/3385 3270/3270 3097/3097
f 3386/3386 3264/3264 3461/3461
f 3386/3386 3315/3315 3264/3264
f 3387/3387 3102/3102 3430/3430
f 3387/3387 3130/3130 3102/3102
f 3389/3389 1768/1768 3425/3425
f 3389/3389 3288/3288 3469/3469
f 3390/3390 2782/2782 3281/3281
f 3390/3390 3281/3281 3464/3464
f 3390/3390 3464/3464 3367/3367
f 3391/3391 3124/3124 3455/3455
f 3391/3391 3455/3455 3380/3380
f 3392/3392 3304/3304 3150/3150
f 3392/3392 3311/3311 3304/3304
f 3392/3392 3420/3420 3150/3150
f 3393/3393 3148/3148 3257/3257
f 3393/3393 3338/3338 3478/3478
f 3393/3393 3478/3478 3148/3148
f 3394/3394 2673/2673 3407/3407
f 3394/3394 3479/3479 2673/2673
f 3395/3395 3415/3415 3421/3421
f 3395/3395 3421/3421 2636/2636
f 3396/3396 2692/2692 2703/2703
f 3396/3396 2703/2703 3279/3279
f 3396/3396 3440/3440 2703/2703
f 3397/3397 3285/3285 3317/3317
f 3397/3397 3317/3317 1851/1851
f 3398/3398 3352/3352 3374/3374
f 3398/3398 3374/3374 3479/3479
f 3399/3399 2677/2677 2658/2658
f 3399/3399 2785/2785 2677/2677
f 3400/3400 3328/3328 3414/3414
f 3400/3400 3414/3414 3100/3100
f 3401/3401 3090/3090 3433/3433
f 3401/3401 3114/3114 3379/3379
f 3401/3401 3433/3433 3379/3379
f 3402/3402 3361/3361 3476/3476
f 3402/3402 3476/3476 3361/3361
f 3402/3402 3483/3483 3361/3361
f 3403/3403 3213/3213 3437/3437
f 3403/3403 3437/3437 3293/3293
f 3404/3404 2957/2957 3273/3273
f 3404/3404 3273/3273 3376/3376
f 3405/3405 3292/3292 3470/3470
f 3405/3405 3322/3322 3292/3292
f 3406/3406 1893/1893 3327/3327
f 3406/3406 3327/3327 3316/3316
f 3407/3407 2638/2638 3442/3442
f 3407/3407 2673/2673 2638/2638
f 3408/3408 2651/2651 3388/3388
f 3408/3408 3262/3262 3243/3243
f 3408/3408 3388/3388 3262/3262
f 3409/3409 1800/1800 1783/1783
f 3409/3409 1966/1966 1800/1800
f 3409/3409 3299/3299 1783/1783
f 3410/3410 3319/3319 3393/3393
f 3410/3410 3393/3393 3110/3110
f 3411/3411 3338/3338 3383/3383
f 3411/3411 3383/3383 3325/3325
f 3411/3411 3486/3486 3297/3297
f 3412/3412 3300/3300 3323/3323
f 3412/3412 3323/3323 1811/1811
f 3413/3413 3289/3289 1805/1805
f 3413/3413 3347/3347 3289/3289
f 3414/3414 3342/3342 3086/3086
f 3414/3414 3458/3458 3342/3342
f 3415/3415 3088/3088 3391/3391
f 3415/3415 3391/3391 3350/3350
f 3416/3416 2691/2691 3233/3233
f 3416/3416 2772/2772 2691/2691
f 3417/3417 3298/3298 3385/3385
f 3417/3417 3385/3385 3081/3081
f 3418/3418 3091/3091 3337/3337
f 3418/3418 3119/3119 3091/3091
f 3419/3419 3082/3082 3228/3228
f 3419/3419 3196/3196 3082/3082
f 3420/3420 2814/2814 3311/3311
f 3420/3420 3311/3311 3392/3392
f 3421/3421 3350/3350 2692/2692
f 3421/3421 3415/3415 3350/3350
f 3422/3422 1948/1948 3286/3286
f 3422/3422 3286/3286 3294/3294
f 3423/3423 2911/2911 3245/3245
f 3423/3423 3245/3245 3285/3285
f 3423/3423 3285/3285 3397/3397
f 3424/3424 3132/3132 3158/3158
f 3424/3424 3158/3158 3312/3312
f 3424/3424 3457/3457 3158/3158
f 3425/3425 1920/1920 3353/3353
f 3425/3425 3268/3268 3346/3346
f 3425/3425 3368/3368 3389/3389
f 3426/3426 3312/3312 3155/3155
f 3426/3426 3341/3341 3312/3312
f 3427/3427 1776/1776 3459/3459
f 3427/3427 2625/2625 1776/1776
f 3427/3427 3459/3459 3248/3248
f 3428/3428 3200/3200 3249/3249
f 3428/3428 3249/3249 3404/3404
f 3429/3429 3322/3322 3405/3405
f 3429/3429 3443/3443 3322/3322
f 3430/3430 3089/3089 3352/3352
f 3430/3430 3102/3102 3089/3089
f 3431/3431 3185/3185 3299/3299
f 3431/3431 3254/3254 3105/3105
f 3431/3431 3299/3299 3284/3284
f 3432/3432 3283/3283 3402/3402
f 3432/3432 3402/3402 3476/3476
f 3432/3432 3476/3476 3402/3402
f 3433/3433 3268/3268 3353/3353
f 3434/3434 2924/2924 3254/3254
f 3434/3434 3254/3254 3334/3334
f 3435/3435 3352/3352 3398/3398
f 3435/3435 3430/3430 3352/3352
f 3436/3436 3232/3232 3305/3305
f 3436/3436 3367/3367 3232/3232
f 3437/3437 3188/3188 3465/3465
f 3437/3437 3465/3465 3344/3344
f 3438/3438 1848/1848 3469/3469
f 3438/3438 2852/2852 2653/2653
f 3439/3439 3184/3184 3200/3200
f 3439/3439 3200/3200 3428/3428
f 3440/3440 3183/3183 3466/3466
f 3440/3440 3466/3466 2703/2703
f 3441/3441 3114/3114 3401/3401
f 3441/3441 3149/3149 3310/3310
f 3441/3441 3401/3401 3310/3310
f 3442/3442 2638/2638 2724/2724
f 3442/3442 2724/2724 3205/3205
f 3442/3442 2724/2724 3482/3482
f 3443/3443 3193/3193 3221/3221
f 3443/3443 3221/3221 3322/3322
f 3444/3444 3155/3155 3467/3467
f 3445/3445 3073/3073 3424/3424
f 3445/3445 3424/3424 3341/3341
f 3446/3446 3306/3306 3432/3432
f 3446/3446 3432/3432 3476/3476
f 3446/3446 3476/3476 3432/3432
f 3447/3447 3326/3326 3121/3121
f 3447/3447 3411/3411 3326/3326
f 3448/3448 3341/3341 3426/3426
f 3448/3448 3361/3361 3341/3341
f 3449/3449 3150/3150 3474/3474
f 3449/3449 3392/3392 3150/3150
f 3450/3450 1787/1787 28/28
f 3450/3450 1904/1904 1787/1787
f 3450/3450 3348/3348 28/28
f 3451/3451 2814/2814 3420/3420
f 3451/3451 3151/3151 1785/1785
f 3452/3452 3376/3376 3471/3471
f 3452/3452 3404/3404 3376/3376
f 3453/3453 3319/3319 3417/3417
f 3453/3453 3417/3417 3166/3166
f 3454/3454 3470/3470 3351/3351
f 3455/3455 3110/3110 3308/3308
f 3455/3455 3410/3410 3110/3110
f 3456/3456 3337/3337 3485/3485
f 3456/3456 3418/3418 3337/3337
f 3457/3457 3365/3365 3484/3484
f 3457/3457 3484/3484 3158/3158
f 3458/3458 2743/2743 3475/3475
f 3458/3458 3475/3475 3342/3342
f 3459/3459 1776/1776 1808/1808
f 3459/3459 1808/1808 3473/3473
f 3459/3459 3473/3473 3222/3222
f 3460/3460 3377/3377 3477/3477
f 3460/3460 3477/3477 1807/1807
f 3461/3461 3193/3193 3443/3443
f 3461/3461 3264/3264 3193/3193
f 3462/3462 3164/3164 2700/2700
f 3462/3462 3416/3416 3164/3164
f 3463/3463 3138/3138 3282/3282
f 3463/3463 3231/3231 3138/3138
f 3463/3463 3282/3282 3373/3373
f 3464/3464 1842/1842 2154/2154
f 3464/3464 1842/1842 3367/3367
f 3464/3464 1874/1874 1842/1842
f 3464/3464 2154/2154 3123/3123
f 3465/3465 3077/3077 3364/3364
f 3465/3465 3382/3382 3077/3077
f 3466/3466 3378/3378 3395/3395
f 3466/3466 3395/3395 2726/2726
f 3467/3467 3130/3130 3387/3387
f 3467/3467 3155/3155 3130/3130
f 3468/3468 3184/3184 3360/3360
f 3468/3468 3369/3369 3184/3184
f 3469/3469 1765/1765 3389/3389
f 3470/3470 3292/3292 3381/3381
f 3470/3470 3381/3381 3351/3351
f 3471/3471 3347/3347 1811/1811
f 3471/3471 3376/3376 3347/3347
f 3472/3472 3338/3338 3453/3453
f 3472/3472 3453/3453 3134/3134
f 3473/3473 1808/1808 1837/1837
f 3473/3473 1837/1837 3296/3296
f 3473/3473 3296/3296 3190/3190
f 3474/3474 3119/3119 3418/3418
f 3474/3474 3150/3150 3119/3119
f 3475/3475 2661/2661 3396/3396
f 3475/3475 3396/3396 3355/3355
f 3476/3476 3366/3366 3362/3362
f 3477/3477 3293/3293 1807/1807
f 3477/3477 3403/3403 3293/3293
f 3478/3478 3372/3372 3447/3447
f 3478/3478 3447/3447 3148/3148
f 3479/3479 3295/3295 2673/2673
f 3479/3479 3374/3374 3295/3295
f 3480/3480 3138/3138 3122/3122
f 3480/3480 3231/3231 3138/3138
f 3481/3481 3361/3361 3448/3448
f 3481/3481 3402/3402 3361/3361
f 3482/3482 2719/2719 3194/3194
f 3482/3482 2719/2719 3291/3291
f 3482/3482 2724/2724 2719/2719
f 3483/3483 3147/3147 3445/3445
f 3483/3483 3445/3445 3361/3361
f 3484/3484 3278/3278 3400/3400
f 3484/3484 3400/3400 3158/3158
f 3485/3485 1764/1764 1788/1788
f 3485/3485 1788/1788 1929/1929
f 3485/3485 1825/1825 1764/1764
f 3485/3485 1869/1869 3336/3336
f 3485/3485 1929/1929 1869/1869
f 3485/3485 3320/3320 3456/3456
f 3485/3485 3336/3336 3371/3371
f 3485/3485 3337/3337 3384/3384
f 3485/3485 3371/3371 3320/3320
f 3486/3486 1758/1758 3330/3330
f 3486/3486 1784/1784 1758/1758
f 3486/3486 3338/3338 3411/3411
f 3486/3486 3411/3411 3354/3354
f 3487/3487 3234/3234 3348/3348
f 3487/3487 3348/3348 3375/3375
