pt	en	es	ar	ko	ja	zh	hi	id	ru
Idioma	Language	Idioma	اللغة	언어	言語	语言	भाषा	Bahasa	Язык
Inicio	Home	Inicio	الرئيسية	홈	ホーム	首页	होम	Beranda	Главная
Ajustes	Settings	Ajustes	الإعدادات	설정	設定	设置	सेटिंग	Pengaturan	Настройки
Comunidade	Community	Comunidad	المجتمع	커뮤니티	コミュニティ	社区	समुदाय	Komunitas	Сообщество
Perfil	Profile	Perfil	الملف الشخصي	프로필	プロフィール	个人资料	प्रोफ़ाइल	Profil	Профиль
Sobre	About	Acerca de	حول التطبيق	정보	このアプリについて	关于	परिचय	Tentang	О приложении
Novo projeto	New project	Nuevo proyecto	مشروع جديد	새 프로젝트	新規プロジェクト	新建项目	नया प्रोजेक्ट	Proyek baru	Новый проект
Projetos	Projects	Proyectos	المشاريع	프로젝트	プロジェクト	项目	प्रोजेक्ट	Proyek	Проекты
Recentes	Recent	Recientes	الأخيرة	최근 항목	最近の項目	最近	हाल के	Terbaru	Недавние
Cancelar	Cancel	Cancelar	إلغاء	취소	キャンセル	取消	रद्द करें	Batal	Отмена
Salvar	Save	Guardar	حفظ	저장	保存	保存	सहेजें	Simpan	Сохранить
Excluir	Delete	Eliminar	حذف	삭제	削除	删除	हटाएँ	Hapus	Удалить
Excluir projeto	Delete project	Eliminar proyecto	حذف المشروع	프로젝트 삭제	プロジェクトを削除	删除项目	प्रोजेक्ट हटाएँ	Hapus proyek	Удалить проект
Abrir	Open	Abrir	فتح	열기	開く	打开	खोलें	Buka	Открыть
Fechar	Close	Cerrar	إغلاق	닫기	閉じる	关闭	बंद करें	Tutup	Закрыть
Voltar	Back	Volver	رجوع	뒤로	戻る	返回	वापस	Kembali	Назад
Confirmar	Confirm	Confirmar	تأكيد	확인	確認	确认	पुष्टि करें	Konfirmasi	Подтвердить
Aplicar	Apply	Aplicar	تطبيق	적용	適用	应用	लागू करें	Terapkan	Применить
Adicionar	Add	Añadir	إضافة	추가	追加	添加	जोड़ें	Tambah	Добавить
Remover	Remove	Quitar	إزالة	제거	削除	移除	हटाएँ	Hapus	Убрать
Editar	Edit	Editar	تعديل	편집	編集	编辑	संपादित करें	Edit	Редактировать
Duplicar	Duplicate	Duplicar	تكرار	복제	複製	复制	डुप्लिकेट करें	Duplikat	Дублировать
Renomear	Rename	Renombrar	إعادة التسمية	이름 변경	名前を変更	重命名	नाम बदलें	Ubah nama	Переименовать
Nome	Name	Nombre	الاسم	이름	名前	名称	नाम	Nama	Название
Pesquisar	Search	Buscar	بحث	검색	検索	搜索	खोजें	Cari	Поиск
Tente novamente	Try again	Inténtalo de nuevo	حاول مرة أخرى	다시 시도하세요	もう一度お試しください	请重试	फिर कोशिश करें	Coba lagi	Повторите попытку
Exportar	Export	Exportar	تصدير	내보내기	書き出す	导出	निर्यात करें	Ekspor	Экспорт
Exportar vídeo	Export video	Exportar vídeo	تصدير الفيديو	동영상 내보내기	動画を書き出す	导出视频	वीडियो निर्यात करें	Ekspor video	Экспорт видео
Qualidade	Quality	Calidad	الجودة	품질	品質	质量	गुणवत्ता	Kualitas	Качество
Resolucao	Resolution	Resolución	الدقة	해상도	解像度	分辨率	रिज़ॉल्यूशन	Resolusi	Разрешение
Proporcao	Aspect ratio	Relación de aspecto	نسبة العرض إلى الارتفاع	화면 비율	縦横比	宽高比	आस्पेक्ट अनुपात	Rasio aspek	Соотношение сторон
Padroes de novos projetos	New project defaults	Valores predeterminados de nuevos proyectos	إعدادات المشاريع الجديدة	새 프로젝트 기본 설정	新規プロジェクトの既定値	新项目默认设置	नए प्रोजेक्ट की डिफ़ॉल्ट सेटिंग	Pengaturan awal proyek baru	Настройки новых проектов
Tema	Theme	Tema	المظهر	테마	テーマ	主题	थीम	Tema	Тема
Escuro	Dark	Oscuro	داكن	어둡게	ダーク	深色	गहरा	Gelap	Тёмная
Claro	Light	Claro	فاتح	밝게	ライト	浅色	हल्का	Terang	Светлая
Sistema	System	Sistema	النظام	시스템	システム	系统	सिस्टम	Sistem	Системная
Limpar cache	Clear cache	Borrar caché	مسح ذاكرة التخزين المؤقت	캐시 지우기	キャッシュを削除	清除缓存	कैश साफ़ करें	Hapus cache	Очистить кэш
Imagem	Image	Imagen	صورة	이미지	画像	图片	छवि	Gambar	Изображение
Vídeo	Video	Vídeo	فيديو	동영상	動画	视频	वीडियो	Video	Видео
Áudio	Audio	Audio	صوت	오디오	音声	音频	ऑडियो	Audio	Аудио
Mídia	Media	Multimedia	الوسائط	미디어	メディア	媒体	मीडिया	Media	Медиа
Galeria	Gallery	Galería	المعرض	갤러리	ギャラリー	相册	गैलरी	Galeri	Галерея
Texto	Text	Texto	نص	텍스트	テキスト	文本	टेक्स्ट	Teks	Текст
Forma	Shape	Forma	شكل	도형	シェイプ	形状	आकार	Bentuk	Фигура
Formas	Shapes	Formas	أشكال	도형	シェイプ	形状	आकार	Bentuk	Фигуры
Modelos	Models	Modelos	النماذج	모델	モデル	模型	मॉडल	Model	Модели
Camadas	Layers	Capas	الطبقات	레이어	レイヤー	图层	लेयर	Lapisan	Слои
Camada	Layer	Capa	طبقة	레이어	レイヤー	图层	लेयर	Lapisan	Слой
Efeitos	Effects	Efectos	التأثيرات	효과	エフェクト	效果	इफ़ेक्ट	Efek	Эффекты
Adicionar efeito	Add effect	Añadir efecto	إضافة تأثير	효과 추가	エフェクトを追加	添加效果	इफ़ेक्ट जोड़ें	Tambah efek	Добавить эффект
Opacidade	Opacity	Opacidad	العتامة	불투명도	不透明度	不透明度	अपारदर्शिता	Opasitas	Непрозрачность
Mesclagem	Blending	Fusión	المزج	혼합	ブレンド	混合	ब्लेंडिंग	Pencampuran	Наложение
Máscara	Mask	Máscara	قناع	마스크	マスク	蒙版	मास्क	Masker	Маска
Cor	Color	Color	اللون	색상	色	颜色	रंग	Warna	Цвет
Preenchimento	Fill	Relleno	تعبئة	채우기	塗り	填充	भराव	Isian	Заливка
Cor e preenchimento	Color and fill	Color y relleno	اللون والتعبئة	색상 및 채우기	色と塗り	颜色与填充	रंग और भराव	Warna dan isian	Цвет и заливка
Borda e sombra	Border and shadow	Borde y sombra	الحدود والظل	테두리 및 그림자	境界線と影	边框与阴影	बॉर्डर और छाया	Tepi dan bayangan	Граница и тень
Mover	Move	Mover	تحريك	이동	移動	移动	खिसकाएँ	Pindahkan	Переместить
Girar	Rotate	Girar	تدوير	회전	回転	旋转	घुमाएँ	Putar	Повернуть
Escalar	Scale	Escalar	تحجيم	크기 조절	拡大・縮小	缩放	स्केल	Skalakan	Масштабировать
Inclinar	Skew	Inclinar	إمالة	기울이기	傾斜	倾斜	तिरछा करें	Miringkan	Наклонить
Posição	Position	Posición	الموضع	위치	位置	位置	स्थिति	Posisi	Позиция
Rotação	Rotation	Rotación	الدوران	회전	回転	旋转	घुमाव	Rotasi	Вращение
Escala	Scale	Escala	المقياس	배율	スケール	缩放	स्केल	Skala	Масштаб
Tamanho	Size	Tamaño	الحجم	크기	サイズ	大小	आकार	Ukuran	Размер
Largura	Width	Anchura	العرض	너비	幅	宽度	चौड़ाई	Lebar	Ширина
Altura	Height	Altura	الارتفاع	높이	高さ	高度	ऊँचाई	Tinggi	Высота
Profundidade	Depth	Profundidad	العمق	깊이	奥行き	深度	गहराई	Kedalaman	Глубина
Pivô	Pivot	Pivote	نقطة الارتكاز	피벗	ピボット	轴心	धुरी	Pivot	Опорная точка
Velocidade	Speed	Velocidad	السرعة	속도	速度	速度	गति	Kecepatan	Скорость
Volume	Volume	Volumen	مستوى الصوت	음량	音量	音量	आवाज़	Volume	Громкость
Duração	Duration	Duración	المدة	길이	長さ	时长	अवधि	Durasi	Длительность
Início	Start	Inicio	البداية	시작	開始	开始	शुरुआत	Mulai	Начало
Fim	End	Fin	النهاية	끝	終了	结束	अंत	Akhir	Конец
Recortar	Crop	Recortar	اقتصاص	자르기	切り抜き	裁剪	क्रॉप करें	Pangkas	Обрезать
Dividir	Split	Dividir	تقسيم	분할	分割	分割	विभाजित करें	Pisahkan	Разделить
Vincular	Link	Vincular	ربط	연결	リンク	关联	लिंक करें	Tautkan	Связать
Desvincular	Unlink	Desvincular	فك الربط	연결 해제	リンク解除	取消关联	अनलिंक करें	Lepas tautan	Отвязать
Objeto nulo	Null object	Objeto nulo	كائن فارغ	널 오브젝트	ヌルオブジェクト	空对象	नल ऑब्जेक्ट	Objek null	Нулевой объект
Cena 3D	3D scene	Escena 3D	مشهد ثلاثي الأبعاد	3D 장면	3Dシーン	3D场景	3D दृश्य	Adegan 3D	3D-сцена
Scene 3D	3D scene	Escena 3D	مشهد ثلاثي الأبعاد	3D 장면	3Dシーン	3D场景	3D दृश्य	Adegan 3D	3D-сцена
Objetos	Objects	Objetos	الكائنات	오브젝트	オブジェクト	对象	ऑब्जेक्ट	Objek	Объекты
Transformar	Transform	Transformar	تحويل	변형	変形	变换	रूपांतरण	Transformasi	Трансформация
Animar	Animate	Animar	تحريك	애니메이션	アニメーション	动画	एनिमेट करें	Animasikan	Анимировать
Animação	Animation	Animación	الرسوم المتحركة	애니메이션	アニメーション	动画	एनिमेशन	Animasi	Анимация
Câmera	Camera	Cámara	الكاميرا	카메라	カメラ	摄像机	कैमरा	Kamera	Камера
Câmeras	Cameras	Cámaras	الكاميرات	카메라	カメラ	摄像机	कैमरे	Kamera	Камеры
Luz	Light	Luz	الضوء	조명	ライト	灯光	प्रकाश	Cahaya	Свет
Luzes	Lights	Luces	الأضواء	조명	ライト	灯光	प्रकाश	Cahaya	Источники света
Cena	Scene	Escena	المشهد	장면	シーン	场景	दृश्य	Adegan	Сцена
Material	Material	Material	الخامة	재질	マテリアル	材质	मैटेरियल	Material	Материал
Materiais	Materials	Materiales	الخامات	재질	マテリアル	材质	मैटेरियल	Material	Материалы
Reflexos	Reflections	Reflejos	الانعكاسات	반사	反射	反射	परावर्तन	Refleksi	Отражения
Ambiente	Environment	Entorno	البيئة	환경	環境	环境	परिवेश	Lingkungan	Окружение
Intensidade	Intensity	Intensidad	الشدة	강도	強度	强度	तीव्रता	Intensitas	Интенсивность
Sombras	Shadows	Sombras	الظلال	그림자	シャドウ	阴影	छाया	Bayangan	Тени
Perspectiva	Perspective	Perspectiva	المنظور	원근	透視投影	透视	परिप्रेक्ष्य	Perspektif	Перспектива
Frente	Front	Frente	أمام	정면	正面	前视	सामने	Depan	Спереди
Topo	Top	Arriba	أعلى	위	上面	顶视	ऊपर	Atas	Сверху
Direita	Right	Derecha	يمين	오른쪽	右	右侧	दायाँ	Kanan	Справа
Livre	Free	Libre	حر	자유	自由	自由	मुक्त	Bebas	Свободно
Dicas	Tips	Consejos	نصائح	도움말	ヒント	提示	सुझाव	Tips	Советы
Ajuda	Help	Ayuda	مساعدة	도움말	ヘルプ	帮助	सहायता	Bantuan	Помощь
Avançado	Advanced	Avanzado	متقدم	고급	詳細	高级	उन्नत	Lanjutan	Расширенные
Pronto	Ready	Listo	جاهز	준비됨	準備完了	就绪	तैयार	Siap	Готово
Montar	Customize	Personalizar	تخصيص	사용자 지정	カスタマイズ	自定义	अनुकूलित करें	Sesuaikan	Настроить
Redefinir	Reset	Restablecer	إعادة الضبط	초기화	リセット	重置	रीसेट करें	Atur ulang	Сбросить
Desenhar	Draw	Dibujar	رسم	그리기	描画	绘制	बनाएँ	Gambar	Рисовать
Pontos	Points	Puntos	النقاط	점	ポイント	点	बिंदु	Titik	Точки
Cantos	Corners	Esquinas	الزوايا	모서리	角	圆角	कोने	Sudut	Углы
Traço	Stroke	Trazo	الحد	선	線	描边	स्ट्रोक	Goresan	Обводка
Animar contorno	Animate outline	Animar contorno	تحريك الحدود	윤곽선 애니메이션	輪郭をアニメーション化	轮廓动画	रूपरेखा एनिमेट करें	Animasikan garis tepi	Анимировать контур
Desenhar à mão na prévia	Draw on preview	Dibujar en la vista previa	الرسم على المعاينة	미리보기에 그리기	プレビューに描く	在预览中绘制	पूर्वावलोकन पर बनाएँ	Gambar pada pratinjau	Рисовать на предпросмотре
Melhorar qualidade	Enhance quality	Mejorar calidad	تحسين الجودة	화질 개선	画質を向上	提升画质	गुणवत्ता सुधारें	Tingkatkan kualitas	Улучшить качество
Melhorar qualidade • IA e cores	Enhance quality • AI and color	Mejorar calidad • IA y color	تحسين الجودة • الذكاء الاصطناعي والألوان	화질 개선 • AI 및 색상	画質向上 • AIと色	提升画质 • AI与颜色	गुणवत्ता सुधारें • AI और रंग	Tingkatkan kualitas • AI dan warna	Улучшить качество • ИИ и цвет
Mais definição. Sua cor.	More detail. Your color.	Más detalle. Tu color.	تفاصيل أوضح. ألوانك.	더 선명하게. 나만의 색상.	もっと鮮明に。あなたの色で。	更清晰，更出彩。	अधिक विवरण। आपके रंग।	Lebih detail. Warnamu.	Больше деталей. Ваш цвет.
Escolher foto ou vídeo	Choose photo or video	Elegir foto o vídeo	اختيار صورة أو فيديو	사진 또는 동영상 선택	写真または動画を選択	选择照片或视频	फ़ोटो या वीडियो चुनें	Pilih foto atau video	Выбрать фото или видео
Trocar arquivo	Change file	Cambiar archivo	تغيير الملف	파일 변경	ファイルを変更	更换文件	फ़ाइल बदलें	Ganti berkas	Сменить файл
Ampliar com IA	Upscale with AI	Ampliar con IA	تكبير بالذكاء الاصطناعي	AI로 확대	AIで拡大	AI放大	AI से बड़ा करें	Perbesar dengan AI	Увеличить с ИИ
CCs • Correção de cor	CCs • Color correction	CCs • Corrección de color	تصحيح الألوان	CC • 색상 보정	CC • 色補正	CC • 色彩校正	CC • रंग सुधार	CC • Koreksi warna	CC • Цветокоррекция
Comparar antes e depois	Compare before and after	Comparar antes y después	مقارنة قبل وبعد	전후 비교	変更前後を比較	对比处理前后	पहले और बाद की तुलना	Bandingkan sebelum dan sesudah	Сравнить до и после
Gerar resultado	Generate result	Generar resultado	إنشاء النتيجة	결과 생성	結果を生成	生成结果	परिणाम बनाएँ	Buat hasil	Создать результат
Salvar na galeria	Save to gallery	Guardar en la galería	حفظ في المعرض	갤러리에 저장	ギャラリーに保存	保存到相册	गैलरी में सहेजें	Simpan ke galeri	Сохранить в галерею
Antes	Before	Antes	قبل	이전	変更前	处理前	पहले	Sebelum	До
Depois	After	Después	بعد	이후	変更後	处理后	बाद में	Sesudah	После
Reduzir ruído	Reduce noise	Reducir ruido	تقليل التشويش	노이즈 감소	ノイズを低減	降噪	शोर कम करें	Kurangi derau	Уменьшить шум
Detalhes	Details	Detalles	التفاصيل	디테일	詳細	细节	विवरण	Detail	Детали
Intensidade da cor	Color intensity	Intensidad del color	شدة اللون	색상 강도	色の強度	色彩强度	रंग की तीव्रता	Intensitas warna	Интенсивность цвета
Como funciona	How it works	Cómo funciona	كيف يعمل	사용 방법	使い方	使用说明	यह कैसे काम करता है	Cara kerja	Как это работает
Natural	Natural	Natural	طبيعي	자연스럽게	ナチュラル	自然	प्राकृतिक	Alami	Естественный
Cinema	Cinema	Cine	سينمائي	시네마	シネマ	电影	सिनेमा	Sinema	Кино
Dourado	Golden	Dorado	ذهبي	골든	ゴールド	金色	सुनहरा	Keemasan	Золотистый
Frio	Cool	Frío	بارد	차갑게	クール	冷色	ठंडा	Dingin	Холодный
Vintage	Vintage	Vintage	قديم	빈티지	ヴィンテージ	复古	विंटेज	Vintage	Винтаж
Vibrante	Vibrant	Vibrante	زاهٍ	선명하게	鮮やか	鲜艳	चमकीला	Cerah	Яркий
Preto e branco	Black and white	Blanco y negro	أبيض وأسود	흑백	白黒	黑白	श्वेत-श्याम	Hitam putih	Чёрно-белый
Cobre dramático	Dramatic copper	Cobre dramático	نحاسي درامي	드라마틱 코퍼	ドラマチックコッパー	戏剧铜色	नाटकीय तांबा	Tembaga dramatis	Драматическая медь
Retrato limpo	Clean portrait	Retrato limpio	بورتريه صافٍ	선명한 인물	クリアポートレート	清透人像	साफ़ पोर्ट्रेट	Potret bersih	Чистый портрет
Cinema lilás	Lilac cinema	Cine lila	سينمائي أرجواني	라일락 시네마	ライラックシネマ	淡紫电影	लाइलैक सिनेमा	Sinema ungu muda	Сиреневое кино
Azul fosco	Matte blue	Azul mate	أزرق مطفأ	매트 블루	マットブルー	哑光蓝	मैट नीला	Biru matte	Матовый синий
Esporte nítido	Sharp sports	Deporte nítido	رياضة واضحة	선명한 스포츠	シャープスポーツ	清晰运动	स्पष्ट खेल	Olahraga tajam	Чёткий спорт
Azul elétrico	Electric blue	Azul eléctrico	أزرق كهربائي	일렉트릭 블루	エレクトリックブルー	电光蓝	इलेक्ट्रिक नीला	Biru elektrik	Электрический синий
Flash	Flash	Flash	فلاش	플래시	フラッシュ	闪光	फ़्लैश	Flash	Вспышка
Verde e ouro	Green and gold	Verde y oro	أخضر وذهبي	그린 앤 골드	グリーン＆ゴールド	绿与金	हरा और सुनहरा	Hijau dan emas	Зелёный и золотой
Entrar	Sign in	Iniciar sesión	تسجيل الدخول	로그인	ログイン	登录	साइन इन करें	Masuk	Войти
Sair	Sign out	Cerrar sesión	تسجيل الخروج	로그아웃	ログアウト	退出登录	साइन आउट करें	Keluar	Выйти
Sim	Yes	Sí	نعم	예	はい	是	हाँ	Ya	Да
Não	No	No	لا	아니요	いいえ	否	नहीं	Tidak	Нет
Concluído	Done	Listo	تم	완료	完了	完成	पूरा हुआ	Selesai	Готово
Carregando…	Loading…	Cargando…	جارٍ التحميل…	로딩 중…	読み込み中…	加载中…	लोड हो रहा है…	Memuat…	Загрузка…
+ Adicione uma mídia	+ Add media	+ Añade multimedia	+ أضف وسائط	+ 미디어 추가	+ メディアを追加	+ 添加媒体	+ मीडिया जोड़ें	+ Tambahkan media	+ Добавьте медиа
+ Keyframe	+ Keyframe	+ Fotograma clave	+ إطار مفتاحي	+ 키프레임	+ キーフレーム	+ 关键帧	+ कीफ़्रेम	+ Keyframe	+ Ключевой кадр
+ Morfar	+ Morph	+ Morph	+ مورف	+ 모프	+ モーフ	+ 变形	+ मॉर्फ़	+ Morph	+ Морфинг
+ Repeater	+ Repeater	+ Repetidor	+ مكرر	+ 리피터	+ リピーター	+ 中继器	+ रिपीटर	+ Repeater	+ Повторитель
+ Trim Paths	+ Trim Paths	+ Recortar trazados	+ قص المسارات	+ 패스 트리밍	+ パスのトリミング	+ 修剪路径	+ ट्रिम पाथ	+ Trim Paths	+ Обрезка контуров
2×	2×	2×	2×	2×	2×	2×	2×	2×	2×
3D X	3D X	3D X	3D X	3D X	3D X	3D X	3D X	3D X	3D X
3D Y	3D Y	3D Y	3D Y	3D Y	3D Y	3D Y	3D Y	3D Y	3D Y
40 ms entre cada camada, com Mola de interface.	40 ms between each layer, with UI spring.	40 ms entre cada capa, con Muelle de interfaz.	40 مللي ثانية بين كل طبقة، مع نابض الواجهة.	레이어마다 40 ms 간격, 인터페이스 스프링 적용.	各レイヤー間に 40 ms、UIスプリング付き。	每个图层之间间隔 40 ms，使用界面弹簧。	हर लेयर के बीच 40 ms, इंटरफ़ेस स्प्रिंग के साथ।	40 ms di antara setiap lapisan, dengan Pegas antarmuka.	40 мс между слоями, с пружиной интерфейса.
4×	4×	4×	4×	4×	4×	4×	4×	4×	4×
A camera acompanha um objeto.	The camera follows an object.	La cámara sigue a un objeto.	تتبع الكاميرا كائنًا.	카메라가 오브젝트를 따라갑니다.	カメラがオブジェクトを追いかけます。	摄像机跟随一个对象。	कैमरा किसी ऑब्जेक्ट का पीछा करता है।	Kamera mengikuti sebuah objek.	Камера следует за объектом.
A camera herda posicao e rotacao do nulo — nunca a escala. Camera nao tem escala.	The camera inherits position and rotation from the null — never the scale. A camera has no scale.	La cámara hereda la posición y la rotación del nulo — nunca la escala. La cámara no tiene escala.	ترث الكاميرا الموضع والدوران من الكائن الفارغ — وليس المقياس أبدًا. الكاميرا ليس لها مقياس.	카메라는 널 오브젝트의 위치와 회전을 상속합니다 — 배율은 절대 상속하지 않습니다. 카메라에는 배율이 없습니다.	カメラはヌルオブジェクトから位置と回転を継承します — スケールは継承しません。カメラにスケールはありません。	摄像机继承空对象的位置和旋转 — 从不继承缩放。摄像机没有缩放。	कैमरा नल ऑब्जेक्ट से स्थिति और घुमाव लेता है — स्केल कभी नहीं। कैमरे का कोई स्केल नहीं होता।	Kamera mewarisi posisi dan rotasi dari objek null — tidak pernah skala. Kamera tidak punya skala.	Камера наследует позицию и вращение от нулевого объекта — но не масштаб. У камеры нет масштаба.
A camera no ar acompanha o objeto onde ele for.	The active camera follows the object wherever it goes.	La cámara activa sigue al objeto adonde vaya.	تتبع الكاميرا النشطة الكائن أينما ذهب.	활성 카메라가 오브젝트가 가는 곳마다 따라갑니다.	アクティブなカメラがオブジェクトの行き先を追いかけます。	当前摄像机会跟随对象到任何位置。	सक्रिय कैमरा ऑब्जेक्ट जहाँ भी जाए उसका पीछा करता है।	Kamera aktif mengikuti objek ke mana pun ia pergi.	Активная камера следует за объектом, куда бы он ни двигался.
A camera olha para este	The camera looks at this	La cámara mira a este	الكاميرا تنظر إلى هذا	카메라가 이것을 바라봄	カメラがこれを見る	摄像机看向此对象	कैमरा इसे देखता है	Kamera melihat ke ini	Камера смотрит на этот объект
A camera olha para o ponto de interesse dela.	The camera looks at its point of interest.	La cámara mira a su punto de interés.	تنظر الكاميرا إلى نقطة اهتمامها.	카메라가 자신의 관심 지점을 바라봅니다.	カメラは自身の目標点を見ます。	摄像机看向它的目标点。	कैमरा अपने रुचि बिंदु को देखता है।	Kamera melihat ke titik minatnya.	Камера смотрит на свою точку интереса.
A cena usa a luz padrao do ambiente. Crie uma luz para controlar direcao, cor e sombra.	The scene uses the default environment light. Create a light to control direction, color and shadow.	La escena usa la luz predeterminada del entorno. Crea una luz para controlar la dirección, el color y la sombra.	يستخدم المشهد ضوء البيئة الافتراضي. أنشئ ضوءًا للتحكم في الاتجاه واللون والظل.	장면이 기본 환경 조명을 사용합니다. 방향, 색상, 그림자를 조절하려면 조명을 만드세요.	シーンは環境のデフォルトライトを使っています。方向・色・シャドウを制御するにはライトを作成してください。	场景使用默认环境光。创建一个灯光来控制方向、颜色和阴影。	दृश्य परिवेश के डिफ़ॉल्ट प्रकाश का उपयोग करता है। दिशा, रंग और छाया नियंत्रित करने के लिए एक प्रकाश बनाएँ।	Adegan memakai cahaya lingkungan bawaan. Buat cahaya untuk mengatur arah, warna, dan bayangan.	Сцена использует свет окружения по умолчанию. Создайте источник света, чтобы управлять направлением, цветом и тенью.
A cena vai escorregar. Um plano com mais textura e com a câmera andando de lado costuma resolver.	The scene will drift. A shot with more texture and the camera moving sideways usually fixes it.	La escena va a deslizarse. Un plano con más textura y con la cámara moviéndose de lado suele resolverlo.	سينزلق المشهد. عادةً ما تحل المشكلة لقطة فيها تفاصيل أكثر مع تحريك الكاميرا جانبيًا.	장면이 미끄러질 것입니다. 질감이 더 많은 화면에서 카메라를 옆으로 움직이면 대개 해결됩니다.	シーンがずれてしまいます。テクスチャの多いショットで、カメラを横に動かすと解決することが多いです。	场景会出现漂移。画面纹理更丰富、摄像机横向移动的镜头通常能解决问题。	दृश्य फिसल जाएगा। अधिक बनावट वाला शॉट और कैमरे को बगल में चलाने से अक्सर समस्या हल हो जाती है।	Adegan akan tergelincir. Bidikan dengan lebih banyak tekstur dan kamera yang bergerak menyamping biasanya mengatasinya.	Сцена будет уезжать. Обычно помогает кадр с большим количеством текстуры и камера, движущаяся вбок.
A ficha completa: objetos, luzes, ambiente, camera, foco e ajudas.	The full sheet: objects, lights, environment, camera, focus and helpers.	La ficha completa: objetos, luces, entorno, cámara, enfoque y ayudas.	اللوحة الكاملة: الكائنات والأضواء والبيئة والكاميرا والتركيز والمساعدات.	전체 패널: 오브젝트, 조명, 환경, 카메라, 초점, 보조 도구.	完全なパネル：オブジェクト、ライト、環境、カメラ、フォーカス、ヘルパー。	完整面板：对象、灯光、环境、摄像机、焦点和辅助。	पूरा पैनल: ऑब्जेक्ट, प्रकाश, परिवेश, कैमरा, फ़ोकस और सहायक।	Panel lengkap: objek, cahaya, lingkungan, kamera, fokus, dan bantuan.	Полная панель: объекты, свет, окружение, камера, фокус и помощники.
A fonte do destaque e a do contexto saem da lista de fontes importadas (secao Fonte). Quem tiver a licenca da original usa a original.	The highlight font and the context font come from the list of imported fonts (Font section). Whoever has the license for the original uses the original.	La fuente del destacado y la del contexto salen de la lista de fuentes importadas (sección Fuente). Quien tenga la licencia de la original usa la original.	يؤخذ خط الإبراز وخط السياق من قائمة الخطوط المستوردة (قسم الخط). من يملك ترخيص الخط الأصلي يستخدم الأصلي.	강조 글꼴과 문맥 글꼴은 가져온 글꼴 목록(글꼴 섹션)에서 선택합니다. 원본 글꼴의 라이선스가 있다면 원본을 사용하세요.	ハイライトのフォントとコンテキストのフォントは、読み込んだフォントの一覧（フォントセクション）から選びます。元のフォントのライセンスをお持ちなら元のフォントを使ってください。	高亮字体和上下文字体来自已导入的字体列表（字体部分）。拥有原字体授权的人可使用原字体。	हाइलाइट का फ़ॉन्ट और संदर्भ का फ़ॉन्ट आयात किए गए फ़ॉन्ट की सूची (फ़ॉन्ट अनुभाग) से आते हैं। जिसके पास मूल फ़ॉन्ट का लाइसेंस हो, वह मूल का उपयोग करे।	Font sorotan dan font konteks diambil dari daftar font yang diimpor (bagian Font). Siapa pun yang punya lisensi font aslinya bisa memakai yang asli.	Шрифт выделения и шрифт контекста берутся из списка импортированных шрифтов (раздел «Шрифт»). У кого есть лицензия на оригинал — использует оригинал.
A fonte fica oculta na cena	The source stays hidden in the scene	El origen queda oculto en la escena	يبقى المصدر مخفيًا في المشهد	소스가 장면에서 숨겨집니다	ソースはシーンで非表示になります	源在场景中保持隐藏	स्रोत दृश्य में छिपा रहता है	Sumber tetap tersembunyi di adegan	Источник остаётся скрытым в сцене
A fonte some enquanto o recorte estiver ligado, volta ao desligar e a transparencia abaixo e preservada.	The source disappears while the cutout is on, comes back when it is turned off, and the transparency below is preserved.	El origen desaparece mientras el recorte esté activado, vuelve al desactivarlo y la transparencia de abajo se conserva.	يختفي المصدر ما دام القص مفعّلًا، ويعود عند إيقافه، وتُحفظ الشفافية أسفله.	컷아웃이 켜져 있는 동안 소스가 사라지고, 끄면 다시 나타나며, 아래의 투명도는 유지됩니다.	切り抜きがオンの間はソースが消え、オフにすると戻り、下の透明度は保持されます。	抠图开启时源会消失，关闭后恢复，下方的透明度会被保留。	कटआउट चालू रहने तक स्रोत गायब रहता है, बंद करने पर वापस आता है और नीचे की पारदर्शिता बनी रहती है।	Sumber menghilang selama potongan aktif, kembali saat dimatikan, dan transparansi di bawahnya tetap dipertahankan.	Источник исчезает, пока вырез включён, возвращается при выключении, а прозрачность под ним сохраняется.
A forma atual vira a origem; anime o Progresso com keyframes para ver a transformacao.	The current shape becomes the origin; animate Progress with keyframes to see the transformation.	La forma actual pasa a ser el origen; anima el Progreso con fotogramas clave para ver la transformación.	يصبح الشكل الحالي هو الأصل؛ حرّك «التقدم» بإطارات مفتاحية لرؤية التحوّل.	현재 도형이 원본이 됩니다. 진행도를 키프레임으로 애니메이션하여 변형을 확인하세요.	現在のシェイプが元になります。「進行」をキーフレームでアニメーション化して変形を確認してください。	当前形状将成为起点；用关键帧为“进度”做动画即可查看变形。	वर्तमान आकार मूल बन जाता है; रूपांतरण देखने के लिए प्रगति को कीफ़्रेम से एनिमेट करें।	Bentuk saat ini menjadi asal; animasikan Progres dengan keyframe untuk melihat transformasinya.	Текущая фигура становится исходной; анимируйте «Прогресс» ключевыми кадрами, чтобы увидеть превращение.
A mescla combina esta camada com as camadas abaixo. Branco em Clarear cobre a imagem; em Escurecer deixa a imagem aparecer. Ajuste também a opacidade para reduzir a intensidade.	Blending combines this layer with the layers below. White in Lighten covers the image; in Darken it lets the image show through. Also adjust the opacity to reduce the intensity.	La fusión combina esta capa con las capas de abajo. El blanco en Aclarar cubre la imagen; en Oscurecer deja ver la imagen. Ajusta también la opacidad para reducir la intensidad.	يدمج المزج هذه الطبقة مع الطبقات أسفلها. الأبيض في «تفتيح» يغطي الصورة؛ وفي «تغميق» يترك الصورة تظهر. اضبط العتامة أيضًا لتقليل الشدة.	혼합은 이 레이어를 아래 레이어들과 합성합니다. 밝게 하기에서 흰색은 이미지를 덮고, 어둡게 하기에서는 이미지가 보이게 합니다. 강도를 줄이려면 불투명도도 조절하세요.	ブレンドはこのレイヤーを下のレイヤーと合成します。「比較（明）」では白が画像を覆い、「比較（暗）」では画像が透けて見えます。強さを抑えるには不透明度も調整してください。	混合会将此图层与下方图层合成。变亮模式下白色会覆盖图像；变暗模式下则让图像显现。也可调整不透明度来降低强度。	ब्लेंडिंग इस लेयर को नीचे की लेयर के साथ मिलाती है। हल्का करें में सफ़ेद छवि को ढक देता है; गहरा करें में छवि दिखने देता है। तीव्रता कम करने के लिए अपारदर्शिता भी समायोजित करें।	Pencampuran menggabungkan lapisan ini dengan lapisan di bawahnya. Putih pada Terangkan menutupi gambar; pada Gelapkan membiarkan gambar terlihat. Atur juga opasitas untuk mengurangi intensitasnya.	Наложение объединяет этот слой со слоями ниже. Белый в режиме «Замена светлым» закрывает изображение; в «Затемнении» пропускает его. Чтобы снизить интенсивность, уменьшите и непрозрачность.
A palavra dita entra nesta cor; as vizinhas ficam na cor do contexto.	The spoken word appears in this color; the neighboring words stay in the context color.	La palabra dicha entra en este color; las vecinas quedan en el color del contexto.	تظهر الكلمة المنطوقة بهذا اللون؛ وتبقى الكلمات المجاورة بلون السياق.	말한 단어는 이 색상으로 표시되고, 주변 단어는 문맥 색상을 유지합니다.	話された単語はこの色で表示され、周囲の単語はコンテキストの色のままになります。	正在说出的词使用此颜色；相邻的词保持上下文颜色。	बोला गया शब्द इस रंग में आता है; आस-पास के शब्द संदर्भ के रंग में रहते हैं।	Kata yang diucapkan tampil dalam warna ini; kata di sekitarnya tetap memakai warna konteks.	Произносимое слово выделяется этим цветом; соседние остаются в цвете контекста.
A primeira corta o alfa da camada; as seguintes operam sobre as de cima.	The first one cuts the layer's alpha; the following ones operate on the ones above.	La primera recorta el alfa de la capa; las siguientes operan sobre las de arriba.	الأولى تقصّ ألفا الطبقة؛ والتالية تعمل على التي فوقها.	첫 번째는 레이어의 알파를 잘라내고, 이후의 것들은 위의 것들에 적용됩니다.	最初のものはレイヤーのアルファを切り抜き、続くものはその上のものに作用します。	第一个会裁切图层的 Alpha；后面的作用于上方的那些。	पहला लेयर के अल्फ़ा को काटता है; बाद वाले ऊपर वालों पर काम करते हैं।	Yang pertama memotong alfa lapisan; yang berikutnya bekerja pada yang di atasnya.	Первая вырезает альфу слоя; следующие действуют на те, что выше.
A trilha desce quando a voz entra e volta quando ela para — sem desenhar envelope na mao.	The track dips when the voice comes in and comes back when it stops — no drawing the envelope by hand.	La pista baja cuando entra la voz y vuelve cuando se detiene — sin dibujar la envolvente a mano.	ينخفض المسار عندما يدخل الصوت ويعود عندما يتوقف — من دون رسم المغلّف يدويًا.	음성이 들어오면 트랙이 내려가고 멈추면 다시 올라옵니다 — 엔벨로프를 손으로 그릴 필요가 없습니다.	声が入るとトラックが下がり、止まると戻ります — エンベロープを手で描く必要はありません。	人声进入时音轨降低，人声停止时恢复 — 无需手动绘制包络。	आवाज़ आने पर ट्रैक नीचे जाता है और रुकने पर वापस आता है — हाथ से एनवलप बनाने की ज़रूरत नहीं।	Trek turun saat suara masuk dan kembali saat suara berhenti — tanpa menggambar envelope secara manual.	Дорожка приглушается, когда вступает голос, и возвращается, когда он замолкает — без ручной отрисовки огибающей.
Abaixar pela voz	Duck under voice	Bajar con la voz	خفض مع الصوت	음성에 맞춰 낮추기	声で下げる	随人声降低	आवाज़ पर कम करें	Turunkan saat ada suara	Приглушать под голос
Abc	Abc	Abc	Abc	Abc	Abc	Abc	Abc	Abc	Abc
Abertura	Aperture	Apertura	الفتحة	개구	開口	开口	अपर्चर	Bukaan	Апертура
ABISMO · Cinema 3D	ABYSS · 3D Cinema	ABISMO · Cine 3D	الهاوية · سينما ثلاثية الأبعاد	심연 · 3D 시네마	アビス · 3Dシネマ	深渊 · 3D 电影	रसातल · 3D सिनेमा	JURANG · Sinema 3D	БЕЗДНА · 3D-кино
Abrir ajustes	Open settings	Abrir ajustes	فتح الإعدادات	설정 열기	設定を開く	打开设置	सेटिंग खोलें	Buka pengaturan	Открыть настройки
Abrir Edit Points	Open Edit Points	Abrir Edit Points	فتح Edit Points	Edit Points 열기	Edit Points を開く	打开 Edit Points	Edit Points खोलें	Buka Edit Points	Открыть Edit Points
ABRIR EDITOR DE CURVA BÉZIER	OPEN BÉZIER CURVE EDITOR	ABRIR EDITOR DE CURVA BÉZIER	فتح محرر منحنى بيزييه	베지어 곡선 편집기 열기	ベジェ曲線エディターを開く	打开贝塞尔曲线编辑器	बेज़ियर कर्व एडिटर खोलें	BUKA EDITOR KURVA BÉZIER	ОТКРЫТЬ РЕДАКТОР КРИВОЙ БЕЗЬЕ
Abrir no editor	Open in editor	Abrir en el editor	فتح في المحرر	편집기에서 열기	エディターで開く	在编辑器中打开	एडिटर में खोलें	Buka di editor	Открыть в редакторе
Abrir o estudio	Open the studio	Abrir el estudio	فتح الاستوديو	스튜디오 열기	スタジオを開く	打开工作室	स्टूडियो खोलें	Buka studio	Открыть студию
Acesso limitado · Selecionar mais fotos	Limited access · Select more photos	Acceso limitado · Seleccionar más fotos	وصول محدود · تحديد المزيد من الصور	제한된 접근 · 사진 더 선택	アクセス制限中 · 写真をさらに選択	访问受限 · 选择更多照片	सीमित पहुँच · और फ़ोटो चुनें	Akses terbatas · Pilih lebih banyak foto	Ограниченный доступ · Выбрать ещё фото
Achar o chão sozinho	Find the ground automatically	Encontrar el suelo automáticamente	العثور على الأرضية تلقائيًا	바닥 자동 찾기	地面を自動で見つける	自动找到地面	ज़मीन अपने आप खोजें	Temukan lantai secara otomatis	Найти пол автоматически
Acoes da camada	Layer actions	Acciones de la capa	إجراءات الطبقة	레이어 작업	レイヤーの操作	图层操作	लेयर की क्रियाएँ	Tindakan lapisan	Действия со слоем
Adicionar camada	Add layer	Añadir capa	إضافة طبقة	레이어 추가	レイヤーを追加	添加图层	लेयर जोड़ें	Tambah lapisan	Добавить слой
Adicionar cor à paleta	Add color to palette	Añadir color a la paleta	إضافة لون إلى اللوحة	팔레트에 색상 추가	パレットに色を追加	添加颜色到调色板	पैलेट में रंग जोड़ें	Tambah warna ke palet	Добавить цвет в палитру
Adicionar efeito de audio	Add audio effect	Añadir efecto de audio	إضافة تأثير صوتي	오디오 효과 추가	音声エフェクトを追加	添加音频效果	ऑडियो इफ़ेक्ट जोड़ें	Tambah efek audio	Добавить аудиоэффект
Adicionar geometria ao composto	Add geometry to compound	Añadir geometría al compuesto	إضافة هندسة إلى المركّب	복합 도형에 지오메트리 추가	複合シェイプにジオメトリを追加	向复合形状添加几何体	कंपाउंड में ज्यामिति जोड़ें	Tambah geometri ke gabungan	Добавить геометрию в составную фигуру
Adicionar guia horizontal	Add horizontal guide	Añadir guía horizontal	إضافة دليل أفقي	가로 안내선 추가	水平ガイドを追加	添加水平参考线	क्षैतिज गाइड जोड़ें	Tambah panduan horizontal	Добавить горизонтальную направляющую
Adicionar guia vertical	Add vertical guide	Añadir guía vertical	إضافة دليل عمودي	세로 안내선 추가	垂直ガイドを追加	添加垂直参考线	लंबवत गाइड जोड़ें	Tambah panduan vertikal	Добавить вертикальную направляющую
Adicionar Objeto	Add Object	Añadir objeto	إضافة كائن	오브젝트 추가	オブジェクトを追加	添加对象	ऑब्जेक्ट जोड़ें	Tambah Objek	Добавить объект
Adicione um texto. Em Mover e transformar, crie uma posição inicial fora da tela e outra no centro após 1 segundo. Escolha uma curva de desaceleração. Em Efeitos, adicione Glow; comece com intensidade 80, raio 20 e limite 60. Ajuste a cor do brilho. Use o interruptor do efeito para comparar antes/depois e exporte um trecho curto.	Add a text. In Move and transform, create a starting position off screen and another at the center after 1 second. Choose an ease-out curve. In Effects, add Glow; start with intensity 80, radius 20 and threshold 60. Adjust the glow color. Use the effect's switch to compare before/after and export a short clip.	Añade un texto. En Mover y transformar, crea una posición inicial fuera de la pantalla y otra en el centro tras 1 segundo. Elige una curva de desaceleración. En Efectos, añade Glow; empieza con intensidad 80, radio 20 y límite 60. Ajusta el color del brillo. Usa el interruptor del efecto para comparar antes/después y exporta un fragmento corto.	أضف نصًا. في «التحريك والتحويل»، أنشئ موضعًا أوليًا خارج الشاشة وآخر في المنتصف بعد 1 ثانية. اختر منحنى تباطؤ. في «التأثيرات»، أضف Glow؛ ابدأ بشدة 80 ونصف قطر 20 وحد 60. اضبط لون التوهج. استخدم مفتاح التأثير للمقارنة قبل/بعد وصدّر مقطعًا قصيرًا.	텍스트를 추가하세요. 이동 및 변형에서 화면 밖에 시작 위치를 만들고 1초 뒤 중앙에 다른 위치를 만드세요. 감속 곡선을 선택하세요. 효과에서 Glow를 추가하고 강도 80, 반경 20, 한계 60으로 시작하세요. 광채 색상을 조절하세요. 효과 스위치로 전후를 비교하고 짧은 구간을 내보내세요.	テキストを追加します。「移動と変形」で、画面外に開始位置を、1秒後に中央にもう一つの位置を作成します。減速カーブを選びます。「エフェクト」で Glow を追加し、強度 80、半径 20、しきい値 60 から始めます。光の色を調整します。エフェクトのスイッチで前後を比較し、短い区間を書き出します。	添加一个文本。在“移动与变换”中，创建一个位于屏幕外的起始位置，并在 1 秒后于中心创建另一个位置。选择一条减速曲线。在“效果”中添加 Glow；从强度 80、半径 20、阈值 60 开始。调整辉光颜色。使用效果开关对比前后，并导出一小段。	एक टेक्स्ट जोड़ें। खिसकाएँ और रूपांतरण में, स्क्रीन के बाहर एक शुरुआती स्थिति और 1 सेकंड बाद केंद्र में दूसरी स्थिति बनाएँ। एक धीमी होने वाली कर्व चुनें। इफ़ेक्ट में Glow जोड़ें; तीव्रता 80, त्रिज्या 20 और सीमा 60 से शुरू करें। चमक का रंग समायोजित करें। पहले/बाद की तुलना के लिए इफ़ेक्ट का स्विच इस्तेमाल करें और एक छोटा हिस्सा निर्यात करें।	Tambahkan teks. Di Pindahkan dan transformasi, buat posisi awal di luar layar dan posisi lain di tengah setelah 1 detik. Pilih kurva perlambatan. Di Efek, tambahkan Glow; mulai dengan intensitas 80, radius 20, dan ambang 60. Atur warna kilau. Gunakan sakelar efek untuk membandingkan sebelum/sesudah dan ekspor potongan pendek.	Добавьте текст. В разделе «Переместить и трансформировать» создайте начальную позицию за пределами экрана и ещё одну в центре через 1 секунду. Выберите кривую замедления. В «Эффектах» добавьте Glow; начните с интенсивности 80, радиуса 20 и порога 60. Настройте цвет свечения. Используйте переключатель эффекта, чтобы сравнить до/после, и экспортируйте короткий фрагмент.
Adicione uma luz para ajustar sua cor e intensidade.	Add a light to adjust its color and intensity.	Añade una luz para ajustar su color e intensidad.	أضف ضوءًا لضبط لونه وشدته.	조명을 추가하여 색상과 강도를 조절하세요.	ライトを追加して色と強度を調整します。	添加灯光以调整其颜色和强度。	रंग और तीव्रता समायोजित करने के लिए एक प्रकाश जोड़ें।	Tambahkan cahaya untuk mengatur warna dan intensitasnya.	Добавьте источник света, чтобы настроить его цвет и интенсивность.
Agora não	Not now	Ahora no	ليس الآن	나중에	今はしない	暂不	अभी नहीं	Nanti saja	Не сейчас
Agrupar	Group	Agrupar	تجميع	그룹화	グループ化	编组	समूह बनाएँ	Kelompokkan	Сгруппировать
Agrupar quais camadas?	Group which layers?	¿Agrupar qué capas?	أي الطبقات تريد تجميعها؟	어떤 레이어를 그룹화할까요?	どのレイヤーをグループ化しますか？	要编组哪些图层？	किन लेयर को समूह में रखें?	Kelompokkan lapisan yang mana?	Какие слои сгруппировать?
Agudos	Treble	Agudos	الترددات العالية	고음	高音	高音	ट्रेबल	Treble	Высокие частоты
Ajudas de cena	Scene helpers	Ayudas de escena	مساعدات المشهد	장면 보조 도구	シーンヘルパー	场景辅助	दृश्य सहायक	Bantuan adegan	Помощники сцены
Ajudas na vista (grade, eixo, frustum)	Viewport helpers (grid, axis, frustum)	Ayudas en la vista (cuadrícula, eje, frustum)	مساعدات في العرض (شبكة، محور، مخروط الرؤية)	뷰 보조 도구(그리드, 축, 절두체)	ビューのヘルパー（グリッド、軸、視錐台）	视图辅助（网格、坐标轴、视锥）	व्यू में सहायक (ग्रिड, अक्ष, फ़्रस्टम)	Bantuan di tampilan (kisi, sumbu, frustum)	Помощники в виде (сетка, оси, фрустум)
Ajustando o primeiro desenho desta camada.	Adjusting the first drawing of this layer.	Ajustando el primer dibujo de esta capa.	جارٍ ضبط الرسم الأول لهذه الطبقة.	이 레이어의 첫 번째 그림을 조정하는 중입니다.	このレイヤーの最初の描画を調整しています。	正在调整此图层的第一幅绘图。	इस लेयर की पहली ड्रॉइंग समायोजित की जा रही है।	Menyesuaikan gambar pertama lapisan ini.	Настройка первого рисунка этого слоя.
Ajustar	Adjust	Ajustar	ضبط	조정	調整	调整	समायोजित करें	Sesuaikan	Настроить
Ajustar curva	Adjust curve	Ajustar curva	ضبط المنحنى	곡선 조정	カーブを調整	调整曲线	कर्व समायोजित करें	Sesuaikan kurva	Настроить кривую
Ajuste	Adjustment	Ajuste	الضبط	조정	調整	调整	समायोजन	Penyesuaian	Настройка
Ajustes avancados da cena	Advanced scene settings	Ajustes avanzados de la escena	إعدادات المشهد المتقدمة	장면 고급 설정	シーンの詳細設定	场景高级设置	दृश्य की उन्नत सेटिंग	Pengaturan lanjutan adegan	Расширенные настройки сцены
Alca	Handle	Manejador	مقبض	핸들	ハンドル	控制柄	हैंडल	Pegangan	Манипулятор
Alcance	Range	Alcance	المدى	범위	範囲	范围	दायरा	Jangkauan	Дальность
Alcance da luz	Light range	Alcance de la luz	مدى الضوء	조명 범위	ライトの範囲	灯光范围	प्रकाश का दायरा	Jangkauan cahaya	Дальность света
Alinhamento	Alignment	Alineación	المحاذاة	정렬	整列	对齐	संरेखण	Perataan	Выравнивание
Alinhar	Align	Alinear	محاذاة	정렬	整列	对齐	संरेखित करें	Ratakan	Выровнять
Alinhar a camera a esta vista	Align camera to this view	Alinear la cámara a esta vista	محاذاة الكاميرا مع هذا العرض	카메라를 이 뷰에 맞추기	カメラをこのビューに合わせる	将摄像机对齐到此视图	कैमरे को इस व्यू से संरेखित करें	Ratakan kamera ke tampilan ini	Выровнять камеру по этому виду
Alinhar a vista	Align view	Alinear la vista	محاذاة العرض	뷰 맞추기	ビューを合わせる	对齐视图	व्यू संरेखित करें	Ratakan tampilan	Выровнять вид
Alinhar camera a vista	Align camera to view	Alinear cámara a la vista	محاذاة الكاميرا مع العرض	카메라를 뷰에 맞추기	カメラをビューに合わせる	将摄像机对齐到视图	कैमरे को व्यू से संरेखित करें	Ratakan kamera ke tampilan	Выровнять камеру по виду
Altas luzes	Highlights	Luces altas	الإضاءات العالية	밝은 영역	ハイライト	高光	हाइलाइट्स	Sorotan	Света
Alvo	Target	Objetivo	الهدف	대상	ターゲット	目标	लक्ष्य	Target	Цель
Amostras	Samples	Muestras	العينات	샘플	サンプル	采样	सैंपल	Sampel	Сэмплы
Amplie com IA e aplique um visual de cor, sem abrir o editor.	Upscale with AI and apply a color look, without opening the editor.	Amplía con IA y aplica un estilo de color, sin abrir el editor.	كبّر بالذكاء الاصطناعي وطبّق مظهرًا لونيًا من دون فتح المحرر.	편집기를 열지 않고 AI로 확대하고 색상 룩을 적용하세요.	エディターを開かずに、AIで拡大して色のルックを適用します。	无需打开编辑器，即可用 AI 放大并应用色彩风格。	एडिटर खोले बिना AI से बड़ा करें और एक रंग लुक लागू करें।	Perbesar dengan AI dan terapkan tampilan warna, tanpa membuka editor.	Увеличьте с ИИ и примените цветовой стиль, не открывая редактор.
Amplitude	Amplitude	Amplitud	السعة	진폭	振幅	振幅	आयाम	Amplitudo	Амплитуда
Andamento	Tempo	Tempo	الإيقاع	템포	テンポ	节奏	टेम्पो	Tempo	Темп
Angulo	Angle	Ángulo	الزاوية	각도	角度	角度	कोण	Sudut	Угол
Angulo (°)	Angle (°)	Ángulo (°)	الزاوية (°)	각도 (°)	角度 (°)	角度 (°)	कोण (°)	Sudut (°)	Угол (°)
Angulo do cone	Cone angle	Ángulo del cono	زاوية المخروط	원뿔 각도	コーン角度	锥角	कोन का कोण	Sudut kerucut	Угол конуса
Animacao 3D	3D animation	Animación 3D	رسوم متحركة ثلاثية الأبعاد	3D 애니메이션	3Dアニメーション	3D动画	3D एनिमेशन	Animasi 3D	3D-анимация
Animacao de texto	Text animation	Animación de texto	تحريك النص	텍스트 애니메이션	テキストアニメーション	文本动画	टेक्स्ट एनिमेशन	Animasi teks	Анимация текста
Animador cru	Raw animator	Animador en bruto	محرّك خام	원시 애니메이터	生アニメーター	原始动画器	कच्चा एनिमेटर	Animator mentah	Сырой аниматор
Animar "Deslizar" faz o texto correr pelo caminho — e assim que um selo gira.	Animating "Slide" makes the text run along the path — that's how a badge spins.	Animar "Deslizar" hace que el texto recorra el trazado — así es como gira un sello.	تحريك «انزلاق» يجعل النص يجري على طول المسار — وهكذا يدور الختم.	"슬라이드"를 애니메이션하면 텍스트가 경로를 따라 흐릅니다 — 배지가 회전하는 방식이 바로 이것입니다.	「スライド」をアニメーション化するとテキストがパスに沿って流れます — スタンプが回るのはこの仕組みです。	为“滑动”做动画会让文本沿路径流动 — 印章旋转就是这样实现的。	"स्लाइड" को एनिमेट करने से टेक्स्ट पाथ पर दौड़ता है — मुहर इसी तरह घूमती है।	Menganimasikan "Geser" membuat teks berjalan di sepanjang jalur — begitulah cara stempel berputar.	Анимация «Сдвига» заставляет текст бежать по контуру — так и вращается печать.
Animar cores	Animate colors	Animar colores	تحريك الألوان	색상 애니메이션	色をアニメーション化	颜色动画	रंग एनिमेट करें	Animasikan warna	Анимировать цвета
Animar modelo / Rig	Animate model / Rig	Animar modelo / Rig	تحريك النموذج / الهيكل	모델 애니메이션 / 리그	モデルをアニメーション化 / リグ	模型动画 / 绑定	मॉडल एनिमेट करें / रिग	Animasikan model / Rig	Анимировать модель / Риг
Animar texto	Animate text	Animar texto	تحريك النص	텍스트 애니메이션	テキストをアニメーション化	文本动画	टेक्स्ट एनिमेट करें	Animasikan teks	Анимировать текст
Antecipacao e retorno	Anticipation and overshoot	Anticipación y retorno	ترقّب وارتداد	예비 동작과 되돌림	予備動作と戻り	预备与回弹	प्रत्याशा और वापसी	Antisipasi dan balik	Замах и возврат
Apagar	Delete	Borrar	حذف	삭제	削除	删除	मिटाएँ	Hapus	Удалить
Apagar a luz	Delete the light	Borrar la luz	حذف الضوء	조명 삭제	ライトを削除	删除灯光	प्रकाश मिटाएँ	Hapus cahaya	Удалить свет
Apagar a marca	Delete the marker	Borrar la marca	حذف العلامة	마커 삭제	マーカーを削除	删除标记	मार्कर मिटाएँ	Hapus penanda	Удалить метку
Apagar keyframe	Delete keyframe	Borrar fotograma clave	حذف الإطار المفتاحي	키프레임 삭제	キーフレームを削除	删除关键帧	कीफ़्रेम मिटाएँ	Hapus keyframe	Удалить ключевой кадр
Apagar no	Delete node	Borrar nodo	حذف العقدة	노드 삭제	ノードを削除	删除节点	नोड मिटाएँ	Hapus simpul	Удалить узел
Apagar os pontos ruins	Delete the bad points	Borrar los puntos malos	حذف النقاط السيئة	불량 점 삭제	不良ポイントを削除	删除不良点	खराब बिंदु मिटाएँ	Hapus titik yang buruk	Удалить плохие точки
Aplicar em todos os segmentos	Apply to all segments	Aplicar a todos los segmentos	تطبيق على جميع المقاطع	모든 세그먼트에 적용	すべてのセグメントに適用	应用到所有分段	सभी सेगमेंट पर लागू करें	Terapkan ke semua segmen	Применить ко всем сегментам
Aplicar em todos os trechos	Apply to every segment	Aplicar a todos los tramos	تطبيق على جميع الفترات	모든 구간에 적용	すべての区間に適用	应用到所有区间	सभी हिस्सों पर लागू करें	Terapkan ke semua bagian	Применить ко всем отрезкам
Apple entrada	Apple in	Apple entrada	Apple دخول	Apple 들어오기	Apple イン	Apple 进入	Apple प्रवेश	Apple masuk	Apple вход
Apple padrao	Apple default	Apple estándar	Apple افتراضي	Apple 기본	Apple 標準	Apple 默认	Apple डिफ़ॉल्ट	Apple bawaan	Apple стандарт
Apple padrão	Apple default	Apple estándar	Apple افتراضي	Apple 기본	Apple 標準	Apple 默认	Apple डिफ़ॉल्ट	Apple bawaan	Apple стандарт
Apple saida	Apple out	Apple salida	Apple خروج	Apple 나가기	Apple アウト	Apple 退出	Apple निकास	Apple keluar	Apple выход
Apple saída	Apple out	Apple salida	Apple خروج	Apple 퇴장	Apple 退場	Apple 退出	Apple निकास	Apple keluar	Apple выход
Arestas	Edges	Aristas	الحواف	에지	エッジ	边	किनारे	Tepi	Рёбра
Arquivo de audio	Audio file	Archivo de audio	ملف صوتي	오디오 파일	音声ファイル	音频文件	ऑडियो फ़ाइल	Berkas audio	Аудиофайл
Arquivos .ttf e .otf. A fonte e copiada para dentro do Aurea — o projeto continua abrindo mesmo se o arquivo original sumir.	.ttf and .otf files. The font is copied into Aurea — the project keeps opening even if the original file disappears.	Archivos .ttf y .otf. La fuente se copia dentro de Aurea — el proyecto sigue abriéndose aunque el archivo original desaparezca.	ملفات .ttf و .otf. يُنسخ الخط داخل Aurea — يظل المشروع يفتح حتى لو اختفى الملف الأصلي.	.ttf 및 .otf 파일. 글꼴은 Aurea 안으로 복사되므로 원본 파일이 사라져도 프로젝트는 계속 열립니다.	.ttfと.otfファイル。フォントはAurea内にコピーされるため、元のファイルが消えてもプロジェクトは開き続けます。	.ttf 和 .otf 文件。字体会复制到 Aurea 内部 — 即使原始文件丢失，项目也能照常打开。	.ttf और .otf फ़ाइलें। फ़ॉन्ट Aurea के अंदर कॉपी हो जाता है — मूल फ़ाइल गायब हो जाए तब भी प्रोजेक्ट खुलता रहता है।	Berkas .ttf dan .otf. Font disalin ke dalam Aurea — proyek tetap bisa dibuka meski berkas aslinya hilang.	Файлы .ttf и .otf. Шрифт копируется внутрь Aurea — проект продолжает открываться, даже если исходный файл исчезнет.
Arraste o ponto de giro\n(toque duplo = centro)	Drag the pivot point\n(double tap = center)	Arrastra el pivote\n(doble toque = centro)	اسحب نقطة الارتكاز\n(نقر مزدوج = المركز)	피벗을 드래그하세요\n(두 번 탭 = 중앙)	ピボットをドラッグ\n(ダブルタップ = 中央)	拖动轴心\n(双击 = 居中)	धुरी को खींचें\n(डबल टैप = केंद्र)	Seret pivot\n(ketuk dua kali = tengah)	Перетащите опорную точку\n(двойное касание = центр)
Arredondar	Round	Redondear	تدوير الزوايا	둥글게	角を丸める	圆角化	गोल करें	Bulatkan	Скруглить
As quatro dicas de primeiro uso voltam ao abrir o editor	The four first-use tips come back when the editor opens	Los cuatro consejos de primer uso vuelven al abrir el editor	تعود نصائح الاستخدام الأول الأربع عند فتح المحرر	처음 사용 시 표시되는 네 가지 도움말이 편집기를 열 때 다시 나타납니다	初回利用時の4つのヒントがエディターを開いたときに再び表示されます	打开编辑器时，四条首次使用提示会重新显示	पहली बार उपयोग के चारों सुझाव एडिटर खोलने पर फिर दिखेंगे	Empat tips penggunaan pertama muncul lagi saat editor dibuka	Четыре подсказки первого запуска снова появятся при открытии редактора
As vistas fixas sao ortograficas e nao mexem na camera. Para a camera assumir uma vista, use "Alinhar camera a vista" no menu de tres pontos.	Fixed views are orthographic and don't touch the camera. To have the camera take a view, use "Align camera to view" in the three-dot menu.	Las vistas fijas son ortográficas y no tocan la cámara. Para que la cámara adopte una vista, usa "Alinear cámara a la vista" en el menú de tres puntos.	العروض الثابتة إسقاطية ولا تغيّر الكاميرا. لكي تتخذ الكاميرا عرضًا معينًا، استخدم "محاذاة الكاميرا مع العرض" في قائمة النقاط الثلاث.	고정 뷰는 직교 투영이며 카메라를 바꾸지 않습니다. 카메라가 뷰를 따르게 하려면 점 세 개 메뉴에서 "카메라를 뷰에 맞춤"을 사용하세요.	固定ビューは正射投影で、カメラには影響しません。カメラにビューを反映させるには、3点メニューの「カメラをビューに合わせる」を使ってください。	固定视图为正交投影，不会改变摄像机。要让摄像机采用某个视图，请在三点菜单中使用“将摄像机对齐到视图”。	स्थिर दृश्य ऑर्थोग्राफ़िक होते हैं और कैमरे को नहीं छेड़ते। कैमरे को कोई दृश्य अपनाने के लिए तीन-बिंदु मेनू में "कैमरा दृश्य से संरेखित करें" का उपयोग करें।	Tampilan tetap bersifat ortografis dan tidak mengubah kamera. Agar kamera mengambil suatu tampilan, gunakan "Sejajarkan kamera ke tampilan" di menu tiga titik.	Фиксированные виды ортографические и не трогают камеру. Чтобы камера приняла вид, используйте «Выровнять камеру по виду» в меню из трёх точек.
Aspereza	Roughness	Rugosidad	الخشونة	거칠기	ラフネス	粗糙度	खुरदरापन	Kekasaran	Шероховатость
Aspereza do piso espelhado	Mirror floor roughness	Rugosidad del suelo espejado	خشونة الأرضية العاكسة	거울 바닥 거칠기	鏡面フロアのラフネス	镜面地板粗糙度	दर्पण फ़र्श का खुरदरापन	Kekasaran lantai cermin	Шероховатость зеркального пола
Assar em keyframes	Bake to keyframes	Hornear en fotogramas clave	تحويل إلى إطارات مفتاحية	키프레임으로 베이크	キーフレームにベイク	烘焙为关键帧	कीफ़्रेम में बेक करें	Bake ke keyframe	Запечь в ключевые кадры
Ativar/desativar efeito de audio	Toggle audio effect	Activar/desactivar efecto de audio	تفعيل/تعطيل تأثير الصوت	오디오 효과 켜기/끄기	音声エフェクトのオン/オフ	启用/停用音频效果	ऑडियो इफ़ेक्ट चालू/बंद करें	Aktifkan/nonaktifkan efek audio	Включить/выключить аудиоэффект
Atras da pessoa	Behind the person	Detrás de la persona	خلف الشخص	사람 뒤에	人物の後ろ	人物后方	व्यक्ति के पीछे	Di belakang orang	Позади человека
Atraso	Delay	Retardo	التأخير	지연	遅延	延迟	विलंब	Penundaan	Задержка
Atualizar	Refresh	Actualizar	تحديث	새로 고침	更新	刷新	रीफ़्रेश करें	Segarkan	Обновить
Atualizar reflexos	Refresh reflections	Actualizar reflejos	تحديث الانعكاسات	반사 새로 고침	反射を更新	刷新反射	परावर्तन रीफ़्रेश करें	Segarkan refleksi	Обновить отражения
Aurea	Aurea	Aurea	Aurea	Aurea	Aurea	Aurea	Aurea	Aurea	Aurea
Aurea App · RMK Dnyx	Aurea App · RMK Dnyx	Aurea App · RMK Dnyx	Aurea App · RMK Dnyx	Aurea App · RMK Dnyx	Aurea App · RMK Dnyx	Aurea App · RMK Dnyx	Aurea App · RMK Dnyx	Aurea App · RMK Dnyx	Aurea App · RMK Dnyx
Aurea e um editor de video e composicao para celular: timeline multi-trilha, preview em tempo real e exportacao direto do aparelho, sem depender de nuvem.	Aurea is a video and compositing editor for phones: multi-track timeline, real-time preview and export straight from the device, with no cloud dependency.	Aurea es un editor de vídeo y composición para el móvil: línea de tiempo multipista, vista previa en tiempo real y exportación directa desde el dispositivo, sin depender de la nube.	Aurea محرر فيديو وتركيب للهاتف: خط زمني متعدد المسارات، ومعاينة فورية، وتصدير مباشر من الجهاز دون الاعتماد على السحابة.	Aurea는 모바일용 동영상 편집 및 합성 앱입니다: 멀티트랙 타임라인, 실시간 미리보기, 클라우드 없이 기기에서 바로 내보내기.	Aureaはスマートフォン向けの動画編集・合成アプリです。マルチトラックのタイムライン、リアルタイムプレビュー、クラウドに頼らず端末から直接書き出し。	Aurea 是一款手机视频剪辑与合成编辑器：多轨时间轴、实时预览，直接从设备导出，无需依赖云端。	Aurea मोबाइल के लिए वीडियो और कंपोज़िशन एडिटर है: मल्टी-ट्रैक टाइमलाइन, रीयल-टाइम पूर्वावलोकन और क्लाउड पर निर्भर हुए बिना सीधे डिवाइस से निर्यात।	Aurea adalah editor video dan komposisi untuk ponsel: timeline multi-trek, pratinjau real-time, dan ekspor langsung dari perangkat tanpa bergantung pada cloud.	Aurea — редактор видео и композитинга для телефона: многодорожечный таймлайн, предпросмотр в реальном времени и экспорт прямо с устройства, без зависимости от облака.
Auto-key	Auto-key	Auto-key	Auto-key	Auto-key	Auto-key	Auto-key	Auto-key	Auto-key	Auto-key
Auto-orientar	Auto-orient	Orientación automática	توجيه تلقائي	자동 방향	自動方向	自动定向	स्वतः दिशा	Orientasi otomatis	Автоориентация
AutoEdit	AutoEdit	AutoEdit	AutoEdit	AutoEdit	AutoEdit	AutoEdit	AutoEdit	AutoEdit	AutoEdit
AutoKey	AutoKey	AutoKey	AutoKey	AutoKey	AutoKey	AutoKey	AutoKey	AutoKey	AutoKey
Automatica escolhe pelo orcamento de memoria do aparelho e desce um degrau (sombra, MSAA, escala, textura, LOD) antes de o app travar; sobe de volta quando sobra folga. Agora:	Automatic picks by the device's memory budget and steps down one notch (shadow, MSAA, scale, texture, LOD) before the app freezes; it steps back up when there's headroom. Now:	Automática elige según el presupuesto de memoria del dispositivo y baja un escalón (sombra, MSAA, escala, textura, LOD) antes de que la app se congele; vuelve a subir cuando sobra margen. Ahora:	يختار الوضع التلقائي حسب ميزانية ذاكرة الجهاز وينزل درجة واحدة (الظل، MSAA، المقياس، النسيج، LOD) قبل أن يتجمد التطبيق؛ ويعود للصعود عندما تتوفر مساحة. الآن:	자동은 기기의 메모리 예산에 따라 선택하며, 앱이 멈추기 전에 한 단계 낮춥니다 (그림자, MSAA, 배율, 텍스처, LOD). 여유가 생기면 다시 올립니다. 현재:	自動は端末のメモリ予算に基づいて選択し、アプリがフリーズする前に1段階下げます (シャドウ、MSAA、スケール、テクスチャ、LOD)。余裕ができると再び上げます。現在:	自动模式按设备内存预算选择，并在应用卡死前降低一级 (阴影、MSAA、缩放、纹理、LOD)；有余量时再升回来。当前:	स्वचालित मोड डिवाइस के मेमोरी बजट के अनुसार चुनता है और ऐप के अटकने से पहले एक स्तर नीचे उतरता है (छाया, MSAA, स्केल, टेक्सचर, LOD); गुंजाइश मिलने पर वापस ऊपर चढ़ता है। अभी:	Otomatis memilih berdasarkan anggaran memori perangkat dan turun satu tingkat (bayangan, MSAA, skala, tekstur, LOD) sebelum aplikasi macet; naik kembali saat ada ruang lega. Sekarang:	Автоматически выбирает по бюджету памяти устройства и опускается на ступень (тень, MSAA, масштаб, текстура, LOD), прежде чем приложение зависнет; поднимается обратно, когда появляется запас. Сейчас:
Avancado	Advanced	Avanzado	متقدم	고급	詳細	高级	उन्नत	Lanjutan	Расширенные
Avancado (animadores do AE)	Advanced (AE animators)	Avanzado (animadores de AE)	متقدم (محرّكات AE)	고급 (AE 애니메이터)	詳細 (AEアニメーター)	高级 (AE 动画器)	उन्नत (AE एनिमेटर)	Lanjutan (animator AE)	Расширенные (аниматоры AE)
Avancado · keyframes de Time Remap	Advanced · Time Remap keyframes	Avanzado · fotogramas clave de Time Remap	متقدم · إطارات Time Remap المفتاحية	고급 · Time Remap 키프레임	詳細 · Time Remapのキーフレーム	高级 · Time Remap 关键帧	उन्नत · Time Remap कीफ़्रेम	Lanjutan · keyframe Time Remap	Расширенные · ключевые кадры Time Remap
Aviso	Warning	Aviso	تنبيه	경고	警告	警告	चेतावनी	Peringatan	Предупреждение
Aviso: caminho + feather/2 + expansao passa do limite.	Warning: path + feather/2 + expansion exceeds the limit.	Aviso: trazado + feather/2 + expansión supera el límite.	تنبيه: المسار + feather/2 + التوسيع يتجاوز الحد.	경고: 패스 + feather/2 + 확장이 한계를 넘습니다.	警告: パス + feather/2 + 拡張が上限を超えています。	警告: 路径 + feather/2 + 扩展超出限制。	चेतावनी: पाथ + feather/2 + विस्तार सीमा से बाहर है।	Peringatan: jalur + feather/2 + ekspansi melebihi batas.	Предупреждение: путь + feather/2 + расширение превышает предел.
Aviso: feather e expansao passam do limite.	Warning: feather and expansion exceed the limit.	Aviso: feather y expansión superan el límite.	تنبيه: feather والتوسيع يتجاوزان الحد.	경고: feather와 확장이 한계를 넘습니다.	警告: featherと拡張が上限を超えています。	警告: feather 和扩展超出限制。	चेतावनी: feather और विस्तार सीमा से बाहर हैं।	Peringatan: feather dan ekspansi melebihi batas.	Предупреждение: feather и расширение превышают предел.
Batidas	Beats	Beats	الإيقاعات	비트	ビート	节拍	बीट	Beat	Биты
Blur proporcional a velocidade	Blur proportional to speed	Desenfoque proporcional a la velocidad	ضبابية متناسبة مع السرعة	속도에 비례하는 블러	速度に比例したブラー	与速度成比例的模糊	गति के अनुपात में ब्लर	Blur sebanding dengan kecepatan	Размытие пропорционально скорости
Brilho	Brightness	Brillo	السطوع	밝기	明るさ	亮度	चमक	Kecerahan	Яркость
Brilho proprio	Emissive	Brillo propio	توهج ذاتي	자체 발광	自己発光	自发光	स्वयं-प्रकाश	Cahaya sendiri	Собственное свечение
Bumbo e chimbal atacam em instantes diferentes. Cortar no grave e cortar no pulso; no agudo, na levada.	Kick and hi-hat hit at different moments. Cutting on the lows means cutting on the pulse; on the highs, on the groove.	El bombo y el hi-hat atacan en instantes distintos. Cortar en los graves es cortar en el pulso; en los agudos, en el ritmo.	تضرب طبلة الباس والهاي هات في لحظات مختلفة. القطع على الترددات المنخفضة هو قطع على النبض؛ وعلى العالية، على الإيقاع.	킥과 하이햇은 서로 다른 순간에 울립니다. 저음에서 자르면 박에 맞춰 자르는 것이고, 고음에서 자르면 그루브에 맞춰 자르는 것입니다.	キックとハイハットは違う瞬間に鳴ります。低音でカットすれば拍に、高音でカットすればグルーヴに合わせることになります。	底鼓和踩镲在不同的瞬间击打。在低频处剪切是切在脉动上；在高频处剪切则是切在律动上。	किक और हाई-हैट अलग-अलग क्षणों में बजते हैं। बास पर काटना धड़कन पर काटना है; ट्रेबल पर, लय पर।	Kick dan hi-hat berbunyi pada saat yang berbeda. Memotong di nada rendah berarti memotong pada denyut; di nada tinggi, pada alur.	Бочка и хай-хэт бьют в разные моменты. Резать по низам — значит резать по пульсу; по верхам — по ритму.
Buscar modelo...	Search model...	Buscar modelo...	البحث عن نموذج...	모델 검색...	モデルを検索...	搜索模型...	मॉडल खोजें...	Cari model...	Найти модель...
Buscar na cena	Search in scene	Buscar en la escena	البحث في المشهد	장면에서 검색	シーン内を検索	在场景中搜索	दृश्य में खोजें	Cari di adegan	Искать в сцене
Bézier	Bézier	Bézier	بيزيه	베지어	ベジェ	贝塞尔	बेज़ियर	Bézier	Безье
Cada ajuste com o remapeamento ligado cria um keyframe de tempo — dois keyframes distantes viram camera lenta, dois proximos viram aceleracao.	Every adjustment with remapping on creates a time keyframe — two keyframes far apart become slow motion, two close together become a speed-up.	Cada ajuste con el remapeo activado crea un fotograma clave de tiempo — dos fotogramas clave alejados se vuelven cámara lenta, dos cercanos se vuelven aceleración.	كل تعديل مع تفعيل إعادة التعيين ينشئ إطارًا مفتاحيًا زمنيًا — إطاران مفتاحيان متباعدان يصبحان حركة بطيئة، وإطاران متقاربان يصبحان تسريعًا.	리매핑이 켜진 상태에서 조정할 때마다 시간 키프레임이 생깁니다 — 멀리 떨어진 두 키프레임은 슬로 모션이 되고, 가까운 두 키프레임은 빨리 감기가 됩니다.	リマップをオンにして調整するたびに時間キーフレームが作られます — 離れた2つのキーフレームはスローモーションに、近い2つは早送りになります。	开启重映射后，每次调整都会创建一个时间关键帧 — 两个相距较远的关键帧变成慢动作，两个相近的关键帧变成加速。	रीमैपिंग चालू होने पर हर समायोजन एक समय कीफ़्रेम बनाता है — दूर के दो कीफ़्रेम स्लो मोशन बन जाते हैं, पास के दो तेज़ गति।	Setiap penyesuaian dengan pemetaan ulang aktif membuat keyframe waktu — dua keyframe berjauhan menjadi gerak lambat, dua yang berdekatan menjadi percepatan.	Каждая правка при включённом ремаппинге создаёт временной ключевой кадр — два далёких ключевых кадра дают замедление, два близких — ускорение.
Cada animador combina seletores e propriedades na mao — o modelo do After Effects. As animacoes acima sao compiladas para estes mesmos animadores.	Each animator combines selectors and properties by hand — the After Effects model. The animations above are compiled into these same animators.	Cada animador combina selectores y propiedades a mano — el modelo de After Effects. Las animaciones de arriba se compilan en estos mismos animadores.	كل محرّك يجمع المحدِّدات والخصائص يدويًا — نموذج After Effects. يتم تجميع الرسوم المتحركة أعلاه إلى هذه المحرّكات نفسها.	각 애니메이터는 선택기와 속성을 직접 조합합니다 — After Effects 방식입니다. 위의 애니메이션은 바로 이 애니메이터로 컴파일됩니다.	各アニメーターはセレクターとプロパティを手動で組み合わせます — After Effectsのモデルです。上のアニメーションはこれと同じアニメーターにコンパイルされます。	每个动画器手动组合选择器和属性 — 即 After Effects 的模式。上面的动画会编译成这些同样的动画器。	हर एनिमेटर सिलेक्टर और प्रॉपर्टी को हाथ से जोड़ता है — After Effects का मॉडल। ऊपर के एनिमेशन इन्हीं एनिमेटरों में कंपाइल होते हैं।	Setiap animator menggabungkan selektor dan properti secara manual — model After Effects. Animasi di atas dikompilasi ke animator yang sama ini.	Каждый аниматор вручную сочетает селекторы и свойства — модель After Effects. Анимации выше компилируются в эти же аниматоры.
Cada mudanca no tempo vira um keyframe.	Every change in time becomes a keyframe.	Cada cambio en el tiempo se convierte en un fotograma clave.	كل تغيير في الزمن يصبح إطارًا مفتاحيًا.	시간을 바꿀 때마다 키프레임이 됩니다.	時間の変更はすべてキーフレームになります。	每次时间变化都会变成一个关键帧。	समय में हर बदलाव एक कीफ़्रेम बन जाता है।	Setiap perubahan waktu menjadi keyframe.	Каждое изменение времени становится ключевым кадром.
Cada um e um conjunto de ajustes prontos. Da para mudar tudo depois, no editor.	Each one is a set of ready-made settings. You can change everything later, in the editor.	Cada uno es un conjunto de ajustes listos. Puedes cambiarlo todo después, en el editor.	كل واحد منها مجموعة إعدادات جاهزة. يمكنك تغيير كل شيء لاحقًا في المحرر.	각각은 미리 준비된 설정 모음입니다. 나중에 편집기에서 모두 바꿀 수 있습니다.	それぞれは用意済みの設定セットです。後からエディターですべて変更できます。	每一个都是一组现成的设置。之后可以在编辑器中全部修改。	हर एक तैयार सेटिंग का सेट है। बाद में एडिटर में सब कुछ बदला जा सकता है।	Masing-masing adalah satu set pengaturan siap pakai. Semuanya bisa diubah nanti di editor.	Каждый из них — набор готовых настроек. Всё можно изменить потом, в редакторе.
Camadas da grade (ordem = indice)	Grid layers (order = index)	Capas de la cuadrícula (orden = índice)	طبقات الشبكة (الترتيب = الفهرس)	그리드 레이어 (순서 = 인덱스)	グリッドのレイヤー (順序 = インデックス)	网格图层 (顺序 = 索引)	ग्रिड लेयर (क्रम = इंडेक्स)	Lapisan grid (urutan = indeks)	Слои сетки (порядок = индекс)
Camadas Z	Z layers	Capas Z	طبقات Z	Z 레이어	Zレイヤー	Z 图层	Z लेयर	Lapisan Z	Слои Z
Camera	Camera	Cámara	الكاميرا	카메라	カメラ	摄像机	कैमरा	Kamera	Камера
Camera segue	Camera follows	La cámara sigue	الكاميرا تتبع	카메라 따라가기	カメラが追従	摄像机跟随	कैमरा अनुसरण करे	Kamera mengikuti	Камера следует
Cameras	Cameras	Cámaras	الكاميرات	카메라	カメラ	摄像机	कैमरे	Kamera	Камеры
Caminho	Path	Trazado	المسار	패스	パス	路径	पाथ	Jalur	Путь
Caminho aberto nao corta; pode servir de entrada de efeito.	An open path doesn't cut; it can serve as an effect input.	Un trazado abierto no corta; puede servir como entrada de efecto.	المسار المفتوح لا يقطع؛ يمكن أن يكون مدخلًا لتأثير.	열린 패스는 자르지 않습니다. 효과의 입력으로 쓸 수 있습니다.	開いたパスはカットしません。エフェクトの入力として使えます。	开放路径不会剪切；可用作效果的输入。	खुला पाथ काटता नहीं; यह इफ़ेक्ट के इनपुट के रूप में काम आ सकता है।	Jalur terbuka tidak memotong; bisa dipakai sebagai masukan efek.	Открытый путь не режет; он может служить входом для эффекта.
Caminho aberto nao recorta. Feche no Edit Points.	An open path doesn't clip. Close it in Edit Points.	Un trazado abierto no recorta. Ciérralo en Edit Points.	المسار المفتوح لا يقصّ. أغلقه في Edit Points.	열린 패스는 클리핑하지 않습니다. Edit Points에서 닫으세요.	開いたパスは切り抜きません。Edit Pointsで閉じてください。	开放路径不会裁切。请在 Edit Points 中闭合。	खुला पाथ क्लिप नहीं करता। इसे Edit Points में बंद करें।	Jalur terbuka tidak memangkas. Tutup di Edit Points.	Открытый путь не обрезает. Замкните его в Edit Points.
Caminho copiado	Path copied	Trazado copiado	تم نسخ المسار	패스 복사됨	パスをコピーしました	路径已复制	पाथ कॉपी हो गया	Jalur disalin	Путь скопирован
Campo de visão (FOV)	Field of view (FOV)	Campo de visión (FOV)	مجال الرؤية (FOV)	시야각 (FOV)	視野角 (FOV)	视野 (FOV)	दृष्टि क्षेत्र (FOV)	Bidang pandang (FOV)	Поле зрения (FOV)
CAMPO · A árvore da manhã	FIELD · The morning tree	CAMPO · El árbol de la mañana	الحقل · شجرة الصباح	들판 · 아침의 나무	野原 · 朝の木	田野 · 清晨的树	मैदान · सुबह का पेड़	LADANG · Pohon pagi	ПОЛЕ · Утреннее дерево
Canais empacotados	Packed channels	Canales empaquetados	قنوات مضغوطة	패킹된 채널	パックされたチャンネル	打包通道	पैक किए गए चैनल	Kanal terkemas	Упакованные каналы
Cancelar desenho livre	Cancel freehand drawing	Cancelar dibujo libre	إلغاء الرسم الحر	자유 그리기 취소	フリーハンド描画をキャンセル	取消自由绘制	फ़्रीहैंड ड्राइंग रद्द करें	Batalkan gambar bebas	Отменить свободное рисование
Captura real dos objetos ao redor; reutilizada durante a reprodução.	Real capture of the surrounding objects; reused during playback.	Captura real de los objetos alrededor; se reutiliza durante la reproducción.	التقاط حقيقي للكائنات المحيطة؛ يُعاد استخدامه أثناء التشغيل.	주변 오브젝트를 실제로 캡처하며, 재생 중에 재사용됩니다.	周囲のオブジェクトを実際にキャプチャし、再生中に再利用します。	真实捕捉周围的对象；在播放期间重复使用。	आसपास के ऑब्जेक्ट का वास्तविक कैप्चर; प्लेबैक के दौरान पुनः उपयोग होता है।	Tangkapan nyata objek di sekitar; dipakai ulang selama pemutaran.	Реальный захват окружающих объектов; используется повторно во время воспроизведения.
Carregando mídia…	Loading media…	Cargando multimedia…	جارٍ تحميل الوسائط…	미디어 로딩 중…	メディアを読み込み中…	正在加载媒体…	मीडिया लोड हो रहा है…	Memuat media…	Загрузка медиа…
Carregar mais	Load more	Cargar más	تحميل المزيد	더 불러오기	さらに読み込む	加载更多	और लोड करें	Muat lebih banyak	Загрузить ещё
Casca de cebola	Onion skin	Papel cebolla	قشر البصل	어니언 스킨	オニオンスキン	洋葱皮	ऑनियन स्किन	Onion skin	Калька
Cena importada	Imported scene	Escena importada	مشهد مستورد	가져온 장면	読み込んだシーン	导入的场景	आयातित दृश्य	Adegan yang diimpor	Импортированная сцена
Cena indisponível	Scene unavailable	Escena no disponible	المشهد غير متاح	장면을 사용할 수 없음	シーンを利用できません	场景不可用	दृश्य उपलब्ध नहीं	Adegan tidak tersedia	Сцена недоступна
Cena nao encontrada	Scene not found	Escena no encontrada	لم يتم العثور على المشهد	장면을 찾을 수 없음	シーンが見つかりません	未找到场景	दृश्य नहीं मिला	Adegan tidak ditemukan	Сцена не найдена
Cena: objetos, luzes e cameras	Scene: objects, lights and cameras	Escena: objetos, luces y cámaras	المشهد: الكائنات والأضواء والكاميرات	장면: 오브젝트, 조명, 카메라	シーン: オブジェクト、ライト、カメラ	场景: 对象、灯光和摄像机	दृश्य: ऑब्जेक्ट, प्रकाश और कैमरे	Adegan: objek, cahaya, dan kamera	Сцена: объекты, источники света и камеры
Ciclo repete do inicio · Vai-e-volta alterna a direcao · Deslocado soma o percurso a cada volta (esteira) · Continuar mantem a velocidade final.	Cycle repeats from the start · Ping-pong alternates direction · Offset adds the path on each pass (treadmill) · Continue keeps the final speed.	Ciclo repite desde el inicio · Ida y vuelta alterna la dirección · Desplazado suma el recorrido en cada vuelta (cinta) · Continuar mantiene la velocidad final.	تكرار يعيد من البداية · ذهاب وإياب يبدّل الاتجاه · إزاحة تضيف المسافة في كل دورة (سير متحرك) · استمرار يحافظ على السرعة النهائية.	순환은 처음부터 반복 · 왕복은 방향을 번갈아 바꿈 · 오프셋은 매 회차마다 이동량을 누적 (러닝머신) · 계속은 마지막 속도를 유지.	サイクルは最初から繰り返し · 往復は方向を交互に切り替え · オフセットは1周ごとに移動量を加算 (ベルトコンベア) · 継続は最後の速度を維持。	循环从头重复 · 往返交替方向 · 偏移每一轮累加行程 (传送带) · 继续保持最终速度。	चक्र शुरू से दोहराता है · आगे-पीछे दिशा बदलता है · ऑफ़सेट हर चक्कर में रास्ता जोड़ता है (ट्रेडमिल) · जारी रखें अंतिम गति बनाए रखता है।	Siklus mengulang dari awal · Bolak-balik mengganti arah · Bergeser menambah lintasan tiap putaran (treadmill) · Lanjutkan mempertahankan kecepatan akhir.	Цикл повторяет с начала · Пинг-понг чередует направление · Со смещением добавляет путь на каждом круге (дорожка) · Продолжить сохраняет конечную скорость.
Cintilar	Flicker	Parpadear	وميض	깜빡임	ちらつき	闪烁	टिमटिमाना	Berkedip	Мерцание
Circulo	Circle	Círculo	دائرة	원	円	圆形	वृत्त	Lingkaran	Круг
Clipe	Clip	Clip	مقطع	클립	クリップ	片段	क्लिप	Klip	Клип
Clipe separado	Separate clip	Clip separado	مقطع منفصل	분리된 클립	別のクリップ	独立片段	अलग क्लिप	Klip terpisah	Отдельный клип
Clonar	Clone	Clonar	استنساخ	클론	クローン	克隆	क्लोन करें	Klon	Клонировать
Cloudflare KV	Cloudflare KV	Cloudflare KV	Cloudflare KV	Cloudflare KV	Cloudflare KV	Cloudflare KV	Cloudflare KV	Cloudflare KV	Cloudflare KV
Cobertura	Coverage	Cobertura	التغطية	커버리지	カバレッジ	覆盖范围	कवरेज	Cakupan	Покрытие
Codec	Codec	Códec	الترميز	코덱	コーデック	编解码器	कोडेक	Codec	Кодек
Codec, taxa, PNG, Lottie, SVG e template ficam no modo Pro.	Codec, bitrate, PNG, Lottie, SVG and template live in Pro mode.	Códec, tasa de bits, PNG, Lottie, SVG y plantilla están en el modo Pro.	الترميز ومعدل البت وPNG وLottie وSVG والقالب موجودة في وضع Pro.	코덱, 비트레이트, PNG, Lottie, SVG, 템플릿은 Pro 모드에 있습니다.	コーデック、ビットレート、PNG、Lottie、SVG、テンプレートはProモードにあります。	编解码器、码率、PNG、Lottie、SVG 和模板位于 Pro 模式。	कोडेक, बिटरेट, PNG, Lottie, SVG और टेम्पलेट Pro मोड में हैं।	Codec, bitrate, PNG, Lottie, SVG, dan template ada di mode Pro.	Кодек, битрейт, PNG, Lottie, SVG и шаблон находятся в режиме Pro.
Colapsar transformacoes	Collapse transformations	Colapsar transformaciones	طي التحويلات	변형 축소	トランスフォームを折りたたむ	折叠变换	रूपांतरण संकुचित करें	Ciutkan transformasi	Свернуть трансформации
Colar	Paste	Pegar	لصق	붙여넣기	貼り付け	粘贴	पेस्ट करें	Tempel	Вставить
Colar curva	Paste curve	Pegar curva	لصق المنحنى	커브 붙여넣기	カーブを貼り付け	粘贴曲线	कर्व पेस्ट करें	Tempel kurva	Вставить кривую
Cole o código de 48 caracteres gerado na criação da sua conta.	Paste the 48-character code generated when your account was created.	Pega el código de 48 caracteres generado al crear tu cuenta.	الصق الرمز المكوّن من 48 حرفًا الذي تم إنشاؤه عند إنشاء حسابك.	계정을 만들 때 생성된 48자 코드를 붙여넣으세요.	アカウント作成時に生成された48文字のコードを貼り付けてください。	粘贴创建账户时生成的 48 位字符代码。	अपना खाता बनाते समय जनरेट हुआ 48 अक्षरों का कोड पेस्ट करें।	Tempel kode 48 karakter yang dibuat saat akun Anda dibuat.	Вставьте код из 48 символов, созданный при регистрации аккаунта.
COLINA · A TV no morro	HILL · The TV on the hillside	COLINA · La TV en el cerro	التل · التلفاز على التل	언덕 · 언덕 위의 TV	丘 · 丘の上のテレビ	山丘 · 山坡上的电视	पहाड़ी · पहाड़ी पर टीवी	BUKIT · TV di atas bukit	ХОЛМ · Телевизор на склоне
Colunas	Columns	Columnas	الأعمدة	열	列	列	कॉलम	Kolom	Столбцы
Colunas X	X columns	Columnas X	أعمدة X	X 열	X列	X 列	X कॉलम	Kolom X	Столбцы X
Combinar caminhos	Merge paths	Combinar trazados	دمج المسارات	패스 병합	パスを結合	合并路径	पाथ मिलाएँ	Gabungkan jalur	Объединить пути
Comece adicionando uma mídia, um texto ou uma forma.	Start by adding a media file, a text or a shape.	Empieza añadiendo un archivo multimedia, un texto o una forma.	ابدأ بإضافة وسائط أو نص أو شكل.	미디어, 텍스트 또는 도형을 추가하며 시작하세요.	メディア、テキスト、またはシェイプを追加して始めましょう。	先添加一个媒体、文本或形状吧。	मीडिया, टेक्स्ट या आकार जोड़कर शुरू करें।	Mulai dengan menambahkan media, teks, atau bentuk.	Начните с добавления медиа, текста или фигуры.
Comeco	Beginning	Comienzo	البداية	시작	始まり	开头	शुरुआत	Awal	Начало
Como fazer acontecer de novo (opcional)	How to make it happen again (optional)	Cómo hacer que vuelva a ocurrir (opcional)	كيف يمكن تكراره (اختياري)	다시 발생시키는 방법 (선택 사항)	再現する方法 (任意)	如何让它再次发生 (可选)	इसे दोबारा कैसे करें (वैकल्पिक)	Cara membuatnya terjadi lagi (opsional)	Как повторить это (необязательно)
Como usar o AUREA	How to use AUREA	Cómo usar AUREA	كيفية استخدام AUREA	AUREA 사용법	AUREAの使い方	如何使用 AUREA	AUREA का उपयोग कैसे करें	Cara menggunakan AUREA	Как пользоваться AUREA
Como usar o editor	How to use the editor	Cómo usar el editor	كيفية استخدام المحرر	편집기 사용법	エディターの使い方	如何使用编辑器	एडिटर का उपयोग कैसे करें	Cara menggunakan editor	Как пользоваться редактором
Como usar os efeitos	How to use effects	Cómo usar los efectos	كيفية استخدام التأثيرات	효과 사용법	エフェクトの使い方	如何使用效果	इफ़ेक्ट का उपयोग कैसे करें	Cara menggunakan efek	Как пользоваться эффектами
Compartilhar criações	Share creations	Compartir creaciones	مشاركة الإبداعات	작품 공유	作品を共有	分享作品	रचनाएँ साझा करें	Bagikan karya	Поделиться работами
COMPOSIÇÃO	COMPOSITION	COMPOSICIÓN	التركيب	컴포지션	コンポジション	合成	कंपोज़िशन	KOMPOSISI	КОМПОЗИЦИЯ
Comum	Common	Común	شائع	일반	一般	常规	सामान्य	Umum	Обычный
Comunidade ativa	Active community	Comunidad activa	مجتمع نشط	활발한 커뮤니티	活発なコミュニティ	活跃的社区	सक्रिय समुदाय	Komunitas aktif	Активное сообщество
Concluir	Finish	Finalizar	إنهاء	완료	完了	完成	पूरा करें	Selesai	Завершить
Cone	Cone	Cono	مخروط	원뿔	円錐	圆锥	शंकु	Kerucut	Конус
Congelar	Freeze	Congelar	تجميد	프리즈	フリーズ	冻结	फ़्रीज़ करें	Bekukan	Заморозить
Congelar aqui	Freeze here	Congelar aquí	تجميد هنا	여기서 프리즈	ここでフリーズ	在此冻结	यहाँ फ़्रीज़ करें	Bekukan di sini	Заморозить здесь
Congelar pontas	Freeze ends	Congelar extremos	تجميد الأطراف	양끝 고정	両端を固定	冻结两端	सिरे फ़्रीज़ करें	Bekukan ujung	Заморозить края
Congelar quadro	Freeze frame	Congelar fotograma	تجميد الإطار	프레임 고정	フレームを固定	定格画面	फ़्रेम फ़्रीज़ करें	Bekukan frame	Стоп-кадр
Constroi x desenha	Build vs draw	Construir vs dibujar	البناء مقابل الرسم	빌드 vs 그리기	ビルド vs 描画	构建 vs 绘制	बिल्ड बनाम ड्रॉ	Bangun vs gambar	Сборка vs отрисовка
Conta Oficial do Criador	Creator's Official Account	Cuenta oficial del creador	الحساب الرسمي للمنشئ	제작자 공식 계정	制作者の公式アカウント	创作者官方账号	क्रिएटर का आधिकारिक खाता	Akun Resmi Kreator	Официальный аккаунт создателя
Continuar em segundo plano	Continue in background	Continuar en segundo plano	المتابعة في الخلفية	백그라운드에서 계속	バックグラウンドで続行	在后台继续	बैकग्राउंड में जारी रखें	Lanjutkan di latar belakang	Продолжить в фоне
Conversa	Chat	Chat	محادثة	대화	チャット	聊天	चैट	Obrolan	Чат
Converter para parametrica	Convert to parametric	Convertir en paramétrica	تحويل إلى شكل بارامتري	파라메트릭으로 변환	パラメトリックに変換	转换为参数化	पैरामीट्रिक में बदलें	Ubah ke parametrik	Преобразовать в параметрическую
Copiar	Copy	Copiar	نسخ	복사	コピー	复制	कॉपी करें	Salin	Копировать
Copiar caminho	Copy path	Copiar ruta	نسخ المسار	경로 복사	パスをコピー	复制路径	पाथ कॉपी करें	Salin jalur	Копировать путь
Copiar curva	Copy curve	Copiar curva	نسخ المنحنى	곡선 복사	カーブをコピー	复制曲线	कर्व कॉपी करें	Salin kurva	Копировать кривую
Copiar código de acesso	Copy access code	Copiar código de acceso	نسخ رمز الوصول	액세스 코드 복사	アクセスコードをコピー	复制访问码	एक्सेस कोड कॉपी करें	Salin kode akses	Копировать код доступа
Copiar meu código de acesso	Copy my access code	Copiar mi código de acceso	نسخ رمز الوصول الخاص بي	내 액세스 코드 복사	自分のアクセスコードをコピー	复制我的访问码	मेरा एक्सेस कोड कॉपी करें	Salin kode akses saya	Копировать мой код доступа
Copiar relatorio	Copy report	Copiar informe	نسخ التقرير	보고서 복사	レポートをコピー	复制报告	रिपोर्ट कॉपी करें	Salin laporan	Копировать отчёт
Copiar tudo	Copy all	Copiar todo	نسخ الكل	모두 복사	すべてコピー	全部复制	सब कॉपी करें	Salin semua	Копировать всё
Cor base	Base color	Color base	اللون الأساسي	기본 색상	ベースカラー	基础颜色	आधार रंग	Warna dasar	Базовый цвет
Cor da luz	Light color	Color de la luz	لون الضوء	조명 색상	ライトの色	灯光颜色	प्रकाश का रंग	Warna cahaya	Цвет света
Cor da neblina	Fog color	Color de la niebla	لون الضباب	안개 색상	フォグの色	雾的颜色	कोहरे का रंग	Warna kabut	Цвет тумана
Cor do ceu	Sky color	Color del cielo	لون السماء	하늘 색상	空の色	天空颜色	आकाश का रंग	Warna langit	Цвет неба
Cor do chao	Ground color	Color del suelo	لون الأرضية	바닥 색상	地面の色	地面颜色	ज़मीन का रंग	Warna lantai	Цвет земли
Cor do fundo	Background color	Color de fondo	لون الخلفية	배경 색상	背景色	背景颜色	बैकग्राउंड का रंग	Warna latar belakang	Цвет фона
Cor do material	Material color	Color del material	لون الخامة	재질 색상	マテリアルの色	材质颜色	मैटेरियल का रंग	Warna material	Цвет материала
Cor final	End color	Color final	اللون النهائي	끝 색상	終了色	结束颜色	अंतिम रंग	Warna akhir	Конечный цвет
Cores e distribuicao	Colors and distribution	Colores y distribución	الألوان والتوزيع	색상 및 분포	色と分布	颜色与分布	रंग और वितरण	Warna dan distribusi	Цвета и распределение
Correções de áudio e keyframes, melhorias no 3D, novos efeitos e transições.	Audio and keyframe fixes, 3D improvements, new effects and transitions.	Correcciones de audio y fotogramas clave, mejoras en 3D, nuevos efectos y transiciones.	إصلاحات للصوت والإطارات المفتاحية، تحسينات في الثلاثي الأبعاد، وتأثيرات وانتقالات جديدة.	오디오 및 키프레임 수정, 3D 개선, 새로운 효과와 전환.	音声とキーフレームの修正、3Dの改善、新しいエフェクトとトランジション。	音频与关键帧修复、3D改进、新效果和转场。	ऑडियो और कीफ़्रेम सुधार, 3D में सुधार, नए इफ़ेक्ट और ट्रांज़िशन।	Perbaikan audio dan keyframe, peningkatan 3D, efek dan transisi baru.	Исправления звука и ключевых кадров, улучшения 3D, новые эффекты и переходы.
Cortar em todas as marcas	Cut at all markers	Cortar en todas las marcas	قص عند كل العلامات	모든 마커에서 자르기	すべてのマーカーでカット	在所有标记处剪切	सभी मार्कर पर काटें	Potong di semua penanda	Разрезать по всем меткам
Cortar nas batidas	Cut on the beats	Cortar en los beats	قص على الإيقاع	비트에 맞춰 자르기	ビートでカット	按节拍剪切	बीट पर काटें	Potong pada ketukan	Разрезать по битам
Crescer e encolher junto	Grow and shrink together	Crecer y encoger juntos	التكبير والتصغير معًا	함께 커지고 작아지기	一緒に拡大・縮小	一起放大缩小	साथ में बढ़ें और सिकुड़ें	Membesar dan mengecil bersama	Расти и сжиматься вместе
Criador	Creator	Creador	المنشئ	제작자	制作者	创作者	क्रिएटर	Kreator	Создатель
Criar a cena 3D em cima do vídeo	Create the 3D scene on top of the video	Crear la escena 3D sobre el vídeo	إنشاء المشهد ثلاثي الأبعاد فوق الفيديو	동영상 위에 3D 장면 만들기	動画の上に3Dシーンを作成	在视频上创建3D场景	वीडियो के ऊपर 3D दृश्य बनाएँ	Buat adegan 3D di atas video	Создать 3D-сцену поверх видео
Criar a câmera 3D	Create the 3D camera	Crear la cámara 3D	إنشاء الكاميرا ثلاثية الأبعاد	3D 카메라 만들기	3Dカメラを作成	创建3D摄像机	3D कैमरा बनाएँ	Buat kamera 3D	Создать 3D-камеру
Criar Conta	Create Account	Crear cuenta	إنشاء حساب	계정 만들기	アカウントを作成	创建账号	खाता बनाएँ	Buat Akun	Создать аккаунт
Criar do SRT colado	Create from pasted SRT	Crear desde el SRT pegado	إنشاء من ملف SRT الملصق	붙여넣은 SRT로 만들기	貼り付けたSRTから作成	从粘贴的SRT创建	पेस्ट किए गए SRT से बनाएँ	Buat dari SRT yang ditempel	Создать из вставленного SRT
Criar Minha Conta no Cloudflare	Create My Cloudflare Account	Crear mi cuenta en Cloudflare	إنشاء حسابي في Cloudflare	내 Cloudflare 계정 만들기	Cloudflareアカウントを作成	创建我的Cloudflare账号	Cloudflare पर मेरा खाता बनाएँ	Buat Akun Cloudflare Saya	Создать мой аккаунт Cloudflare
Criar nulo e linkar	Create null and link	Crear nulo y vincular	إنشاء كائن فارغ وربطه	널 만들고 연결	ヌルを作成してリンク	创建空对象并关联	नल बनाएँ और लिंक करें	Buat null dan tautkan	Создать нулевой объект и связать
Criar projeto	Create project	Crear proyecto	إنشاء مشروع	프로젝트 만들기	プロジェクトを作成	创建项目	प्रोजेक्ट बनाएँ	Buat proyek	Создать проект
Crie 2+ keyframes neste parametro e leve o\nplayhead para DENTRO do trecho entre eles.	Create 2+ keyframes on this parameter and move the\nplayhead INSIDE the span between them.	Crea 2+ fotogramas clave en este parámetro y lleva el\ncabezal DENTRO del tramo entre ellos.	أنشئ إطارين مفتاحيين أو أكثر في هذا المعامل وانقل\nمؤشر التشغيل إلى داخل المقطع بينهما.	이 매개변수에 키프레임을 2개 이상 만들고\n재생 헤드를 그 사이 구간 안으로 옮기세요.	このパラメータにキーフレームを2つ以上作成し、\n再生ヘッドをその間の区間内に移動してください。	在此参数上创建2个以上关键帧，并把\n播放头移到它们之间的区间内。	इस पैरामीटर पर 2+ कीफ़्रेम बनाएँ और\nप्लेहेड को उनके बीच के हिस्से के अंदर ले जाएँ।	Buat 2+ keyframe pada parameter ini dan bawa\nplayhead ke DALAM rentang di antara keduanya.	Создайте 2+ ключевых кадра для этого параметра и поставьте\nкурсор воспроизведения ВНУТРЬ отрезка между ними.
Crie outro Nulo 3D para usar como controlador (o proprio nulo da grade nao conta).	Create another 3D Null to use as a controller (the grid's own null doesn't count).	Crea otro Nulo 3D para usarlo como controlador (el propio nulo de la cuadrícula no cuenta).	أنشئ كائنًا فارغًا ثلاثي الأبعاد آخر لاستخدامه كمتحكم (الكائن الفارغ الخاص بالشبكة لا يُحتسب).	컨트롤러로 사용할 다른 3D 널을 만드세요 (그리드 자체의 널은 해당되지 않습니다).	コントローラーとして使う別の3Dヌルを作成してください（グリッド自身のヌルは対象外です）。	再创建一个3D空对象作为控制器（网格自身的空对象不算）。	कंट्रोलर के रूप में उपयोग के लिए एक और 3D नल बनाएँ (ग्रिड का अपना नल नहीं गिना जाता)।	Buat Null 3D lain untuk dipakai sebagai pengendali (null milik grid sendiri tidak dihitung).	Создайте ещё один 3D-нуль для использования как контроллер (собственный нуль сетки не считается).
Crie pelo menos 2 keyframes\npara editar a curva.	Create at least 2 keyframes\nto edit the curve.	Crea al menos 2 fotogramas clave\npara editar la curva.	أنشئ إطارين مفتاحيين على الأقل\nلتعديل المنحنى.	곡선을 편집하려면\n키프레임을 2개 이상 만드세요.	カーブを編集するには\nキーフレームを2つ以上作成してください。	至少创建2个关键帧\n才能编辑曲线。	कर्व संपादित करने के लिए\nकम से कम 2 कीफ़्रेम बनाएँ।	Buat minimal 2 keyframe\nuntuk mengedit kurva.	Создайте не менее 2 ключевых кадров,\nчтобы редактировать кривую.
Cruzar audio junto	Crossfade audio too	Cruzar también el audio	مزج الصوت أيضًا	오디오도 함께 크로스페이드	音声もクロスフェード	音频一起交叉淡化	ऑडियो भी क्रॉसफ़ेड करें	Crossfade audio juga	Кроссфейд звука тоже
Cubo, esfera, plano, cilindro, cone, toro e mais. Ou importe um modelo.	Cube, sphere, plane, cylinder, cone, torus and more. Or import a model.	Cubo, esfera, plano, cilindro, cono, toro y más. O importa un modelo.	مكعب، كرة، مستوى، أسطوانة، مخروط، حلقة والمزيد. أو استورد نموذجًا.	큐브, 구, 평면, 원기둥, 원뿔, 토러스 등. 또는 모델을 가져오세요.	立方体、球、平面、円柱、円錐、トーラスなど。またはモデルを読み込めます。	立方体、球体、平面、圆柱、圆锥、圆环等。或者导入模型。	क्यूब, गोला, समतल, बेलन, शंकु, टोरस और भी। या कोई मॉडल इंपोर्ट करें।	Kubus, bola, bidang, silinder, kerucut, torus, dan lainnya. Atau impor model.	Куб, сфера, плоскость, цилиндр, конус, тор и другие. Или импортируйте модель.
Curva	Curve	Curva	منحنى	곡선	カーブ	曲线	कर्व	Kurva	Кривая
Curva anterior	Previous curve	Curva anterior	المنحنى السابق	이전 곡선	前のカーブ	上一条曲线	पिछला कर्व	Kurva sebelumnya	Предыдущая кривая
Curva compartilhada	Shared curve	Curva compartida	منحنى مشترك	공유 곡선	共有カーブ	共享曲线	साझा कर्व	Kurva bersama	Общая кривая
Curva do movimento	Motion curve	Curva del movimiento	منحنى الحركة	움직임 곡선	モーションカーブ	运动曲线	गति कर्व	Kurva gerakan	Кривая движения
Custa GPU: uma luz com sombra costuma bastar.	Costs GPU: one shadow-casting light is usually enough.	Consume GPU: una luz con sombra suele bastar.	يستهلك GPU: عادةً يكفي ضوء واحد بظل.	GPU를 소모합니다: 그림자가 있는 조명 하나면 보통 충분합니다.	GPUを消費します。影付きライトは通常1つで十分です。	消耗GPU：通常一盏带阴影的灯光就够了。	GPU खर्च होता है: छाया वाला एक प्रकाश आमतौर पर काफ़ी होता है।	Membebani GPU: satu cahaya dengan bayangan biasanya cukup.	Нагружает GPU: обычно достаточно одного источника света с тенью.
Cíclico	Cyclic	Cíclico	دوري	순환	循環	循环	चक्रीय	Siklik	Циклический
Código de Acesso Mestre	Master Access Code	Código de acceso maestro	رمز الوصول الرئيسي	마스터 액세스 코드	マスターアクセスコード	主访问码	मास्टर एक्सेस कोड	Kode Akses Utama	Мастер-код доступа
Da camada	From layer	De la capa	من الطبقة	레이어에서	レイヤーから	来自图层	लेयर से	Dari lapisan	Из слоя
Dados	Data	Datos	البيانات	데이터	データ	数据	डेटा	Data	Данные
De-esser	De-esser	De-esser	مزيل الصفير	디에서	ディエッサー	齿音消除	डी-एसर	De-esser	Деэссер
Decaimento	Decay	Decaimiento	الاضمحلال	감쇠	減衰	衰减	क्षय	Peluruhan	Затухание
Definir como chão	Set as ground	Definir como suelo	تعيين كأرضية	바닥으로 설정	地面に設定	设为地面	ज़मीन के रूप में सेट करें	Jadikan lantai	Сделать землёй
Degrade	Gradient	Degradado	تدرج لوني	그라데이션	グラデーション	渐变	ग्रेडिएंट	Gradasi	Градиент
Degraus	Steps	Escalones	درجات	계단	ステップ	阶梯	स्टेप्स	Bertahap	Ступени
Deixe o app aberto nesta tela ate terminar.	Keep the app open on this screen until it finishes.	Deja la app abierta en esta pantalla hasta que termine.	أبقِ التطبيق مفتوحًا على هذه الشاشة حتى الانتهاء.	완료될 때까지 이 화면에서 앱을 열어 두세요.	完了するまでこの画面でアプリを開いたままにしてください。	请让应用停留在此界面，直到完成。	पूरा होने तक ऐप को इसी स्क्रीन पर खुला रखें।	Biarkan aplikasi tetap terbuka di layar ini sampai selesai.	Оставьте приложение открытым на этом экране до завершения.
Densidade	Density	Densidad	الكثافة	밀도	密度	密度	घनत्व	Kepadatan	Плотность
Densidade da neblina	Fog density	Densidad de la niebla	كثافة الضباب	안개 밀도	フォグの密度	雾密度	कोहरे का घनत्व	Kepadatan kabut	Плотность тумана
Dentro do clipe	Inside the clip	Dentro del clip	داخل المقطع	클립 안에	クリップ内	剪辑内	क्लिप के अंदर	Di dalam klip	Внутри клипа
DERIVA · O astronauta perdido	DRIFT · The lost astronaut	DERIVA · El astronauta perdido	انجراف · رائد الفضاء المفقود	표류 · 길 잃은 우주비행사	漂流 · 迷子の宇宙飛行士	漂流 · 迷失的宇航员	बहाव · खोया हुआ अंतरिक्ष यात्री	HANYUT · Astronaut yang hilang	ДРЕЙФ · Потерянный астронавт
Desacelerar	Decelerate	Desacelerar	تباطؤ	감속	減速	减速	धीमा करें	Perlambat	Замедление
Desagrupar	Ungroup	Desagrupar	فك التجميع	그룹 해제	グループ解除	取消编组	अनग्रुप करें	Pisahkan grup	Разгруппировать
Descer	Move down	Bajar	تحريك لأسفل	아래로	下へ	下移	नीचे ले जाएँ	Turunkan	Вниз
Desempenho e limites	Performance and limits	Rendimiento y límites	الأداء والحدود	성능 및 한계	パフォーマンスと制限	性能与限制	प्रदर्शन और सीमाएँ	Performa dan batasan	Производительность и ограничения
Desenhar com OpenGL ES	Draw with OpenGL ES	Dibujar con OpenGL ES	الرسم باستخدام OpenGL ES	OpenGL ES로 그리기	OpenGL ESで描画	使用OpenGL ES绘制	OpenGL ES से बनाएँ	Gambar dengan OpenGL ES	Рисовать через OpenGL ES
Desenhar os dois lados	Draw both sides	Dibujar ambos lados	رسم الجانبين	양면 그리기	両面を描画	绘制双面	दोनों तरफ़ बनाएँ	Gambar kedua sisi	Рисовать обе стороны
Desenho livre · arraste na prévia	Freehand · drag on the preview	Dibujo libre · arrastra en la vista previa	رسم حر · اسحب على المعاينة	자유 그리기 · 미리보기에서 드래그	フリーハンド · プレビューでドラッグ	自由绘制 · 在预览中拖动	फ़्री ड्रॉइंग · पूर्वावलोकन पर खींचें	Gambar bebas · seret pada pratinjau	Свободное рисование · тяните на предпросмотре
Desfazer	Undo	Deshacer	تراجع	실행 취소	元に戻す	撤销	पूर्ववत करें	Urungkan	Отменить
Desfocar fundo	Blur background	Desenfocar fondo	تمويه الخلفية	배경 흐리게	背景をぼかす	模糊背景	बैकग्राउंड धुंधला करें	Buramkan latar belakang	Размыть фон
Desfoque	Blur	Desenfoque	تمويه	흐림	ぼかし	模糊	धुंधलापन	Buram	Размытие
Deslizar	Slide	Deslizar	انزلاق	슬라이드	スライド	滑动	स्लाइड	Geser	Сдвиг
Deslize aqui para mover a camada	Swipe here to move the layer	Desliza aquí para mover la capa	اسحب هنا لتحريك الطبقة	여기서 밀어 레이어를 이동하세요	ここをスワイプしてレイヤーを移動	在此滑动以移动图层	लेयर हिलाने के लिए यहाँ स्वाइप करें	Geser di sini untuk memindahkan lapisan	Проведите здесь, чтобы переместить слой
Diagnostico na tela	On-screen diagnostics	Diagnóstico en pantalla	تشخيص على الشاشة	화면 진단	画面上の診断	屏幕诊断	स्क्रीन पर डायग्नोस्टिक	Diagnostik di layar	Диагностика на экране
Dicas • Scene 3D	Tips • 3D scene	Consejos • Escena 3D	نصائح • مشهد ثلاثي الأبعاد	도움말 • 3D 장면	ヒント • 3Dシーン	提示 • 3D场景	सुझाव • 3D दृश्य	Tips • Adegan 3D	Советы • 3D-сцена
Direcao X	X direction	Dirección X	الاتجاه X	X 방향	X方向	X方向	X दिशा	Arah X	Направление X
Direcao Y	Y direction	Dirección Y	الاتجاه Y	Y 방향	Y方向	Y方向	Y दिशा	Arah Y	Направление Y
Direcao Z	Z direction	Dirección Z	الاتجاه Z	Z 방향	Z方向	Z方向	Z दिशा	Arah Z	Направление Z
Direcao, posicao, alcance, cone, suavidade.	Direction, position, range, cone, softness.	Dirección, posición, alcance, cono, suavidad.	الاتجاه، الموضع، المدى، المخروط، النعومة.	방향, 위치, 범위, 원뿔, 부드러움.	方向、位置、範囲、コーン、柔らかさ。	方向、位置、范围、锥角、柔和度。	दिशा, स्थिति, रेंज, कोन, कोमलता।	Arah, posisi, jangkauan, kerucut, kelembutan.	Направление, позиция, дальность, конус, мягкость.
Direcional, de ponto, ambiente ou spot.	Directional, point, ambient or spot.	Direccional, de punto, ambiental o foco.	اتجاهي، نقطي، محيطي أو كشاف.	방향광, 점광, 환경광 또는 스포트라이트.	平行光、点光源、環境光、スポットライト。	平行光、点光、环境光或聚光灯。	डायरेक्शनल, पॉइंट, एम्बिएंट या स्पॉट।	Directional, titik, ambient, atau spot.	Направленный, точечный, окружающий или прожектор.
Distancia focal	Focal length	Distancia focal	البعد البؤري	초점 거리	焦点距離	焦距	फ़ोकल लंबाई	Jarak fokus	Фокусное расстояние
Distancia focal e projecao ortografica.	Focal length and orthographic projection.	Distancia focal y proyección ortográfica.	البعد البؤري والإسقاط المتعامد.	초점 거리와 직교 투영.	焦点距離と正射影。	焦距与正交投影。	फ़ोकल लंबाई और ऑर्थोग्राफ़िक प्रोजेक्शन।	Jarak fokus dan proyeksi ortografis.	Фокусное расстояние и ортографическая проекция.
Distorcao e revelacao	Distortion and reveal	Distorsión y revelación	تشويه وكشف	왜곡 및 리빌	歪みとリビール	扭曲与显现	विकृति और रिवील	Distorsi dan pengungkapan	Искажение и раскрытие
Distribuir	Distribute	Distribuir	توزيع	분배	分布	分布	वितरित करें	Distribusikan	Распределить
Distribuir as camadas nas marcas	Distribute the layers on the markers	Distribuir las capas en las marcas	توزيع الطبقات على العلامات	마커에 레이어 분배	マーカーにレイヤーを配置	将图层分布到标记上	लेयर को मार्कर पर बाँटें	Distribusikan lapisan pada penanda	Распределить слои по меткам
Dividir a camada no cabeçote	Split the layer at the playhead	Dividir la capa en el cabezal	تقسيم الطبقة عند مؤشر التشغيل	재생 헤드에서 레이어 분할	再生ヘッドでレイヤーを分割	在播放头处分割图层	प्लेहेड पर लेयर विभाजित करें	Pisahkan lapisan di playhead	Разделить слой по курсору воспроизведения
Dividir camada	Split layer	Dividir capa	تقسيم الطبقة	레이어 분할	レイヤーを分割	分割图层	लेयर विभाजित करें	Pisahkan lapisan	Разделить слой
Do zero ao primeiro motion	From zero to your first motion	De cero al primer motion	من الصفر إلى أول موشن	처음부터 첫 모션까지	ゼロから最初のモーションまで	从零开始做出第一个动效	शून्य से पहले मोशन तक	Dari nol ke motion pertama	С нуля до первого моушена
Drawing Progress: a linha se desenhando, o contorno animado.	Drawing Progress: the line drawing itself, the animated outline.	Drawing Progress: la línea dibujándose, el contorno animado.	Drawing Progress: الخط يرسم نفسه، والحدود متحركة.	Drawing Progress: 선이 스스로 그려지는 애니메이션 윤곽선.	Drawing Progress：線が描かれていく、アニメーションする輪郭。	Drawing Progress：线条自己画出来，轮廓动起来。	Drawing Progress: लाइन खुद बनती हुई, एनिमेटेड रूपरेखा।	Drawing Progress: garis menggambar dirinya sendiri, garis tepi beranimasi.	Drawing Progress: линия рисует сама себя, анимированный контур.
Dupla face	Double-sided	Doble cara	ذو وجهين	양면	両面	双面	दोतरफ़ा	Dua sisi	Двусторонний
Duplicar camada	Duplicate layer	Duplicar capa	تكرار الطبقة	레이어 복제	レイヤーを複製	复制图层	लेयर डुप्लिकेट करें	Duplikat lapisan	Дублировать слой
Duracao	Duration	Duración	المدة	길이	長さ	时长	अवधि	Durasi	Длительность
Duracao interna	Internal duration	Duración interna	المدة الداخلية	내부 길이	内部の長さ	内部时长	आंतरिक अवधि	Durasi internal	Внутренняя длительность
Ease in	Ease in	Ease in	تخفيف الدخول	이즈 인	イーズイン	缓入	ईज़ इन	Ease in	Плавный вход
Ease in-out	Ease in-out	Ease in-out	تخفيف الدخول والخروج	이즈 인아웃	イーズインアウト	缓入缓出	ईज़ इन-आउट	Ease in-out	Плавный вход и выход
Ease out	Ease out	Ease out	تخفيف الخروج	이즈 아웃	イーズアウト	缓出	ईज़ आउट	Ease out	Плавный выход
Editar apelido	Edit nickname	Editar apodo	تعديل الاسم المستعار	닉네임 편집	ニックネームを編集	编辑昵称	उपनाम संपादित करें	Edit nama panggilan	Изменить никнейм
Editar curva da propriedade	Edit property curve	Editar curva de la propiedad	تعديل منحنى الخاصية	속성 곡선 편집	プロパティのカーブを編集	编辑属性曲线	प्रॉपर्टी कर्व संपादित करें	Edit kurva properti	Редактировать кривую свойства
Editar curva de tempo	Edit time curve	Editar curva de tiempo	تعديل منحنى الوقت	시간 곡선 편집	時間カーブを編集	编辑时间曲线	समय कर्व संपादित करें	Edit kurva waktu	Редактировать кривую времени
Editar forma	Edit shape	Editar forma	تعديل الشكل	도형 편집	シェイプを編集	编辑形状	आकार संपादित करें	Edit bentuk	Редактировать фигуру
Editar legendas	Edit captions	Editar subtítulos	تعديل الترجمة	자막 편집	字幕を編集	编辑字幕	कैप्शन संपादित करें	Edit subtitel	Редактировать субтитры
Editar nos	Edit nodes	Editar nodos	تعديل العقد	노드 편집	ノードを編集	编辑节点	नोड संपादित करें	Edit simpul	Редактировать узлы
Editar nos do caminho	Edit path nodes	Editar nodos del trazado	تعديل عقد المسار	경로 노드 편집	パスのノードを編集	编辑路径节点	पाथ के नोड संपादित करें	Edit simpul jalur	Редактировать узлы пути
Editar pivô	Edit pivot	Editar pivote	تعديل نقطة الارتكاز	피벗 편집	ピボットを編集	编辑轴心	धुरी संपादित करें	Edit pivot	Редактировать опорную точку
Editar texto	Edit text	Editar texto	تعديل النص	텍스트 편집	テキストを編集	编辑文本	टेक्स्ट संपादित करें	Edit teks	Редактировать текст
Editor de video e composicao	Video and compositing editor	Editor de vídeo y composición	محرر الفيديو والتركيب	동영상 및 합성 편집기	動画・コンポジションエディター	视频与合成编辑器	वीडियो और कंपोज़िशन एडिटर	Editor video dan komposisi	Редактор видео и композитинга
Efeito da transicao	Transition effect	Efecto de la transición	تأثير الانتقال	전환 효과	トランジションのエフェクト	转场效果	ट्रांज़िशन इफ़ेक्ट	Efek transisi	Эффект перехода
Efeitos de audio	Audio effects	Efectos de audio	تأثيرات الصوت	오디오 효과	音声エフェクト	音频效果	ऑडियो इफ़ेक्ट	Efek audio	Аудиоэффекты
Eixo	Axis	Eje	المحور	축	軸	轴	अक्ष	Sumbu	Ось
Ela entra no ar a partir do instante atual.	It goes live from the current moment.	Entra en escena a partir del instante actual.	تدخل الخدمة بدءًا من اللحظة الحالية.	현재 시점부터 활성화됩니다.	現在の時点から有効になります。	从当前时刻起生效。	यह वर्तमान क्षण से सक्रिय हो जाती है।	Ia aktif mulai dari saat ini.	Она вступает в действие с текущего момента.
Elemento / Projeto	Element / Project	Elemento / Proyecto	العنصر / المشروع	요소 / 프로젝트	要素 / プロジェクト	元素 / 项目	एलिमेंट / प्रोजेक्ट	Elemen / Proyek	Элемент / Проект
Elemento 3D	3D element	Elemento 3D	عنصر ثلاثي الأبعاد	3D 요소	3D要素	3D元素	3D एलिमेंट	Elemen 3D	3D-элемент
Elástico	Elastic	Elástico	مرن	탄성	エラスティック	弹性	इलास्टिक	Elastis	Эластичный
Em compasso 4/4: 1/4 poe uma marca em cada tempo, 1/8 duas, 1/1 uma por compasso.	In 4/4 time: 1/4 puts a marker on every beat, 1/8 two, 1/1 one per bar.	En compás de 4/4: 1/4 pone una marca en cada tiempo, 1/8 dos, 1/1 una por compás.	في ميزان 4/4: يضع 1/4 علامة عند كل نبضة، و1/8 علامتين، و1/1 علامة واحدة في كل مازورة.	4/4 박자에서 1/4은 박마다 표시 하나, 1/8은 두 개, 1/1은 마디마다 하나를 넣습니다.	4/4拍子の場合: 1/4は各拍に1つ、1/8は2つ、1/1は1小節に1つマークを置きます。	在4/4拍中：1/4每拍放一个标记，1/8放两个，1/1每小节放一个。	4/4 ताल में: 1/4 हर बीट पर एक निशान लगाता है, 1/8 दो, 1/1 हर बार पर एक।	Dalam birama 4/4: 1/4 memberi satu tanda di setiap ketukan, 1/8 dua, 1/1 satu per birama.	В размере 4/4: 1/4 ставит метку на каждую долю, 1/8 — две, 1/1 — одну на такт.
Em relacao a	Relative to	Con respecto a	بالنسبة إلى	기준	基準	相对于	के सापेक्ष	Relatif terhadap	Относительно
Embaralhar	Shuffle	Mezclar	خلط	섞기	シャッフル	随机排列	शफ़ल करें	Acak	Перемешать
Emissivo	Emissive	Emisivo	انبعاثي	발광	エミッシブ	自发光	एमिसिव	Emisif	Свечение
Encaixar na grade	Snap to grid	Ajustar a la cuadrícula	محاذاة إلى الشبكة	격자에 맞추기	グリッドにスナップ	吸附到网格	ग्रिड पर स्नैप करें	Jepret ke kisi	Привязка к сетке
Encurtar	Shorten	Acortar	تقصير	줄이기	短くする	缩短	छोटा करें	Perpendek	Укоротить
Enquadrar	Frame	Encuadrar	تأطير	화면에 맞추기	画面に収める	框显	फ़्रेम करें	Pas ke layar	Вписать
Enquadrar a cena	Frame the scene	Encuadrar la escena	تأطير المشهد	장면을 화면에 맞추기	シーンを画面に収める	框显场景	दृश्य को फ़्रेम करें	Pas adegan ke layar	Вписать сцену
Enquadrar a cena inteira	Frame the whole scene	Encuadrar toda la escena	تأطير المشهد بأكمله	전체 장면을 화면에 맞추기	シーン全体を画面に収める	框显整个场景	पूरे दृश्य को फ़्रेम करें	Pas seluruh adegan ke layar	Вписать всю сцену
Enquadrar o objeto selecionado	Frame the selected object	Encuadrar el objeto seleccionado	تأطير الكائن المحدد	선택한 오브젝트를 화면에 맞추기	選択したオブジェクトを画面に収める	框显所选对象	चयनित ऑब्जेक्ट को फ़्रेम करें	Pas objek terpilih ke layar	Вписать выбранный объект
Enquadrar selecionado	Frame selected	Encuadrar seleccionado	تأطير المحدد	선택 항목 화면에 맞추기	選択物を画面に収める	框显所选	चयनित को फ़्रेम करें	Pas yang terpilih ke layar	Вписать выбранное
Enquadrar seleção	Frame selection	Encuadrar selección	تأطير التحديد	선택 영역 화면에 맞추기	選択範囲を画面に収める	框显选区	चयन को फ़्रेम करें	Pas seleksi ke layar	Вписать выделение
Enquadrar tudo	Frame all	Encuadrar todo	تأطير الكل	모두 화면에 맞추기	全体を画面に収める	框显全部	सब कुछ फ़्रेम करें	Pas semua ke layar	Вписать всё
Entendi	Got it	Entendido	فهمت	알겠어요	わかりました	知道了	समझ गया	Mengerti	Понятно
Entrar com Código	Sign in with Code	Iniciar sesión con código	تسجيل الدخول بالرمز	코드로 로그인	コードでログイン	使用代码登录	कोड से साइन इन करें	Masuk dengan Kode	Войти по коду
Enviar	Send	Enviar	إرسال	보내기	送信	发送	भेजें	Kirim	Отправить
Erro, sugestao de ferramenta ou de efeito — vai direto para o criador do app.	Bug, tool or effect suggestion — goes straight to the app's creator.	Error, sugerencia de herramienta o de efecto — va directo al creador de la app.	خطأ أو اقتراح أداة أو تأثير — يصل مباشرة إلى مطوّر التطبيق.	오류, 도구나 효과 제안 — 앱 제작자에게 바로 전달됩니다.	バグ、ツールやエフェクトの提案 — アプリの作者に直接届きます。	错误、工具或效果建议 — 直接发送给应用的开发者。	बग, टूल या इफ़ेक्ट का सुझाव — सीधे ऐप के निर्माता तक जाता है।	Bug, saran alat atau efek — langsung sampai ke pembuat aplikasi.	Ошибка, идея инструмента или эффекта — попадёт прямо к создателю приложения.
Escala do nulo -> espacamento/raio · Rotacao Z -> rotacao da grade · Rotacao Y -> twist.	Null scale -> spacing/radius · Z rotation -> grid rotation · Y rotation -> twist.	Escala del nulo -> espaciado/radio · Rotación Z -> rotación de la cuadrícula · Rotación Y -> giro.	مقياس الكائن الفارغ -> التباعد/نصف القطر · الدوران Z -> دوران الشبكة · الدوران Y -> الالتواء.	널의 배율 -> 간격/반지름 · Z 회전 -> 격자 회전 · Y 회전 -> 비틀기.	ヌルのスケール -> 間隔/半径 · Z回転 -> グリッドの回転 · Y回転 -> ツイスト。	空对象缩放 -> 间距/半径 · Z旋转 -> 网格旋转 · Y旋转 -> 扭曲。	नल का स्केल -> अंतर/त्रिज्या · Z घुमाव -> ग्रिड का घुमाव · Y घुमाव -> ट्विस्ट।	Skala null -> jarak/radius · Rotasi Z -> rotasi kisi · Rotasi Y -> puntiran.	Масштаб нулевого объекта -> шаг/радиус · Вращение Z -> вращение сетки · Вращение Y -> скручивание.
Escala/rotacao dele passam a modular a grade	Its scale/rotation now modulate the grid	Su escala/rotación pasan a modular la cuadrícula	يصبح مقياسه/دورانه متحكمًا في الشبكة	이제 그 배율/회전이 격자를 조절합니다	そのスケール/回転がグリッドを制御するようになります	它的缩放/旋转将开始调控网格	उसका स्केल/घुमाव अब ग्रिड को नियंत्रित करेगा	Skala/rotasinya kini memodulasi kisi	Его масштаб/вращение теперь управляют сеткой
Escalonar selecao	Stagger selection	Escalonar selección	تدريج التحديد	선택 항목 시차 배치	選択範囲をずらして配置	错开所选	चयन को क्रमबद्ध करें	Susun seleksi berjenjang	Расставить выделенное каскадом
Escolha Mover, Girar ou Escalar para ajustar	Choose Move, Rotate or Scale to adjust	Elige Mover, Girar o Escalar para ajustar	اختر تحريك أو تدوير أو تحجيم للضبط	이동, 회전 또는 크기 조절을 선택해 조정하세요	移動、回転、拡大・縮小のいずれかを選んで調整します	选择移动、旋转或缩放来调整	समायोजित करने के लिए खिसकाएँ, घुमाएँ या स्केल चुनें	Pilih Pindahkan, Putar, atau Skalakan untuk menyesuaikan	Выберите Переместить, Повернуть или Масштабировать, чтобы настроить
Escolha o estilo	Choose the style	Elige el estilo	اختر النمط	스타일 선택	スタイルを選択	选择样式	स्टाइल चुनें	Pilih gaya	Выберите стиль
Escolha uma foto ou vídeo. A IA ESRGAN amplia detalhes no aparelho, sem enviar sua mídia. Use 2× para arquivos menores ou 4× para ampliar mais.\n\nOs CCs mudam as cores: escolha um visual e ajuste a intensidade. Reduzir ruído suaviza granulação; Detalhes realça bordas.\n\nComparar processa uma imagem ou o primeiro quadro do vídeo. Gerar resultado processa tudo. Vídeos são salvos a 30 fps com o áudio original, recodificado. O tempo depende do arquivo e do celular.\n\nA IA pode alterar texturas; compare antes de salvar. O original permanece intacto.	Choose a photo or video. The ESRGAN AI upscales details on the device, without uploading your media. Use 2× for smaller files or 4× to enlarge more.\n\nThe CCs change the colors: pick a look and adjust the intensity. Reduce noise smooths grain; Details sharpens edges.\n\nCompare processes one image or the first frame of the video. Generate result processes everything. Videos are saved at 30 fps with the original audio, re-encoded. The time depends on the file and the phone.\n\nThe AI may alter textures; compare before saving. The original stays intact.	Elige una foto o un vídeo. La IA ESRGAN amplía los detalles en el dispositivo, sin enviar tu contenido. Usa 2× para archivos más pequeños o 4× para ampliar más.\n\nLos CCs cambian los colores: elige un estilo y ajusta la intensidad. Reducir ruido suaviza el grano; Detalles realza los bordes.\n\nComparar procesa una imagen o el primer fotograma del vídeo. Generar resultado lo procesa todo. Los vídeos se guardan a 30 fps con el audio original, recodificado. El tiempo depende del archivo y del móvil.\n\nLa IA puede alterar texturas; compara antes de guardar. El original permanece intacto.	اختر صورة أو فيديو. يقوم الذكاء الاصطناعي ESRGAN بتكبير التفاصيل على الجهاز دون إرسال وسائطك. استخدم 2× للملفات الأصغر أو 4× لتكبير أكبر.\n\nتغيّر CCs الألوان: اختر مظهرًا واضبط الشدة. تقليل التشويش ينعّم الحبيبات؛ التفاصيل تبرز الحواف.\n\nالمقارنة تعالج صورة واحدة أو الإطار الأول من الفيديو. إنشاء النتيجة يعالج كل شيء. تُحفظ مقاطع الفيديو بمعدل 30 fps مع الصوت الأصلي معاد الترميز. يعتمد الوقت على الملف والهاتف.\n\nقد يغيّر الذكاء الاصطناعي الملمس؛ قارن قبل الحفظ. يبقى الأصل سليمًا.	사진이나 동영상을 선택하세요. ESRGAN AI가 미디어를 전송하지 않고 기기에서 디테일을 확대합니다. 파일을 작게 하려면 2×, 더 크게 확대하려면 4×를 사용하세요.\n\nCC는 색상을 바꿉니다. 원하는 룩을 고르고 강도를 조절하세요. 노이즈 감소는 입자를 부드럽게 하고, 디테일은 가장자리를 또렷하게 합니다.\n\n비교는 이미지 한 장 또는 동영상의 첫 프레임을 처리합니다. 결과 생성은 전체를 처리합니다. 동영상은 원본 오디오를 다시 인코딩해 30 fps로 저장됩니다. 소요 시간은 파일과 휴대폰에 따라 다릅니다.\n\nAI가 질감을 바꿀 수 있으니 저장하기 전에 비교하세요. 원본은 그대로 유지됩니다.	写真または動画を選択します。ESRGAN AIがメディアを送信せず、端末上でディテールを拡大します。ファイルを小さくしたい場合は2×、もっと拡大したい場合は4×を使います。\n\nCCは色を変えます。ルックを選んで強度を調整してください。ノイズを低減は粒状感を滑らかにし、詳細はエッジを強調します。\n\n比較は画像1枚または動画の最初のフレームを処理します。結果を生成はすべてを処理します。動画は元の音声を再エンコードして30 fpsで保存されます。所要時間はファイルと端末によって異なります。\n\nAIは質感を変えることがあります。保存する前に比較してください。元のファイルはそのまま残ります。	选择一张照片或一段视频。ESRGAN AI 在设备上放大细节，不会上传你的媒体。文件较小时用 2×，想放大更多用 4×。\n\nCC 用于改变颜色：选择一种风格并调节强度。降噪可平滑颗粒；细节可锐化边缘。\n\n对比只处理一张图片或视频的第一帧。生成结果会处理全部内容。视频以 30 fps 保存，并保留重新编码后的原始音频。耗时取决于文件和手机。\n\nAI 可能改变纹理；保存前请先对比。原文件保持不变。	एक फ़ोटो या वीडियो चुनें। ESRGAN AI आपकी मीडिया भेजे बिना डिवाइस पर ही विवरण बढ़ाता है। छोटी फ़ाइलों के लिए 2× या और बड़ा करने के लिए 4× इस्तेमाल करें।\n\nCC रंग बदलते हैं: एक लुक चुनें और तीव्रता समायोजित करें। शोर कम करें दानेदारपन को नरम करता है; विवरण किनारों को उभारता है।\n\nतुलना एक छवि या वीडियो के पहले फ़्रेम को प्रोसेस करती है। परिणाम बनाएँ सब कुछ प्रोसेस करता है। वीडियो मूल ऑडियो के साथ, फिर से एन्कोड करके, 30 fps पर सहेजे जाते हैं। समय फ़ाइल और फ़ोन पर निर्भर करता है।\n\nAI बनावट बदल सकता है; सहेजने से पहले तुलना करें। मूल फ़ाइल जैसी की तैसी रहती है।	Pilih foto atau video. AI ESRGAN memperbesar detail di perangkat, tanpa mengirim media Anda. Gunakan 2× untuk berkas yang lebih kecil atau 4× untuk memperbesar lebih jauh.\n\nCC mengubah warna: pilih tampilan dan atur intensitasnya. Kurangi derau menghaluskan butiran; Detail mempertajam tepi.\n\nBandingkan memproses satu gambar atau bingkai pertama video. Buat hasil memproses semuanya. Video disimpan pada 30 fps dengan audio asli yang dienkode ulang. Lamanya tergantung berkas dan ponsel.\n\nAI dapat mengubah tekstur; bandingkan sebelum menyimpan. Berkas asli tetap utuh.	Выберите фото или видео. ИИ ESRGAN увеличивает детали прямо на устройстве, не отправляя ваши файлы. Используйте 2× для файлов поменьше или 4× для большего увеличения.\n\nCC меняют цвета: выберите образ и настройте интенсивность. Уменьшить шум сглаживает зерно; Детали подчёркивают края.\n\nСравнить обрабатывает одно изображение или первый кадр видео. Создать результат обрабатывает всё. Видео сохраняются с частотой 30 fps и исходным звуком, перекодированным. Время зависит от файла и телефона.\n\nИИ может менять текстуры; сравните перед сохранением. Оригинал остаётся нетронутым.
Escolha uma parte, avance o tempo e ajuste a pose. Cada ajuste grava um keyframe. O rig importado deforma a malha pelos pesos dos ossos.	Choose a part, move the time forward and adjust the pose. Each adjustment records a keyframe. The imported rig deforms the mesh through the bone weights.	Elige una parte, avanza el tiempo y ajusta la pose. Cada ajuste graba un fotograma clave. El rig importado deforma la malla mediante los pesos de los huesos.	اختر جزءًا، وقدّم الوقت، واضبط الوضعية. كل تعديل يسجّل إطارًا مفتاحيًا. الهيكل المستورد يشوّه الشبكة وفق أوزان العظام.	부위를 선택하고 시간을 앞으로 옮긴 뒤 포즈를 조정하세요. 조정할 때마다 키프레임이 기록됩니다. 가져온 리그는 본 가중치로 메시를 변형합니다.	パーツを選び、時間を進めてポーズを調整します。調整するたびにキーフレームが記録されます。読み込んだリグはボーンのウェイトでメッシュを変形します。	选择一个部位，推进时间并调整姿势。每次调整都会记录一个关键帧。导入的绑定通过骨骼权重使网格变形。	एक हिस्सा चुनें, समय आगे बढ़ाएँ और पोज़ समायोजित करें। हर समायोजन एक कीफ़्रेम दर्ज करता है। आयातित रिग हड्डियों के वज़न से मेश को विकृत करता है।	Pilih satu bagian, majukan waktu, lalu atur posenya. Setiap penyesuaian merekam satu keyframe. Rig yang diimpor mengubah bentuk mesh lewat bobot tulang.	Выберите часть, продвиньте время и настройте позу. Каждая правка записывает ключевой кадр. Импортированный риг деформирует сетку по весам костей.
Escolher	Choose	Elegir	اختيار	선택	選択	选择	चुनें	Pilih	Выбрать
Escolher outro estilo	Choose another style	Elegir otro estilo	اختيار نمط آخر	다른 스타일 선택	別のスタイルを選択	选择其他样式	दूसरा स्टाइल चुनें	Pilih gaya lain	Выбрать другой стиль
Escolher qualquer cor	Choose any color	Elegir cualquier color	اختيار أي لون	원하는 색상 선택	好きな色を選択	选择任意颜色	कोई भी रंग चुनें	Pilih warna apa pun	Выбрать любой цвет
Escolher video	Choose video	Elegir vídeo	اختيار فيديو	동영상 선택	動画を選択	选择视频	वीडियो चुनें	Pilih video	Выбрать видео
Escreva o texto	Type the text	Escribe el texto	اكتب النص	텍스트를 입력하세요	テキストを入力	输入文本	टेक्स्ट लिखें	Tulis teksnya	Введите текст
Espaco	Spacing	Espaciado	التباعد	간격	間隔	间距	अंतर	Jarak	Интервал
Espaco exato	Exact spacing	Espaciado exacto	تباعد دقيق	정확한 간격	正確な間隔	精确间距	सटीक अंतर	Jarak tepat	Точный интервал
Espessura	Thickness	Grosor	السماكة	두께	太さ	粗细	मोटाई	Ketebalan	Толщина
ESRGAN • processamento no aparelho	ESRGAN • on-device processing	ESRGAN • procesamiento en el dispositivo	ESRGAN • معالجة على الجهاز	ESRGAN • 기기 내 처리	ESRGAN • 端末内で処理	ESRGAN • 设备端处理	ESRGAN • डिवाइस पर प्रोसेसिंग	ESRGAN • pemrosesan di perangkat	ESRGAN • обработка на устройстве
Esta camada nao tem cor editavel.	This layer has no editable color.	Esta capa no tiene color editable.	هذه الطبقة ليس لها لون قابل للتعديل.	이 레이어에는 편집할 수 있는 색상이 없습니다.	このレイヤーには編集できる色がありません。	此图层没有可编辑的颜色。	इस लेयर में संपादन योग्य रंग नहीं है।	Lapisan ini tidak punya warna yang bisa diedit.	У этого слоя нет редактируемого цвета.
Esta camada nao tem forma parametrica para ajustar.	This layer has no parametric shape to adjust.	Esta capa no tiene una forma paramétrica que ajustar.	هذه الطبقة ليس لها شكل بارامتري لضبطه.	이 레이어에는 조정할 수 있는 파라메트릭 도형이 없습니다.	このレイヤーには調整できるパラメトリックシェイプがありません。	此图层没有可调整的参数化形状。	इस लेयर में समायोजित करने के लिए पैरामीट्रिक आकार नहीं है।	Lapisan ini tidak punya bentuk parametrik untuk diatur.	У этого слоя нет параметрической фигуры для настройки.
Esta forma e um caminho desenhado (sem parametros). Converta para editar Tamanho, Arredondamento, Pontas e afins — animaveis.	This shape is a drawn path (no parameters). Convert it to edit Size, Roundness, Points and the like — animatable.	Esta forma es un trazado dibujado (sin parámetros). Conviértela para editar Tamaño, Redondeo, Puntas y similares — animables.	هذا الشكل مسار مرسوم (بلا معاملات). حوّله لتعديل الحجم والاستدارة والرؤوس وما شابه — وكلها قابلة للتحريك.	이 도형은 그린 경로입니다(매개변수 없음). 변환하면 크기, 둥글기, 꼭짓점 등을 편집할 수 있습니다 — 애니메이션 가능.	このシェイプは描画したパスです（パラメータなし）。変換すると、サイズ、丸み、頂点などを編集できます — アニメーション可能。	此形状是绘制的路径（无参数）。转换后可编辑大小、圆角、顶点等 — 均可制作动画。	यह आकार एक बनाया हुआ पाथ है (बिना पैरामीटर)। आकार, गोलाई, कोने आदि संपादित करने के लिए इसे बदलें — ये एनिमेट हो सकते हैं।	Bentuk ini adalah jalur yang digambar (tanpa parameter). Konversi untuk mengedit Ukuran, Kebulatan, Ujung, dan sejenisnya — bisa dianimasikan.	Эта фигура — нарисованный путь (без параметров). Преобразуйте её, чтобы редактировать Размер, Скругление, Вершины и подобное — с анимацией.
Esta forma nao tem esse numero	This shape doesn't have that number	Esta forma no tiene ese número	هذا الشكل ليس له هذا الرقم	이 도형에는 그 숫자가 없습니다	このシェイプにはその数値がありません	此形状没有该数值	इस आकार में वह संख्या नहीं है	Bentuk ini tidak punya angka tersebut	У этой фигуры нет такого числа
Esta legenda foi gerada em frases. O destaque precisa do tempo por palavra — gere de novo no modo Palavra por palavra.	These captions were generated as sentences. Highlighting needs per-word timing — generate again in Word by word mode.	Estos subtítulos se generaron por frases. El resaltado necesita el tiempo por palabra — genéralos de nuevo en el modo Palabra por palabra.	تم إنشاء هذه الترجمة على شكل جمل. يحتاج التمييز إلى توقيت لكل كلمة — أعد الإنشاء في وضع كلمة بكلمة.	이 자막은 문장 단위로 생성되었습니다. 강조에는 단어별 시간이 필요합니다 — 단어별 모드로 다시 생성하세요.	この字幕は文単位で生成されています。ハイライトには単語ごとのタイミングが必要です — 単語ごとモードで再生成してください。	此字幕按句子生成。高亮需要逐词时间 — 请在逐词模式下重新生成。	यह कैप्शन वाक्यों में बनाया गया था। हाइलाइट के लिए हर शब्द का समय चाहिए — शब्द-दर-शब्द मोड में फिर से बनाएँ।	Subtitel ini dibuat per kalimat. Sorotan membutuhkan waktu per kata — buat ulang dalam mode Kata per kata.	Эти субтитры созданы по фразам. Для подсветки нужно время каждого слова — создайте заново в режиме Слово за словом.
Esta propriedade precisa de 2 ou mais keyframes para ter loop.	This property needs 2 or more keyframes to loop.	Esta propiedad necesita 2 o más fotogramas clave para tener bucle.	تحتاج هذه الخاصية إلى 2 أو أكثر من الإطارات المفتاحية لتكرارها.	이 속성을 반복하려면 키프레임이 2개 이상 필요합니다.	このプロパティをループさせるには2つ以上のキーフレームが必要です。	此属性需要 2 个或更多关键帧才能循环。	लूप के लिए इस प्रॉपर्टी में 2 या अधिक कीफ़्रेम चाहिए।	Properti ini membutuhkan 2 keyframe atau lebih untuk bisa diulang.	Для зацикливания этому свойству нужно 2 или больше ключевых кадров.
Esta transicao precisa de quadros alem do corte. Encurte a transicao ou congele as pontas.	This transition needs frames beyond the cut. Shorten the transition or freeze the ends.	Esta transición necesita fotogramas más allá del corte. Acorta la transición o congela los extremos.	يحتاج هذا الانتقال إلى إطارات تتجاوز القطع. قصّر الانتقال أو جمّد الطرفين.	이 전환에는 컷 너머의 프레임이 필요합니다. 전환을 줄이거나 양 끝을 고정하세요.	このトランジションにはカットの先のフレームが必要です。トランジションを短くするか、両端をフリーズしてください。	此转场需要剪切点之外的帧。请缩短转场或冻结两端。	इस ट्रांज़िशन को कट से आगे के फ़्रेम चाहिए। ट्रांज़िशन छोटा करें या सिरों को फ़्रीज़ करें।	Transisi ini membutuhkan bingkai di luar potongan. Perpendek transisinya atau bekukan ujung-ujungnya.	Этому переходу нужны кадры за пределами среза. Укоротите переход или заморозьте концы.
Estabilizar	Stabilize	Estabilizar	تثبيت	안정화	スタビライズ	防抖	स्थिर करें	Stabilkan	Стабилизировать
Este aparelho esta desenhando a cena no pintor em CPU: sem sombra nem brilho, e bem mais lento.	This device is drawing the scene with the CPU painter: no shadows or glow, and much slower.	Este dispositivo está dibujando la escena con el pintor en CPU: sin sombra ni brillo, y mucho más lento.	يرسم هذا الجهاز المشهد بالراسم على CPU: بلا ظلال ولا توهج، وأبطأ بكثير.	이 기기는 CPU 페인터로 장면을 그리고 있습니다. 그림자와 광택이 없고 훨씬 느립니다.	この端末はCPUペインターでシーンを描画しています。影や光沢がなく、かなり遅くなります。	此设备正在用 CPU 绘制器绘制场景：没有阴影和光泽，而且慢得多。	यह डिवाइस दृश्य को CPU पेंटर से बना रहा है: न छाया, न चमक, और काफ़ी धीमा।	Perangkat ini menggambar adegan dengan pelukis CPU: tanpa bayangan maupun kilau, dan jauh lebih lambat.	Это устройство рисует сцену CPU-отрисовщиком: без теней и бликов, и намного медленнее.
Este apelido é único e assinará seus vídeos e templates no mural.	This nickname is unique and will sign your videos and templates on the board.	Este apodo es único y firmará tus vídeos y plantillas en el mural.	هذا الاسم المستعار فريد وسيوقّع مقاطعك وقوالبك على اللوحة.	이 닉네임은 고유하며 게시판에 올린 동영상과 템플릿에 서명으로 표시됩니다.	このニックネームは一意で、掲示板に投稿する動画やテンプレートの署名になります。	此昵称是唯一的，将作为你在社区墙上视频和模板的署名。	यह उपनाम अद्वितीय है और बोर्ड पर आपके वीडियो और टेम्पलेट पर आपके नाम के रूप में दिखेगा।	Nama panggilan ini unik dan akan menandai video serta template Anda di papan.	Этот никнейм уникален и будет подписью к вашим видео и шаблонам на стене.
Estilo	Style	Estilo	النمط	스타일	スタイル	样式	स्टाइल	Gaya	Стиль
Estilo da legenda	Caption style	Estilo de los subtítulos	نمط الترجمة	자막 스타일	字幕のスタイル	字幕样式	कैप्शन स्टाइल	Gaya subtitel	Стиль субтитров
Estilos de camada	Layer styles	Estilos de capa	أنماط الطبقة	레이어 스타일	レイヤースタイル	图层样式	लेयर स्टाइल	Gaya lapisan	Стили слоя
Estudio	Studio	Estudio	الاستوديو	스튜디오	スタジオ	工作室	स्टूडियो	Studio	Студия
Estúdio de animação gráfica, vídeo e 3D em tempo real.	Real-time motion graphics, video and 3D studio.	Estudio de animación gráfica, vídeo y 3D en tiempo real.	استوديو للرسوم المتحركة والفيديو والثلاثي الأبعاد في الوقت الفعلي.	실시간 모션 그래픽, 동영상, 3D 스튜디오.	リアルタイムのモーショングラフィックス、動画、3Dスタジオ。	实时动态图形、视频与 3D 工作室。	रीयल-टाइम मोशन ग्राफ़िक्स, वीडियो और 3D स्टूडियो।	Studio motion graphics, video, dan 3D secara real-time.	Студия моушн-графики, видео и 3D в реальном времени.
Etiqueta de cor	Color tag	Etiqueta de color	وسم اللون	색상 태그	カラータグ	颜色标记	रंग टैग	Tag warna	Цветовая метка
etiquetas: motion, 3d, tutorial	tags: motion, 3d, tutorial	etiquetas: motion, 3d, tutorial	وسوم: motion، 3d، tutorial	태그: motion, 3d, tutorial	タグ: motion, 3d, tutorial	标签：motion, 3d, tutorial	टैग: motion, 3d, tutorial	tag: motion, 3d, tutorial	теги: motion, 3d, tutorial
ex.: 120, 1080/3 ou 50%	e.g.: 120, 1080/3 or 50%	p. ej.: 120, 1080/3 o 50%	مثلًا: 120 أو 1080/3 أو 50%	예: 120, 1080/3 또는 50%	例: 120、1080/3、50%	例如：120、1080/3 或 50%	जैसे: 120, 1080/3 या 50%	mis.: 120, 1080/3, atau 50%	напр.: 120, 1080/3 или 50%
ex.: wiggle(2, 30) ou time * 90	e.g.: wiggle(2, 30) or time * 90	p. ej.: wiggle(2, 30) o time * 90	مثلًا: wiggle(2, 30) أو time * 90	예: wiggle(2, 30) 또는 time * 90	例: wiggle(2, 30) または time * 90	例如：wiggle(2, 30) 或 time * 90	जैसे: wiggle(2, 30) या time * 90	mis.: wiggle(2, 30) atau time * 90	напр.: wiggle(2, 30) или time * 90
ex: 8f4e2b0c1a9d...	e.g.: 8f4e2b0c1a9d...	p. ej.: 8f4e2b0c1a9d...	مثلًا: 8f4e2b0c1a9d...	예: 8f4e2b0c1a9d...	例: 8f4e2b0c1a9d...	例如：8f4e2b0c1a9d...	जैसे: 8f4e2b0c1a9d...	mis.: 8f4e2b0c1a9d...	напр.: 8f4e2b0c1a9d...
Excluir e fechar	Delete and close	Eliminar y cerrar	حذف وإغلاق	삭제하고 닫기	削除して閉じる	删除并关闭	हटाएँ और बंद करें	Hapus dan tutup	Удалить и закрыть
Expandir painel	Expand panel	Expandir panel	توسيع اللوحة	패널 펼치기	パネルを展開	展开面板	पैनल बड़ा करें	Perluas panel	Развернуть панель
Expandir prévia	Expand preview	Expandir vista previa	توسيع المعاينة	미리보기 펼치기	プレビューを展開	展开预览	पूर्वावलोकन बड़ा करें	Perluas pratinjau	Развернуть предпросмотр
Explore projetos reais, templates e criações no Cloudflare.	Explore real projects, templates and creations on Cloudflare.	Explora proyectos reales, plantillas y creaciones en Cloudflare.	استكشف مشاريع حقيقية وقوالب وإبداعات على Cloudflare.	Cloudflare에서 실제 프로젝트, 템플릿, 창작물을 둘러보세요.	Cloudflare上の実際のプロジェクト、テンプレート、作品を探索しましょう。	在 Cloudflare 上探索真实项目、模板和创作。	Cloudflare पर असली प्रोजेक्ट, टेम्पलेट और रचनाएँ देखें।	Jelajahi proyek nyata, template, dan karya di Cloudflare.	Изучайте реальные проекты, шаблоны и работы на Cloudflare.
Exponha um parametro pelo toque longo no nome dele (em breve) para quem usar este projeto como template.	Expose a parameter by long-pressing its name (coming soon) for whoever uses this project as a template.	Expón un parámetro con una pulsación larga en su nombre (próximamente) para quien use este proyecto como plantilla.	اعرض معاملًا بالضغط المطوّل على اسمه (قريبًا) لمن يستخدم هذا المشروع كقالب.	매개변수 이름을 길게 눌러(곧 제공) 이 프로젝트를 템플릿으로 쓰는 사람에게 노출하세요.	パラメータ名を長押しして（近日対応）、このプロジェクトをテンプレートとして使う人に公開します。	长按参数名称（即将推出）即可把它公开给使用此项目作为模板的人。	पैरामीटर के नाम को देर तक दबाकर (जल्द आ रहा है) उसे उन लोगों के लिए उजागर करें जो इस प्रोजेक्ट को टेम्पलेट की तरह इस्तेमाल करें।	Tampilkan parameter dengan menekan lama namanya (segera hadir) bagi siapa pun yang memakai proyek ini sebagai template.	Откройте параметр долгим нажатием на его имя (скоро), чтобы им могли пользоваться те, кто возьмёт этот проект как шаблон.
Exportar cena	Export scene	Exportar escena	تصدير المشهد	장면 내보내기	シーンを書き出す	导出场景	दृश्य निर्यात करें	Ekspor adegan	Экспорт сцены
Exportar Lottie (.json)	Export Lottie (.json)	Exportar Lottie (.json)	تصدير Lottie (.json)	Lottie 내보내기 (.json)	Lottieを書き出す (.json)	导出 Lottie (.json)	Lottie निर्यात करें (.json)	Ekspor Lottie (.json)	Экспорт Lottie (.json)
Exportar SVG animado	Export animated SVG	Exportar SVG animado	تصدير SVG متحرك	애니메이션 SVG 내보내기	アニメーションSVGを書き出す	导出动画 SVG	एनिमेटेड SVG निर्यात करें	Ekspor SVG animasi	Экспорт анимированного SVG
Exportar template	Export template	Exportar plantilla	تصدير القالب	템플릿 내보내기	テンプレートを書き出す	导出模板	टेम्पलेट निर्यात करें	Ekspor template	Экспорт шаблона
Exportar video	Export video	Exportar vídeo	تصدير الفيديو	동영상 내보내기	動画を書き出す	导出视频	वीडियो निर्यात करें	Ekspor video	Экспорт видео
Extrair	Extract	Extraer	استخراج	추출	抽出	提取	निकालें	Ekstrak	Извлечь
Extrair de video	Extract from video	Extraer de vídeo	استخراج من الفيديو	동영상에서 추출	動画から抽出	从视频中提取	वीडियो से निकालें	Ekstrak dari video	Извлечь из видео
Extrude 3D	3D extrude	Extrusión 3D	بثق ثلاثي الأبعاد	3D 돌출	3D押し出し	3D 挤出	3D एक्सट्रूड	Ekstrusi 3D	3D-экструзия
Fade	Fade	Fundido	تلاشٍ	페이드	フェード	淡入淡出	फ़ेड	Fade	Затухание
Fade de entrada	Fade in	Fundido de entrada	تلاشٍ للداخل	페이드 인	フェードイン	淡入	फ़ेड इन	Fade in	Плавное появление
Fade de saida	Fade out	Fundido de salida	تلاشٍ للخارج	페이드 아웃	フェードアウト	淡出	फ़ेड आउट	Fade out	Плавное исчезновение
FAIXA DE FREQUENCIA	FREQUENCY BAND	BANDA DE FRECUENCIA	نطاق التردد	주파수 대역	周波数帯域	频段	फ़्रीक्वेंसी बैंड	PITA FREKUENSI	ЧАСТОТНЫЙ ДИАПАЗОН
Falta sobra de midia	Not enough media handles	Falta margen de medios	لا توجد وسائط إضافية كافية	여유 미디어가 부족합니다	メディアの余白が足りません	媒体余量不足	मीडिया का अतिरिक्त हिस्सा कम है	Sisa media tidak cukup	Не хватает запаса медиа
Fechar a curva	Close the curve	Cerrar la curva	إغلاق المنحنى	곡선 닫기	カーブを閉じる	闭合曲线	कर्व बंद करें	Tutup kurva	Замкнуть кривую
Fechar adicionar	Close add	Cerrar añadir	إغلاق الإضافة	추가 닫기	追加を閉じる	关闭添加	जोड़ें बंद करें	Tutup tambah	Закрыть добавление
Fechar buracos	Close holes	Cerrar agujeros	سد الثقوب	구멍 메우기	穴を閉じる	封闭孔洞	छेद बंद करें	Tutup lubang	Закрыть отверстия
Fechar painel	Close panel	Cerrar panel	إغلاق اللوحة	패널 닫기	パネルを閉じる	关闭面板	पैनल बंद करें	Tutup panel	Закрыть панель
Filme	Film	Película	فيلم	필름	フィルム	胶片	फ़िल्म	Film	Плёнка
Filme (mm)	Film (mm)	Película (mm)	فيلم (mm)	필름 (mm)	フィルム (mm)	胶片 (mm)	फ़िल्म (mm)	Film (mm)	Плёнка (mm)
FLOR · Dez segundos de manhã	FLOR · Ten seconds of morning	FLOR · Diez segundos de mañana	FLOR · عشر ثوانٍ من الصباح	FLOR · 아침의 10초	FLOR · 朝の10秒	FLOR · 清晨十秒	FLOR · सुबह के दस सेकंड	FLOR · Sepuluh detik di pagi hari	FLOR · Десять секунд утра
Flutter + FFmpeg	Flutter + FFmpeg	Flutter + FFmpeg	Flutter + FFmpeg	Flutter + FFmpeg	Flutter + FFmpeg	Flutter + FFmpeg	Flutter + FFmpeg	Flutter + FFmpeg	Flutter + FFmpeg
Focal (mm)	Focal (mm)	Focal (mm)	البعد البؤري (مم)	초점 거리 (mm)	焦点距離 (mm)	焦距 (mm)	फ़ोकल (mm)	Fokal (mm)	Фокусное (мм)
Focar	Focus	Enfocar	تركيز	초점 맞추기	フォーカス	聚焦	फ़ोकस करें	Fokuskan	Сфокусировать
Focar (enquadrar o selecionado)	Focus (frame selection)	Enfocar (encuadrar la selección)	تركيز (تأطير المحدد)	초점 맞추기 (선택 항목 맞춤)	フォーカス（選択項目を画面に収める）	聚焦（对准所选对象）	फ़ोकस करें (चयनित को फ़्रेम में लाएँ)	Fokuskan (bingkai yang dipilih)	Сфокусировать (кадрировать выбранное)
Focar aqui	Focus here	Enfocar aquí	التركيز هنا	여기에 초점 맞추기	ここにフォーカス	聚焦此处	यहाँ फ़ोकस करें	Fokus di sini	Сфокусировать здесь
Foco	Focus	Enfoque	التركيز	초점	フォーカス	焦点	फ़ोकस	Fokus	Фокус
Foco da lente no selecionado	Lens focus on selection	Enfoque de la lente en la selección	تركيز العدسة على المحدد	선택 항목에 렌즈 초점	選択項目にレンズをフォーカス	镜头聚焦所选对象	चयनित पर लेंस फ़ोकस	Fokus lensa pada yang dipilih	Фокус объектива на выбранном
Fonte	Font	Fuente	الخط	글꼴	フォント	字体	फ़ॉन्ट	Font	Шрифт
FONTE (VÍDEO)	SOURCE (VIDEO)	FUENTE (VÍDEO)	المصدر (فيديو)	소스 (동영상)	ソース（動画）	来源（视频）	स्रोत (वीडियो)	SUMBER (VIDEO)	ИСТОЧНИК (ВИДЕО)
Fonte do Aurea	Aurea font	Fuente de Aurea	خط Aurea	Aurea 글꼴	Aurea のフォント	Aurea 字体	Aurea फ़ॉन्ट	Font Aurea	Шрифт Aurea
Forca	Strength	Fuerza	القوة	세기	強さ	力度	बल	Kekuatan	Сила
Forca do elastico	Elastic strength	Fuerza del elástico	قوة المرونة	탄성 세기	弾性の強さ	弹性力度	इलास्टिक बल	Kekuatan elastis	Сила упругости
Forca do reflexo do ambiente	Environment reflection strength	Fuerza del reflejo del entorno	قوة انعكاس البيئة	환경 반사 세기	環境反射の強さ	环境反射强度	परिवेश परावर्तन बल	Kekuatan refleksi lingkungan	Сила отражения окружения
Forma — geometria	Shape — geometry	Forma — geometría	الشكل — الهندسة	도형 — 지오메트리	シェイプ — ジオメトリ	形状 — 几何	आकार — ज्यामिति	Bentuk — geometri	Фигура — геометрия
Formato	Format	Formato	التنسيق	형식	形式	格式	फ़ॉर्मैट	Format	Формат
Força dos reflexos	Reflection strength	Fuerza de los reflejos	قوة الانعكاسات	반사 세기	反射の強さ	反射强度	परावर्तन बल	Kekuatan refleksi	Сила отражений
Fotografar ambiente	Capture environment	Fotografiar entorno	تصوير البيئة	환경 촬영	環境を撮影	拍摄环境	परिवेश की फ़ोटो लें	Potret lingkungan	Снять окружение
Fotos do sistema	System photos	Fotos del sistema	صور النظام	시스템 사진	システムの写真	系统照片	सिस्टम फ़ोटो	Foto sistem	Системные фото
FPS	FPS	FPS	FPS	FPS	FPS	FPS	FPS	FPS	FPS
Franja	Fringe	Franja	هامش لوني	프린지	フリンジ	色边	फ़्रिंज	Fringe	Кайма
Freeze	Freeze	Congelar	تجميد	정지	フリーズ	冻结	फ़्रीज़	Bekukan	Стоп-кадр
Frequencia	Frequency	Frecuencia	التردد	주파수	周波数	频率	आवृत्ति	Frekuensi	Частота
Fundo da composição	Composition background	Fondo de la composición	خلفية التكوين	컴포지션 배경	コンポジションの背景	合成背景	कंपोज़िशन की पृष्ठभूमि	Latar belakang komposisi	Фон композиции
Fundo proprio	Own background	Fondo propio	خلفية خاصة	자체 배경	独自の背景	自有背景	अपनी पृष्ठभूमि	Latar belakang sendiri	Собственный фон
Fundo, ceu, chao, reflexos e nevoa.	Background, sky, ground, reflections and fog.	Fondo, cielo, suelo, reflejos y niebla.	الخلفية والسماء والأرض والانعكاسات والضباب.	배경, 하늘, 바닥, 반사 및 안개.	背景、空、地面、反射、霧。	背景、天空、地面、反射和雾。	पृष्ठभूमि, आकाश, ज़मीन, परावर्तन और कोहरा।	Latar belakang, langit, tanah, refleksi, dan kabut.	Фон, небо, земля, отражения и туман.
Ganho	Gain	Ganancia	الكسب	게인	ゲイン	增益	गेन	Gain	Усиление
Girar com a curva	Rotate with the curve	Girar con la curva	التدوير مع المنحنى	곡선을 따라 회전	カーブに沿って回転	随曲线旋转	वक्र के साथ घुमाएँ	Putar mengikuti kurva	Поворачивать по кривой
Girar iris	Rotate iris	Girar iris	تدوير القزحية	조리개 회전	絞りを回転	旋转光圈	आइरिस घुमाएँ	Putar iris	Повернуть диафрагму
Girar X	Rotate X	Girar X	تدوير X	X 회전	X回転	旋转 X	X घुमाएँ	Putar X	Поворот X
Girar Y	Rotate Y	Girar Y	تدوير Y	Y 회전	Y回転	旋转 Y	Y घुमाएँ	Putar Y	Поворот Y
Girar Z	Rotate Z	Girar Z	تدوير Z	Z 회전	Z回転	旋转 Z	Z घुमाएँ	Putar Z	Поворот Z
Gire com a rotacao X/Y/Z normal da camada — ou vincule a um nulo 3D e gire o nulo.	Rotate with the layer's normal X/Y/Z rotation — or link it to a 3D null and rotate the null.	Gira con la rotación X/Y/Z normal de la capa — o vincúlala a un nulo 3D y gira el nulo.	قم بالتدوير باستخدام دوران X/Y/Z العادي للطبقة — أو اربطها بكائن فارغ ثلاثي الأبعاد ودوّر الكائن الفارغ.	레이어의 일반 X/Y/Z 회전으로 회전하세요 — 또는 3D 널에 연결한 뒤 널을 회전하세요.	レイヤー通常のX/Y/Z回転で回転します — または3Dヌルにリンクしてヌルを回転してください。	使用图层常规的 X/Y/Z 旋转进行旋转 — 或关联到 3D 空对象，再旋转该空对象。	लेयर के सामान्य X/Y/Z घुमाव से घुमाएँ — या इसे किसी 3D नल से लिंक करके नल को घुमाएँ।	Putar dengan rotasi X/Y/Z normal lapisan — atau tautkan ke null 3D lalu putar null-nya.	Вращайте обычным поворотом слоя по X/Y/Z — или привяжите к 3D-нулю и вращайте нуль.
Giro em X	X rotation	Giro en X	الدوران حول X	X축 회전	X軸回転	X 轴旋转	X घुमाव	Rotasi X	Вращение по X
Giro em Y	Y rotation	Giro en Y	الدوران حول Y	Y축 회전	Y軸回転	Y 轴旋转	Y घुमाव	Rotasi Y	Вращение по Y
Giro em Z	Z rotation	Giro en Z	الدوران حول Z	Z축 회전	Z軸回転	Z 轴旋转	Z घुमाव	Rotasi Z	Вращение по Z
glow, rgb split, pixelate...	glow, rgb split, pixelate...	brillo, separación rgb, pixelado...	توهج، فصل rgb، بكسلة...	글로우, rgb 분리, 픽셀화...	グロー、rgb分割、ピクセル化...	发光、rgb 分离、像素化...	ग्लो, rgb स्प्लिट, पिक्सलेट...	glow, pisah rgb, pikselasi...	свечение, разделение rgb, пикселизация...
Grade	Grid	Cuadrícula	الشبكة	그리드	グリッド	网格	ग्रिड	Grid	Сетка
Grade do chao	Ground grid	Cuadrícula del suelo	شبكة الأرض	바닥 그리드	地面グリッド	地面网格	ज़मीन की ग्रिड	Grid tanah	Сетка земли
Gradiente	Gradient	Degradado	تدرج	그라데이션	グラデーション	渐变	ग्रेडिएंट	Gradien	Градиент
Gradiente vetorial	Vector gradient	Degradado vectorial	تدرج متجهي	벡터 그라데이션	ベクターグラデーション	矢量渐变	वेक्टर ग्रेडिएंट	Gradien vektor	Векторный градиент
Gradiente: cores, posicoes e alcance	Gradient: colors, positions and range	Degradado: colores, posiciones y alcance	التدرج: الألوان والمواضع والمدى	그라데이션: 색상, 위치 및 범위	グラデーション：色、位置、範囲	渐变：颜色、位置和范围	ग्रेडिएंट: रंग, स्थिति और सीमा	Gradien: warna, posisi, dan jangkauan	Градиент: цвета, позиции и охват
Gravar pose	Save pose	Guardar pose	حفظ الوضعية	포즈 저장	ポーズを保存	保存姿势	पोज़ सहेजें	Simpan pose	Сохранить позу
Graves	Bass	Graves	الجهير	저음	低音	低音	बास	Bas	Басы
Grupo Vazio	Empty Group	Grupo Vacío	مجموعة فارغة	빈 그룹	空のグループ	空组	खाली समूह	Grup Kosong	Пустая группа
Gráfico de velocidade	Speed graph	Gráfico de velocidad	رسم السرعة البياني	속도 그래프	速度グラフ	速度图表	गति ग्राफ़	Grafik kecepatan	График скорости
Guarda o enquadramento atual com nome.	Saves the current framing under a name.	Guarda el encuadre actual con un nombre.	يحفظ التأطير الحالي باسم.	현재 구도를 이름을 붙여 저장합니다.	現在の構図に名前を付けて保存します。	将当前取景以名称保存。	वर्तमान फ़्रेमिंग को नाम के साथ सहेजता है।	Menyimpan pembingkaian saat ini dengan nama.	Сохраняет текущее кадрирование под именем.
Guarde este código para acessar seu perfil em outros aparelhos.	Keep this code to access your profile on other devices.	Guarda este código para acceder a tu perfil en otros dispositivos.	احتفظ بهذا الرمز للوصول إلى ملفك الشخصي على أجهزة أخرى.	다른 기기에서 프로필에 접근하려면 이 코드를 보관하세요.	他の端末でプロフィールにアクセスするには、このコードを保管してください。	请保存此代码，以便在其他设备上访问你的个人资料。	अन्य डिवाइस पर अपनी प्रोफ़ाइल तक पहुँचने के लिए यह कोड सँभालकर रखें।	Simpan kode ini untuk mengakses profil Anda di perangkat lain.	Сохраните этот код, чтобы открыть свой профиль на других устройствах.
Guia rapido, com busca	Quick guide, with search	Guía rápida, con búsqueda	دليل سريع، مع بحث	빠른 가이드, 검색 지원	クイックガイド、検索付き	快速指南，支持搜索	त्वरित गाइड, खोज के साथ	Panduan cepat, dengan pencarian	Краткое руководство с поиском
Guia rápido e ajuda dos efeitos · offline	Quick guide and effects help · offline	Guía rápida y ayuda de los efectos · sin conexión	دليل سريع ومساعدة التأثيرات · دون اتصال	빠른 가이드 및 효과 도움말 · 오프라인	クイックガイドとエフェクトのヘルプ · オフライン	快速指南与效果帮助 · 离线	त्वरित गाइड और इफ़ेक्ट सहायता · ऑफ़लाइन	Panduan cepat dan bantuan efek · offline	Краткое руководство и справка по эффектам · офлайн
Guia rápido • disponível sem internet	Quick guide • available offline	Guía rápida • disponible sin internet	دليل سريع • متاح دون إنترنت	빠른 가이드 • 인터넷 없이 이용 가능	クイックガイド • インターネットなしで利用可能	快速指南 • 无需网络即可使用	त्वरित गाइड • बिना इंटरनेट उपलब्ध	Panduan cepat • tersedia tanpa internet	Краткое руководство • доступно без интернета
HEX	HEX	HEX	HEX	HEX	HEX	HEX	HEX	HEX	HEX
Histórico de novidades	What's new history	Historial de novedades	سجل المستجدات	새로운 기능 기록	新機能の履歴	更新历史	नई सुविधाओं का इतिहास	Riwayat pembaruan	История обновлений
Hold	Hold	Mantener	تثبيت	홀드	ホールド	定格	होल्ड	Tahan	Удержание
Iluminação ambiente da cena	Scene ambient lighting	Iluminación ambiental de la escena	الإضاءة المحيطة للمشهد	장면 주변광	シーンの環境光	场景环境光	दृश्य की परिवेश रोशनी	Pencahayaan ambien adegan	Окружающее освещение сцены
Importar	Import	Importar	استيراد	가져오기	読み込む	导入	आयात करें	Impor	Импорт
Importar panorama	Import panorama	Importar panorama	استيراد بانوراما	파노라마 가져오기	パノラマを読み込む	导入全景图	पैनोरमा आयात करें	Impor panorama	Импорт панорамы
Inclinacao X	X skew	Inclinación X	الإمالة X	X 기울기	X傾斜	X 倾斜	X तिरछापन	Kemiringan X	Наклон по X
Inclinacao Y	Y skew	Inclinación Y	الإمالة Y	Y 기울기	Y傾斜	Y 倾斜	Y तिरछापन	Kemiringan Y	Наклон по Y
Inclinar X	Skew X	Inclinar X	إمالة X	X 기울이기	X方向に傾斜	倾斜 X	X तिरछा करें	Miringkan X	Наклонить по X
Inclinar Y	Skew Y	Inclinar Y	إمالة Y	Y 기울이기	Y方向に傾斜	倾斜 Y	Y तिरछा करें	Miringkan Y	Наклонить по Y
Incluir modelo e versao do sistema	Include device model and system version	Incluir modelo y versión del sistema	تضمين طراز الجهاز وإصدار النظام	기기 모델 및 시스템 버전 포함	端末のモデルとシステムのバージョンを含める	包含设备型号和系统版本	डिवाइस मॉडल और सिस्टम संस्करण शामिल करें	Sertakan model dan versi sistem	Включить модель устройства и версию системы
Inicio da nevoa	Fog start	Inicio de la niebla	بداية الضباب	안개 시작	霧の開始	雾起始	कोहरे की शुरुआत	Awal kabut	Начало тумана
Inserir aqui	Insert here	Insertar aquí	إدراج هنا	여기에 삽입	ここに挿入	在此插入	यहाँ डालें	Sisipkan di sini	Вставить здесь
Instagram	Instagram	Instagram	Instagram	Instagram	Instagram	Instagram	Instagram	Instagram	Instagram
Intensidade da luz	Light intensity	Intensidad de la luz	شدة الضوء	조명 강도	ライトの強度	灯光强度	प्रकाश की तीव्रता	Intensitas cahaya	Интенсивность света
Intensidade, cor, tipo e sombras.	Intensity, color, type and shadows.	Intensidad, color, tipo y sombras.	الشدة واللون والنوع والظلال.	강도, 색상, 유형 및 그림자.	強度、色、種類、シャドウ。	强度、颜色、类型和阴影。	तीव्रता, रंग, प्रकार और छाया।	Intensitas, warna, jenis, dan bayangan.	Интенсивность, цвет, тип и тени.
Interpolação de quadros (câmera lenta, na exportação)	Frame interpolation (slow motion, on export)	Interpolación de fotogramas (cámara lenta, al exportar)	استيفاء الإطارات (حركة بطيئة، عند التصدير)	프레임 보간 (슬로 모션, 내보내기 시)	フレーム補間（スローモーション、書き出し時）	帧插值（慢动作，导出时）	फ़्रेम इंटरपोलेशन (स्लो मोशन, निर्यात के समय)	Interpolasi frame (gerak lambat, saat ekspor)	Интерполяция кадров (замедленная съёмка, при экспорте)
Intervalo	Interval	Intervalo	الفاصل	간격	間隔	间隔	अंतराल	Interval	Интервал
Inverter	Invert	Invertir	عكس	반전	反転	反转	उलटें	Balikkan	Инвертировать
Inverter a curva	Invert the curve	Invertir la curva	عكس المنحنى	곡선 반전	カーブを反転	反转曲线	वक्र उलटें	Balikkan kurva	Инвертировать кривую
Inverter no tempo	Reverse in time	Invertir en el tiempo	عكس الزمن	시간 반전	時間を反転	时间反转	समय उलटें	Balikkan waktu	Обратить по времени
Inverter o sentido	Reverse direction	Invertir el sentido	عكس الاتجاه	방향 반전	方向を反転	反转方向	दिशा उलटें	Balikkan arah	Обратить направление
Ir	Go	Ir	انتقال	이동	移動	前往	जाएँ	Pergi	Перейти
Ir ao primeiro trecho	Go to first segment	Ir al primer segmento	الانتقال إلى المقطع الأول	첫 구간으로 이동	最初の区間へ移動	转到第一段	पहले खंड पर जाएँ	Ke segmen pertama	К первому фрагменту
Ir para a proxima marca	Go to next marker	Ir a la siguiente marca	الانتقال إلى العلامة التالية	다음 마커로 이동	次のマーカーへ移動	转到下一个标记	अगले मार्कर पर जाएँ	Ke penanda berikutnya	К следующему маркеру
Ir para o tempo	Go to time	Ir al tiempo	الانتقال إلى الوقت	시간으로 이동	時間へ移動	转到时间	समय पर जाएँ	Ke waktu	Перейти ко времени
Isolar (esconde o resto)	Isolate (hides the rest)	Aislar (oculta el resto)	عزل (يخفي الباقي)	격리 (나머지 숨김)	分離（他を隠す）	隔离（隐藏其余）	अलग करें (बाकी छिपाएँ)	Isolasi (sembunyikan yang lain)	Изолировать (скрыть остальное)
Juntar	Join	Unir	دمج	합치기	結合	合并	मिलाएँ	Gabungkan	Объединить
Keyframe	Keyframe	Fotograma clave	إطار مفتاحي	키프레임	キーフレーム	关键帧	कीफ़्रेम	Keyframe	Ключевой кадр
Keyframe anterior	Previous keyframe	Fotograma clave anterior	الإطار المفتاحي السابق	이전 키프레임	前のキーフレーム	上一个关键帧	पिछला कीफ़्रेम	Keyframe sebelumnya	Предыдущий ключевой кадр
Keyframe de tempo aqui	Time keyframe here	Fotograma clave de tiempo aquí	إطار مفتاحي زمني هنا	여기에 시간 키프레임	ここに時間キーフレーム	在此添加时间关键帧	यहाँ समय कीफ़्रेम	Keyframe waktu di sini	Ключевой кадр времени здесь
Largura do filme	Film width	Anchura de la película	عرض الفيلم	필름 너비	フィルム幅	胶片宽度	फ़िल्म की चौड़ाई	Lebar film	Ширина плёнки
Legendar	Add captions	Subtitular	إضافة ترجمة	자막 넣기	字幕を付ける	添加字幕	कैप्शन जोड़ें	Tambah subtitel	Добавить субтитры
Legendas	Captions	Subtítulos	الترجمة	자막	字幕	字幕	कैप्शन	Subtitel	Субтитры
Lente	Lens	Lente	العدسة	렌즈	レンズ	镜头	लेंस	Lensa	Объектив
Levantar	Raise	Levantar	رفع	올리기	上げる	抬起	उठाएँ	Naikkan	Поднять
Licencas de codigo aberto	Open source licenses	Licencias de código abierto	تراخيص المصدر المفتوح	오픈소스 라이선스	オープンソースライセンス	开源许可	ओपन सोर्स लाइसेंस	Lisensi sumber terbuka	Лицензии открытого ПО
Ligar a profundidade de campo	Turn on depth of field	Activar la profundidad de campo	تشغيل عمق الميدان	피사계 심도 켜기	被写界深度をオンにする	开启景深	डेप्थ ऑफ़ फ़ील्ड चालू करें	Aktifkan kedalaman bidang	Включить глубину резкости
Ligar traco	Turn on stroke	Activar trazo	تشغيل الحد	선 켜기	線をオンにする	开启描边	स्ट्रोक चालू करें	Aktifkan goresan	Включить обводку
Limiar	Threshold	Umbral	العتبة	임계값	しきい値	阈值	थ्रेशोल्ड	Ambang	Порог
Limpar	Clear	Limpiar	مسح	지우기	クリア	清除	साफ़ करें	Bersihkan	Очистить
Limpar as marcas	Clear markers	Limpiar las marcas	مسح العلامات	마커 지우기	マーカーをクリア	清除标记	मार्कर साफ़ करें	Bersihkan penanda	Очистить маркеры
Limpar busca	Clear search	Limpiar búsqueda	مسح البحث	검색 지우기	検索をクリア	清除搜索	खोज साफ़ करें	Bersihkan pencarian	Очистить поиск
Limpar guias	Clear guides	Limpiar guías	مسح خطوط الإرشاد	안내선 지우기	ガイドをクリア	清除参考线	गाइड साफ़ करें	Bersihkan garis panduan	Очистить направляющие
Limpar ruido	Clean noise	Limpiar ruido	إزالة الضوضاء	노이즈 제거	ノイズを除去	清除噪声	शोर हटाएँ	Bersihkan derau	Убрать шум
Limpar selecao	Clear selection	Limpiar selección	مسح التحديد	선택 해제	選択を解除	清除选择	चयन साफ़ करें	Bersihkan pilihan	Снять выделение
Limpar tomadas	Clear shots	Limpiar tomas	مسح اللقطات	샷 지우기	ショットを消去	清除镜头	शॉट साफ़ करें	Hapus shot	Очистить дубли
Linear	Linear	Lineal	خطي	선형	リニア	线性	रैखिक	Linear	Линейный
Linhas Y	Y lines	Líneas Y	خطوط Y	Y 선	Y方向の線	Y 线	Y रेखाएँ	Garis Y	Линии Y
Linkar a objeto nulo ou objeto	Link to null object or object	Vincular a objeto nulo u objeto	ربط بكائن فارغ أو كائن	널 오브젝트 또는 오브젝트에 연결	ヌルオブジェクトまたはオブジェクトにリンク	关联到空对象或对象	नल ऑब्जेक्ट या ऑब्जेक्ट से लिंक करें	Tautkan ke objek null atau objek	Связать с нулевым объектом или объектом
LOD	LOD	LOD	LOD	LOD	LOD	LOD	LOD	LOD	LOD
Loop de keyframes	Keyframe loop	Bucle de fotogramas clave	تكرار الإطارات المفتاحية	키프레임 루프	キーフレームのループ	关键帧循环	कीफ़्रेम लूप	Loop keyframe	Цикл ключевых кадров
Loop: nenhum	Loop: none	Bucle: ninguno	التكرار: بلا	루프: 없음	ループ：なし	循环：无	लूप: कोई नहीं	Loop: tidak ada	Цикл: нет
Loop: repetir	Loop: repeat	Bucle: repetir	التكرار: إعادة	루프: 반복	ループ：繰り返し	循环：重复	लूप: दोहराएँ	Loop: ulangi	Цикл: повтор
Loop: vai e volta	Loop: ping-pong	Bucle: ida y vuelta	التكرار: ذهابًا وإيابًا	루프: 왕복	ループ：往復	循环：往返	लूप: आगे-पीछे	Loop: bolak-balik	Цикл: туда-обратно
Luz ambiente	Ambient light	Luz ambiental	الإضاءة المحيطة	환경광	環境光	环境光	परिवेश प्रकाश	Cahaya ambien	Окружающий свет
Luz ambiente da cena	Scene ambient light	Luz ambiental de la escena	الإضاءة المحيطة للمشهد	장면 환경광	シーンの環境光	场景环境光	दृश्य का परिवेश प्रकाश	Cahaya ambien adegan	Окружающий свет сцены
Mais	More	Más	المزيد	더보기	その他	更多	और	Lainnya	Ещё
Mais formas	More shapes	Más formas	المزيد من الأشكال	더 많은 도형	その他のシェイプ	更多形状	और आकार	Bentuk lainnya	Другие фигуры
MAIUSCULAS	UPPERCASE	MAYÚSCULAS	أحرف كبيرة	대문자	大文字	大写	अपरकेस	HURUF BESAR	ПРОПИСНЫЕ
Manter tom do audio	Keep audio pitch	Mantener el tono del audio	الحفاظ على طبقة الصوت	오디오 피치 유지	音声のピッチを維持	保持音频音调	ऑडियो पिच बनाए रखें	Pertahankan nada audio	Сохранять высоту звука
Mapear o tom (ACES)	Tone mapping (ACES)	Mapeo de tonos (ACES)	تعيين الدرجات اللونية (ACES)	톤 매핑 (ACES)	トーンマッピング (ACES)	色调映射 (ACES)	टोन मैपिंग (ACES)	Pemetaan tona (ACES)	Тонмаппинг (ACES)
Marcar aqui	Mark here	Marcar aquí	وضع علامة هنا	여기에 마커	ここにマーカー	在此标记	यहाँ मार्क करें	Tandai di sini	Отметить здесь
Marcha, composicoes por segundo, memoria e o motor 3D.	Gear, compositions per second, memory and the 3D engine.	Marcha, composiciones por segundo, memoria y el motor 3D.	الترس، وعدد التركيبات في الثانية، والذاكرة، ومحرك 3D.	기어, 초당 합성 수, 메모리, 3D 엔진.	ギア、毎秒のコンポジション数、メモリ、3Dエンジン。	档位、每秒合成次数、内存和 3D 引擎。	गियर, प्रति सेकंड कंपोज़िशन, मेमोरी और 3D इंजन।	Gigi, komposisi per detik, memori, dan mesin 3D.	Передача, композиций в секунду, память и 3D-движок.
Margens de titulo e acao no preview	Title and action safe margins in the preview	Márgenes de título y acción en la vista previa	هوامش العنوان والحركة في المعاينة	미리보기의 타이틀 및 액션 세이프 여백	プレビューのタイトル・アクションセーフ領域	预览中的标题和动作安全边距	पूर्वावलोकन में टाइटल और एक्शन सेफ़ मार्जिन	Margin judul dan aksi di pratinjau	Поля заголовка и действия на предпросмотре
Materiais originais do modelo	Model's original materials	Materiales originales del modelo	خامات النموذج الأصلية	모델의 원본 재질	モデル本来のマテリアル	模型原始材质	मॉडल के मूल मैटेरियल	Material asli model	Исходные материалы модели
Medios	Mids	Medios	الترددات المتوسطة	중음	中音域	中频	मिड	Mid	Средние
Metalico	Metallic	Metálico	معدني	금속성	メタリック	金属度	धात्विक	Metalik	Металличность
Mini-vista	Mini view	Minivista	عرض مصغر	미니 뷰	ミニビュー	迷你视图	मिनी व्यू	Tampilan mini	Мини-вид
Mistura e opacidade	Blending and opacity	Fusión y opacidad	المزج والعتامة	혼합 및 불투명도	ブレンドと不透明度	混合与不透明度	ब्लेंडिंग और अपारदर्शिता	Pencampuran dan opasitas	Наложение и непрозрачность
Modelo	Model	Modelo	نموذج	모델	モデル	模型	मॉडल	Model	Модель
Modelo indisponivel.	Model unavailable.	Modelo no disponible.	النموذج غير متاح.	모델을 사용할 수 없습니다.	モデルは利用できません。	模型不可用。	मॉडल उपलब्ध नहीं है।	Model tidak tersedia.	Модель недоступна.
Modelo pesado	Heavy model	Modelo pesado	نموذج ثقيل	무거운 모델	重いモデル	模型过大	भारी मॉडल	Model berat	Тяжёлая модель
Modo avancado	Advanced mode	Modo avanzado	الوضع المتقدم	고급 모드	詳細モード	高级模式	उन्नत मोड	Mode lanjutan	Расширенный режим
Modo compativel com Lottie: avisa sobre o que nao sobrevive enquanto voce monta.	Lottie-compatible mode: warns about what won't survive while you build.	Modo compatible con Lottie: avisa de lo que no sobrevivirá mientras montas.	وضع متوافق مع Lottie: ينبهك إلى ما لن يُحفظ أثناء التركيب.	Lottie 호환 모드: 작업하는 동안 유지되지 않는 요소를 알려 줍니다.	Lottie互換モード：作成中に失われる要素を警告します。	Lottie 兼容模式：在制作时提示哪些内容无法保留。	Lottie-संगत मोड: बनाते समय बताता है कि क्या नहीं बचेगा।	Mode kompatibel Lottie: memberi tahu apa yang tidak akan bertahan saat Anda menyusun.	Режим совместимости с Lottie: предупреждает о том, что не сохранится, пока вы собираете.
Modo rascunho 3D	3D draft mode	Modo borrador 3D	وضع المسودة 3D	3D 초안 모드	3Dドラフトモード	3D 草稿模式	3D ड्राफ़्ट मोड	Mode draf 3D	Черновой режим 3D
Modulo Grade	Grid module	Módulo Cuadrícula	وحدة الشبكة	그리드 모듈	グリッドモジュール	网格模块	ग्रिड मॉड्यूल	Modul Grid	Модуль «Сетка»
Mola	Spring	Resorte	نابض	스프링	スプリング	弹簧	स्प्रिंग	Pegas	Пружина
Mola interface	Interface spring	Resorte de interfaz	نابض الواجهة	인터페이스 스프링	インターフェーススプリング	界面弹簧	इंटरफ़ेस स्प्रिंग	Pegas antarmuka	Пружина интерфейса
Mola suave	Soft spring	Resorte suave	نابض ناعم	부드러운 스프링	ソフトスプリング	柔和弹簧	नरम स्प्रिंग	Pegas lembut	Мягкая пружина
MONOLITO · O astronauta e a porta	MONOLITH · The astronaut and the door	MONOLITO · El astronauta y la puerta	المونوليث · رائد الفضاء والباب	모놀리스 · 우주비행사와 문	モノリス · 宇宙飛行士と扉	巨石 · 宇航员与门	मोनोलिथ · अंतरिक्ष यात्री और दरवाज़ा	MONOLIT · Astronaut dan pintu	МОНОЛИТ · Астронавт и дверь
Morfar para...	Morph to...	Transformar en...	تحويل إلى...	다음으로 모핑...	モーフ先...	变形为...	इसमें मॉर्फ़ करें...	Morf ke...	Морфинг в...
Morph	Morph	Morph	مورف	모프	モーフ	变形	मॉर्फ़	Morph	Морфинг
Mostrar grade	Show grid	Mostrar cuadrícula	إظهار الشبكة	그리드 표시	グリッドを表示	显示网格	ग्रिड दिखाएँ	Tampilkan grid	Показать сетку
Mostrar panorama no fundo	Show panorama in background	Mostrar panorama en el fondo	إظهار البانوراما في الخلفية	배경에 파노라마 표시	背景にパノラマを表示	在背景显示全景图	पृष्ठभूमि में पैनोरमा दिखाएँ	Tampilkan panorama di latar belakang	Показывать панораму на фоне
Mostrar rig	Show rig	Mostrar rig	إظهار الهيكل	리그 표시	リグを表示	显示骨架	रिग दिखाएँ	Tampilkan rig	Показать риг
Mostre seus projetos na aba Comunidade.	Show your projects in the Community tab.	Muestra tus proyectos en la pestaña Comunidad.	اعرض مشاريعك في تبويب المجتمع.	커뮤니티 탭에서 프로젝트를 공개해 보세요.	コミュニティタブであなたのプロジェクトを公開しましょう。	在社区标签页展示你的项目。	अपने प्रोजेक्ट समुदाय टैब में दिखाएँ।	Tampilkan proyek Anda di tab Komunitas.	Покажите свои проекты во вкладке «Сообщество».
Motion blur	Motion blur	Desenfoque de movimiento	ضبابية الحركة	모션 블러	モーションブラー	运动模糊	मोशन ब्लर	Motion blur	Размытие в движении
Motor 3D	3D engine	Motor 3D	محرك 3D	3D 엔진	3Dエンジン	3D 引擎	3D इंजन	Mesin 3D	3D-движок
Mover efeito para baixo	Move effect down	Mover efecto hacia abajo	نقل التأثير لأسفل	효과 아래로 이동	エフェクトを下へ移動	下移效果	इफ़ेक्ट नीचे ले जाएँ	Pindahkan efek ke bawah	Переместить эффект вниз
Mover efeito para cima	Move effect up	Mover efecto hacia arriba	نقل التأثير لأعلى	효과 위로 이동	エフェクトを上へ移動	上移效果	इफ़ेक्ट ऊपर ले जाएँ	Pindahkan efek ke atas	Переместить эффект вверх
Mover fim para o cabeçote	Move end to playhead	Mover el fin al cabezal	نقل النهاية إلى رأس التشغيل	끝을 재생 헤드로 이동	終了点を再生ヘッドへ移動	将结束点移到播放头	अंत को प्लेहेड पर ले जाएँ	Pindahkan akhir ke playhead	Переместить конец к курсору воспроизведения
Mover início para o cabeçote	Move start to playhead	Mover el inicio al cabezal	نقل البداية إلى رأس التشغيل	시작을 재생 헤드로 이동	開始点を再生ヘッドへ移動	将起始点移到播放头	शुरुआत को प्लेहेड पर ले जाएँ	Pindahkan awal ke playhead	Переместить начало к курсору воспроизведения
Mover um valor muda qual instante da fonte aparece. Os diamantes tambem ficam visiveis na timeline.	Moving a value changes which moment of the source is shown. The diamonds are also visible on the timeline.	Mover un valor cambia qué instante de la fuente se muestra. Los rombos también quedan visibles en la línea de tiempo.	تحريك قيمة يغيّر أي لحظة من المصدر تظهر. تبقى المعيّنات ظاهرة أيضًا في الخط الزمني.	값을 이동하면 소스의 어느 순간이 표시되는지 바뀝니다. 다이아몬드는 타임라인에도 표시됩니다.	値を動かすと、ソースのどの瞬間が表示されるかが変わります。ダイヤモンドはタイムラインにも表示されます。	移动数值会改变显示源素材的哪个时刻。菱形标记也会显示在时间轴上。	किसी मान को हिलाने से स्रोत का कौन सा क्षण दिखेगा, यह बदल जाता है। डायमंड टाइमलाइन पर भी दिखाई देते हैं।	Menggeser nilai mengubah momen sumber mana yang tampil. Berlian juga tetap terlihat di linimasa.	Сдвиг значения меняет, какой момент источника показывается. Ромбы также видны на таймлайне.
Movimentação e transformação	Movement and transform	Movimiento y transformación	الحركة والتحويل	이동 및 변형	移動と変形	移动与变换	गति और रूपांतरण	Gerakan dan transformasi	Движение и трансформация
Mudar os ajustes e tentar de novo	Change the settings and try again	Cambiar los ajustes y volver a intentarlo	تغيير الإعدادات والمحاولة مرة أخرى	설정을 변경하고 다시 시도	設定を変更してもう一度試す	更改设置后重试	सेटिंग बदलें और फिर कोशिश करें	Ubah pengaturan dan coba lagi	Изменить настройки и повторить
Mudo	Mute	Silenciar	كتم الصوت	음소거	ミュート	静音	म्यूट	Bisukan	Без звука
Muitos ecos, desfoques grandes, Pixel Sort e cenas 3D custam mais. Reduza amostras, raio ou qualidade enquanto edita. Exporte um trecho de teste antes do vídeo inteiro. O motor FX V2 trabalha em SDR; não reproduz o pipeline HDR/32 bits do After Effects. Nomes semelhantes não significam algoritmos, plugins ou resultados idênticos. Projetos antigos continuam abrindo, mas efeitos reescritos podem mudar o visual. A prévia em aparelhos sem o backend gráfico nativo pode ter limitações com vídeo ao vivo.	Many echoes, large blurs, Pixel Sort and 3D scenes cost more. Reduce samples, radius or quality while editing. Export a test clip before the whole video. The FX V2 engine works in SDR; it doesn't reproduce After Effects' HDR/32-bit pipeline. Similar names don't mean identical algorithms, plugins or results. Old projects still open, but rewritten effects may change the look. The preview on devices without the native graphics backend may have limitations with live video.	Muchos ecos, desenfoques grandes, Pixel Sort y escenas 3D cuestan más. Reduce muestras, radio o calidad mientras editas. Exporta un fragmento de prueba antes del vídeo completo. El motor FX V2 trabaja en SDR; no reproduce el pipeline HDR/32 bits de After Effects. Nombres parecidos no significan algoritmos, plugins ni resultados idénticos. Los proyectos antiguos siguen abriéndose, pero los efectos reescritos pueden cambiar el aspecto. La vista previa en dispositivos sin el backend gráfico nativo puede tener limitaciones con vídeo en vivo.	الأصداء الكثيرة والضبابية الكبيرة وPixel Sort والمشاهد ثلاثية الأبعاد تكلف أكثر. قلّل العينات أو نصف القطر أو الجودة أثناء التحرير. صدّر مقطعًا تجريبيًا قبل الفيديو كاملًا. يعمل محرك FX V2 بنطاق SDR؛ ولا يعيد إنتاج مسار HDR/32 بت في After Effects. الأسماء المتشابهة لا تعني خوارزميات أو إضافات أو نتائج متطابقة. المشاريع القديمة تستمر في الفتح، لكن التأثيرات المعاد كتابتها قد تغيّر المظهر. قد تكون للمعاينة على الأجهزة التي لا تملك الواجهة الرسومية الأصلية قيود مع الفيديو المباشر.	많은 에코, 큰 블러, Pixel Sort, 3D 장면은 비용이 더 큽니다. 편집하는 동안 샘플, 반경 또는 품질을 낮추세요. 전체 동영상보다 먼저 테스트 구간을 내보내세요. FX V2 엔진은 SDR로 동작하며 After Effects의 HDR/32비트 파이프라인을 재현하지 않습니다. 이름이 비슷하다고 알고리즘, 플러그인, 결과가 같은 것은 아닙니다. 이전 프로젝트는 계속 열리지만, 다시 작성된 효과는 외관이 달라질 수 있습니다. 네이티브 그래픽 백엔드가 없는 기기에서는 라이브 동영상 미리보기에 제한이 있을 수 있습니다.	多数のエコー、大きなぼかし、Pixel Sort、3Dシーンは負荷が高くなります。編集中はサンプル数、半径、品質を下げてください。動画全体の前にテスト区間を書き出してください。FX V2エンジンはSDRで動作し、After EffectsのHDR/32ビットパイプラインは再現しません。名前が似ていても、アルゴリズム、プラグイン、結果が同じとは限りません。古いプロジェクトは引き続き開けますが、書き直されたエフェクトは見た目が変わることがあります。ネイティブのグラフィックバックエンドがない端末では、ライブ動画のプレビューに制限がある場合があります。	大量回声、大范围模糊、Pixel Sort 和 3D 场景的开销更高。编辑时请降低采样、半径或质量。先导出一段测试片段，再导出整个视频。FX V2 引擎在 SDR 下工作，不会重现 After Effects 的 HDR/32 位管线。名称相似并不代表算法、插件或结果相同。旧项目仍可打开，但重写的效果可能改变画面外观。在没有原生图形后端的设备上，实时视频预览可能受限。	बहुत सारे इको, बड़े ब्लर, Pixel Sort और 3D दृश्य अधिक महँगे पड़ते हैं। संपादन के दौरान सैंपल, त्रिज्या या गुणवत्ता कम करें। पूरे वीडियो से पहले एक टेस्ट हिस्सा निर्यात करें। FX V2 इंजन SDR में काम करता है; यह After Effects की HDR/32-बिट पाइपलाइन को नहीं दोहराता। मिलते-जुलते नामों का मतलब एक जैसे एल्गोरिदम, प्लगइन या परिणाम नहीं है। पुराने प्रोजेक्ट खुलते रहेंगे, लेकिन फिर से लिखे गए इफ़ेक्ट रूप बदल सकते हैं। नेटिव ग्राफ़िक्स बैकएंड के बिना डिवाइस पर लाइव वीडियो के पूर्वावलोकन में सीमाएँ हो सकती हैं।	Banyak gema, blur besar, Pixel Sort, dan adegan 3D lebih berat. Kurangi sampel, radius, atau kualitas saat mengedit. Ekspor cuplikan uji sebelum seluruh video. Mesin FX V2 bekerja dalam SDR; tidak mereproduksi pipeline HDR/32 bit After Effects. Nama yang mirip tidak berarti algoritme, plugin, atau hasilnya identik. Proyek lama tetap bisa dibuka, tetapi efek yang ditulis ulang dapat mengubah tampilan. Pratinjau di perangkat tanpa backend grafis native mungkin terbatas untuk video langsung.	Много эхо, большие размытия, Pixel Sort и 3D-сцены стоят дороже. Уменьшайте число сэмплов, радиус или качество во время монтажа. Экспортируйте тестовый фрагмент перед всем видео. Движок FX V2 работает в SDR; он не воспроизводит HDR/32-битный конвейер After Effects. Похожие названия не означают одинаковые алгоритмы, плагины или результаты. Старые проекты по-прежнему открываются, но переписанные эффекты могут изменить вид. Предпросмотр на устройствах без нативного графического бэкенда может иметь ограничения с живым видео.
Mundo	World	Mundo	العالم	월드	ワールド	世界	वर्ल्ड	Dunia	Мир
Mundo e ambiente	World and environment	Mundo y entorno	العالم والبيئة	월드 및 환경	ワールドと環境	世界与环境	वर्ल्ड और परिवेश	Dunia dan lingkungan	Мир и окружение
Mural	Wall	Muro	الحائط	게시판	掲示板	留言墙	वॉल	Dinding	Стена
Mural da Comunidade	Community Wall	Muro de la Comunidad	حائط المجتمع	커뮤니티 게시판	コミュニティ掲示板	社区留言墙	समुदाय वॉल	Dinding Komunitas	Стена сообщества
Máscaras	Masks	Máscaras	الأقنعة	마스크	マスク	蒙版	मास्क	Masker	Маски
MÃO ENTERRADA · Deserto ao entardecer	BURIED HAND · Desert at dusk	MANO ENTERRADA · Desierto al atardecer	يد مدفونة · صحراء عند الغروب	묻힌 손 · 해질녘의 사막	埋もれた手 · 夕暮れの砂漠	掩埋之手 · 黄昏沙漠	दबा हुआ हाथ · शाम का रेगिस्तान	TANGAN TERKUBUR · Gurun saat senja	ПОГРЕБЁННАЯ РУКА · Пустыня на закате
Nada com esse nome.	Nothing with that name.	Nada con ese nombre.	لا شيء بهذا الاسم.	그런 이름은 없습니다.	その名前のものはありません。	没有该名称的内容。	इस नाम से कुछ नहीं मिला।	Tidak ada dengan nama itu.	Ничего с таким названием.
Nao consegui ler esse template	Couldn't read this template	No se pudo leer esta plantilla	تعذّرت قراءة هذا القالب	이 템플릿을 읽을 수 없습니다	このテンプレートを読み込めませんでした	无法读取此模板	यह टेम्पलेट नहीं पढ़ा जा सका	Tidak dapat membaca template ini	Не удалось прочитать этот шаблон
Nao consegui preparar a trilha. Tente abrir o modelo novamente.	Couldn't prepare the soundtrack. Try opening the template again.	No se pudo preparar la pista. Intenta abrir la plantilla de nuevo.	تعذّر تجهيز المقطع الصوتي. حاول فتح القالب مرة أخرى.	트랙을 준비할 수 없습니다. 템플릿을 다시 열어 보세요.	トラックを準備できませんでした。テンプレートをもう一度開いてください。	无法准备音轨。请重新打开模板。	ट्रैक तैयार नहीं हो सका। टेम्पलेट को फिर से खोलकर देखें।	Tidak dapat menyiapkan trek. Coba buka template lagi.	Не удалось подготовить дорожку. Попробуйте открыть шаблон ещё раз.
Nao consegui preparar o motion VHF. Tente novamente.	Couldn't prepare the VHF motion. Try again.	No se pudo preparar el motion VHF. Inténtalo de nuevo.	تعذّر تجهيز موشن VHF. حاول مرة أخرى.	VHF 모션을 준비할 수 없습니다. 다시 시도하세요.	VHFモーションを準備できませんでした。もう一度お試しください。	无法准备 VHF 动效。请重试。	VHF मोशन तैयार नहीं हो सका। फिर कोशिश करें।	Tidak dapat menyiapkan motion VHF. Coba lagi.	Не удалось подготовить motion VHF. Повторите попытку.
Nao consegui preparar o motion. Tente abrir novamente.	Couldn't prepare the motion. Try opening it again.	No se pudo preparar el motion. Intenta abrirlo de nuevo.	تعذّر تجهيز الموشن. حاول فتحه مرة أخرى.	모션을 준비할 수 없습니다. 다시 열어 보세요.	モーションを準備できませんでした。もう一度開いてください。	无法准备动效。请重新打开。	मोशन तैयार नहीं हो सका। फिर से खोलकर देखें।	Tidak dapat menyiapkan motion. Coba buka lagi.	Не удалось подготовить motion. Попробуйте открыть ещё раз.
Nao deu para exportar	Couldn't export	No se pudo exportar	تعذّر التصدير	내보낼 수 없습니다	書き出せませんでした	无法导出	निर्यात नहीं हो सका	Tidak dapat mengekspor	Не удалось экспортировать
Nao ha camada de forma no projeto para seguir.	There's no shape layer in the project to follow.	No hay ninguna capa de forma en el proyecto para seguir.	لا توجد طبقة شكل في المشروع لتتبعها.	프로젝트에 따라갈 도형 레이어가 없습니다.	プロジェクトに追従できるシェイプレイヤーがありません。	项目中没有可跟随的形状图层。	प्रोजेक्ट में अनुसरण करने के लिए कोई आकार लेयर नहीं है।	Tidak ada lapisan bentuk di proyek untuk diikuti.	В проекте нет слоя фигуры, по которому можно следовать.
Nao ha faixa de som no projeto.	There's no audio track in the project.	No hay ninguna pista de sonido en el proyecto.	لا يوجد مسار صوتي في المشروع.	프로젝트에 오디오 트랙이 없습니다.	プロジェクトに音声トラックがありません。	项目中没有音频轨道。	प्रोजेक्ट में कोई ऑडियो ट्रैक नहीं है।	Tidak ada trek suara di proyek.	В проекте нет звуковой дорожки.
Nao ha objeto nulo no projeto. Crie um e a camera pode segui-lo — girar o nulo orbita a cena.	There's no null object in the project. Create one and the camera can follow it — rotating the null orbits the scene.	No hay ningún objeto nulo en el proyecto. Crea uno y la cámara podrá seguirlo — girar el nulo orbita la escena.	لا يوجد كائن فارغ في المشروع. أنشئ واحدًا لتتمكن الكاميرا من تتبعه — تدوير الكائن الفارغ يدور حول المشهد.	프로젝트에 널 오브젝트가 없습니다. 하나 만들면 카메라가 따라갈 수 있습니다 — 널을 회전하면 장면을 공전합니다.	プロジェクトにヌルオブジェクトがありません。作成するとカメラが追従できます — ヌルを回転させるとシーンを周回します。	项目中没有空对象。创建一个后摄像机即可跟随它 — 旋转空对象即可环绕场景。	प्रोजेक्ट में कोई नल ऑब्जेक्ट नहीं है। एक बनाएँ और कैमरा उसका अनुसरण कर सकता है — नल को घुमाने से दृश्य की परिक्रमा होती है।	Tidak ada objek null di proyek. Buat satu dan kamera bisa mengikutinya — memutar null akan mengorbit adegan.	В проекте нет нулевого объекта. Создайте его, и камера сможет следовать за ним — вращение нуля облетает сцену.
Nao ha outra faixa com som no projeto.	There's no other track with sound in the project.	No hay otra pista con sonido en el proyecto.	لا يوجد مسار آخر يحتوي على صوت في المشروع.	프로젝트에 소리가 있는 다른 트랙이 없습니다.	プロジェクトに音声のある他のトラックがありません。	项目中没有其他带声音的轨道。	प्रोजेक्ट में आवाज़ वाला कोई और ट्रैक नहीं है।	Tidak ada trek lain dengan suara di proyek.	В проекте нет другой дорожки со звуком.
Nasce com o enquadramento de agora e entra no ar.	Starts with the current framing and goes live.	Nace con el encuadre actual y entra al aire.	تبدأ بالإطار الحالي وتصبح نشطة.	현재 구도로 만들어지며 바로 활성화됩니다.	現在の構図で作成され、すぐにオンエアになります。	以当前取景创建并立即启用。	मौजूदा फ़्रेमिंग के साथ बनता है और तुरंत सक्रिय हो जाता है।	Dibuat dengan pembingkaian saat ini dan langsung aktif.	Создаётся с текущим кадрированием и сразу выходит в эфир.
Nasce olhando para onde a vista esta agora.	Starts looking where the view is now.	Nace mirando hacia donde está la vista ahora.	تبدأ وهي تنظر إلى حيث يتجه العرض الآن.	현재 뷰가 보는 방향을 향해 만들어집니다.	現在のビューが向いている方向を見た状態で作成されます。	创建时朝向当前视图所看的方向。	जहाँ अभी व्यू देख रहा है, उसी ओर देखते हुए बनता है।	Dibuat menghadap ke arah tampilan saat ini.	Создаётся глядя туда, куда сейчас направлен вид.
Negrito	Bold	Negrita	غامق	굵게	太字	粗体	बोल्ड	Tebal	Жирный
Nenhum	None	Ninguno	بلا	없음	なし	无	कोई नहीं	Tidak ada	Нет
Nenhum efeito encontrado. Tente brilho, cor ou distorção.	No effects found. Try brightness, color or distortion.	No se encontró ningún efecto. Prueba brillo, color o distorsión.	لم يتم العثور على أي تأثير. جرّب السطوع أو اللون أو التشويه.	효과를 찾을 수 없습니다. 밝기, 색상 또는 왜곡을 검색해 보세요.	エフェクトが見つかりません。明るさ、色、歪みなどで試してください。	未找到效果。试试亮度、颜色或扭曲。	कोई इफ़ेक्ट नहीं मिला। चमक, रंग या विकृति आज़माएँ।	Tidak ada efek yang ditemukan. Coba kecerahan, warna, atau distorsi.	Эффекты не найдены. Попробуйте яркость, цвет или искажение.
Nenhuma	None	Ninguna	بلا	없음	なし	无	कोई नहीं	Tidak ada	Нет
Nenhuma propriedade exposta	No exposed properties	Ninguna propiedad expuesta	لا توجد خصائص مكشوفة	노출된 속성 없음	公開されたプロパティはありません	没有公开的属性	कोई प्रॉपर्टी एक्सपोज़ नहीं की गई	Tidak ada properti yang diekspos	Нет открытых свойств
Nevoa por distancia	Distance fog	Niebla por distancia	ضباب حسب المسافة	거리 안개	距離フォグ	距离雾	दूरी कोहरा	Kabut jarak	Туман по расстоянию
Ninguem	No one	Nadie	لا أحد	없음	なし	无	कोई नहीं	Tidak ada	Никто
Nome da camada	Layer name	Nombre de la capa	اسم الطبقة	레이어 이름	レイヤー名	图层名称	लेयर का नाम	Nama lapisan	Название слоя
Nome da camera	Camera name	Nombre de la cámara	اسم الكاميرا	카메라 이름	カメラ名	摄像机名称	कैमरे का नाम	Nama kamera	Название камеры
Nome da cor	Color name	Nombre del color	اسم اللون	색상 이름	色の名前	颜色名称	रंग का नाम	Nama warna	Название цвета
Nome da marca	Marker name	Nombre del marcador	اسم العلامة	마커 이름	マーカー名	标记名称	मार्कर का नाम	Nama penanda	Название маркера
Nome do objeto	Object name	Nombre del objeto	اسم الكائن	오브젝트 이름	オブジェクト名	对象名称	ऑब्जेक्ट का नाम	Nama objek	Название объекта
Nome do preset	Preset name	Nombre del preajuste	اسم الإعداد المسبق	프리셋 이름	プリセット名	预设名称	प्रीसेट का नाम	Nama preset	Название пресета
Nome do projeto	Project name	Nombre del proyecto	اسم المشروع	프로젝트 이름	プロジェクト名	项目名称	प्रोजेक्ट का नाम	Nama proyek	Название проекта
Normal	Normal	Normal	عادي	보통	通常	正常	सामान्य	Normal	Обычный
Normalizar	Normalize	Normalizar	تسوية	정규화	ノーマライズ	标准化	नॉर्मलाइज़ करें	Normalisasi	Нормализовать
Notes	Notes	Notes	Notes	Notes	Notes	Notes	Notes	Notes	Notes
Nova camera	New camera	Nueva cámara	كاميرا جديدة	새 카메라	新規カメラ	新建摄像机	नया कैमरा	Kamera baru	Новая камера
Nova camera (enquadramento atual)	New camera (current framing)	Nueva cámara (encuadre actual)	كاميرا جديدة (الإطار الحالي)	새 카메라 (현재 구도)	新規カメラ（現在の構図）	新建摄像机（当前取景）	नया कैमरा (मौजूदा फ़्रेमिंग)	Kamera baru (pembingkaian saat ini)	Новая камера (текущее кадрирование)
Nova luz	New light	Nueva luz	ضوء جديد	새 조명	新規ライト	新建灯光	नया प्रकाश	Cahaya baru	Новый источник света
Nova recriacao · Codex	New recreation · Codex	Nueva recreación · Codex	إعادة إنشاء جديدة · Codex	새 재현 · Codex	新しい再現 · Codex	新重制 · Codex	नई पुनर्रचना · Codex	Rekreasi baru · Codex	Новое воссоздание · Codex
Novo	New	Nuevo	جديد	새로 만들기	新規	新建	नया	Baru	Новый
Novo apelido	New nickname	Nuevo apodo	لقب جديد	새 닉네임	新しいニックネーム	新昵称	नया उपनाम	Nama panggilan baru	Новый никнейм
Nulo	Null	Nulo	كائن فارغ	널	ヌル	空对象	नल	Null	Нуль
Nulo (pivo de grupo)	Null (group pivot)	Nulo (pivote de grupo)	كائن فارغ (نقطة ارتكاز المجموعة)	널 (그룹 피벗)	ヌル（グループのピボット）	空对象（组轴心）	नल (समूह धुरी)	Null (pivot grup)	Нуль (опорная точка группы)
Nulo 3D	3D null	Nulo 3D	كائن فارغ ثلاثي الأبعاد	3D 널 오브젝트	3Dヌル	3D空对象	3D नल	Null 3D	Нулевой 3D-объект
Nulo controlador	Controller null	Nulo controlador	كائن فارغ متحكم	컨트롤러 널 오브젝트	コントローラーヌル	控制器空对象	कंट्रोलर नल	Null pengendali	Нулевой объект-контроллер
Nulo controlador da grade	Grid controller null	Nulo controlador de la cuadrícula	كائن فارغ متحكم بالشبكة	그리드 컨트롤러 널 오브젝트	グリッドコントローラーヌル	网格控制器空对象	ग्रिड कंट्रोलर नल	Null pengendali grid	Нулевой объект-контроллер сетки
Não consegui importar essa mídia.	Couldn't import this media.	No se pudo importar este archivo multimedia.	تعذّر استيراد هذه الوسائط.	이 미디어를 가져오지 못했습니다.	このメディアを読み込めませんでした。	无法导入此媒体。	यह मीडिया इंपोर्ट नहीं हो सका।	Tidak dapat mengimpor media ini.	Не удалось импортировать этот медиафайл.
Não consegui preparar o campo. Tente novamente.	Couldn't prepare the field. Try again.	No se pudo preparar el campo. Inténtalo de nuevo.	تعذّر تجهيز الحقل. حاول مرة أخرى.	필드를 준비하지 못했습니다. 다시 시도하세요.	フィールドを準備できませんでした。もう一度お試しください。	无法准备场域。请重试。	फ़ील्ड तैयार नहीं हो सका। फिर कोशिश करें।	Tidak dapat menyiapkan medan. Coba lagi.	Не удалось подготовить поле. Повторите попытку.
O effector e uma ESFERA 3D: raio 200 tambem alcanca 200 de profundidade.	The effector is a 3D SPHERE: a radius of 200 also reaches 200 in depth.	El efector es una ESFERA 3D: un radio de 200 también alcanza 200 de profundidad.	المؤثّر كرة ثلاثية الأبعاد: نصف قطر 200 يصل أيضًا إلى عمق 200.	이펙터는 3D 구체입니다. 반경 200은 깊이 방향으로도 200까지 미칩니다.	エフェクターは3Dの球体です。半径200は奥行き方向にも200まで届きます。	效应器是一个3D球体：半径200在深度方向上同样可达200。	इफ़ेक्टर एक 3D गोला है: 200 की त्रिज्या गहराई में भी 200 तक पहुँचती है।	Effector adalah BOLA 3D: radius 200 juga menjangkau kedalaman 200.	Эффектор — это 3D-СФЕРА: радиус 200 достаёт и на 200 в глубину.
O fade e de igual potencia: fade reto de volume soa como um buraco no meio.	The fade is equal-power: a straight volume fade sounds like a hole in the middle.	El fundido es de igual potencia: un fundido recto de volumen suena como un hueco en el medio.	التلاشي متساوي القدرة: التلاشي الخطي لمستوى الصوت يبدو كفجوة في المنتصف.	페이드는 등파워 방식입니다. 직선형 볼륨 페이드는 중간이 비는 것처럼 들립니다.	フェードはイコールパワー方式です。音量を直線的にフェードすると、中間が抜けたように聞こえます。	淡变采用等功率方式：直线式的音量淡变听起来中间会空一块。	फ़ेड समान-शक्ति वाला है: सीधा वॉल्यूम फ़ेड बीच में खाली-सा सुनाई देता है।	Fade-nya berdaya sama: fade volume lurus terdengar seperti ada lubang di tengah.	Фейд равномощный: линейный фейд громкости звучит как провал посередине.
O grupo passa a ter tempo proprio: da para congelar, inverter e acelerar tudo o que esta dentro de uma vez.	The group gets its own time: you can freeze, reverse and speed up everything inside it at once.	El grupo pasa a tener su propio tiempo: puedes congelar, invertir y acelerar todo lo que hay dentro de una vez.	تصبح للمجموعة خط زمني خاص بها: يمكنك تجميد كل ما بداخلها وعكسه وتسريعه دفعة واحدة.	그룹이 자체 시간을 갖게 됩니다. 안에 있는 모든 것을 한 번에 정지, 역재생, 가속할 수 있습니다.	グループが独自の時間を持つようになります。中にあるものすべてを一度に静止・逆再生・加速できます。	分组将拥有自己的时间：可以一次性冻结、倒放和加速其中的所有内容。	ग्रुप का अपना समय हो जाता है: अंदर की हर चीज़ को एक साथ फ़्रीज़, रिवर्स और तेज़ किया जा सकता है।	Grup punya waktunya sendiri: semua yang ada di dalamnya bisa dibekukan, dibalik, dan dipercepat sekaligus.	У группы появляется собственное время: всё внутри можно разом заморозить, обратить и ускорить.
O mural ainda está vazio	The wall is still empty	El muro todavía está vacío	الحائط لا يزال فارغًا	게시판이 아직 비어 있습니다	掲示板はまだ空です	作品墙还是空的	वॉल अभी खाली है	Dinding masih kosong	Стена пока пуста
O mural do beta: mostre o que você fez e veja o que os outros estão fazendo.	The beta wall: show what you made and see what others are making.	El muro de la beta: muestra lo que hiciste y mira lo que están haciendo los demás.	حائط الإصدار التجريبي: اعرض ما صنعته وشاهد ما يصنعه الآخرون.	베타 게시판: 내가 만든 것을 보여 주고 다른 사람들이 만드는 것을 구경하세요.	ベータ版の掲示板：作ったものを見せて、ほかの人が作っているものを見てみましょう。	测试版作品墙：展示你的作品，看看其他人在做什么。	बीटा वॉल: दिखाएँ कि आपने क्या बनाया और देखें कि दूसरे क्या बना रहे हैं।	Dinding beta: tunjukkan karyamu dan lihat apa yang sedang dibuat orang lain.	Стена беты: покажите, что вы сделали, и посмотрите, что делают другие.
O operador combina os caminhos que aparecem antes dele.	The operator combines the paths that come before it.	El operador combina los trazados que aparecen antes de él.	يجمع العامل المسارات التي تظهر قبله.	연산자는 자기 앞에 오는 패스들을 결합합니다.	オペレーターは、その前にあるパスを結合します。	运算符会合并位于它前面的路径。	ऑपरेटर अपने से पहले आने वाले पाथ को मिलाता है।	Operator menggabungkan path yang muncul sebelumnya.	Оператор объединяет контуры, которые идут перед ним.
O palco aparece aqui durante cada cena	The stage appears here during each scene	El escenario aparece aquí durante cada escena	يظهر المسرح هنا أثناء كل مشهد	각 장면 동안 스테이지가 여기에 표시됩니다	各シーンの間、ここにステージが表示されます	每个场景播放时，舞台会显示在这里	हर दृश्य के दौरान स्टेज यहाँ दिखाई देता है	Panggung muncul di sini selama setiap adegan	Холст показывается здесь во время каждой сцены
O que a análise fez, e o que dá para mudar antes de refazê-la.	What the analysis did, and what you can change before running it again.	Lo que hizo el análisis y lo que puedes cambiar antes de repetirlo.	ما الذي قام به التحليل، وما الذي يمكنك تغييره قبل إعادته.	분석이 한 작업과 다시 실행하기 전에 바꿀 수 있는 것.	解析が行ったことと、やり直す前に変更できること。	分析做了什么，以及重新分析前可以更改的内容。	विश्लेषण ने क्या किया, और दोबारा करने से पहले क्या बदला जा सकता है।	Apa yang dilakukan analisis, dan apa yang bisa diubah sebelum mengulanginya.	Что сделал анализ и что можно изменить, прежде чем запускать его заново.
O que ha de novo	What's new	Novedades	ما الجديد	새로운 기능	新機能	新功能	नया क्या है	Yang baru	Что нового
O que ha de novo nesta versao	What's new in this version	Novedades de esta versión	ما الجديد في هذا الإصدار	이 버전의 새로운 기능	このバージョンの新機能	此版本的新功能	इस संस्करण में नया क्या है	Yang baru di versi ini	Что нового в этой версии
O que mudou no Aurea	What changed in Aurea	Qué cambió en Aurea	ما الذي تغيّر في Aurea	Aurea의 변경 사항	Aureaの変更点	Aurea 有哪些变化	Aurea में क्या बदला	Apa yang berubah di Aurea	Что изменилось в Aurea
OBJ / FBX	OBJ / FBX	OBJ / FBX	OBJ / FBX	OBJ / FBX	OBJ / FBX	OBJ / FBX	OBJ / FBX	OBJ / FBX	OBJ / FBX
Objeto 3D	3D object	Objeto 3D	كائن ثلاثي الأبعاد	3D 오브젝트	3Dオブジェクト	3D对象	3D ऑब्जेक्ट	Objek 3D	3D-объект
Objeto bloqueado. Desbloqueie na cena para editar.	Object locked. Unlock it in the scene to edit.	Objeto bloqueado. Desbloquéalo en la escena para editarlo.	الكائن مقفل. ألغِ قفله في المشهد لتعديله.	오브젝트가 잠겨 있습니다. 편집하려면 장면에서 잠금을 해제하세요.	オブジェクトはロックされています。編集するにはシーンでロックを解除してください。	对象已锁定。请在场景中解锁后再编辑。	ऑब्जेक्ट लॉक है। संपादित करने के लिए दृश्य में अनलॉक करें।	Objek terkunci. Buka kuncinya di adegan untuk mengedit.	Объект заблокирован. Разблокируйте его в сцене, чтобы редактировать.
Objetos, luzes e cameras	Objects, lights and cameras	Objetos, luces y cámaras	الكائنات والأضواء والكاميرات	오브젝트, 조명 및 카메라	オブジェクト、ライト、カメラ	对象、灯光和摄像机	ऑब्जेक्ट, प्रकाश और कैमरे	Objek, cahaya, dan kamera	Объекты, источники света и камеры
Obturador	Shutter	Obturador	الغالق	셔터	シャッター	快门	शटर	Rana	Затвор
Oclusao	Occlusion	Oclusión	الإطباق	오클루전	オクルージョン	遮蔽	ऑक्लूज़न	Oklusi	Окклюзия
OK	OK	OK	OK	OK	OK	OK	OK	OK	OK
Olhar para	Look at	Mirar a	النظر إلى	바라보기	注視	注视	लुक ऐट	Lihat ke	Смотреть на
Olhar para…	Look at…	Mirar a…	النظر إلى…	바라보기…	注視…	注视…	लुक ऐट…	Lihat ke…	Смотреть на…
Onde a neblina comeca	Where the fog starts	Dónde empieza la niebla	حيث يبدأ الضباب	안개가 시작되는 지점	霧が始まる位置	雾开始的位置	कोहरा कहाँ से शुरू होता है	Tempat kabut mulai	Где начинается туман
OPERADORES	OPERATORS	OPERADORES	العوامل	연산자	オペレーター	运算符	ऑपरेटर	OPERATOR	ОПЕРАТОРЫ
Ordem	Order	Orden	الترتيب	순서	順序	顺序	क्रम	Urutan	Порядок
Organizar	Organize	Organizar	تنظيم	정리	整理	整理	व्यवस्थित करें	Atur	Упорядочить
Organizar objetos, luzes e câmeras	Organize objects, lights and cameras	Organizar objetos, luces y cámaras	تنظيم الكائنات والأضواء والكاميرات	오브젝트, 조명, 카메라 정리	オブジェクト、ライト、カメラを整理	整理对象、灯光和摄像机	ऑब्जेक्ट, प्रकाश और कैमरे व्यवस्थित करें	Atur objek, cahaya, dan kamera	Упорядочить объекты, источники света и камеры
Ortografica	Orthographic	Ortográfica	متعامد	직교	平行投影	正交	ऑर्थोग्राफ़िक	Ortografis	Ортографическая
Os cortes, as legendas e os keyframes de zoom entram como camadas comuns. Tudo editavel, nada de caixa-preta.	Cuts, captions and zoom keyframes come in as regular layers. Everything editable, no black box.	Los cortes, los subtítulos y los fotogramas clave de zoom entran como capas normales. Todo editable, nada de caja negra.	تدخل القطعات والترجمات وإطارات الزوم المفتاحية كطبقات عادية. كل شيء قابل للتعديل، ولا صندوق أسود.	컷, 자막, 줌 키프레임이 일반 레이어로 들어옵니다. 모두 편집 가능하고 블랙박스는 없습니다.	カット、字幕、ズームのキーフレームは通常のレイヤーとして入ります。すべて編集可能で、ブラックボックスはありません。	剪切、字幕和缩放关键帧都会作为普通图层加入。一切可编辑，没有黑箱。	कट, कैप्शन और ज़ूम कीफ़्रेम सामान्य लेयर के रूप में आते हैं। सब कुछ संपादन योग्य, कोई ब्लैक बॉक्स नहीं।	Potongan, takarir, dan keyframe zoom masuk sebagai lapisan biasa. Semuanya bisa diedit, tanpa kotak hitam.	Нарезка, субтитры и ключевые кадры зума добавляются как обычные слои. Всё редактируется, никакого чёрного ящика.
Os keyframes continuam reais e podem ser editados por camada.	The keyframes stay real and can be edited per layer.	Los fotogramas clave siguen siendo reales y se pueden editar por capa.	تبقى الإطارات المفتاحية حقيقية ويمكن تعديلها لكل طبقة.	키프레임은 실제 키프레임으로 남아 레이어별로 편집할 수 있습니다.	キーフレームは本物のまま残り、レイヤーごとに編集できます。	关键帧仍是真实的关键帧，可按图层编辑。	कीफ़्रेम असली बने रहते हैं और हर लेयर में संपादित किए जा सकते हैं।	Keyframe tetap nyata dan bisa diedit per lapisan.	Ключевые кадры остаются настоящими, и их можно редактировать по слоям.
ou cole um SRT:	or paste an SRT:	o pega un SRT:	أو الصق ملف SRT:	또는 SRT 붙여넣기:	またはSRTを貼り付け：	或粘贴 SRT：	या कोई SRT पेस्ट करें:	atau tempel SRT:	или вставьте SRT:
Ouvir de	Listen from	Escuchar desde	الاستماع من	여기서부터 듣기	ここから聴く	从这里收听	यहाँ से सुनें	Dengarkan dari	Слушать с
Overshoot	Overshoot	Overshoot	تجاوز	오버슈트	オーバーシュート	过冲	ओवरशूट	Overshoot	Овершут
Para guardar um efeito seu: no cartao do efeito, menu (...) > "Salvar como preset".	To keep an effect of your own: on the effect card, menu (...) > "Save as preset".	Para guardar un efecto tuyo: en la tarjeta del efecto, menú (...) > "Guardar como preset".	لحفظ تأثير من صنعك: في بطاقة التأثير، القائمة (...) > "حفظ كإعداد مسبق".	내 효과를 저장하려면: 효과 카드에서 메뉴 (...) > "프리셋으로 저장".	自分のエフェクトを保存するには：エフェクトカードのメニュー (...) > 「プリセットとして保存」。	要保存自己的效果：在效果卡片上，菜单 (...) > "存为预设"。	अपना कोई इफ़ेक्ट सहेजने के लिए: इफ़ेक्ट कार्ड में, मेनू (...) > "प्रीसेट के रूप में सहेजें"।	Untuk menyimpan efek buatanmu: di kartu efek, menu (...) > "Simpan sebagai preset".	Чтобы сохранить свой эффект: в карточке эффекта, меню (...) > «Сохранить как пресет».
Para produto (Lottie / SVG)	For product (Lottie / SVG)	Para producto (Lottie / SVG)	للمنتج (Lottie / SVG)	제품용 (Lottie / SVG)	プロダクト向け (Lottie / SVG)	产品用 (Lottie / SVG)	प्रोडक्ट के लिए (Lottie / SVG)	Untuk produk (Lottie / SVG)	Для продукта (Lottie / SVG)
Particulas 3D	3D particles	Partículas 3D	جسيمات ثلاثية الأبعاد	3D 파티클	3Dパーティクル	3D粒子	3D पार्टिकल	Partikel 3D	3D-частицы
Partículas	Particles	Partículas	الجسيمات	파티클	パーティクル	粒子	पार्टिकल	Partikel	Частицы
Pela camera	Through the camera	Por la cámara	من خلال الكاميرا	카메라 시점	カメラ視点	通过摄像机	कैमरे से	Lewat kamera	Через камеру
Pindown	Pindown	Pindown	Pindown	Pindown	Pindown	Pindown	Pindown	Pindown	Pindown
Piso espelhado	Mirrored floor	Suelo espejado	أرضية عاكسة	거울 바닥	鏡面フロア	镜面地板	दर्पण फ़र्श	Lantai cermin	Зеркальный пол
Pode ter erros, travar ou perder alteracoes nao salvas. Achou um problema ou quer sugerir algo? Toque aqui.	It may have bugs, crash or lose unsaved changes. Found a problem or want to suggest something? Tap here.	Puede tener errores, bloquearse o perder cambios sin guardar. ¿Encontraste un problema o quieres sugerir algo? Toca aquí.	قد يحتوي على أخطاء أو يتعطل أو يفقد التغييرات غير المحفوظة. وجدت مشكلة أو تريد اقتراح شيء؟ اضغط هنا.	오류가 있거나 멈추거나 저장하지 않은 변경 사항을 잃을 수 있습니다. 문제를 발견했거나 제안할 것이 있나요? 여기를 누르세요.	エラーが出たり、固まったり、未保存の変更が失われたりすることがあります。問題を見つけた、または提案がある場合はここをタップしてください。	可能会有错误、卡死或丢失未保存的更改。发现问题或有建议？点这里。	इसमें गड़बड़ियाँ हो सकती हैं, यह अटक सकता है या बिना सहेजे बदलाव खो सकते हैं। कोई समस्या मिली या कुछ सुझाना है? यहाँ टैप करें।	Mungkin ada bug, macet, atau kehilangan perubahan yang belum disimpan. Menemukan masalah atau ingin memberi saran? Ketuk di sini.	Возможны ошибки, зависания или потеря несохранённых изменений. Нашли проблему или хотите что-то предложить? Нажмите здесь.
Pontas	Caps	Extremos	الأطراف	선 끝	線端	端点	सिरे	Ujung	Концы
Por centro iguala os centros; por vao iguala os espacos. Com tamanhos diferentes, dao resultados distintos.	By center equalizes the centers; by gap equalizes the spaces. With different sizes, they give different results.	Por centro iguala los centros; por hueco iguala los espacios. Con tamaños distintos, dan resultados diferentes.	حسب المركز يساوي بين المراكز؛ وحسب الفجوة يساوي بين المسافات. مع اختلاف الأحجام، تختلف النتائج.	중심 기준은 중심 간격을, 간격 기준은 빈 공간을 같게 맞춥니다. 크기가 다르면 결과도 달라집니다.	中心基準は中心を、間隔基準はすき間を均等にします。サイズが異なると結果も異なります。	按中心是让各中心等距；按间隙是让各间隔相等。大小不同时，结果也会不同。	केंद्र से केंद्र बराबर होते हैं; अंतराल से बीच की जगहें बराबर होती हैं। अलग-अलग आकार होने पर नतीजे अलग आते हैं।	Per pusat menyamakan titik pusat; per celah menyamakan jarak antar objek. Dengan ukuran berbeda, hasilnya pun berbeda.	По центрам выравниваются центры; по промежуткам — расстояния между ними. При разных размерах результат отличается.
Por marca, do que mais pesou	By marker, heaviest first	Por marca, de lo que más pesó	حسب العلامة، بدءًا من الأثقل	마커별, 가장 무거운 것부터	マーカー別、重かった順	按标记，从最耗时的开始	मार्कर के अनुसार, सबसे भारी से	Per penanda, dari yang paling berat	По меткам, начиная с самых тяжёлых
Pose de repouso	Rest pose	Pose de reposo	وضعية السكون	레스트 포즈	レストポーズ	静止姿态	रेस्ट पोज़	Pose istirahat	Поза покоя
Posicao X	Position X	Posición X	الموضع X	위치 X	位置X	位置 X	स्थिति X	Posisi X	Позиция X
Posicao Y	Position Y	Posición Y	الموضع Y	위치 Y	位置Y	位置 Y	स्थिति Y	Posisi Y	Позиция Y
Posicao Z	Position Z	Posición Z	الموضع Z	위치 Z	位置Z	位置 Z	स्थिति Z	Posisi Z	Позиция Z
Posicao, rotacao e escala em numeros, material completo, instancias e o resto.	Position, rotation and scale as numbers, full material, instances and the rest.	Posición, rotación y escala en números, material completo, instancias y el resto.	الموضع والدوران والمقياس بالأرقام، والخامة الكاملة، والنسخ وما تبقى.	위치, 회전, 배율을 숫자로, 전체 재질, 인스턴스 및 나머지.	位置・回転・スケールを数値で、マテリアル全体、インスタンス、そのほか。	以数值设置位置、旋转和缩放，完整材质、实例及其余项。	स्थिति, घुमाव और स्केल संख्याओं में, पूरा मैटेरियल, इंस्टेंस और बाकी सब।	Posisi, rotasi, dan skala dalam angka, material lengkap, instans, dan sisanya.	Позиция, вращение и масштаб в числах, полный материал, экземпляры и остальное.
Posição, direção e alcance	Position, direction and range	Posición, dirección y alcance	الموضع والاتجاه والمدى	위치, 방향 및 범위	位置、方向、範囲	位置、方向和范围	स्थिति, दिशा और पहुँच	Posisi, arah, dan jangkauan	Позиция, направление и дальность
Precomp	Precomp	Precomp	Precomp	프리컴프	プリコンポ	预合成	प्रीकॉम्प	Precomp	Прекомпозиция
Preparando audio...	Preparing audio...	Preparando audio...	جارٍ تجهيز الصوت...	오디오 준비 중...	音声を準備中...	正在准备音频...	ऑडियो तैयार हो रहा है...	Menyiapkan audio...	Подготовка аудио...
Preparando o campo 3D…	Preparing the 3D field…	Preparando el campo 3D…	جارٍ تجهيز الحقل ثلاثي الأبعاد…	3D 필드 준비 중…	3Dフィールドを準備中…	正在准备3D场域…	3D फ़ील्ड तैयार हो रहा है…	Menyiapkan medan 3D…	Подготовка 3D-поля…
Preset	Preset	Preset	إعداد مسبق	프리셋	プリセット	预设	प्रीसेट	Preset	Пресет
Presets	Presets	Presets	الإعدادات المسبقة	프리셋	プリセット	预设	प्रीसेट	Preset	Пресеты
Presets de efeito	Effect presets	Presets de efecto	إعدادات التأثير المسبقة	효과 프리셋	エフェクトプリセット	效果预设	इफ़ेक्ट प्रीसेट	Preset efek	Пресеты эффектов
PRISMA · Dezessete segundos em loop	PRISM · Seventeen seconds on loop	PRISMA · Diecisiete segundos en bucle	موشور · سبع عشرة ثانية في حلقة	프리즘 · 17초 반복	プリズム · 17秒のループ	棱镜 · 十七秒循环	प्रिज़्म · सत्रह सेकंड का लूप	PRISMA · Tujuh belas detik berulang	ПРИЗМА · Семнадцать секунд в цикле
Procurar na cena	Search the scene	Buscar en la escena	البحث في المشهد	장면에서 검색	シーン内を検索	在场景中搜索	दृश्य में खोजें	Cari di adegan	Поиск в сцене
Procurar na cena...	Search the scene...	Buscar en la escena...	البحث في المشهد...	장면에서 검색...	シーン内を検索...	在场景中搜索...	दृश्य में खोजें...	Cari di adegan...	Поиск в сцене...
Profundidade de campo	Depth of field	Profundidad de campo	عمق الميدان	피사계 심도	被写界深度	景深	डेप्थ ऑफ़ फ़ील्ड	Kedalaman bidang	Глубина резкости
Profundidade Z · toque para selecionar, segure para digitar	Z depth · tap to select, hold to type	Profundidad Z · toca para seleccionar, mantén pulsado para escribir	العمق Z · اضغط للتحديد، واضغط مطولًا للكتابة	Z 깊이 · 눌러서 선택, 길게 눌러 입력	Z深度 · タップで選択、長押しで入力	Z 深度 · 点按选择，长按输入	Z गहराई · चुनने के लिए टैप करें, टाइप करने के लिए दबाए रखें	Kedalaman Z · ketuk untuk memilih, tahan untuk mengetik	Глубина Z · нажмите для выбора, удерживайте для ввода
Projeta sombra	Casts shadow	Proyecta sombra	يُلقي ظلًا	그림자를 드리움	影を落とす	投下阴影	छाया डालता है	Menghasilkan bayangan	Отбрасывает тень
Projetar sombras	Cast shadows	Proyectar sombras	إلقاء الظلال	그림자 투사	影を投影	投射阴影	छाया डालें	Hasilkan bayangan	Отбрасывать тени
Projeto	Project	Proyecto	المشروع	프로젝트	プロジェクト	项目	प्रोजेक्ट	Proyek	Проект
Pronto · Recortar	Ready · Crop	Listo · Recortar	جاهز · اقتصاص	준비됨 · 자르기	準備完了 · 切り抜き	就绪 · 裁剪	तैयार · क्रॉप करें	Siap · Pangkas	Готово · Обрезать
Pronto · Revelar	Ready · Reveal	Listo · Revelar	جاهز · كشف	준비됨 · 드러내기	準備完了 · 表示	就绪 · 显现	तैयार · दिखाएँ	Siap · Ungkap	Готово · Показать
Proporção	Aspect ratio	Relación de aspecto	نسبة العرض إلى الارتفاع	화면 비율	縦横比	宽高比	आस्पेक्ट अनुपात	Rasio aspek	Соотношение сторон
Propriedades	Properties	Propiedades	الخصائص	속성	プロパティ	属性	गुण	Properti	Свойства
Propriedades da camera	Camera properties	Propiedades de la cámara	خصائص الكاميرا	카메라 속성	カメラのプロパティ	摄像机属性	कैमरा गुण	Properti kamera	Свойства камеры
PROVAR	TRY	PROBAR	جرّب	체험	試す	试用	आज़माएँ	COBA	ПОПРОБОВАТЬ
Proxima	Next	Siguiente	التالي	다음	次へ	下一个	अगला	Berikutnya	Далее
Proxima curva	Next curve	Siguiente curva	المنحنى التالي	다음 곡선	次のカーブ	下一条曲线	अगला कर्व	Kurva berikutnya	Следующая кривая
Proximidade	Proximity	Proximidad	القرب	근접	近接	邻近	निकटता	Kedekatan	Близость
Próxima	Next	Siguiente	التالي	다음	次へ	下一个	अगला	Berikutnya	Далее
Próximo keyframe	Next keyframe	Siguiente fotograma clave	الإطار المفتاحي التالي	다음 키프레임	次のキーフレーム	下一个关键帧	अगला कीफ़्रेम	Keyframe berikutnya	Следующий ключевой кадр
Publicar	Publish	Publicar	نشر	게시	公開	发布	प्रकाशित करें	Terbitkan	Опубликовать
Publicar um projeto	Publish a project	Publicar un proyecto	نشر مشروع	프로젝트 게시	プロジェクトを公開	发布项目	प्रोजेक्ट प्रकाशित करें	Terbitkan proyek	Опубликовать проект
Publique projetos no mural e sincronize com a nuvem.	Publish projects to the wall and sync with the cloud.	Publica proyectos en el muro y sincroniza con la nube.	انشر المشاريع على الحائط وزامنها مع السحابة.	게시판에 프로젝트를 올리고 클라우드와 동기화하세요.	掲示板にプロジェクトを公開し、クラウドと同期しましょう。	把项目发布到作品墙并与云端同步。	वॉल पर प्रोजेक्ट प्रकाशित करें और क्लाउड से सिंक करें।	Terbitkan proyek ke dinding dan sinkronkan dengan cloud.	Публикуйте проекты на стене и синхронизируйте их с облаком.
Pulsar	Pulse	Pulsar	نبض	펄스	パルス	脉冲	पल्स	Denyut	Пульсация
Pulsar na batida	Pulse to the beat	Pulsar al ritmo	نبض على الإيقاع	비트에 맞춰 펄스	ビートに合わせてパルス	随节拍脉冲	बीट पर पल्स	Denyut mengikuti ketukan	Пульсация в такт
Quadros	Frames	Fotogramas	الإطارات	프레임	フレーム	帧	फ़्रेम	Frame	Кадры
Quadros por segundo	Frames per second	Fotogramas por segundo	إطارات في الثانية	초당 프레임	フレーム/秒	每秒帧数	फ़्रेम प्रति सेकंड	Frame per detik	Кадров в секунду
Qual camada gruda nesse objeto?	Which layer sticks to this object?	¿Qué capa se pega a este objeto?	أي طبقة تلتصق بهذا الكائن؟	어떤 레이어를 이 오브젝트에 붙일까요?	どのレイヤーをこのオブジェクトにくっつけますか？	哪个图层要贴到这个对象上？	कौन-सी लेयर इस ऑब्जेक्ट से चिपकेगी?	Lapisan mana yang menempel ke objek ini?	Какой слой прикрепить к этому объекту?
Qualidade 3D	3D quality	Calidad 3D	جودة العرض ثلاثي الأبعاد	3D 품질	3D品質	3D质量	3D गुणवत्ता	Kualitas 3D	Качество 3D
Qualidade do rastreio	Tracking quality	Calidad del seguimiento	جودة التتبع	트래킹 품질	トラッキング品質	跟踪质量	ट्रैकिंग गुणवत्ता	Kualitas pelacakan	Качество трекинга
Qualidade e cor	Quality and color	Calidad y color	الجودة واللون	품질 및 색상	品質と色	质量与颜色	गुणवत्ता और रंग	Kualitas dan warna	Качество и цвет
Quanto desce	How far it drops	Cuánto baja	مقدار الهبوط	내려가는 정도	下がる量	下降幅度	कितना नीचे जाता है	Seberapa jauh turun	Насколько опускается
Quicar	Bounce	Rebotar	ارتداد	바운스	バウンス	弹跳	बाउंस	Pantul	Отскок
Radial	Radial	Radial	شعاعي	방사형	放射状	径向	रेडियल	Radial	Радиальный
Raio	Radius	Radio	نصف القطر	반경	半径	半径	त्रिज्या	Radius	Радиус
Rampa / Time Remap	Ramp / Time Remap	Rampa / Time Remap	منحدر السرعة / Time Remap	램프 / Time Remap	ランプ / Time Remap	变速 / Time Remap	रैंप / Time Remap	Ramp / Time Remap	Рампа / Time Remap
Rapidas	Quick	Rápidas	سريعة	빠른	クイック	快捷	त्वरित	Cepat	Быстрые
Rascunho · pause para ver a qualidade final	Draft · pause to see the final quality	Borrador · pausa para ver la calidad final	مسودة · أوقف مؤقتًا لرؤية الجودة النهائية	초안 · 일시정지하면 최종 품질을 볼 수 있습니다	下書き · 一時停止すると最終品質を確認できます	草稿 · 暂停即可查看最终质量	ड्राफ़्ट · अंतिम गुणवत्ता देखने के लिए रोकें	Draf · jeda untuk melihat kualitas akhir	Черновик · поставьте на паузу, чтобы увидеть финальное качество
Rastrear	Track	Rastrear	تتبّع	추적	トラッキング	跟踪	ट्रैक करें	Lacak	Отследить
Rastreio de câmera 3D	3D camera tracking	Rastreo de cámara 3D	تتبع الكاميرا ثلاثي الأبعاد	3D 카메라 추적	3Dカメラトラッキング	3D摄像机跟踪	3D कैमरा ट्रैकिंग	Pelacakan kamera 3D	3D-трекинг камеры
Receita: texto com brilho e entrada suave	Recipe: glowing text with a soft entrance	Receta: texto con brillo y entrada suave	وصفة: نص متوهج مع دخول ناعم	레시피: 빛나는 텍스트와 부드러운 등장	レシピ: 光るテキストとソフトな登場	配方：发光文本与柔和入场	रेसिपी: चमकता टेक्स्ट और कोमल प्रवेश	Resep: teks bercahaya dengan masuk yang halus	Рецепт: светящийся текст с мягким появлением
Reconstruindo o movimento da câmera...	Reconstructing the camera movement...	Reconstruyendo el movimiento de la cámara...	جارٍ إعادة بناء حركة الكاميرا...	카메라 움직임을 재구성하는 중...	カメラの動きを再構築しています...	正在重建摄像机运动...	कैमरे की गति फिर से बनाई जा रही है...	Merekonstruksi gerakan kamera...	Восстановление движения камеры...
Recortar no quadro	Crop to frame	Recortar al cuadro	اقتصاص إلى الإطار	프레임에 맞게 자르기	フレームに切り抜き	裁剪到画面	फ़्रेम में क्रॉप करें	Pangkas ke bingkai	Обрезать по кадру
Recorte	Crop	Recorte	اقتصاص	자르기	切り抜き	裁剪	क्रॉप	Pemangkasan	Обрезка
Recorte por camada	Crop per layer	Recorte por capa	اقتصاص لكل طبقة	레이어별 자르기	レイヤーごとの切り抜き	按图层裁剪	प्रति लेयर क्रॉप	Pemangkasan per lapisan	Обрезка по слоям
Reenquadrar	Reframe	Reencuadrar	إعادة التأطير	다시 구도 잡기	リフレーム	重新取景	फिर से फ़्रेम करें	Bingkai ulang	Перекадрировать
Refazer	Redo	Rehacer	إعادة	다시 실행	やり直す	重做	फिर से करें	Ulangi	Повторить
Refletir a cena	Reflect the scene	Reflejar la escena	عكس المشهد	장면 반사	シーンを反射	反射场景	दृश्य को परावर्तित करें	Pantulkan adegan	Отражать сцену
Reflexo	Reflection	Reflejo	انعكاس	반사	反射	反射	परावर्तन	Refleksi	Отражение
Reflexo global	Global reflection	Reflejo global	انعكاس عام	전역 반사	グローバル反射	全局反射	वैश्विक परावर्तन	Refleksi global	Глобальное отражение
Reflexo planar no chao	Planar floor reflection	Reflejo planar en el suelo	انعكاس مستوٍ على الأرضية	바닥 평면 반사	床の平面反射	地面平面反射	फ़र्श पर समतल परावर्तन	Refleksi planar di lantai	Плоское отражение на полу
Reflexo urbano HDR	HDR urban reflection	Reflejo urbano HDR	انعكاس حضري HDR	HDR 도시 반사	HDR都市反射	HDR城市反射	HDR शहरी परावर्तन	Refleksi urban HDR	Городское отражение HDR
Reflexos da cena	Scene reflections	Reflejos de la escena	انعكاسات المشهد	장면 반사	シーンの反射	场景反射	दृश्य के परावर्तन	Refleksi adegan	Отражения сцены
Registro copiado	Log copied	Registro copiado	تم نسخ السجل	로그 복사됨	ログをコピーしました	日志已复制	लॉग कॉपी हो गया	Log disalin	Журнал скопирован
Relatorio copiado.	Report copied.	Informe copiado.	تم نسخ التقرير.	보고서가 복사되었습니다.	レポートをコピーしました。	报告已复制。	रिपोर्ट कॉपी हो गई।	Laporan disalin.	Отчёт скопирован.
Remapear tempo	Time remap	Remapear tiempo	إعادة تعيين الزمن	시간 리매핑	タイムリマップ	时间重映射	टाइम रीमैप	Petakan ulang waktu	Переназначить время
Remover dados	Remove data	Eliminar datos	إزالة البيانات	데이터 제거	データを削除	移除数据	डेटा हटाएँ	Hapus data	Удалить данные
Remover efeito de audio	Remove audio effect	Quitar efecto de audio	إزالة تأثير الصوت	오디오 효과 제거	音声エフェクトを削除	移除音频效果	ऑडियो इफ़ेक्ट हटाएँ	Hapus efek audio	Убрать аудиоэффект
Remover silencio	Remove silence	Quitar silencio	إزالة الصمت	무음 제거	無音を削除	移除静音	मौन हटाएँ	Hapus keheningan	Удалить тишину
Remover transicao	Remove transition	Quitar transición	إزالة الانتقال	전환 제거	トランジションを削除	移除转场	ट्रांज़िशन हटाएँ	Hapus transisi	Убрать переход
Render	Render	Renderizar	تصيير	렌더	レンダー	渲染	रेंडर	Render	Рендер
Renderizar com os ajustes abaixo	Render with the settings below	Renderizar con los ajustes de abajo	التصيير بالإعدادات أدناه	아래 설정으로 렌더링	以下の設定でレンダリング	使用以下设置渲染	नीचे की सेटिंग से रेंडर करें	Render dengan pengaturan di bawah	Рендер с настройками ниже
Repeater	Repeater	Repetidor	مكرِّر	리피터	リピーター	中继器	रिपीटर	Repeater	Повторитель
Repeticoes da curva	Curve repetitions	Repeticiones de la curva	تكرارات المنحنى	커브 반복 횟수	カーブの繰り返し回数	曲线重复次数	कर्व की पुनरावृत्तियाँ	Pengulangan kurva	Повторы кривой
Repetir clipe	Loop clip	Repetir clip	تكرار المقطع	클립 반복	クリップを繰り返す	循环片段	क्लिप दोहराएँ	Ulangi klip	Повторять клип
Reportar	Report	Reportar	إبلاغ	신고	報告	举报	रिपोर्ट करें	Laporkan	Пожаловаться
Reportar erro ou sugerir	Report a bug or suggest	Reportar error o sugerir	الإبلاغ عن خطأ أو اقتراح	오류 신고 또는 제안	不具合の報告・提案	报告错误或提出建议	गड़बड़ी रिपोर्ट करें या सुझाव दें	Laporkan bug atau beri saran	Сообщить об ошибке или предложить
Repostar	Repost	Republicar	إعادة نشر	리포스트	リポスト	转发	रीपोस्ट करें	Posting ulang	Репост
Repostou	Reposted	Republicó	أعاد النشر	리포스트함	リポストしました	已转发	रीपोस्ट किया	Memposting ulang	Сделал(а) репост
Resetar	Reset	Restablecer	إعادة الضبط	초기화	リセット	重置	रीसेट करें	Atur ulang	Сбросить
Resetar efeito de audio	Reset audio effect	Restablecer efecto de audio	إعادة ضبط تأثير الصوت	오디오 효과 초기화	音声エフェクトをリセット	重置音频效果	ऑडियो इफ़ेक्ट रीसेट करें	Atur ulang efek audio	Сбросить аудиоэффект
Resetar propriedade	Reset property	Restablecer propiedad	إعادة ضبط الخاصية	속성 초기화	プロパティをリセット	重置属性	प्रॉपर्टी रीसेट करें	Atur ulang properti	Сбросить свойство
Resolução	Resolution	Resolución	الدقة	해상도	解像度	分辨率	रिज़ॉल्यूशन	Resolusi	Разрешение
Resolução da prévia	Preview resolution	Resolución de la vista previa	دقة المعاينة	미리보기 해상도	プレビューの解像度	预览分辨率	पूर्वावलोकन रिज़ॉल्यूशन	Resolusi pratinjau	Разрешение предпросмотра
Resolver de novo	Solve again	Resolver de nuevo	إعادة الحل	다시 해결	再解析	重新解算	फिर से हल करें	Selesaikan lagi	Решить заново
Responder	Reply	Responder	رد	답글	返信	回复	जवाब दें	Balas	Ответить
Restaurar Minha Conta	Restore My Account	Restaurar Mi Cuenta	استعادة حسابي	내 계정 복원	アカウントを復元	恢复我的账号	मेरा खाता पुनर्स्थापित करें	Pulihkan Akun Saya	Восстановить мой аккаунт
Retangulo	Rectangle	Rectángulo	مستطيل	사각형	長方形	矩形	आयत	Persegi panjang	Прямоугольник
Reverso	Reverse	Inverso	عكسي	역방향	リバース	反向	उल्टा	Terbalik	Реверс
Rig de orbita	Orbit rig	Rig de órbita	هيكل مداري	오빗 리그	オービットリグ	轨道绑定	ऑर्बिट रिग	Rig orbit	Орбитальный риг
Rotacao	Rotation	Rotación	الدوران	회전	回転	旋转	घुमाव	Rotasi	Вращение
Rotulo	Label	Etiqueta	تسمية	라벨	ラベル	标签	लेबल	Label	Метка
Rugosidade	Roughness	Rugosidad	الخشونة	거칠기	ラフネス	粗糙度	खुरदरापन	Kekasaran	Шероховатость
Sair da conta	Sign out	Cerrar sesión	تسجيل الخروج	로그아웃	ログアウト	退出登录	साइन आउट करें	Keluar dari akun	Выйти из аккаунта
Sair desta conta	Sign out of this account	Cerrar sesión en esta cuenta	تسجيل الخروج من هذا الحساب	이 계정에서 로그아웃	このアカウントからログアウト	退出此账号	इस खाते से साइन आउट करें	Keluar dari akun ini	Выйти из этого аккаунта
Sair desta conta?	Sign out of this account?	¿Cerrar sesión en esta cuenta?	هل تريد تسجيل الخروج من هذا الحساب؟	이 계정에서 로그아웃할까요?	このアカウントからログアウトしますか？	退出此账号？	इस खाते से साइन आउट करें?	Keluar dari akun ini?	Выйти из этого аккаунта?
Salvar preset	Save preset	Guardar preset	حفظ الإعداد المسبق	프리셋 저장	プリセットを保存	保存预设	प्रीसेट सहेजें	Simpan preset	Сохранить пресет
Salvar vista	Save view	Guardar vista	حفظ العرض	뷰 저장	ビューを保存	保存视图	व्यू सहेजें	Simpan tampilan	Сохранить вид
Saturacao	Saturation	Saturación	التشبع	채도	彩度	饱和度	संतृप्ति	Saturasi	Насыщенность
Seguir a camada (pai)...	Follow layer (parent)...	Seguir la capa (padre)...	اتباع الطبقة (الأصل)...	레이어 따라가기(부모)...	レイヤーに追従（親）...	跟随图层（父级）...	लेयर का अनुसरण करें (पैरेंट)...	Ikuti lapisan (induk)...	Следовать за слоем (родитель)...
Seguir a posicao de...	Follow the position of...	Seguir la posición de...	اتباع موضع...	다음의 위치 따라가기...	位置に追従...	跟随以下对象的位置...	इसकी स्थिति का अनुसरण करें...	Ikuti posisi dari...	Следовать за позицией...
Seguir um nulo da composicao	Follow a null from the composition	Seguir un nulo de la composición	اتباع كائن فارغ من التركيب	컴포지션의 널 오브젝트 따라가기	コンポジションのヌルに追従	跟随合成中的空对象	कंपोज़िशन के नल ऑब्जेक्ट का अनुसरण करें	Ikuti objek null dari komposisi	Следовать за нулевым объектом композиции
segundos, ou mm:ss.ms	seconds, or mm:ss.ms	segundos, o mm:ss.ms	ثوانٍ، أو mm:ss.ms	초 또는 mm:ss.ms	秒、または mm:ss.ms	秒，或 mm:ss.ms	सेकंड, या mm:ss.ms	detik, atau mm:ss.ms	секунды или mm:ss.ms
Segurar quadro por 1 s	Hold frame for 1 s	Mantener fotograma por 1 s	تثبيت الإطار لمدة 1 ث	프레임 1초 유지	フレームを1秒保持	定格画面 1 秒	फ़्रेम 1 सेकंड रोकें	Tahan bingkai selama 1 detik	Удерживать кадр 1 с
Seja quem começa. Toque em Publicar e mostre o que você fez no Aurea.	Be the first. Tap Publish and show what you made in Aurea.	Sé quien empieza. Toca Publicar y muestra lo que hiciste en Aurea.	كن أول من يبدأ. اضغط على نشر وأظهر ما صنعته في Aurea.	첫 주자가 되어 보세요. 게시를 눌러 Aurea에서 만든 작품을 보여 주세요.	最初の一人になろう。「公開」をタップして、Aureaで作った作品を見せましょう。	做第一个开始的人。点按“发布”，展示你在 Aurea 中的作品。	शुरुआत आप करें। प्रकाशित करें पर टैप करें और दिखाएँ कि आपने Aurea में क्या बनाया।	Jadilah yang pertama. Ketuk Publikasikan dan tunjukkan karyamu di Aurea.	Начните первым. Нажмите «Опубликовать» и покажите, что вы сделали в Aurea.
Selecionar álbum	Select album	Seleccionar álbum	اختيار الألبوم	앨범 선택	アルバムを選択	选择相簿	एल्बम चुनें	Pilih album	Выбрать альбом
Selecione o modelo e, se necessario, .bin, .mtl e texturas juntos.	Select the model and, if needed, the .bin, .mtl and textures together.	Selecciona el modelo y, si es necesario, .bin, .mtl y texturas juntos.	اختر النموذج، وإذا لزم الأمر، ملفات .bin و.mtl والقوام معًا.	모델을 선택하고, 필요하면 .bin, .mtl, 텍스처를 함께 선택하세요.	モデルを選択し、必要なら .bin、.mtl、テクスチャも一緒に選択してください。	选择模型，如有需要，请一并选择 .bin、.mtl 和纹理。	मॉडल चुनें और ज़रूरत हो तो .bin, .mtl और टेक्सचर भी साथ में चुनें।	Pilih model dan, jika perlu, .bin, .mtl, dan tekstur secara bersamaan.	Выберите модель и, если нужно, .bin, .mtl и текстуры вместе.
Selecione uma camada de texto	Select a text layer	Selecciona una capa de texto	اختر طبقة نص	텍스트 레이어를 선택하세요	テキストレイヤーを選択してください	请选择一个文本图层	एक टेक्स्ट लेयर चुनें	Pilih lapisan teks	Выберите текстовый слой
Selo circular, arco, ou seguindo uma forma que voce desenhou — com os operadores e tudo.	Circular badge, arc, or following a shape you drew — operators and all.	Sello circular, arco, o siguiendo una forma que dibujaste — con los operadores y todo.	ختم دائري أو قوس أو على طول شكل رسمته — مع المشغّلات وكل شيء.	원형 스탬프, 호, 또는 직접 그린 도형을 따라서 — 오퍼레이터까지 모두 적용됩니다.	円形スタンプ、アーチ、または自分で描いたシェイプに沿って — オペレーターもすべて使えます。	圆形印章、弧形，或沿着你绘制的形状 — 操作器等全部支持。	गोल मुहर, चाप, या आपकी बनाई आकृति के साथ — ऑपरेटर और सब कुछ के साथ।	Stempel melingkar, lengkung, atau mengikuti bentuk yang kamu gambar — lengkap dengan operatornya.	Круглая печать, дуга или вдоль нарисованной вами фигуры — вместе с операторами и всем остальным.
Sem cues nesta camada.	No cues on this layer.	Sin cues en esta capa.	لا توجد إشارات في هذه الطبقة.	이 레이어에는 큐가 없습니다.	このレイヤーにはキューがありません。	此图层没有提示点。	इस लेयर में कोई क्यू नहीं है।	Tidak ada cue di lapisan ini.	На этом слое нет cue-меток.
sem mascara de segmentacao	no segmentation mask	sin máscara de segmentación	بدون قناع تجزئة	세그멘테이션 마스크 없음	セグメンテーションマスクなし	无分割蒙版	कोई सेगमेंटेशन मास्क नहीं	tanpa masker segmentasi	без маски сегментации
Sem perspectiva: linhas paralelas ficam paralelas.	No perspective: parallel lines stay parallel.	Sin perspectiva: las líneas paralelas se mantienen paralelas.	بدون منظور: تبقى الخطوط المتوازية متوازية.	원근 없음: 평행선이 평행하게 유지됩니다.	透視投影なし: 平行線は平行のままです。	无透视：平行线保持平行。	बिना परिप्रेक्ष्य: समानांतर रेखाएँ समानांतर ही रहती हैं।	Tanpa perspektif: garis sejajar tetap sejajar.	Без перспективы: параллельные линии остаются параллельными.
Sem prévia do vídeo — os pontos continuam valendo.	No video preview — the points still apply.	Sin vista previa del vídeo — los puntos siguen valiendo.	لا توجد معاينة للفيديو — النقاط لا تزال سارية.	동영상 미리보기 없음 — 포인트는 그대로 유효합니다.	動画のプレビューなし — ポイントはそのまま有効です。	无视频预览 — 点仍然有效。	वीडियो का पूर्वावलोकन नहीं — बिंदु अब भी मान्य हैं।	Tanpa pratinjau video — titik-titik tetap berlaku.	Нет предпросмотра видео — точки по-прежнему действуют.
Sem quadro proprio, os filhos compoem direto com o pai — e a forma vetorial nao pixela ao ampliar.	Without its own frame, the children compose directly with the parent — and the vector shape doesn't pixelate when scaled up.	Sin cuadro propio, los hijos se componen directamente con el padre — y la forma vectorial no se pixela al ampliar.	بدون إطار خاص، تُركَّب العناصر الفرعية مباشرة مع الأصل — ولا يتبكسل الشكل المتجهي عند التكبير.	자체 프레임 없이 자식은 부모와 직접 합성되며 — 벡터 도형은 확대해도 픽셀이 깨지지 않습니다.	独自のフレームを持たず、子は親と直接合成されます — ベクターシェイプは拡大してもピクセル化しません。	没有自己的画面时，子级直接与父级合成 — 矢量形状放大也不会出现像素化。	अपना फ़्रेम न होने पर चाइल्ड सीधे पैरेंट के साथ कंपोज़ होते हैं — और वेक्टर आकार बड़ा करने पर पिक्सेलेट नहीं होता।	Tanpa bingkai sendiri, anak-anak dikomposisikan langsung dengan induk — dan bentuk vektor tidak pecah saat diperbesar.	Без собственного кадра дочерние элементы компонуются прямо с родителем — и векторная фигура не пикселизуется при увеличении.
Sem traco	No stroke	Sin trazo	بدون حد	선 없음	線なし	无描边	कोई स्ट्रोक नहीं	Tanpa goresan	Без обводки
Sem vinculo	No link	Sin vínculo	بدون ربط	연결 없음	リンクなし	无关联	कोई लिंक नहीं	Tanpa tautan	Без связи
Semente	Seed	Semilla	البذرة	시드	シード	种子	सीड	Seed	Сид
Sensibilidade	Sensitivity	Sensibilidad	الحساسية	감도	感度	灵敏度	संवेदनशीलता	Sensitivitas	Чувствительность
Sete modos, pilha, feather X/Y, opacidade e caminho.	Seven modes, stacking, X/Y feather, opacity and path.	Siete modos, pila, feather X/Y, opacidad y trazado.	سبعة أوضاع، وتكديس، وتنعيم X/Y، وعتامة، ومسار.	7가지 모드, 스택, X/Y 페더, 불투명도, 패스.	7つのモード、スタック、X/Yフェザー、不透明度、パス。	七种模式、堆叠、X/Y 羽化、不透明度和路径。	सात मोड, स्टैक, X/Y फ़ेदर, अपारदर्शिता और पाथ।	Tujuh mode, tumpukan, feather X/Y, opasitas, dan jalur.	Семь режимов, стек, растушёвка X/Y, непрозрачность и контур.
Seu apelido criativo (ex: Pedro Motion)	Your creative nickname (e.g. Pedro Motion)	Tu apodo creativo (ej: Pedro Motion)	لقبك الإبداعي (مثال: Pedro Motion)	나만의 크리에이티브 닉네임 (예: Pedro Motion)	クリエイティブなニックネーム（例: Pedro Motion）	你的创作昵称（例如：Pedro Motion）	आपका क्रिएटिव उपनाम (जैसे: Pedro Motion)	Nama panggilan kreatifmu (mis: Pedro Motion)	Ваш творческий никнейм (напр.: Pedro Motion)
Seu apelido no mural	Your nickname on the wall	Tu apodo en el muro	لقبك على الحائط	담벼락에 표시될 닉네임	ウォールでのニックネーム	你在社区墙上的昵称	वॉल पर आपका उपनाम	Nama panggilanmu di dinding	Ваш никнейм на стене
Seus projetos aparecem aqui, com a miniatura do que voce fez.	Your projects show up here, with a thumbnail of what you made.	Tus proyectos aparecen aquí, con la miniatura de lo que hiciste.	تظهر مشاريعك هنا مع صورة مصغرة لما صنعته.	내 프로젝트가 만든 작품의 썸네일과 함께 여기에 표시됩니다.	作成したプロジェクトが、サムネイル付きでここに表示されます。	你的项目会显示在这里，并附上作品缩略图。	आपके प्रोजेक्ट यहाँ दिखेंगे, आपके बनाए काम के थंबनेल के साथ।	Proyekmu muncul di sini, dengan gambar mini dari karyamu.	Ваши проекты появятся здесь с миниатюрой того, что вы сделали.
Sobrescrever	Overwrite	Sobrescribir	استبدال	덮어쓰기	上書き	覆盖	अधिलेखित करें	Timpa	Перезаписать
Solta a camada do pai	Releases the layer from its parent	Suelta la capa del padre	يفصل الطبقة عن الأصل	레이어를 부모에서 분리합니다	レイヤーを親から切り離します	将图层从父级分离	लेयर को पैरेंट से अलग करता है	Melepaskan lapisan dari induknya	Отсоединяет слой от родителя
Som	Sound	Sonido	الصوت	소리	サウンド	声音	ध्वनि	Suara	Звук
Sombra	Shadow	Sombra	ظل	그림자	シャドウ	阴影	छाया	Bayangan	Тень
Sombra e brilho	Shadow and glow	Sombra y brillo	الظل والتوهج	그림자 및 광선	シャドウとグロー	阴影与发光	छाया और चमक	Bayangan dan cahaya	Тень и свечение
Sombra e brilho (estilos)	Shadow and glow (styles)	Sombra y brillo (estilos)	الظل والتوهج (أنماط)	그림자 및 광선(스타일)	シャドウとグロー（スタイル）	阴影与发光（样式）	छाया और चमक (स्टाइल)	Bayangan dan cahaya (gaya)	Тень и свечение (стили)
Sombra suave	Soft shadow	Sombra suave	ظل ناعم	부드러운 그림자	ソフトシャドウ	柔和阴影	कोमल छाया	Bayangan lembut	Мягкая тень
Sonda por objeto	Probe per object	Sonda por objeto	مسبار لكل كائن	오브젝트별 프로브	オブジェクトごとのプローブ	按对象探针	प्रति ऑब्जेक्ट प्रोब	Probe per objek	Зонд на объект
Sonda X	Probe X	Sonda X	مسبار X	프로브 X	プローブ X	探针 X	प्रोब X	Probe X	Зонд X
Sonda Y	Probe Y	Sonda Y	مسبار Y	프로브 Y	プローブ Y	探针 Y	प्रोब Y	Probe Y	Зонд Y
Sonda Z	Probe Z	Sonda Z	مسبار Z	프로브 Z	プローブ Z	探针 Z	प्रोब Z	Probe Z	Зонд Z
Sortear	Randomize	Aleatorizar	اختيار عشوائي	무작위 선택	ランダム化	随机	रैंडम करें	Acak	Случайно
Sua cena começa aqui. Toque em Adicionar para criar ou importar um objeto.	Your scene starts here. Tap Add to create or import an object.	Tu escena empieza aquí. Toca Añadir para crear o importar un objeto.	يبدأ مشهدك هنا. اضغط على إضافة لإنشاء كائن أو استيراده.	여기서 장면이 시작됩니다. 추가를 눌러 오브젝트를 만들거나 가져오세요.	シーンはここから始まります。「追加」をタップしてオブジェクトを作成または読み込みましょう。	你的场景从这里开始。点按“添加”来创建或导入对象。	आपका दृश्य यहाँ से शुरू होता है। ऑब्जेक्ट बनाने या आयात करने के लिए जोड़ें पर टैप करें।	Adeganmu dimulai di sini. Ketuk Tambah untuk membuat atau mengimpor objek.	Ваша сцена начинается здесь. Нажмите «Добавить», чтобы создать или импортировать объект.
Sua conta e posts continuarão seguros no Cloudflare. Certifique-se de ter copiado seu código de acesso antes de sair.	Your account and posts will stay safe on Cloudflare. Make sure you've copied your access code before signing out.	Tu cuenta y tus publicaciones seguirán seguras en Cloudflare. Asegúrate de haber copiado tu código de acceso antes de salir.	سيبقى حسابك ومنشوراتك آمنة على Cloudflare. تأكد من نسخ رمز الوصول الخاص بك قبل تسجيل الخروج.	계정과 게시물은 Cloudflare에 안전하게 보관됩니다. 로그아웃하기 전에 액세스 코드를 복사했는지 확인하세요.	アカウントと投稿はCloudflareに安全に保存されたままです。ログアウトする前に、アクセスコードをコピーしたことを確認してください。	你的账号和帖子将继续安全地保存在 Cloudflare 上。退出前请确认已复制访问码。	आपका खाता और पोस्ट Cloudflare पर सुरक्षित रहेंगे। साइन आउट करने से पहले अपना एक्सेस कोड कॉपी कर लेना सुनिश्चित करें।	Akun dan postinganmu akan tetap aman di Cloudflare. Pastikan kamu sudah menyalin kode aksesmu sebelum keluar.	Ваш аккаунт и посты останутся в безопасности на Cloudflare. Убедитесь, что скопировали код доступа, прежде чем выйти.
Suave	Smooth	Suave	ناعم	부드럽게	スムーズ	平滑	कोमल	Halus	Плавный
Suavidade	Smoothness	Suavidad	النعومة	부드러움	滑らかさ	平滑度	कोमलता	Kehalusan	Плавность
Suavidade da borda	Edge softness	Suavidad del borde	نعومة الحافة	가장자리 부드러움	エッジの柔らかさ	边缘柔和度	किनारे की कोमलता	Kehalusan tepi	Мягкость края
Suavizacao (MSAA)	Anti-aliasing (MSAA)	Suavizado (MSAA)	تنعيم (MSAA)	안티앨리어싱(MSAA)	アンチエイリアス（MSAA）	抗锯齿（MSAA）	एंटी-एलियासिंग (MSAA)	Anti-aliasing (MSAA)	Сглаживание (MSAA)
Suavizar as bordas (MSAA)	Smooth the edges (MSAA)	Suavizar los bordes (MSAA)	تنعيم الحواف (MSAA)	가장자리 부드럽게(MSAA)	エッジを滑らかに（MSAA）	平滑边缘（MSAA）	किनारे चिकने करें (MSAA)	Haluskan tepi (MSAA)	Сгладить края (MSAA)
SUBDIVISAO	SUBDIVISION	SUBDIVISIÓN	التقسيم الفرعي	세분화	サブディビジョン	细分	सबडिवीज़न	SUBDIVISI	ПОДРАЗДЕЛЕНИЕ
Subdivisoes	Subdivisions	Subdivisiones	التقسيمات الفرعية	세분화	分割数	细分	उपविभाजन	Subdivisi	Подразделения
Subir	Move up	Subir	تحريك لأعلى	위로	上へ	上移	ऊपर	Naik	Вверх
Tamanho muda a GEOMETRIA (traco constante). Escala, em Mover, engorda tudo junto.	Size changes the GEOMETRY (constant stroke). Scale, under Move, thickens everything together.	Tamaño cambia la GEOMETRÍA (trazo constante). Escala, en Mover, engorda todo junto.	الحجم يغيّر الشكل الهندسي (الحد ثابت). المقياس، في تحريك، يضخّم كل شيء معًا.	크기는 형태 자체를 바꿉니다(선 두께는 그대로). 이동의 배율은 선까지 함께 두꺼워집니다.	サイズは形状そのものを変えます（線幅は一定）。移動のスケールは線も含めて全体を太らせます。	大小改变的是几何形状（描边粗细不变）。移动里的缩放会把描边也一起放大。	आकार ज्यामिति बदलता है (स्ट्रोक स्थिर रहता है)। खिसकाएँ में स्केल सब कुछ एक साथ मोटा कर देता है।	Ukuran mengubah GEOMETRI (goresan tetap). Skala, di Pindahkan, menggemukkan semuanya sekaligus.	Размер меняет ГЕОМЕТРИЮ (обводка постоянная). Масштаб в разделе «Переместить» утолщает всё вместе.
Taxa	Bitrate	Bitrate	معدل البت	비트레이트	ビットレート	码率	बिटरेट	Bitrate	Битрейт
Tecnologia	Technology	Tecnología	التقنية	기술	テクノロジー	技术	तकनीक	Teknologi	Технологии
Template	Template	Plantilla	قالب	템플릿	テンプレート	模板	टेम्पलेट	Templat	Шаблон
Tempo	Time	Tiempo	الوقت	시간	時間	时间	समय	Waktu	Время
Tempo agora	Current time	Tiempo actual	الوقت الحالي	현재 시간	現在の時間	当前时间	वर्तमान समय	Waktu saat ini	Текущее время
Tentar de novo	Try again	Intentar de nuevo	حاول مرة أخرى	다시 시도	もう一度試す	重试	फिर कोशिश करें	Coba lagi	Повторить
Tentar publicar de novo	Try publishing again	Intentar publicar de nuevo	حاول النشر مرة أخرى	다시 게시 시도	もう一度公開を試す	重试发布	फिर से प्रकाशित करने की कोशिश करें	Coba terbitkan lagi	Повторить публикацию
Teste de estresse 3D	3D stress test	Prueba de estrés 3D	اختبار إجهاد ثلاثي الأبعاد	3D 스트레스 테스트	3Dストレステスト	3D压力测试	3D स्ट्रेस टेस्ट	Uji beban 3D	Стресс-тест 3D
Teste de estresse do motor 3D	3D engine stress test	Prueba de estrés del motor 3D	اختبار إجهاد المحرك ثلاثي الأبعاد	3D 엔진 스트레스 테스트	3Dエンジンのストレステスト	3D引擎压力测试	3D इंजन स्ट्रेस टेस्ट	Uji beban mesin 3D	Стресс-тест 3D-движка
Texto em caminho	Text on path	Texto en trazado	نص على مسار	패스 위 텍스트	パス上のテキスト	路径文本	पथ पर टेक्स्ट	Teks pada jalur	Текст по контуру
Textura, faces, opacidade, normal, oclusao, dupla face.	Texture, faces, opacity, normal, occlusion, double-sided.	Textura, caras, opacidad, normal, oclusión, doble cara.	النسيج، الأوجه، العتامة، النورمال، الانسداد، ثنائي الوجه.	텍스처, 면, 불투명도, 노멀, 오클루전, 양면.	テクスチャ、面、不透明度、法線、オクルージョン、両面。	纹理、面、不透明度、法线、遮蔽、双面。	टेक्सचर, फ़ेस, अपारदर्शिता, नॉर्मल, ऑक्लूज़न, दोतरफ़ा।	Tekstur, sisi, opasitas, normal, oklusi, dua sisi.	Текстура, грани, непрозрачность, нормали, окклюзия, двусторонность.
TikTok	TikTok	TikTok	TikTok	TikTok	TikTok	TikTok	TikTok	TikTok	TikTok
TIME REMAPPING	TIME REMAPPING	REMAPEO DE TIEMPO	إعادة تعيين الوقت	시간 리매핑	タイムリマップ	时间重映射	टाइम रीमैपिंग	PEMETAAN ULANG WAKTU	ПЕРЕРАСПРЕДЕЛЕНИЕ ВРЕМЕНИ
Tipo	Type	Tipo	النوع	유형	種類	类型	प्रकार	Jenis	Тип
TIPO	TYPE	TIPO	النوع	유형	種類	类型	प्रकार	JENIS	ТИП
Tirar	Remove	Quitar	إزالة	제거	削除	移除	हटाएँ	Hapus	Убрать
Tirar traco	Remove stroke	Quitar trazo	إزالة الحد	선 제거	線を削除	移除描边	स्ट्रोक हटाएँ	Hapus goresan	Убрать обводку
Tomadas	Shots	Tomas	اللقطات	샷	ショット	镜头	शॉट	Shot	Планы
Toque em Comparar para ver a prévia	Tap Compare to see the preview	Toca Comparar para ver la vista previa	اضغط على مقارنة لرؤية المعاينة	비교를 눌러 미리보기를 확인하세요	「比較」をタップしてプレビューを表示	点按“对比”查看预览	पूर्वावलोकन देखने के लिए तुलना पर टैप करें	Ketuk Bandingkan untuk melihat pratinjau	Нажмите «Сравнить», чтобы увидеть предпросмотр
Toque no tempo para ouvir o trecho; corrija o texto direto. Editar trava o cue.	Tap the time to hear the segment; fix the text directly. Editing locks the cue.	Toca el tiempo para oír el fragmento; corrige el texto directamente. Editar bloquea el cue.	اضغط على الوقت لسماع المقطع؛ وصحّح النص مباشرة. التعديل يثبّت المقطع.	시간을 누르면 해당 구간을 들을 수 있고, 텍스트는 바로 고칠 수 있습니다. 편집하면 그 큐가 고정됩니다.	時間をタップすると該当部分を再生します。テキストは直接修正できます。編集するとそのキューは固定されます。	点按时间可试听该片段；可直接修改文本。编辑后该字幕条会被锁定。	हिस्सा सुनने के लिए समय पर टैप करें; टेक्स्ट सीधे सुधारें। संपादित करने पर वह क्यू लॉक हो जाता है।	Ketuk waktu untuk mendengar bagiannya; perbaiki teks langsung. Mengedit akan mengunci cue tersebut.	Нажмите на время, чтобы прослушать фрагмент; текст правьте прямо здесь. Редактирование закрепляет реплику.
Toque num objeto da vista para escolher, ou crie um.	Tap an object in the view to select it, or create one.	Toca un objeto de la vista para elegirlo, o crea uno.	اضغط على كائن في العرض لاختياره، أو أنشئ واحدًا.	화면의 오브젝트를 눌러 선택하거나 새로 만드세요.	ビュー内のオブジェクトをタップして選ぶか、新しく作成してください。	点按视图中的对象进行选择，或新建一个。	चुनने के लिए व्यू में किसी ऑब्जेक्ट पर टैप करें, या नया बनाएँ।	Ketuk objek di tampilan untuk memilih, atau buat yang baru.	Нажмите на объект в окне просмотра, чтобы выбрать его, или создайте новый.
Toque num objeto na tela para editar.	Tap an object on the screen to edit it.	Toca un objeto en la pantalla para editarlo.	اضغط على كائن في الشاشة لتعديله.	화면의 오브젝트를 눌러 편집하세요.	画面上のオブジェクトをタップして編集します。	点按屏幕上的对象即可编辑。	संपादित करने के लिए स्क्रीन पर किसी ऑब्जेक्ट पर टैप करें।	Ketuk objek di layar untuk mengedit.	Нажмите на объект на экране, чтобы отредактировать его.
Toque para digitar o valor	Tap to type the value	Toca para escribir el valor	اضغط لإدخال القيمة	눌러서 값 입력	タップして値を入力	点按输入数值	मान लिखने के लिए टैप करें	Ketuk untuk mengetik nilai	Нажмите, чтобы ввести значение
Toque para renomear	Tap to rename	Toca para renombrar	اضغط لإعادة التسمية	눌러서 이름 변경	タップして名前を変更	点按重命名	नाम बदलने के लिए टैप करें	Ketuk untuk mengubah nama	Нажмите, чтобы переименовать
Toque para trocar a cor · segure para tirar	Tap to change the color · hold to remove	Toca para cambiar el color · mantén pulsado para quitar	اضغط لتغيير اللون · اضغط مطولًا للإزالة	눌러서 색상 변경 · 길게 눌러 제거	タップで色を変更 · 長押しで削除	点按更换颜色 · 长按移除	रंग बदलने के लिए टैप करें · हटाने के लिए दबाए रखें	Ketuk untuk mengganti warna · tahan untuk menghapus	Нажмите, чтобы сменить цвет · удерживайте, чтобы убрать
Traco	Stroke	Trazo	الحد	선	線	描边	स्ट्रोक	Goresan	Обводка
Transcrição automática	Automatic transcription	Transcripción automática	النسخ التلقائي	자동 받아쓰기	自動文字起こし	自动转录	स्वचालित ट्रांसक्रिप्शन	Transkripsi otomatis	Автоматическая расшифровка
Transformação 3D	3D transform	Transformación 3D	التحويل ثلاثي الأبعاد	3D 변형	3D変形	3D变换	3D रूपांतरण	Transformasi 3D	3D-трансформация
Transicao	Transition	Transición	الانتقال	전환	トランジション	转场	ट्रांज़िशन	Transisi	Переход
Travadas	Freezes	Bloqueos	التجمدات	멈춤 기록	フリーズ	卡顿记录	फ़्रीज़	Macet	Зависания
Travado, nao se move nem se apaga sem querer.	Locked: it won't move or get deleted by accident.	Bloqueado: no se mueve ni se borra sin querer.	مقفل، لا يتحرك ولا يُحذف عن طريق الخطأ.	잠김 상태입니다. 실수로 움직이거나 지워지지 않습니다.	ロック中。誤って動かしたり削除したりできません。	已锁定，不会被误移动或误删除。	लॉक है, गलती से न हिलेगा न मिटेगा।	Terkunci, tidak akan bergeser atau terhapus tanpa sengaja.	Заблокировано: не сдвинется и не удалится случайно.
Travar no zoom	Lock to zoom	Bloquear al zoom	قفل على التكبير	줌에 고정	ズームにロック	锁定到缩放	ज़ूम पर लॉक करें	Kunci ke zoom	Привязать к масштабу
Trim Paths	Trim Paths	Recortar trazados	قص المسارات	패스 트리밍	パスのトリミング	修剪路径	ट्रिम पाथ	Trim Paths	Обрезка контуров
Tudo acontece no aparelho. O video nao e enviado para lugar nenhum.	Everything happens on your device. The video is never sent anywhere.	Todo ocurre en el dispositivo. El vídeo no se envía a ningún sitio.	كل شيء يحدث على جهازك. لا يُرسل الفيديو إلى أي مكان.	모든 처리는 기기 안에서 이루어집니다. 동영상은 어디로도 전송되지 않습니다.	すべて端末内で処理されます。動画はどこにも送信されません。	一切都在设备上完成。视频不会被发送到任何地方。	सब कुछ आपके डिवाइस पर ही होता है। वीडियो कहीं नहीं भेजा जाता।	Semuanya terjadi di perangkat. Video tidak dikirim ke mana pun.	Всё происходит на устройстве. Видео никуда не отправляется.
Tudo: tipo, orientacao, foco, auto-orientacao.	Everything: type, orientation, focus, auto-orient.	Todo: tipo, orientación, enfoque, orientación automática.	كل شيء: النوع، الاتجاه، التركيز، التوجيه التلقائي.	전부: 유형, 방향, 초점, 자동 방향.	すべて：種類、向き、フォーカス、自動方向。	全部：类型、朝向、焦点、自动朝向。	सब कुछ: प्रकार, ओरिएंटेशन, फ़ोकस, ऑटो-ओरिएंटेशन।	Semuanya: jenis, orientasi, fokus, orientasi otomatis.	Всё: тип, ориентация, фокус, автоориентация.
Tutorial	Tutorial	Tutorial	شرح تعليمي	튜토리얼	チュートリアル	教程	ट्यूटोरियल	Tutorial	Обучение
Tutorial em vídeo: cena 3D com modelos e câmeras	Video tutorial: 3D scene with models and cameras	Tutorial en vídeo: escena 3D con modelos y cámaras	شرح بالفيديو: مشهد ثلاثي الأبعاد بنماذج وكاميرات	동영상 튜토리얼: 모델과 카메라가 있는 3D 장면	動画チュートリアル：モデルとカメラを使った3Dシーン	视频教程：带模型和摄像机的3D场景	वीडियो ट्यूटोरियल: मॉडल और कैमरों वाला 3D दृश्य	Tutorial video: adegan 3D dengan model dan kamera	Видеоурок: 3D-сцена с моделями и камерами
Tutorial em vídeo: sua primeira cena 3D	Video tutorial: your first 3D scene	Tutorial en vídeo: tu primera escena 3D	شرح بالفيديو: مشهدك ثلاثي الأبعاد الأول	동영상 튜토리얼: 첫 3D 장면 만들기	動画チュートリアル：はじめての3Dシーン	视频教程：你的第一个3D场景	वीडियो ट्यूटोरियल: आपका पहला 3D दृश्य	Tutorial video: adegan 3D pertamamu	Видеоурок: ваша первая 3D-сцена
Tutorial em vídeo: texto que quica, do seu jeito	Video tutorial: bouncing text, your way	Tutorial en vídeo: texto que rebota, a tu manera	شرح بالفيديو: نص يرتد، على طريقتك	동영상 튜토리얼: 통통 튀는 텍스트, 내 방식대로	動画チュートリアル：跳ねるテキストを自分流に	视频教程：弹跳文字，随你定制	वीडियो ट्यूटोरियल: उछलता टेक्स्ट, आपके अंदाज़ में	Tutorial video: teks memantul, sesuai gayamu	Видеоурок: прыгающий текст по-вашему
Tutorial: modelos, animação e câmeras (1min24)	Tutorial: models, animation and cameras (1min24)	Tutorial: modelos, animación y cámaras (1min24)	شرح: النماذج والرسوم المتحركة والكاميرات (1min24)	튜토리얼: 모델, 애니메이션, 카메라 (1min24)	チュートリアル：モデル、アニメーション、カメラ (1min24)	教程：模型、动画与摄像机 (1min24)	ट्यूटोरियल: मॉडल, एनिमेशन और कैमरे (1min24)	Tutorial: model, animasi, dan kamera (1min24)	Урок: модели, анимация и камеры (1min24)
Tutorial: primeira cena 3D (1 min)	Tutorial: first 3D scene (1 min)	Tutorial: primera escena 3D (1 min)	شرح: أول مشهد ثلاثي الأبعاد (1 min)	튜토리얼: 첫 3D 장면 (1 min)	チュートリアル：はじめての3Dシーン (1 min)	教程：第一个3D场景 (1 min)	ट्यूटोरियल: पहला 3D दृश्य (1 min)	Tutorial: adegan 3D pertama (1 min)	Урок: первая 3D-сцена (1 min)
Um ponto que so transforma: pai dos outros.	A point that only transforms: parent of the others.	Un punto que solo transforma: padre de los demás.	نقطة تقوم بالتحويل فقط: أصل للكائنات الأخرى.	변형만 하는 점: 다른 오브젝트의 부모입니다.	変形だけを持つ点。ほかのオブジェクトの親になります。	只负责变换的点：其他对象的父级。	एक बिंदु जो सिर्फ़ रूपांतरण करता है: बाकी का पैरेंट।	Titik yang hanya bertransformasi: induk dari yang lain.	Точка, которая только трансформирует: родитель для остальных.
Um toque cria mascara e keyframes reais com mola.	One tap creates a mask and real keyframes with spring easing.	Un toque crea una máscara y fotogramas clave reales con muelle.	بلمسة واحدة يُنشأ قناع وإطارات مفتاحية حقيقية بحركة نابضة.	한 번의 터치로 마스크와 스프링이 적용된 실제 키프레임이 만들어집니다.	ワンタップでマスクとスプリング付きの本物のキーフレームを作成します。	一键创建蒙版和带弹簧效果的真实关键帧。	एक टैप से मास्क और स्प्रिंग वाले असली कीफ़्रेम बनते हैं।	Satu ketukan membuat masker dan keyframe sungguhan dengan efek pegas.	Одно нажатие создаёт маску и настоящие ключевые кадры с пружиной.
Um video falado entra, um projeto editavel sai.	A talking video goes in, an editable project comes out.	Entra un vídeo hablado, sale un proyecto editable.	يدخل فيديو منطوق، ويخرج مشروع قابل للتعديل.	말하는 영상을 넣으면 편집 가능한 프로젝트가 나옵니다.	話している動画を入れると、編集できるプロジェクトになって出てきます。	放进一段有人说话的视频，得到一个可编辑的项目。	एक बोला हुआ वीडियो अंदर जाता है, एक संपादन योग्य प्रोजेक्ट बाहर आता है।	Video berisi ucapan masuk, proyek yang bisa diedit keluar.	На входе — видео с речью, на выходе — редактируемый проект.
Uma camada por marca, na ordem em que estao	One layer per marker, in their current order	Una capa por marca, en el orden en que están	طبقة واحدة لكل علامة، بترتيبها الحالي	마커마다 레이어 하나씩, 현재 순서대로	マーカーごとにレイヤー1つ、今の順番のまま	每个标记一个图层，按当前顺序	हर मार्कर पर एक लेयर, मौजूदा क्रम में	Satu lapisan per penanda, sesuai urutan saat ini	По одному слою на маркер, в текущем порядке
Unidade	Unit	Unidad	الوحدة	단위	単位	单位	इकाई	Satuan	Единица
Unidade do canto	Corner unit	Unidad de la esquina	وحدة الزاوية	모서리 단위	角の単位	圆角单位	कोने की इकाई	Satuan sudut	Единица угла
Usar como matte...	Use as matte...	Usar como mate...	استخدام كقناع مات...	매트로 사용...	マットとして使用...	用作遮罩...	मैट के रूप में उपयोग करें...	Gunakan sebagai matte...	Использовать как трек-маску...
Usar esta camera	Use this camera	Usar esta cámara	استخدام هذه الكاميرا	이 카메라 사용	このカメラを使う	使用此摄像机	इस कैमरे का उपयोग करें	Gunakan kamera ini	Использовать эту камеру
Usar o Whisper do aparelho	Use on-device Whisper	Usar el Whisper del dispositivo	استخدام Whisper على الجهاز	기기의 Whisper 사용	端末のWhisperを使う	使用设备上的 Whisper	डिवाइस का Whisper इस्तेमाल करें	Gunakan Whisper di perangkat	Использовать Whisper на устройстве
Use Comparar para preparar a imagem	Use Compare to prepare the image	Usa Comparar para preparar la imagen	استخدم مقارنة لتجهيز الصورة	비교를 사용해 이미지를 준비하세요	「比較」で画像を準備してください	使用“对比”来准备图片	छवि तैयार करने के लिए तुलना का उपयोग करें	Gunakan Bandingkan untuk menyiapkan gambar	Используйте «Сравнить», чтобы подготовить изображение
Vai direto para o criador	Goes straight to the creator	Va directo al creador	يصل مباشرة إلى المطوّر	개발자에게 바로 전달됩니다	開発者に直接届きます	直接发送给开发者	सीधे बनाने वाले तक पहुँचता है	Langsung ke pembuatnya	Попадает прямо к создателю
Vai o projeto: camadas, animações e cena 3D. Os vídeos e as fotos que você importou ficam no seu aparelho.	The project goes: layers, animations and the 3D scene. The videos and photos you imported stay on your device.	Se envía el proyecto: capas, animaciones y escena 3D. Los vídeos y las fotos que importaste se quedan en tu dispositivo.	يُرسل المشروع: الطبقات والرسوم المتحركة والمشهد ثلاثي الأبعاد. أما مقاطع الفيديو والصور التي استوردتها فتبقى على جهازك.	프로젝트만 전송됩니다: 레이어, 애니메이션, 3D 장면. 가져온 동영상과 사진은 기기에 남습니다.	送られるのはプロジェクト（レイヤー、アニメーション、3Dシーン）だけです。読み込んだ動画と写真は端末に残ります。	发送的是项目：图层、动画和3D场景。你导入的视频和照片仍保留在你的设备上。	प्रोजेक्ट जाता है: लेयर, एनिमेशन और 3D दृश्य। आपके इंपोर्ट किए वीडियो और फ़ोटो आपके डिवाइस पर ही रहते हैं।	Yang dikirim adalah proyek: lapisan, animasi, dan adegan 3D. Video dan foto yang kamu impor tetap di perangkatmu.	Отправляется проект: слои, анимации и 3D-сцена. Импортированные видео и фото остаются на вашем устройстве.
Vamos editar	Let's edit	Vamos a editar	لنبدأ التعديل	편집 시작	編集を始める	开始编辑	चलिए संपादित करें	Ayo edit	За дело
Ver as dicas de novo	Show the tips again	Ver los consejos de nuevo	عرض النصائح مرة أخرى	도움말 다시 보기	ヒントをもう一度見る	再次查看提示	सुझाव फिर से देखें	Lihat tips lagi	Показать советы снова
Ver batidas	Show beats	Ver beats	عرض الإيقاعات	비트 보기	ビートを表示	查看节拍	बीट देखें	Lihat ketukan	Показать биты
Ver feed	View feed	Ver feed	عرض الخلاصة	피드 보기	フィードを見る	查看动态	फ़ीड देखें	Lihat feed	Открыть ленту
Ver os pontos e montar a cena	See the points and build the scene	Ver los puntos y montar la escena	عرض النقاط وبناء المشهد	점을 보고 장면 구성하기	ポイントを見てシーンを組み立てる	查看点并搭建场景	बिंदु देखें और दृश्य बनाएँ	Lihat titik dan susun adegan	Посмотреть точки и собрать сцену
Versao beta para testes	Beta version for testing	Versión beta para pruebas	نسخة تجريبية للاختبار	테스트용 베타 버전	テスト用ベータ版	测试用 Beta 版	परीक्षण के लिए बीटा संस्करण	Versi beta untuk pengujian	Бета-версия для тестирования
Versao beta: achou um problema? Conte pra gente	Beta version: found a problem? Let us know	Versión beta: ¿encontraste un problema? Cuéntanoslo	نسخة تجريبية: هل وجدت مشكلة؟ أخبرنا	베타 버전: 문제를 발견했나요? 알려주세요	ベータ版：問題を見つけたら教えてください	Beta 版：发现问题了？告诉我们	बीटा संस्करण: कोई समस्या मिली? हमें बताएँ	Versi beta: menemukan masalah? Beri tahu kami	Бета-версия: нашли проблему? Расскажите нам
Versao e motor 3D em uso	Version and 3D engine in use	Versión y motor 3D en uso	الإصدار والمحرك ثلاثي الأبعاد المستخدم	버전 및 사용 중인 3D 엔진	バージョンと使用中の3Dエンジン	版本与当前使用的3D引擎	संस्करण और उपयोग में 3D इंजन	Versi dan mesin 3D yang dipakai	Версия и используемый 3D-движок
VHF · Neon Orbit	VHF · Neon Orbit	VHF · Neon Orbit	VHF · Neon Orbit	VHF · Neon Orbit	VHF · Neon Orbit	VHF · Neon Orbit	VHF · Neon Orbit	VHF · Neon Orbit	VHF · Neon Orbit
Vibracao ao interagir	Vibrate on interaction	Vibración al interactuar	الاهتزاز عند التفاعل	상호작용 시 진동	操作時に振動	交互时震动	इंटरैक्ट करने पर कंपन	Getar saat berinteraksi	Вибрация при взаимодействии
Video pronto	Video ready	Vídeo listo	الفيديو جاهز	동영상 준비 완료	動画の準備ができました	视频已就绪	वीडियो तैयार	Video siap	Видео готово
Vincular (Parentear)	Link (Parent)	Vincular (Emparentar)	ربط (إسناد إلى أصل)	연결 (부모 지정)	リンク（親子付け）	关联（父子级）	लिंक करें (पैरेंट)	Tautkan (Induk)	Связать (Родитель)
Vincular a nulo: nenhum	Link to null: none	Vincular a nulo: ninguno	ربط بكائن فارغ: لا شيء	널에 연결: 없음	ヌルにリンク：なし	关联到空对象：无	नल से लिंक: कोई नहीं	Tautkan ke null: tidak ada	Связать с нулевым объектом: нет
Vinculo de propriedade	Property link	Vínculo de propiedad	ربط الخاصية	속성 연결	プロパティのリンク	属性关联	प्रॉपर्टी लिंक	Tautan properti	Связь свойств
Vista Camera	Camera view	Vista de cámara	عرض الكاميرا	카메라 뷰	カメラビュー	摄像机视图	कैमरा व्यू	Tampilan kamera	Вид из камеры
Vista de trabalho	Working view	Vista de trabajo	عرض العمل	작업 뷰	作業ビュー	工作视图	वर्क व्यू	Tampilan kerja	Рабочий вид
Vista Livre	Free view	Vista libre	عرض حر	자유 뷰	自由ビュー	自由视图	फ़्री व्यू	Tampilan bebas	Свободный вид
Voltar ao editor	Back to editor	Volver al editor	العودة إلى المحرر	편집기로 돌아가기	エディターに戻る	返回编辑器	एडिटर पर वापस जाएँ	Kembali ke editor	Вернуться в редактор
Voltar as ferramentas	Back to tools	Volver a las herramientas	العودة إلى الأدوات	도구로 돌아가기	ツールに戻る	返回工具	टूल पर वापस जाएँ	Kembali ke alat	Назад к инструментам
Voltar às ferramentas da camada	Back to layer tools	Volver a las herramientas de la capa	العودة إلى أدوات الطبقة	레이어 도구로 돌아가기	レイヤーツールに戻る	返回图层工具	लेयर टूल पर वापस जाएँ	Kembali ke alat lapisan	Назад к инструментам слоя
Volume / Áudio	Volume / Audio	Volumen / Audio	مستوى الصوت / الصوت	음량 / 오디오	音量 / 音声	音量 / 音频	आवाज़ / ऑडियो	Volume / Audio	Громкость / Аудио
Voz	Voice	Voz	الصوت البشري	음성	ボイス	人声	वॉइस	Suara	Голос
Voz e EQ	Voice and EQ	Voz y EQ	الصوت البشري و EQ	음성 및 EQ	ボイスとEQ	人声与 EQ	वॉइस और EQ	Suara dan EQ	Голос и EQ
Vídeos do sistema	System videos	Vídeos del sistema	مقاطع فيديو النظام	시스템 동영상	システムの動画	系统视频	सिस्टम के वीडियो	Video sistem	Видео из системы
X Skew	X Skew	Inclinación X	إمالة X	X 기울기	X傾斜	X倾斜	X तिरछापन	Kemiringan X	Наклон X
XML	XML	XML	XML	XML	XML	XML	XML	XML	XML
Y Skew	Y Skew	Inclinación Y	إمالة Y	Y 기울기	Y傾斜	Y倾斜	Y तिरछापन	Kemiringan Y	Наклон Y
Zerar parte	Reset part	Restablecer parte	إعادة ضبط الجزء	부위 초기화	パーツをリセット	重置部件	हिस्सा रीसेट करें	Atur ulang bagian	Сбросить часть
Zero e corte seco. Maior que zero derrete de uma camera na outra.	Zero is a hard cut. Above zero, it dissolves from one camera into the other.	Cero es corte seco. Mayor que cero funde de una cámara a la otra.	الصفر يعني قطعًا مباشرًا. أكبر من الصفر يعني ذوبانًا من كاميرا إلى أخرى.	0이면 바로 컷 전환됩니다. 0보다 크면 한 카메라에서 다른 카메라로 서서히 녹아듭니다.	ゼロならカット切り替え。ゼロより大きいと、カメラからカメラへ溶けるように切り替わります。	为零时是硬切。大于零则从一台摄像机溶入另一台。	शून्य यानी सीधा कट। शून्य से ज़्यादा होने पर एक कैमरे से दूसरे में घुलकर बदलता है।	Nol berarti potongan langsung. Lebih dari nol, melebur dari satu kamera ke kamera lain.	Ноль — резкая склейка. Больше нуля — плавный переход из одной камеры в другую.
Zoom (px)	Zoom (px)	Zoom (px)	التكبير (px)	줌 (px)	ズーム (px)	缩放 (px)	ज़ूम (px)	Zoom (px)	Масштаб (px)
Áreas seguras	Safe areas	Áreas seguras	المناطق الآمنة	안전 영역	セーフエリア	安全区域	सुरक्षित क्षेत्र	Area aman	Безопасные зоны
Áurea Motion	Áurea Motion	Áurea Motion	Áurea Motion	Áurea Motion	Áurea Motion	Áurea Motion	Áurea Motion	Áurea Motion	Áurea Motion
Ângulo	Angle	Ángulo	الزاوية	각도	角度	角度	कोण	Sudut	Угол
É a própria camada	It's the layer itself	Es la propia capa	هذه هي الطبقة نفسها	이 레이어 자체입니다	このレイヤー自身です	就是该图层本身	यह वही लेयर है	Ini lapisan itu sendiri	Это сам слой
── 3D ──	── 3D ──	── 3D ──	── 3D ──	── 3D ──	── 3D ──	── 3D ──	── 3D ──	── 3D ──	── 3D ──
06 · Halo da assinatura	06 · Signature halo	06 · Halo de la firma	06 · هالة التوقيع	06 · 서명 후광	06 · 署名のハロー	06 · 签名光晕	06 · हस्ताक्षर का हेलो	06 · Halo tanda tangan	06 · Ореол подписи
07 · Audio original	07 · Original audio	07 · Audio original	07 · الصوت الأصلي	07 · 원본 오디오	07 · オリジナル音声	07 · 原始音频	07 · मूल ऑडियो	07 · Audio asli	07 · Оригинальный звук
1 milhao de poligonos	1 million polygons	1 millón de polígonos	1 مليون مضلع	100만 폴리곤	100万ポリゴン	100万个多边形	10 लाख पॉलीगॉन	1 juta poligon	1 миллион полигонов
100 objetos	100 objects	100 objetos	100 كائن	오브젝트 100개	100オブジェクト	100个对象	100 ऑब्जेक्ट	100 objek	100 объектов
1080p (Full HD)	1080p (Full HD)	1080p (Full HD)	1080p (Full HD)	1080p (Full HD)	1080p (Full HD)	1080p (Full HD)	1080p (Full HD)	1080p (Full HD)	1080p (Full HD)
24 FPS	24 FPS	24 FPS	24 FPS	24 FPS	24 FPS	24 FPS	24 FPS	24 FPS	24 FPS
30 FPS	30 FPS	30 FPS	30 FPS	30 FPS	30 FPS	30 FPS	30 FPS	30 FPS	30 FPS
3D + Motion Graph	3D + Motion Graph	3D + Motion Graph	3D + موشن جرافيك	3D + 모션 그래픽	3D + モーショングラフィックス	3D + 动态图形	3D + मोशन ग्राफ़िक्स	3D + Motion Graph	3D + моушн-графика
3D + video	3D + video	3D + vídeo	3D + فيديو	3D + 동영상	3D + 動画	3D + 视频	3D + वीडियो	3D + video	3D + видео
3D + video + texto + efeitos	3D + video + text + effects	3D + vídeo + texto + efectos	3D + فيديو + نص + تأثيرات	3D + 동영상 + 텍스트 + 효과	3D + 動画 + テキスト + エフェクト	3D + 视频 + 文本 + 效果	3D + वीडियो + टेक्स्ट + इफ़ेक्ट	3D + video + teks + efek	3D + видео + текст + эффекты
4K (Ultra HD)	4K (Ultra HD)	4K (Ultra HD)	4K (Ultra HD)	4K (Ultra HD)	4K (Ultra HD)	4K (Ultra HD)	4K (Ultra HD)	4K (Ultra HD)	4K (Ultra HD)
4K 2160p	4K 2160p	4K 2160p	4K 2160p	4K 2160p	4K 2160p	4K 2160p	4K 2160p	4K 2160p	4K 2160p
60 FPS	60 FPS	60 FPS	60 FPS	60 FPS	60 FPS	60 FPS	60 FPS	60 FPS	60 FPS
720p (HD)	720p (HD)	720p (HD)	720p (HD)	720p (HD)	720p (HD)	720p (HD)	720p (HD)	720p (HD)	720p (HD)
A forma de onda ainda esta sendo lida	The waveform is still being read	La forma de onda todavía se está leyendo	لا تزال قراءة الشكل الموجي جارية	파형을 아직 읽는 중입니다	波形はまだ読み込み中です	波形仍在读取中	वेवफ़ॉर्म अभी भी पढ़ा जा रहा है	Bentuk gelombang masih dibaca	Форма волны ещё считывается
Abaixo	Below	Abajo	أسفل	아래	下	下方	नीचे	Di bawah	Снизу
ABISMO · cena 3D editavel	ABISMO · editable 3D scene	ABISMO · escena 3D editable	ABISMO · مشهد ثلاثي الأبعاد قابل للتعديل	ABISMO · 편집 가능한 3D 장면	ABISMO · 編集可能な3Dシーン	ABISMO · 可编辑的3D场景	ABISMO · संपादन योग्य 3D दृश्य	ABISMO · adegan 3D yang bisa diedit	ABISMO · редактируемая 3D-сцена
ABISMO · Queda cinematografica	ABISMO · Cinematic fall	ABISMO · Caída cinematográfica	ABISMO · سقوط سينمائي	ABISMO · 시네마틱 추락	ABISMO · シネマティックな落下	ABISMO · 电影感坠落	ABISMO · सिनेमाई गिरावट	ABISMO · Jatuh sinematik	ABISMO · Кинематографичное падение
Above Threshold	Above Threshold	Por encima del umbral	فوق العتبة	임계값 초과	しきい値より上	高于阈值	थ्रेशोल्ड से ऊपर	Di atas ambang	Выше порога
Abre a imagem em duas partes. Divisão afasta as metades; ângulo e centro posicionam o corte; suavidade reduz a dureza da transição.	Opens the image into two parts. Split pushes the halves apart; angle and center position the cut; softness reduces the harshness of the transition.	Abre la imagen en dos partes. División separa las mitades; ángulo y centro posicionan el corte; suavidad reduce la dureza de la transición.	يفتح الصورة إلى جزأين. يبعد الانقسام النصفين؛ وتحدد الزاوية والمركز موضع القطع؛ وتخفف النعومة من حدة الانتقال.	이미지를 두 부분으로 엽니다. 분할은 두 반쪽을 벌리고, 각도와 중심은 절단 위치를 정하며, 부드러움은 전환의 딱딱함을 줄입니다.	画像を2つに開きます。分割で半分ずつを引き離し、角度と中心で切れ目の位置を決め、なめらかさで境目の硬さを抑えます。	将图像分开为两部分。分割推开两半；角度和中心决定切口位置；柔和度减弱过渡的生硬感。	छवि को दो हिस्सों में खोलता है। विभाजन दोनों हिस्सों को दूर करता है; कोण और केंद्र कट की स्थिति तय करते हैं; कोमलता संक्रमण की कठोरता कम करती है।	Membuka gambar menjadi dua bagian. Pembagian menjauhkan kedua belahan; sudut dan pusat menentukan posisi potongan; kelembutan mengurangi kerasnya transisi.	Раскрывает изображение на две части. Разделение раздвигает половины; угол и центр задают положение разреза; мягкость смягчает резкость перехода.
Abrir espacamento	Open spacing	Abrir espaciado	فتح التباعد	자간 벌리기	字間を広げる	展开字距	स्पेसिंग खोलें	Buka spasi	Раскрыть интервал
Aceitável	Acceptable	Aceptable	مقبول	보통	許容範囲	可接受	स्वीकार्य	Dapat diterima	Приемлемо
Acelerar	Accelerate	Acelerar	تسارع	가속	加速	加速	तेज़ करें	Percepat	Ускорение
ACES Filmic	ACES Filmic	ACES Filmic	ACES Filmic	ACES Filmic	ACES Filmic	ACES Filmic	ACES Filmic	ACES Filmic	ACES Filmic
Achando e seguindo os pontos...	Finding and tracking the points...	Buscando y siguiendo los puntos...	جارٍ العثور على النقاط وتتبعها...	점을 찾아 추적하는 중...	ポイントを検出して追跡中...	正在查找并跟踪点...	बिंदु खोजे और ट्रैक किए जा रहे हैं...	Mencari dan mengikuti titik...	Поиск и отслеживание точек...
Acima	Above	Arriba	أعلى	위	上	上方	ऊपर	Di atas	Сверху
Add	Add	Añadir	إضافة	더하기	加算	相加	जोड़ें	Tambah	Добавление
Adiciona grão determinístico à imagem. Ajuste intensidade e tamanho; a semente troca o padrão. Use por último para manter textura.	Adds deterministic grain to the image. Adjust intensity and size; the seed changes the pattern. Use it last to keep the texture.	Añade grano determinista a la imagen. Ajusta intensidad y tamaño; la semilla cambia el patrón. Úsalo al final para conservar la textura.	يضيف حبيبات ثابتة إلى الصورة. اضبط الشدة والحجم؛ وتغيّر البذرة النمط. استخدمه في النهاية للحفاظ على الملمس.	이미지에 결정적인 그레인을 추가합니다. 강도와 크기를 조절하고, 시드는 패턴을 바꿉니다. 질감을 유지하려면 마지막에 사용하세요.	画像に決定的なグレインを加えます。強度とサイズを調整し、シードでパターンを変えます。質感を保つには最後に適用してください。	为图像添加确定性颗粒。调整强度和大小；种子会更换图案。请最后使用以保留纹理。	छवि में नियत ग्रेन जोड़ता है। तीव्रता और आकार समायोजित करें; सीड पैटर्न बदलता है। टेक्सचर बनाए रखने के लिए इसे सबसे अंत में लगाएँ।	Menambahkan grain deterministik ke gambar. Atur intensitas dan ukuran; seed mengganti polanya. Gunakan paling akhir agar tekstur tetap terjaga.	Добавляет детерминированное зерно к изображению. Настройте интенсивность и размер; сид меняет узор. Применяйте последним, чтобы сохранить текстуру.
Agudo	Treble	Agudos	ترددات عالية	고음	高音	高音	ट्रेबल	Treble	Высокие
Ajusta R, G e B separadamente nas sombras e altas luzes. Use para separar tons frios e quentes sem uma tinta uniforme.	Adjusts R, G and B separately in the shadows and highlights. Use it to separate cool and warm tones without a uniform tint.	Ajusta R, G y B por separado en las sombras y las altas luces. Úsalo para separar tonos fríos y cálidos sin un tinte uniforme.	يضبط R وG وB كلًا على حدة في الظلال والإضاءات العالية. استخدمه لفصل الدرجات الباردة عن الدافئة دون صبغة موحدة.	섀도와 하이라이트에서 R, G, B를 따로 조절합니다. 균일한 색조 없이 차가운 톤과 따뜻한 톤을 분리할 때 사용하세요.	シャドウとハイライトで R、G、B を個別に調整します。均一な色かぶりなしに寒色と暖色を分けたいときに使います。	在阴影和高光中分别调整 R、G、B。用于分离冷暖色调，而不产生统一的色偏。	छाया और हाइलाइट में R, G और B को अलग-अलग समायोजित करता है। एकसमान रंगत के बिना ठंडे और गर्म टोन अलग करने के लिए इस्तेमाल करें।	Mengatur R, G, dan B secara terpisah pada bayangan dan sorotan. Gunakan untuk memisahkan nada dingin dan hangat tanpa tint yang seragam.	Настраивает R, G и B по отдельности в тенях и светах. Используйте, чтобы разделить холодные и тёплые тона без однородного оттенка.
Aleatoria	Random	Aleatoria	عشوائي	무작위	ランダム	随机	यादृच्छिक	Acak	Случайный
Aleatorio	Random	Aleatorio	عشوائي	무작위	ランダム	随机	यादृच्छिक	Acak	Случайный
All iCloud	All iCloud	Todo iCloud	كل iCloud	iCloud 전체	iCloudすべて	所有 iCloud	सभी iCloud	Semua iCloud	Все iCloud
All Pairs	All Pairs	Todos los pares	كل الأزواج	모든 쌍	すべてのペア	所有配对	सभी जोड़े	Semua pasangan	Все пары
Alta	High	Alta	عالية	높음	高	高	उच्च	Tinggi	Высокое
Alto	High	Alto	عالٍ	높음	高	高	उच्च	Tinggi	Высокий
Alvo (grupo)	Target (group)	Objetivo (grupo)	الهدف (مجموعة)	타깃 (그룹)	ターゲット (グループ)	目标 (组)	लक्ष्य (समूह)	Target (grup)	Цель (группа)
Alvo X	Target X	Objetivo X	الهدف X	타깃 X	ターゲット X	目标 X	लक्ष्य X	Target X	Цель X
Alvo Y	Target Y	Objetivo Y	الهدف Y	타깃 Y	ターゲット Y	目标 Y	लक्ष्य Y	Target Y	Цель Y
Alvo Z	Target Z	Objetivo Z	الهدف Z	타깃 Z	ターゲット Z	目标 Z	लक्ष्य Z	Target Z	Цель Z
Ambar	Amber	Ámbar	كهرماني	앰버	アンバー	琥珀色	एम्बर	Amber	Янтарный
Ambientacao viral	Viral vibe	Ambiente viral	أجواء فيروسية	바이럴 분위기	バイラルな雰囲気	病毒式氛围	वायरल माहौल	Suasana viral	Вирусная атмосфера
Anel	Ring	Anillo	حلقة	링	リング	圆环	रिंग	Cincin	Кольцо
Anel 3D	3D ring	Anillo 3D	حلقة ثلاثية الأبعاد	3D 링	3Dリング	3D圆环	3D रिंग	Cincin 3D	3D-кольцо
Angulo inicial	Start angle	Ángulo inicial	زاوية البداية	시작 각도	開始角度	起始角度	प्रारंभिक कोण	Sudut awal	Начальный угол
Ao mover	On move	Al mover	عند التحريك	이동 시	移動時	移动时	हिलाने पर	Saat bergerak	При движении
Aparece	Appears	Aparece	يظهر	나타남	現れる	渐显	प्रकट होता है	Muncul	Появляется
Aparecer	Appear	Aparecer	ظهور	나타나기	出現	出现	प्रकट होना	Muncul	Появление
Aparecer devagar	Appear slowly	Aparecer despacio	ظهور بطيء	천천히 나타나기	ゆっくり出現	缓慢出现	धीरे-धीरे प्रकट होना	Muncul perlahan	Медленное появление
Aparecer em desfoque	Appear from blur	Aparecer desde desenfoque	ظهور من التمويه	흐림에서 나타나기	ぼかしから出現	模糊浮现	धुंधले से उभरना	Muncul dari blur	Появление из размытия
Aplicando zooms	Applying zooms	Aplicando zooms	جارٍ تطبيق التكبير	줌 적용 중	ズームを適用中	正在应用缩放	ज़ूम लागू किए जा रहे हैं	Menerapkan zoom	Применение зумов
Archive	Archive	Archivar	أرشفة	보관	アーカイブ	归档	आर्काइव	Arsipkan	Архивировать
Arco	Arc	Arco	قوس	호	円弧	弧形	चाप	Busur	Дуга
Arco-iris	Rainbow	Arcoíris	قوس قزح	무지개	レインボー	彩虹	इंद्रधनुष	Pelangi	Радуга
Arredondamento da iris	Iris roundness	Redondez del iris	استدارة الحدقة	조리개 원형도	絞りの丸み	光圈圆度	आइरिस गोलाई	Kebulatan iris	Округлость диафрагмы
Arredondar cantos	Round corners	Redondear esquinas	تدوير الزوايا	모서리 둥글게	角を丸くする	圆角	कोने गोल करें	Bulatkan sudut	Скруглить углы
Astronauta	Astronaut	Astronauta	رائد فضاء	우주비행사	宇宙飛行士	宇航员	अंतरिक्ष यात्री	Astronaut	Астронавт
Astronauta no vazio • 4 tomadas	Astronaut in the void • 4 shots	Astronauta en el vacío • 4 tomas	رائد فضاء في الفراغ • 4 لقطات	공허 속 우주비행사 • 4개 샷	虚空の宇宙飛行士 • 4ショット	虚空中的宇航员 • 4个镜头	शून्य में अंतरिक्ष यात्री • 4 शॉट	Astronaut di kehampaan • 4 pengambilan	Астронавт в пустоте • 4 кадра
Astronauta • queda e rotação	Astronaut • fall and rotation	Astronauta • caída y rotación	رائد فضاء • سقوط ودوران	우주비행사 • 추락과 회전	宇宙飛行士 • 落下と回転	宇航员 • 坠落与旋转	अंतरिक्ष यात्री • गिरावट और घुमाव	Astronaut • jatuh dan rotasi	Астронавт • падение и вращение
Ativo. Use uma velocidade abaixo de 1× para suavizar o movimento.	Active. Use a speed below 1× to smooth out the motion.	Activo. Usa una velocidad inferior a 1× para suavizar el movimiento.	نشط. استخدم سرعة أقل من 1× لتنعيم الحركة.	활성. 움직임을 부드럽게 하려면 1× 미만의 속도를 사용하세요.	有効。動きを滑らかにするには1×未満の速度を使ってください。	已启用。使用低于1×的速度可让运动更平滑。	सक्रिय। गति को स्मूद करने के लिए 1× से कम स्पीड इस्तेमाल करें।	Aktif. Gunakan kecepatan di bawah 1× untuk menghaluskan gerakan.	Активно. Используйте скорость ниже 1×, чтобы сгладить движение.
Atravessada	Crossed	Atravesada	متقاطعة	교차	交差	交叉	आर-पार	Menyilang	Поперёк
Aumenta o contraste de detalhes. Quantidade controla a força, raio a escala dos detalhes e limiar protege áreas uniformes. Valores altos geram halos.	Increases detail contrast. Amount controls the strength, radius the scale of the details and threshold protects uniform areas. High values produce halos.	Aumenta el contraste de los detalles. Cantidad controla la fuerza, radio la escala de los detalles y umbral protege las áreas uniformes. Los valores altos generan halos.	يزيد تباين التفاصيل. تتحكم الكمية في القوة، ونصف القطر في حجم التفاصيل، وتحمي العتبة المناطق المتجانسة. القيم العالية تولّد هالات.	디테일의 대비를 높입니다. 양은 강도를, 반경은 디테일의 크기를 조절하고 임계값은 균일한 영역을 보호합니다. 값이 높으면 후광이 생깁니다.	ディテールのコントラストを高めます。量で強さ、半径でディテールの大きさを調整し、しきい値が均一な領域を保護します。値が高いとハローが出ます。	增强细节对比度。数量控制强度，半径控制细节的尺度，阈值保护均匀区域。数值过高会产生光晕。	विवरण का कंट्रास्ट बढ़ाता है। मात्रा ताकत नियंत्रित करती है, त्रिज्या विवरण का पैमाना और थ्रेशोल्ड एकसमान क्षेत्रों की रक्षा करता है। ऊँचे मान हेलो बनाते हैं।	Meningkatkan kontras detail. Jumlah mengatur kekuatan, radius skala detail, dan ambang melindungi area yang seragam. Nilai tinggi menimbulkan halo.	Усиливает контраст деталей. Количество задаёт силу, радиус — масштаб деталей, а порог защищает однородные области. Высокие значения дают ореолы.
Aurea App - RMK Dnyx	Aurea App - RMK Dnyx	Aurea App - RMK Dnyx	Aurea App - RMK Dnyx	Aurea App - RMK Dnyx	Aurea App - RMK Dnyx	Aurea App - RMK Dnyx	Aurea App - RMK Dnyx	Aurea App - RMK Dnyx	Aurea App - RMK Dnyx
AUREA · TESTE DE ESTRESSE	AUREA · STRESS TEST	AUREA · PRUEBA DE ESTRÉS	AUREA · اختبار الإجهاد	AUREA · 스트레스 테스트	AUREA · ストレステスト	AUREA · 压力测试	AUREA · स्ट्रेस टेस्ट	AUREA · UJI STRES	AUREA · СТРЕСС-ТЕСТ
Auto	Auto	Auto	تلقائي	자동	自動	自动	ऑटो	Otomatis	Авто
Automatica	Automatic	Automática	تلقائي	자동	自動	自动	स्वचालित	Otomatis	Автоматически
Automatico	Automatic	Automático	تلقائي	자동	自動	自动	स्वचालित	Otomatis	Автоматически
Automático	Automatic	Automático	تلقائي	자동	自動	自动	स्वचालित	Otomatis	Автоматически
Azul	Blue	Azul	أزرق	파랑	ブルー	蓝色	नीला	Biru	Синий
Baguncar	Wiggle	Ondular	اهتزاز	흔들기	ウィグル	摆动	विगल	Goyangkan	Колебание
Baguncar caminho	Wiggle path	Ondular trazado	اهتزاز المسار	패스 흔들기	パスのウィグル	摆动路径	पाथ विगल	Goyangkan jalur	Колебание контура
Baixa	Low	Baja	منخفضة	낮음	低	低	कम	Rendah	Низкое
Baixo	Low	Bajo	منخفض	낮음	低	低	कम	Rendah	Низкий
Bala	Bullet	Bala	رصاصة	불릿	バレット	子弹	बुलेट	Peluru	Пуля
Base	Bottom	Inferior	أسفل	아래	底面	底视	नीचे	Bawah	Снизу
Below Threshold	Below Threshold	Por debajo del umbral	تحت العتبة	임계값 미만	しきい値より下	低于阈值	थ्रेशोल्ड से नीचे	Di bawah ambang	Ниже порога
Bend	Bend	Curvar	انحناء	구부리기	ベンド	弯曲	बेंड	Bend	Изгиб
Bezier	Bezier	Bézier	بيزييه	베지어	ベジェ	贝塞尔	बेज़ियर	Bezier	Безье
Blob Tracker	Blob Tracker	Blob Tracker	Blob Tracker	블롭 트래커	ブロブトラッカー	Blob 跟踪器	Blob ट्रैकर	Blob Tracker	Blob Tracker
Block Dissolve	Block Dissolve	Disolución en bloques	تلاشي الكتل	블록 디졸브	ブロックディゾルブ	块溶解	ब्लॉक डिज़ॉल्व	Block Dissolve	Блочное растворение
Bloom em várias escalas. Ajuste threshold e softness para isolar os realces, radius para espalhar e exposure para força. Glow Only mostra apenas o halo. Tonemapping modela a resposta tonal e Lens Dirt acrescenta modulação procedural; não carrega uma fotografia de lente.	Multi-scale bloom. Adjust threshold and softness to isolate the highlights, radius to spread and exposure for strength. Glow Only shows just the halo. Tonemapping shapes the tonal response and Lens Dirt adds procedural modulation; it does not load a lens photograph.	Bloom en varias escalas. Ajusta threshold y softness para aislar los realces, radius para extender y exposure para la fuerza. Glow Only muestra solo el halo. Tonemapping modela la respuesta tonal y Lens Dirt añade modulación procedural; no carga una fotografía de lente.	توهج (Bloom) على عدة مقاييس. اضبط threshold وsoftness لعزل الإبرازات، وradius للانتشار، وexposure للقوة. يعرض Glow Only الهالة فقط. يشكّل Tonemapping الاستجابة اللونية ويضيف Lens Dirt تعديلًا إجرائيًا؛ لا يحمّل صورة عدسة.	여러 스케일의 블룸입니다. threshold와 softness로 하이라이트를 분리하고, radius로 퍼뜨리고, exposure로 강도를 정합니다. Glow Only는 후광만 보여 줍니다. Tonemapping은 톤 응답을 만들고 Lens Dirt는 절차적 변조를 더합니다. 렌즈 사진을 불러오지는 않습니다.	複数スケールのブルーム。threshold と softness でハイライトを分離し、radius で広げ、exposure で強さを決めます。Glow Only はハローだけを表示します。Tonemapping は階調の応答を形づくり、Lens Dirt はプロシージャルな変調を加えます。レンズ写真は読み込みません。	多尺度 Bloom。调整 threshold 和 softness 来分离高光，radius 控制扩散，exposure 控制强度。Glow Only 只显示光晕。Tonemapping 塑造色调响应，Lens Dirt 添加程序化调制；不会加载镜头照片。	कई स्केल पर Bloom। हाइलाइट अलग करने के लिए threshold और softness, फैलाव के लिए radius और ताकत के लिए exposure समायोजित करें। Glow Only सिर्फ़ हेलो दिखाता है। Tonemapping टोनल प्रतिक्रिया को आकार देता है और Lens Dirt प्रोसीजरल मॉड्यूलेशन जोड़ता है; यह लेंस की फ़ोटो लोड नहीं करता।	Bloom dalam beberapa skala. Atur threshold dan softness untuk mengisolasi sorotan, radius untuk menyebarkan, dan exposure untuk kekuatan. Glow Only hanya menampilkan halo. Tonemapping membentuk respons tonal dan Lens Dirt menambahkan modulasi prosedural; tidak memuat foto lensa.	Многомасштабный Bloom. Настройте threshold и softness, чтобы выделить блики, radius — для рассеивания, exposure — для силы. Glow Only показывает только ореол. Tonemapping формирует тональный отклик, а Lens Dirt добавляет процедурную модуляцию; фотография объектива не загружается.
Blur	Blur	Desenfoque	تمويه	블러	ぼかし	模糊	ब्लर	Blur	Размытие
Boa noite	Good evening	Buenas noches	مساء الخير	좋은 저녁이에요	こんばんは	晚上好	शुभ संध्या	Selamat malam	Добрый вечер
Boa tarde	Good afternoon	Buenas tardes	طاب مساؤك	좋은 오후예요	こんにちは	下午好	शुभ दोपहर	Selamat siang	Добрый день
Bolinha cromada	Chrome ball	Bolita cromada	كرة مطلية بالكروم	크롬 구슬	クロームボール	镀铬小球	क्रोम गेंद	Bola krom	Хромированный шарик
Bom	Good	Bueno	جيد	좋음	良好	良好	अच्छा	Baik	Хорошо
Bom dia	Good morning	Buenos días	صباح الخير	좋은 아침이에요	おはようございます	早上好	सुप्रभात	Selamat pagi	Доброе утро
borda escura	dark edge	borde oscuro	حافة داكنة	어두운 가장자리	暗い縁	暗边	गहरा किनारा	tepi gelap	тёмная кромка
Borra ao longo de uma direção. Comprimento controla a distância; ângulo 0 é vertical. Não usa quadros anteriores.	Blurs along one direction. Length controls the distance; angle 0 is vertical. It does not use previous frames.	Difumina a lo largo de una dirección. Longitud controla la distancia; ángulo 0 es vertical. No usa fotogramas anteriores.	يموّه على امتداد اتجاه واحد. يتحكم الطول في المسافة؛ والزاوية 0 عمودية. لا يستخدم الإطارات السابقة.	한 방향을 따라 흐리게 합니다. 길이는 거리를 조절하고, 각도 0은 세로입니다. 이전 프레임을 사용하지 않습니다.	一方向に沿ってぼかします。長さで距離を調整し、角度0は垂直です。前のフレームは使いません。	沿一个方向模糊。长度控制距离；角度0为垂直。不使用之前的帧。	एक दिशा में धुंधला करता है। लंबाई दूरी नियंत्रित करती है; कोण 0 ऊर्ध्वाधर है। पिछले फ़्रेम इस्तेमाल नहीं करता।	Mengaburkan sepanjang satu arah. Panjang mengatur jarak; sudut 0 adalah vertikal. Tidak menggunakan frame sebelumnya.	Размывает вдоль одного направления. Длина задаёт расстояние; угол 0 — вертикаль. Предыдущие кадры не используются.
Borracha	Rubber	Goma	مطاط	고무	ゴム	橡胶	रबर	Karet	Резина
Botao + New	+ New button	Botón + New	زر + New	+ New 버튼	+ New ボタン	+ New 按钮	+ New बटन	Tombol + New	Кнопка + New
Bottom	Bottom	Abajo	أسفل	아래	下	底部	नीचे	Bawah	Снизу
Branco	White	Blanco	أبيض	흰색	ホワイト	白色	सफ़ेद	Putih	Белый
Brightness	Brightness	Brillo	السطوع	밝기	明るさ	亮度	चमक	Kecerahan	Яркость
Bruma do horizonte	Horizon haze	Bruma del horizonte	ضباب الأفق	지평선 안개	地平線のもや	地平线薄雾	क्षितिज की धुंध	Kabut cakrawala	Дымка горизонта
Busca	Search	Buscar	بحث	검색	検索	搜索	खोज	Cari	Поиск
Cabo	Cable	Cable	كابل	케이블	ケーブル	缆绳	केबल	Kabel	Трос
Cabo de seguranca · rompido	Safety cable · snapped	Cable de seguridad · roto	كابل الأمان · مقطوع	안전 케이블 · 끊어짐	安全ケーブル · 切断	安全缆绳 · 断裂	सुरक्षा केबल · टूटा हुआ	Kabel pengaman · putus	Страховочный трос · оборван
Cair	Fall	Caer	سقوط	떨어지기	落下	下落	गिरना	Jatuh	Падение
Caixa	Box	Caja	صندوق	상자	ボックス	盒子	बॉक्स	Kotak	Коробка
Camada de forma	Shape layer	Capa de forma	طبقة شكل	도형 레이어	シェイプレイヤー	形状图层	आकार लेयर	Lapisan bentuk	Слой фигуры
camera lenta	slow motion	cámara lenta	حركة بطيئة	슬로 모션	スローモーション	慢动作	स्लो मोशन	gerak lambat	замедленная съёмка
Camera na mao	Handheld camera	Cámara en mano	كاميرا محمولة باليد	핸드헬드 카메라	手持ちカメラ	手持摄像机	हैंडहेल्ड कैमरा	Kamera genggam	Ручная камера
Camera · balanco rasteiro 32 mm	Camera · low sway 32 mm	Cámara · balanceo a ras de suelo 32 mm	الكاميرا · تمايل منخفض 32 mm	카메라 · 낮은 흔들림 32 mm	カメラ · 低い揺れ 32 mm	摄像机 · 低位摇摆 32 mm	कैमरा · निचला झूलाव 32 mm	Kamera · goyangan rendah 32 mm	Камера · низкое покачивание 32 mm
Camera · orbita rasteira 24 mm	Camera · low orbit 24 mm	Cámara · órbita a ras de suelo 24 mm	الكاميرا · مدار منخفض 24 mm	카메라 · 낮은 궤도 24 mm	カメラ · 低い軌道 24 mm	摄像机 · 低位环绕 24 mm	कैमरा · निचली परिक्रमा 24 mm	Kamera · orbit rendah 24 mm	Камера · низкая орбита 24 mm
Campo e árvore · cinco câmeras	Field and tree · five cameras	Campo y árbol · cinco cámaras	حقل وشجرة · خمس كاميرات	들판과 나무 · 카메라 다섯 대	野原と木 · カメラ5台	田野与树 · 五台摄像机	मैदान और पेड़ · पाँच कैमरे	Ladang dan pohon · lima kamera	Поле и дерево · пять камер
Cantos do cartao	Card corners	Esquinas de la tarjeta	زوايا البطاقة	카드 모서리	カードの角	卡片圆角	कार्ड के कोने	Sudut kartu	Углы карточки
Capsula	Capsule	Cápsula	كبسولة	캡슐	カプセル	胶囊	कैप्सूल	Kapsul	Капсула
Cartao 1	Card 1	Tarjeta 1	البطاقة 1	카드 1	カード 1	卡片 1	कार्ड 1	Kartu 1	Карточка 1
Cartao 2	Card 2	Tarjeta 2	البطاقة 2	카드 2	カード 2	卡片 2	कार्ड 2	Kartu 2	Карточка 2
Cartao do menu	Menu card	Tarjeta del menú	بطاقة القائمة	메뉴 카드	メニューカード	菜单卡片	मेनू कार्ड	Kartu menu	Карточка меню
Carvalho · tronco escaneado	Oak · scanned trunk	Roble · tronco escaneado	بلوط · جذع ممسوح ضوئيًا	참나무 · 스캔한 줄기	オーク · スキャンした幹	橡树 · 扫描树干	ओक · स्कैन किया हुआ तना	Pohon ek · batang hasil pindai	Дуб · отсканированный ствол
Cascata	Cascade	Cascada	تتالي	캐스케이드	カスケード	层叠	कैस्केड	Kaskade	Каскад
cc split	cc split	cc split	cc split	cc split	cc split	cc split	cc split	cc split	cc split
Cem chamadas de desenho, cem materiais, sombra.	A hundred draw calls, a hundred materials, shadow.	Cien llamadas de dibujo, cien materiales, sombra.	مئة نداء رسم، مئة خامة، ظل.	드로우 콜 100개, 재질 100개, 그림자.	ドローコール100回、マテリアル100個、シャドウ。	一百次绘制调用、一百种材质、阴影。	सौ ड्रॉ कॉल, सौ मैटेरियल, छाया।	Seratus draw call, seratus material, bayangan.	Сто вызовов отрисовки, сто материалов, тень.
Cem objetos, video, texto e glow, glow volumetrico e grao.	A hundred objects, video, text and glow, volumetric glow and grain.	Cien objetos, vídeo, texto y glow, glow volumétrico y grano.	مئة كائن، فيديو، نص وتوهج، توهج حجمي وحبيبات.	오브젝트 100개, 동영상, 텍스트와 글로우, 볼류메트릭 글로우와 그레인.	オブジェクト100個、動画、テキストとグロー、ボリュームグローとグレイン。	一百个对象、视频、文本与辉光、体积辉光与颗粒。	सौ ऑब्जेक्ट, वीडियो, टेक्स्ट और ग्लो, वॉल्यूमेट्रिक ग्लो और ग्रेन।	Seratus objek, video, teks dan glow, glow volumetrik dan grain.	Сто объектов, видео, текст и свечение, объёмное свечение и зерно.
cena 3d	3d scene	escena 3d	مشهد ثلاثي الأبعاد	3d 장면	3dシーン	3d场景	3d दृश्य	adegan 3d	3d-сцена
Cena com profundidade	Scene with depth	Escena con profundidad	مشهد بعمق	깊이가 있는 장면	奥行きのあるシーン	有深度的场景	गहराई वाला दृश्य	Adegan dengan kedalaman	Сцена с глубиной
Cena extremamente pesada	Extremely heavy scene	Escena extremadamente pesada	مشهد ثقيل للغاية	매우 무거운 장면	非常に重いシーン	极重的场景	बेहद भारी दृश्य	Adegan sangat berat	Крайне тяжёлая сцена
Cena quase plana	Almost flat scene	Escena casi plana	مشهد شبه مسطح	거의 평면인 장면	ほぼ平面のシーン	近乎平面的场景	लगभग सपाट दृश्य	Adegan hampir datar	Почти плоская сцена
Centro	Center	Centro	المركز	중앙	中央	中心	केंद्र	Tengah	Центр
Ceramica	Ceramic	Cerámica	سيراميك	세라믹	セラミック	陶瓷	सिरेमिक	Keramik	Керамика
Ceu	Sky	Cielo	السماء	하늘	空	天空	आकाश	Langit	Небо
Chama	Flame	Llama	لهب	불꽃	炎	火焰	लौ	Nyala api	Пламя
Chamine	Chimney	Chimenea	مدخنة	굴뚝	煙突	烟囱	चिमनी	Cerobong	Дымоход
Chao	Floor	Suelo	الأرضية	바닥	床	地面	फ़र्श	Lantai	Пол
Check	Check	Check	علامة صح	체크	チェック	对勾	चेक	Centang	Галочка
Chicote	Whip	Látigo	سوط	휩	ウィップ	甩动	व्हिप	Cambuk	Хлыст
Chroma Key	Chroma Key	Chroma Key	مفتاح الكروما	크로마 키	クロマキー	色度抠图	क्रोमा की	Chroma Key	Хромакей
Chromatic Aberration	Chromatic Aberration	Aberración cromática	زيغ لوني	색수차	色収差	色差	क्रोमैटिक एबरेशन	Aberasi kromatik	Хроматическая аберрация
Chrominance	Chrominance	Crominancia	الكرومينانس	크로미넌스	クロミナンス	色度	क्रोमिनेंस	Krominansi	Цветность
Chão	Floor	Suelo	الأرضية	바닥	床	地面	फ़र्श	Lantai	Пол
Ciano	Cyan	Cian	سماوي	시안	シアン	青色	सियान	Sian	Голубой
Ciclico	Cyclic	Cíclico	دوري	순환	周期	循环	चक्रीय	Siklik	Циклический
Cilindro	Cylinder	Cilindro	أسطوانة	원기둥	円柱	圆柱	सिलेंडर	Silinder	Цилиндр
Cima	Up	Arriba	أعلى	위	上	上	ऊपर	Atas	Вверх
Circle	Circle	Círculo	دائرة	원	円	圆圈	वृत्त	Lingkaran	Круг
Circular	Circular	Circular	دائري	원형	円形	圆形	गोलाकार	Melingkar	Круговой
Clamp	Clamp	Clamp	تثبيت	클램프	クランプ	钳制	क्लैम्प	Clamp	Ограничение
Clarear	Lighten	Aclarar	تفتيح	밝게 하기	明るく	变亮	हल्का करें	Terangkan	Осветление
Clareia tudo por igual, sem sombra.	Brightens everything evenly, without shadow.	Ilumina todo por igual, sin sombra.	يضيء كل شيء بالتساوي، بلا ظل.	그림자 없이 모든 것을 고르게 밝힙니다.	影を作らず、すべてを均一に明るくします。	均匀照亮一切，没有阴影。	सब कुछ समान रूप से उजला करता है, बिना छाया के।	Menerangi semuanya secara merata, tanpa bayangan.	Равномерно освещает всё, без теней.
Claro no escuro	Light on dark	Claro sobre oscuro	فاتح على داكن	어두운 배경에 밝게	暗い背景に明るく	暗底亮色	गहरे पर हल्का	Terang di atas gelap	Светлое на тёмном
Codificando	Encoding	Codificando	جارٍ الترميز	인코딩 중	エンコード中	正在编码	एन्कोड हो रहा है	Mengenkode	Кодирование
COLINA · cena 3D editavel	COLINA · editable 3D scene	COLINA · escena 3D editable	COLINA · مشهد ثلاثي الأبعاد قابل للتعديل	COLINA · 편집 가능한 3D 장면	COLINA · 編集可能な3Dシーン	COLINA · 可编辑的3D场景	COLINA · संपादन योग्य 3D दृश्य	COLINA · adegan 3D yang bisa diedit	COLINA · редактируемая 3D-сцена
Color	Color	Color	اللون	색상	色	颜色	रंग	Warna	Цвет
Color Key	Color Key	Clave de color	مفتاح اللون	컬러 키	カラーキー	颜色键	कलर की	Color Key	Цветовой ключ
Color Wheels	Color Wheels	Ruedas de color	عجلات الألوان	컬러 휠	カラーホイール	色轮	कलर व्हील	Roda warna	Цветовые круги
color wheels	color wheels	ruedas de color	عجلات الألوان	컬러 휠	カラーホイール	色轮	कलर व्हील	roda warna	цветовые круги
Com efeito	With effect	Con efecto	مع التأثير	효과 적용	エフェクトあり	带效果	इफ़ेक्ट के साथ	Dengan efek	С эффектом
Com internet, na nuvem; sem, no aparelho.	With internet, in the cloud; without it, on the device.	Con internet, en la nube; sin internet, en el dispositivo.	مع الإنترنت، في السحابة؛ وبدونه، على الجهاز.	인터넷이 있으면 클라우드에서, 없으면 기기에서 처리합니다.	インターネットがあればクラウドで、なければ端末で処理します。	有网络时在云端处理，没有时在设备上处理。	इंटरनेट होने पर क्लाउड में, न होने पर डिवाइस पर।	Dengan internet, di cloud; tanpa internet, di perangkat.	С интернетом — в облаке; без него — на устройстве.
Combina linhas de varredura, sangramento de cor, instabilidade e ruído. Intensidade mistura o conjunto; reduza desbotar para conservar a cor.	Combines scan lines, color bleed, jitter and noise. Intensity blends the whole set; lower fade to keep the color.	Combina líneas de barrido, sangrado de color, inestabilidad y ruido. Intensidad mezcla el conjunto; reduce desvanecer para conservar el color.	يجمع بين خطوط المسح ونزيف الألوان والاهتزاز والتشويش. الشدة تمزج المجموعة كلها؛ قلّل البهتان للحفاظ على اللون.	주사선, 색 번짐, 흔들림, 노이즈를 결합합니다. 강도는 전체를 섞고, 색을 유지하려면 바램을 낮추세요.	走査線、色にじみ、揺れ、ノイズを組み合わせます。強度で全体を混ぜ、色を保つには退色を下げてください。	结合扫描线、色彩渗出、抖动和噪点。强度混合整体效果；降低褪色可保留色彩。	स्कैन लाइनें, रंग का फैलाव, अस्थिरता और शोर को मिलाता है। तीव्रता पूरे सेट को मिलाती है; रंग बनाए रखने के लिए फीकापन कम करें।	Menggabungkan garis pindai, luberan warna, goyangan, dan derau. Intensitas mencampur keseluruhan; kurangi pudar untuk mempertahankan warna.	Сочетает строки развёртки, растекание цвета, дрожание и шум. Интенсивность смешивает всё вместе; уменьшите выцветание, чтобы сохранить цвет.
Combina saltos, escala, cor, luz, blur e separação RGB. Quantidade é o controle mestre; velocidade e intervalo definem os pulsos.	Combines jumps, scale, color, light, blur and RGB split. Amount is the master control; speed and interval set the pulses.	Combina saltos, escala, color, luz, desenfoque y separación RGB. Cantidad es el control maestro; velocidad e intervalo definen los pulsos.	يجمع بين القفزات والمقياس واللون والضوء والضبابية وفصل RGB. الكمية هي التحكم الرئيسي؛ السرعة والفاصل يحددان النبضات.	점프, 배율, 색상, 빛, 블러, RGB 분리를 결합합니다. 양이 마스터 컨트롤이며, 속도와 간격이 펄스를 정합니다.	ジャンプ、スケール、色、光、ブラー、RGB分離を組み合わせます。量がマスターコントロールで、速度と間隔がパルスを決めます。	结合跳动、缩放、颜色、光、模糊和 RGB 分离。数量是主控制；速度和间隔决定脉冲。	छलांग, स्केल, रंग, प्रकाश, ब्लर और RGB विभाजन को मिलाता है। मात्रा मुख्य नियंत्रण है; गति और अंतराल पल्स तय करते हैं।	Menggabungkan lompatan, skala, warna, cahaya, blur, dan pemisahan RGB. Jumlah adalah kontrol utama; kecepatan dan interval menentukan denyutnya.	Сочетает скачки, масштаб, цвет, свет, размытие и разделение RGB. Количество — главный регулятор; скорость и интервал задают импульсы.
Combinar	Merge	Combinar	دمج	병합	結合	合并	मर्ज करें	Gabungkan	Объединить
Continuo	Continuous	Continuo	مستمر	연속	連続	连续	निरंतर	Kontinu	Непрерывный
Copia o video exportado para a galeria	Copies the exported video to the gallery	Copia el vídeo exportado a la galería	ينسخ الفيديو المصدَّر إلى المعرض	내보낸 동영상을 갤러리에 복사합니다	書き出した動画をギャラリーにコピーします	将导出的视频复制到相册	निर्यात किए गए वीडियो को गैलरी में कॉपी करता है	Menyalin video yang diekspor ke galeri	Копирует экспортированное видео в галерею
Copy	Copy	Copiar	نسخ	복사	コピー	复制	कॉपी करें	Salin	Копировать
Cor de filme	Film color	Color de película	لون الفيلم	필름 색상	フィルムの色	胶片色	फ़िल्म रंग	Warna film	Цвет плёнки
Cor do filme	Film color	Color de la película	لون الفيلم	필름 색상	フィルムの色	胶片颜色	फ़िल्म का रंग	Warna film	Цвет плёнки
Cor do realce	Highlight color	Color del realce	لون الإبراز	하이라이트 색상	ハイライトの色	高光颜色	हाइलाइट रंग	Warna sorotan	Цвет бликов
Cor mais clara	Lighter color	Color más claro	لون أفتح	밝은 색상	カラー比較（明）	浅色	हल्का रंग	Warna lebih terang	Светлее
Cor mais escura	Darker color	Color más oscuro	لون أغمق	어두운 색상	カラー比較（暗）	深色	गहरा रंग	Warna lebih gelap	Темнее
Coracao	Heart	Corazón	قلب	하트	ハート	心形	दिल	Hati	Сердце
Corner Box	Corner Box	Cuadro de esquinas	إطار الزوايا	코너 박스	コーナーボックス	角框	कॉर्नर बॉक्स	Kotak sudut	Угловая рамка
Coroa	Crown	Corona	تاج	왕관	王冠	皇冠	मुकुट	Mahkota	Корона
Coroa fina	Thin crown	Corona fina	تاج رفيع	얇은 왕관	細い王冠	细皇冠	पतला मुकुट	Mahkota tipis	Тонкая корона
Correcoes	Corrections	Correcciones	التصحيحات	보정	補正	校正	सुधार	Koreksi	Коррекция
Correção básica em sequência: exposição, contraste, sombras/altas, temperatura, matiz, saturação e gama. Ajuste primeiro exposição e balanço de branco.	Basic correction in sequence: exposure, contrast, shadows/highlights, temperature, tint, saturation and gamma. Adjust exposure and white balance first.	Corrección básica en secuencia: exposición, contraste, sombras/altas luces, temperatura, matiz, saturación y gamma. Ajusta primero la exposición y el balance de blancos.	تصحيح أساسي بالتسلسل: التعريض، التباين، الظلال/الإضاءات العالية، درجة الحرارة، الصبغة، التشبع والغاما. اضبط التعريض وتوازن البياض أولًا.	순서대로 기본 보정: 노출, 대비, 그림자/하이라이트, 색온도, 색조, 채도, 감마. 노출과 화이트 밸런스를 먼저 조정하세요.	基本補正を順番に：露出、コントラスト、シャドウ／ハイライト、色温度、色かぶり、彩度、ガンマ。まず露出とホワイトバランスを調整してください。	按顺序进行基础校正：曝光、对比度、阴影/高光、色温、色调、饱和度和伽马。先调整曝光和白平衡。	क्रम में बुनियादी सुधार: एक्सपोज़र, कंट्रास्ट, छाया/हाइलाइट, तापमान, टिंट, संतृप्ति और गामा। पहले एक्सपोज़र और व्हाइट बैलेंस समायोजित करें।	Koreksi dasar secara berurutan: eksposur, kontras, bayangan/sorotan, suhu, rona, saturasi, dan gama. Sesuaikan eksposur dan white balance terlebih dahulu.	Базовая коррекция по порядку: экспозиция, контраст, тени/света, температура, оттенок, насыщенность и гамма. Сначала настройте экспозицию и баланс белого.
Corrupção por blocos e linhas. Intensidade mistura, deslocamento afasta os blocos; velocidade muda o padrão com o tempo.	Block and line corruption. Intensity blends it, offset pushes the blocks apart; speed changes the pattern over time.	Corrupción por bloques y líneas. Intensidad mezcla, desplazamiento separa los bloques; velocidad cambia el patrón con el tiempo.	تلف بالكتل والخطوط. الشدة تمزج، والإزاحة تباعد الكتل؛ السرعة تغيّر النمط مع الوقت.	블록과 선으로 된 손상 효과입니다. 강도는 섞고, 오프셋은 블록을 벌리며, 속도는 시간에 따라 패턴을 바꿉니다.	ブロックと線による破損効果です。強度で混ぜ、オフセットでブロックを離し、速度で時間とともにパターンが変わります。	块状和线条损坏效果。强度混合，偏移拉开块的距离；速度随时间改变图案。	ब्लॉक और लाइनों से बिगाड़। तीव्रता मिलाती है, ऑफ़सेट ब्लॉकों को दूर करता है; गति समय के साथ पैटर्न बदलती है।	Kerusakan berupa blok dan garis. Intensitas mencampur, offset menjauhkan blok; kecepatan mengubah pola seiring waktu.	Повреждение блоками и линиями. Интенсивность смешивает, смещение раздвигает блоки; скорость меняет узор со временем.
Cortando silencios	Cutting silences	Cortando silencios	جارٍ قص فترات الصمت	무음 구간 자르는 중	無音をカット中	正在剪掉静音	मौन हिस्से काटे जा रहे हैं	Memotong bagian hening	Вырезание тишины
Corte das pausas longas, sem zoom.	Cuts the long pauses, no zoom.	Corte de las pausas largas, sin zoom.	قص التوقفات الطويلة، بدون تكبير.	긴 멈춤 구간을 잘라내며, 줌은 없습니다.	長い間を切り、ズームはなし。	剪掉长停顿，不加缩放。	लंबे ठहराव काटे जाते हैं, बिना ज़ूम के।	Memotong jeda panjang, tanpa zoom.	Вырезает долгие паузы, без зума.
Cortina	Curtain	Cortina	ستارة	커튼	カーテン	窗帘	पर्दा	Tirai	Занавес
Costura	Seam	Costura	درزة	이음새	継ぎ目	接缝	सीवन	Jahitan	Шов
Cresce	Grows	Crece	يكبر	커짐	大きくなる	变大	बढ़ता है	Membesar	Растёт
Crescer	Grow	Crecer	تكبير	커지기	拡大	放大	बढ़ना	Tumbuh	Рост
Cria um halo nas áreas claras. Limite escolhe o que brilha; raio espalha; intensidade controla a luz. Experimente depois de Levels.	Creates a halo in the bright areas. Threshold picks what glows; radius spreads it; intensity controls the light. Try it after Levels.	Crea un halo en las zonas claras. Límite elige qué brilla; radio lo expande; intensidad controla la luz. Pruébalo después de Levels.	ينشئ هالة في المناطق الفاتحة. الحد يختار ما يتوهج؛ نصف القطر ينشره؛ الشدة تتحكم في الضوء. جرّبه بعد Levels.	밝은 영역에 후광을 만듭니다. 한계값이 빛날 부분을 고르고, 반경이 퍼뜨리며, 강도가 빛을 조절합니다. Levels 다음에 써 보세요.	明るい部分にハローを作ります。しきい値で光る範囲を選び、半径で広げ、強度で光を調整します。Levelsの後に試してみてください。	在明亮区域生成光晕。阈值决定哪些部分发光；半径扩散范围；强度控制光量。可在 Levels 之后尝试。	उजले हिस्सों में एक हेलो बनाता है। सीमा तय करती है कि क्या चमके; त्रिज्या उसे फैलाती है; तीव्रता प्रकाश को नियंत्रित करती है। Levels के बाद आज़माएँ।	Membuat halo di area terang. Batas memilih apa yang bersinar; radius menyebarkannya; intensitas mengatur cahaya. Coba setelah Levels.	Создаёт ореол в светлых областях. Порог выбирает, что светится; радиус расширяет; интенсивность управляет светом. Попробуйте после Levels.
Crie a conta primeiro.	Create the account first.	Crea la cuenta primero.	أنشئ الحساب أولًا.	먼저 계정을 만드세요.	先にアカウントを作成してください。	请先创建账号。	पहले खाता बनाएँ।	Buat akun terlebih dahulu.	Сначала создайте аккаунт.
Cromo	Chrome	Cromo	كروم	크롬	クロム	铬	क्रोम	Krom	Хром
Crosshair	Crosshair	Retícula	علامة تصويب	십자선	十字線	十字线	क्रॉसहेयर	Bidik silang	Перекрестие
Cubo	Cube	Cubo	مكعب	정육면체	立方体	立方体	घन	Kubus	Куб
Cubo de vidro	Glass cube	Cubo de vidrio	مكعب زجاجي	유리 정육면체	ガラスの立方体	玻璃立方体	काँच का घन	Kubus kaca	Стеклянный куб
Cupula	Dome	Cúpula	قبة	돔	ドーム	穹顶	गुंबद	Kubah	Купол
Cursor	Cursor	Cursor	المؤشر	커서	カーソル	光标	कर्सर	Kursor	Курсор
Curtas	Short	Cortas	قصيرة	짧게	短め	短句	छोटे	Pendek	Короткие
Curva a imagem em um eixo. Quantidade define o desvio; curvatura e âncora moldam a dobra. Anime quantidade para uma entrada flexível.	Bends the image along one axis. Amount sets the offset; curvature and anchor shape the fold. Animate amount for a flexible entrance.	Curva la imagen en un eje. Cantidad define el desvío; curvatura y ancla moldean el pliegue. Anima cantidad para una entrada flexible.	يحني الصورة على محور واحد. الكمية تحدد الانحراف؛ الانحناء والمرساة يشكّلان الطية. حرّك الكمية للحصول على دخول مرن.	이미지를 한 축으로 휘게 합니다. 양이 편차를 정하고, 곡률과 앵커가 접힘을 만듭니다. 유연한 등장을 위해 양을 애니메이션하세요.	画像を一つの軸に沿って曲げます。量でずれを決め、曲率とアンカーで折れ方を形作ります。柔軟な登場には量をアニメーションさせてください。	沿一个轴弯曲图像。数量决定偏移；曲率和锚点塑造折弯。为数量添加动画可获得柔韧的入场效果。	छवि को एक अक्ष पर मोड़ता है। मात्रा विचलन तय करती है; वक्रता और एंकर मोड़ को आकार देते हैं। लचीली एंट्री के लिए मात्रा को एनिमेट करें।	Melengkungkan gambar pada satu sumbu. Jumlah menentukan simpangan; kelengkungan dan jangkar membentuk lipatan. Animasikan jumlah untuk masuk yang luwes.	Изгибает изображение по одной оси. Количество задаёт отклонение; кривизна и якорь формируют сгиб. Анимируйте количество для гибкого появления.
Curva de gradação	Easing curve	Curva de interpolación	منحنى التدرج	보간 곡선	イージングカーブ	缓动曲线	ईज़िंग कर्व	Kurva easing	Кривая плавности
Curves	Curves	Curvas	المنحنيات	곡선	トーンカーブ	曲线	कर्व्स	Kurva	Кривые
Céu · luz da manhã	Sky · morning light	Cielo · luz de la mañana	السماء · ضوء الصباح	하늘 · 아침 빛	空 · 朝の光	天空 · 晨光	आकाश · सुबह की रोशनी	Langit · cahaya pagi	Небо · утренний свет
Das bordas	From the edges	Desde los bordes	من الحواف	가장자리부터	端から	从边缘	किनारों से	Dari tepi	От краёв
Dashed	Dashed	Discontinuo	متقطع	파선	破線	虚线	डैश वाली	Putus-putus	Штриховая
Decagono	Decagon	Decágono	عشاري الأضلاع	십각형	十角形	十边形	दशभुज	Dekagon	Десятиугольник
Deep Glow	Deep Glow	Deep Glow	Deep Glow	Deep Glow	Deep Glow	Deep Glow	Deep Glow	Deep Glow	Deep Glow
Deforma a imagem como uma lente grande angular. Valores positivos ampliam o centro; negativos comprimem.	Warps the image like a wide-angle lens. Positive values enlarge the center; negative ones compress it.	Deforma la imagen como un objetivo gran angular. Los valores positivos amplían el centro; los negativos lo comprimen.	يشوّه الصورة كعدسة واسعة الزاوية. القيم الموجبة تكبّر المركز؛ والسالبة تضغطه.	광각 렌즈처럼 이미지를 왜곡합니다. 양수 값은 중앙을 확대하고, 음수 값은 압축합니다.	広角レンズのように画像を歪ませます。正の値は中央を拡大し、負の値は圧縮します。	像广角镜头一样扭曲图像。正值放大中心；负值压缩中心。	छवि को वाइड-एंगल लेंस की तरह विकृत करता है। धनात्मक मान केंद्र को बड़ा करते हैं; ऋणात्मक उसे दबाते हैं।	Mendistorsi gambar seperti lensa sudut lebar. Nilai positif memperbesar bagian tengah; nilai negatif memampatkannya.	Искажает изображение как широкоугольный объектив. Положительные значения увеличивают центр; отрицательные сжимают.
Deg. elastico	Elastic steps	Pasos elásticos	خطوات مرنة	탄성 계단	弾性ステップ	弹性阶梯	इलास्टिक स्टेप	Langkah elastis	Упругие ступени
Dente de serra	Sawtooth	Diente de sierra	سن المنشار	톱니파	のこぎり波	锯齿波	सॉटूथ	Gigi gergaji	Пила
DERIVA · cena 3D editavel	DERIVA · editable 3D scene	DERIVA · escena 3D editable	DERIVA · مشهد ثلاثي الأبعاد قابل للتعديل	DERIVA · 편집 가능한 3D 장면	DERIVA · 編集可能な3Dシーン	DERIVA · 可编辑3D场景	DERIVA · संपादन योग्य 3D दृश्य	DERIVA · adegan 3D yang dapat diedit	DERIVA · редактируемая 3D-сцена
Desenha só os contornos. Traço escolhe claro-no-escuro ou o inverso; misturar traz a imagem de volta por baixo.	Draws only the outlines. Stroke picks light-on-dark or the reverse; mix brings the image back underneath.	Dibuja solo los contornos. Trazo elige claro sobre oscuro o al revés; mezclar devuelve la imagen por debajo.	يرسم الحدود فقط. يختار الحد فاتحًا على داكن أو العكس؛ والمزج يعيد الصورة من الأسفل.	윤곽선만 그립니다. 선은 어두운 배경에 밝은 선 또는 그 반대를 선택하고, 혼합은 아래에 원본 이미지를 다시 보여 줍니다.	輪郭だけを描きます。線はダーク上のライトかその逆を選び、ブレンドで下に元の画像を戻します。	只绘制轮廓。描边可选暗底亮线或相反；混合会让原图从下方重新显现。	केवल रूपरेखा बनाता है। स्ट्रोक गहरे पर हल्का या उसका उल्टा चुनता है; ब्लेंडिंग नीचे से छवि को वापस लाती है।	Hanya menggambar garis tepi. Goresan memilih terang di atas gelap atau sebaliknya; pencampuran memunculkan kembali gambar di bawahnya.	Рисует только контуры. Обводка выбирает светлое на тёмном или наоборот; наложение возвращает изображение снизу.
Desenhando os quadros	Drawing the frames	Dibujando los fotogramas	جارٍ رسم الإطارات	프레임 그리는 중	フレームを描画中	正在绘制帧	फ़्रेम बनाए जा रहे हैं	Menggambar bingkai	Отрисовка кадров
Desenho livre	Freehand	Dibujo libre	رسم حر	자유 그리기	フリーハンド	自由绘制	फ़्रीहैंड	Gambar bebas	Свободное рисование
Deserto · cena 3D	Desert · 3D scene	Desierto · escena 3D	صحراء · مشهد ثلاثي الأبعاد	사막 · 3D 장면	砂漠 · 3Dシーン	沙漠 · 3D场景	रेगिस्तान · 3D दृश्य	Gurun · adegan 3D	Пустыня · 3D-сцена
Desfoque de zoom ou giro. Quantidade controla a extensão; mais amostras suavizam o resultado e custam desempenho.	Zoom or spin blur. Amount controls the extent; more samples smooth the result and cost performance.	Desenfoque de zoom o giro. Cantidad controla la extensión; más muestras suavizan el resultado y cuestan rendimiento.	تمويه تكبير أو دوران. تتحكم الكمية في المدى؛ والمزيد من العينات ينعّم النتيجة ويستهلك الأداء.	줌 또는 회전 흐림입니다. 양은 범위를 조절하고, 샘플이 많을수록 결과가 부드러워지지만 성능을 더 소모합니다.	ズームまたは回転のブラー。量で範囲を調整し、サンプル数を増やすと滑らかになりますが負荷が上がります。	缩放或旋转模糊。数量控制范围；采样越多结果越平滑，但更耗性能。	ज़ूम या घुमाव ब्लर। मात्रा सीमा नियंत्रित करती है; अधिक सैंपल परिणाम को चिकना बनाते हैं पर प्रदर्शन खर्च करते हैं।	Blur zoom atau putar. Jumlah mengatur jangkauannya; sampel lebih banyak menghaluskan hasil tetapi membebani performa.	Размытие зумом или вращением. Величина задаёт размах; больше выборок сглаживают результат, но снижают производительность.
Desfoque descendo	Blur down	Desenfoque hacia abajo	تمويه للأسفل	아래로 흐림	下へブラー	向下模糊	नीचे की ओर ब्लर	Blur ke bawah	Размытие вниз
Desfoque por palavra	Blur by word	Desenfoque por palabra	تمويه لكل كلمة	단어별 흐림	単語ごとにブラー	逐词模糊	शब्द अनुसार ब्लर	Blur per kata	Размытие по словам
Desfoque subindo	Blur up	Desenfoque hacia arriba	تمويه للأعلى	위로 흐림	上へブラー	向上模糊	ऊपर की ओर ब्लर	Blur ke atas	Размытие вверх
Desligada	Off	Desactivada	متوقفة	꺼짐	オフ	关闭	बंद	Nonaktif	Выкл.
Desligado	Off	Desactivado	متوقف	꺼짐	オフ	关闭	बंद	Nonaktif	Выкл.
Deslize aqui para posicionar o proximo ponto, depois toque aqui para crava-lo.	Drag here to position the next point, then tap here to pin it.	Desliza aquí para posicionar el siguiente punto y luego toca aquí para fijarlo.	اسحب هنا لتحديد موضع النقطة التالية، ثم انقر هنا لتثبيتها.	여기서 드래그해 다음 점의 위치를 잡은 뒤, 여기를 탭해 고정하세요.	ここをドラッグして次のポイントの位置を決め、ここをタップして固定します。	在此拖动以定位下一个点，然后点按此处将其固定。	अगला बिंदु रखने के लिए यहाँ खींचें, फिर उसे टिकाने के लिए यहाँ टैप करें।	Geser di sini untuk menempatkan titik berikutnya, lalu ketuk di sini untuk menguncinya.	Проведите здесь, чтобы разместить следующую точку, затем коснитесь здесь, чтобы закрепить её.
Desloca a imagem com repeticao continua nas bordas. Centro X e Y em 0,5 preservam o enquadramento original.	Shifts the image with seamless repetition at the edges. Center X and Y at 0.5 keep the original framing.	Desplaza la imagen con repetición continua en los bordes. Centro X e Y en 0,5 conservan el encuadre original.	يزيح الصورة مع تكرار متصل عند الحواف. المركز X وY عند 0.5 يحافظان على الإطار الأصلي.	가장자리에서 끊김 없이 반복하며 이미지를 이동합니다. 중심 X와 Y가 0.5이면 원래 구도가 유지됩니다.	端で連続的に繰り返しながら画像をずらします。中心XとYを0.5にすると元の構図が保たれます。	平移图像并在边缘无缝重复。中心X和Y为0.5时保持原始构图。	किनारों पर निरंतर दोहराव के साथ छवि को खिसकाता है। केंद्र X और Y 0.5 पर मूल फ़्रेमिंग बनाए रखते हैं।	Menggeser gambar dengan pengulangan mulus di tepi. Pusat X dan Y pada 0,5 mempertahankan bingkai asli.	Смещает изображение с бесшовным повторением по краям. Центр X и Y на 0,5 сохраняют исходное кадрирование.
Deslocar	Offset	Desplazar	إزاحة	오프셋	オフセット	偏移	ऑफ़सेट	Geser	Смещение
Deslocar caminho	Offset path	Desplazar trazado	إزاحة المسار	패스 오프셋	パスのオフセット	偏移路径	पाथ ऑफ़सेट	Geser jalur	Смещение контура
Detecta regiões e desenha marcações. Em vídeo, use Analisar para obter dados reais antes de ajustar os elementos gráficos. Sem análise, a visualização não comprova rastreamento do conteúdo.	Detects regions and draws markers. On video, use Analyze to get real data before adjusting the graphic elements. Without analysis, the overlay does not prove the content is being tracked.	Detecta regiones y dibuja marcas. En vídeo, usa Analizar para obtener datos reales antes de ajustar los elementos gráficos. Sin análisis, la visualización no demuestra el seguimiento del contenido.	يكتشف المناطق ويرسم علامات. في الفيديو، استخدم «تحليل» للحصول على بيانات حقيقية قبل ضبط العناصر الرسومية. من دون تحليل، لا يثبت العرض تتبّع المحتوى.	영역을 감지하고 표시를 그립니다. 동영상에서는 그래픽 요소를 조정하기 전에 분석을 실행해 실제 데이터를 얻으세요. 분석 없이는 표시가 콘텐츠 추적을 보장하지 않습니다.	領域を検出してマーカーを描きます。動画では、グラフィック要素を調整する前に「解析」で実データを取得してください。解析なしでは、表示はコンテンツの追跡を保証しません。	检测区域并绘制标记。视频中请先使用“分析”获取真实数据，再调整图形元素。未经分析，显示的标记并不证明内容已被跟踪。	क्षेत्रों का पता लगाता है और निशान बनाता है। वीडियो में, ग्राफ़िक तत्व समायोजित करने से पहले वास्तविक डेटा पाने के लिए विश्लेषण करें का उपयोग करें। बिना विश्लेषण के, दृश्य सामग्री की ट्रैकिंग सिद्ध नहीं करता।	Mendeteksi area dan menggambar penanda. Pada video, gunakan Analisis untuk mendapatkan data nyata sebelum menyesuaikan elemen grafis. Tanpa analisis, tampilan tidak membuktikan pelacakan konten.	Обнаруживает области и рисует отметки. В видео используйте «Анализировать», чтобы получить реальные данные перед настройкой графических элементов. Без анализа отображение не подтверждает отслеживание содержимого.
Detectar sozinho	Auto-detect	Detectar automáticamente	اكتشاف تلقائي	자동 감지	自動検出	自动检测	स्वतः पता लगाएँ	Deteksi otomatis	Определить автоматически
Diamante	Diamond	Diamante	ماسة	다이아몬드	ダイヤモンド	钻石	हीरा	Berlian	Алмаз
Diferenca	Difference	Diferencia	الفرق	차이	差	差值	अंतर	Perbedaan	Разница
Digital Damage	Digital Damage	Daño digital	تلف رقمي	디지털 손상	デジタルダメージ	数字损坏	डिजिटल डैमेज	Kerusakan digital	Цифровые помехи
Direcional	Directional	Direccional	اتجاهي	방향광	ディレクショナル	平行光	दिशात्मक	Terarah	Направленный
Directional Blur	Directional Blur	Desenfoque direccional	تمويه اتجاهي	방향 흐림	方向ブラー	方向模糊	दिशात्मक ब्लर	Blur arah	Направленное размытие
Diss	Diss	Dis	تلاشي	디졸브	ディゾ	溶解	डिज़ॉ.	Diss	Раств.
Dissolve	Dissolve	Disolver	تلاشي	디졸브	ディゾルブ	溶解	डिज़ॉल्व	Dissolve	Растворение
Dissolve a camada em blocos. A semente fixa garante o mesmo resultado ao voltar na timeline e ao exportar.	Dissolves the layer in blocks. The fixed seed guarantees the same result when scrubbing back on the timeline and when exporting.	Disuelve la capa en bloques. La semilla fija garantiza el mismo resultado al volver en la línea de tiempo y al exportar.	يُذيب الطبقة على شكل كتل. تضمن البذرة الثابتة النتيجة نفسها عند الرجوع في الخط الزمني وعند التصدير.	레이어를 블록 단위로 디졸브합니다. 고정 시드는 타임라인을 되돌릴 때와 내보낼 때 같은 결과를 보장합니다.	レイヤーをブロック状にディゾルブします。固定シードにより、タイムラインを戻しても書き出しても同じ結果になります。	以方块形式溶解图层。固定种子可确保在时间线上回退和导出时结果一致。	लेयर को ब्लॉक में डिज़ॉल्व करता है। स्थिर सीड टाइमलाइन में पीछे जाने और निर्यात करने पर एक जैसा परिणाम सुनिश्चित करता है।	Melarutkan lapisan dalam bentuk blok. Seed tetap menjamin hasil yang sama saat kembali di linimasa dan saat mengekspor.	Растворяет слой блоками. Фиксированное зерно гарантирует одинаковый результат при возврате по таймлайну и при экспорте.
Dissolver	Dissolve	Disolver	تلاشي	디졸브	ディゾルブ	溶解	डिज़ॉल्व	Dissolve	Растворение
Distancia	Distance	Distancia	المسافة	거리	距離	距离	दूरी	Jarak	Расстояние
Distancia de foco	Focus distance	Distancia de enfoque	مسافة التركيز	초점 거리	フォーカス距離	焦点距离	फ़ोकस दूरी	Jarak fokus	Дистанция фокуса
Distorcao	Distortion	Distorsión	التشويه	왜곡	ディストーション	扭曲	विकृति	Distorsi	Искажение
Distorce usando um campo de ruído por pixel. Quantidade desloca, tamanho define a escala; anime evolução para criar movimento orgânico.	Distorts using a per-pixel noise field. Amount displaces, size sets the scale; animate evolution to create organic motion.	Distorsiona usando un campo de ruido por píxel. Cantidad desplaza, tamaño define la escala; anima evolución para crear movimiento orgánico.	يشوّه باستخدام حقل ضوضاء لكل بكسل. الكمية تزيح، والحجم يحدد المقياس؛ حرّك التطوّر لإنشاء حركة عضوية.	픽셀 단위 노이즈 필드로 왜곡합니다. 양은 이동을, 크기는 배율을 정하며, 진화에 애니메이션을 주면 유기적인 움직임이 만들어집니다.	ピクセルごとのノイズフィールドで歪ませます。量で変位、サイズでスケールを決め、展開をアニメーションさせると有機的な動きになります。	使用逐像素噪声场进行扭曲。数量控制位移，大小设定尺度；为演化添加动画可创造有机的运动。	प्रति-पिक्सेल नॉइज़ फ़ील्ड से विकृत करता है। मात्रा खिसकाती है, आकार स्केल तय करता है; जैविक गति बनाने के लिए इवोल्यूशन को एनिमेट करें।	Mendistorsi menggunakan bidang noise per piksel. Jumlah menggeser, ukuran menentukan skala; animasikan evolusi untuk menciptakan gerakan organik.	Искажает с помощью попиксельного поля шума. Величина смещает, размер задаёт масштаб; анимируйте эволюцию для органичного движения.
Distorcer	Distort	Distorsionar	تشويه	왜곡	ディストーション	扭曲	विकृत करें	Distorsi	Искажение
Distort	Distort	Distorsionar	تشويه	왜곡	ディストーション	扭曲	विकृत करें	Distorsi	Искажение
Do centro	From center	Desde el centro	من المنتصف	가운데부터	中央から	从中心	केंद्र से	Dari tengah	От центра
Do fim	From end	Desde el final	من النهاية	끝에서부터	末尾から	从末尾	अंत से	Dari akhir	С конца
Do inicio	From start	Desde el inicio	من البداية	처음부터	先頭から	从开头	शुरुआत से	Dari awal	С начала
Dois nos	Two-node	Dos nodos	عقدتان	2노드	2ノード	双节点	दो नोड	Dua node	Двухузловая
Dolly	Dolly	Dolly	دولي	돌리	ドリー	推轨	डॉली	Dolly	Долли
Dolly zoom	Dolly zoom	Dolly zoom	زوم دولي	돌리 줌	ドリーズーム	推轨变焦	डॉली ज़ूम	Dolly zoom	Долли-зум
Dotted	Dotted	Punteado	منقّط	점선	点線	点线	बिंदीदार	Titik-titik	Пунктир
Draft	Draft	Borrador	مسودة	초안	ドラフト	草稿	ड्राफ़्ट	Draf	Черновик
Dupla	Double	Doble	مزدوج	이중	ダブル	双词	दोहरी	Ganda	Двойная
Ease In	Ease In	Ease In	تسهيل الدخول	이즈 인	イーズイン	缓入	ईज़ इन	Ease In	Плавный вход
Ease Out	Ease Out	Ease Out	تسهيل الخروج	이즈 아웃	イーズアウト	缓出	ईज़ आउट	Ease Out	Плавный выход
Echo	Echo	Eco	صدى	에코	エコー	回声	इको	Echo	Эхо
Edges	Edges	Bordes	الحواف	가장자리	エッジ	边缘	किनारे	Tepi	Края
Editar pontos	Edit points	Editar puntos	تعديل النقاط	점 편집	ポイントを編集	编辑点	बिंदु संपादित करें	Edit titik	Редактировать точки
Elastico	Elastic	Elástico	مرن	탄성	弾性	弹性	इलास्टिक	Elastis	Упругий
Elipse	Ellipse	Elipse	قطع ناقص	타원	楕円	椭圆	दीर्घवृत्त	Elips	Эллипс
Emergencia	Emergency	Emergencia	طوارئ	비상	緊急	紧急	आपातकालीन	Darurat	Аварийный
Emissivo neon	Neon emissive	Emisivo neón	نيون مضيء	네온 발광	ネオン発光	霓虹自发光	नियॉन एमिसिव	Emisif neon	Неоновое свечение
Empena	Gable	Hastial	جملون	박공	切妻	山墙	गेबल	Gewel	Фронтон
Empilhada	Stacked	Apilada	مكدّس	쌓기	積み重ね	堆叠	स्टैक्ड	Bertumpuk	Стопкой
Encolhe	Shrinks	Se encoge	يتقلّص	줄어듦	縮小	缩小	सिकुड़ता है	Mengecil	Сжимается
Encolher	Shrink	Encoger	تقليص	축소	縮小	收缩	सिकोड़ें	Kecilkan	Сжатие
Eneagono	Nonagon	Eneágono	تساعي الأضلاع	구각형	九角形	九边形	नवभुज	Nonagon	Девятиугольник
Enfase	Emphasis	Énfasis	تأكيد	강조	強調	强调	ज़ोर	Penekanan	Акцент
Engrenagem	Gear	Engranaje	ترس	톱니바퀴	歯車	齿轮	गियर	Roda gigi	Шестерёнка
Entra e sai	In and out	Entra y sale	دخول وخروج	들어오고 나감	入って出る	进入并退出	आए और जाए	Masuk dan keluar	Вход и выход
Entrada	In	Entrada	دخول	인	イン	入场	प्रवेश	Masuk	Вход
Entrar em cor	Color in	Entrar en color	دخول بالألوان	컬러 인	カラーイン	彩色入场	रंग में प्रवेश	Masuk berwarna	Цветной вход
Entrevista	Interview	Entrevista	مقابلة	인터뷰	インタビュー	访谈	इंटरव्यू	Wawancara	Интервью
Equilibrada	Balanced	Equilibrada	متوازنة	균형	バランス	均衡	संतुलित	Seimbang	Сбалансированный
Equilibrado	Balanced	Equilibrado	متوازن	균형	バランス	均衡	संतुलित	Seimbang	Сбалансированный
Erro / bug	Error / bug	Error / bug	خطأ / عطل	오류 / 버그	エラー / バグ	错误 / bug	त्रुटि / बग	Kesalahan / bug	Ошибка / баг
Escala pop	Pop scale	Escala pop	تكبير منبثق	팝 스케일	ポップスケール	弹跳缩放	पॉप स्केल	Skala pop	Поп-масштаб
Escala X	Scale X	Escala X	المقياس X	배율 X	スケールX	缩放X	स्केल X	Skala X	Масштаб X
Escala Y	Scale Y	Escala Y	المقياس Y	배율 Y	スケールY	缩放Y	स्केल Y	Skala Y	Масштаб Y
Escurecer	Darken	Oscurecer	تعتيم	어둡게	暗くする	变暗	गहरा करें	Gelapkan	Затемнение
Escuro no claro	Dark on light	Oscuro sobre claro	داكن على فاتح	밝은 배경에 어둡게	ライト上にダーク	亮底暗线	हल्के पर गहरा	Gelap di atas terang	Тёмное на светлом
Esfera	Sphere	Esfera	كرة	구	球	球体	गोला	Bola	Сфера
Esfera cromada	Chrome sphere	Esfera cromada	كرة كرومية	크롬 구	クロームの球	镀铬球体	क्रोम गोला	Bola krom	Хромированная сфера
Espacamento	Tracking	Espaciado	تباعد الأحرف	자간	字間	字间距	अक्षर अंतर	Jarak huruf	Трекинг
Espalha luz em direção a um centro. Posicione Centro X/Y na origem desejada, ajuste comprimento e intensidade, depois a cor.	Spreads light toward a center. Place Center X/Y at the desired origin, adjust length and intensity, then the color.	Esparce luz hacia un centro. Coloca Centro X/Y en el origen deseado, ajusta longitud e intensidad y luego el color.	ينشر الضوء باتجاه مركز. ضع المركز X/Y عند نقطة الأصل المطلوبة، واضبط الطول والشدة، ثم اللون.	중심을 향해 빛을 퍼뜨립니다. 중심 X/Y를 원하는 원점에 놓고 길이와 강도를 조절한 뒤 색상을 정하세요.	中心に向かって光を広げます。中心X/Yを目的の原点に置き、長さと強度を調整してから色を決めます。	向一个中心扩散光线。将中心X/Y置于所需的起点，调整长度和强度，然后设置颜色。	एक केंद्र की ओर प्रकाश फैलाता है। केंद्र X/Y को इच्छित मूल बिंदु पर रखें, लंबाई और तीव्रता समायोजित करें, फिर रंग।	Menyebarkan cahaya ke arah suatu pusat. Letakkan Pusat X/Y pada titik asal yang diinginkan, atur panjang dan intensitas, lalu warnanya.	Рассеивает свет к центру. Поместите Центр X/Y в нужную точку, настройте длину и интенсивность, затем цвет.
Espelha setores ao redor do centro. Ajuste segmentos, rotacao e mistura; todos aceitam keyframes.	Mirrors sectors around the center. Adjust segments, rotation and mix; all accept keyframes.	Refleja sectores alrededor del centro. Ajusta segmentos, rotación y mezcla; todos aceptan keyframes.	يعكس القطاعات حول المركز. اضبط المقاطع والدوران والمزج؛ وكلها تقبل الإطارات المفتاحية.	중심을 기준으로 부채꼴을 거울처럼 반복합니다. 세그먼트, 회전, 혼합을 조절할 수 있으며 모두 키프레임을 지원합니다.	中心の周りにセクターを鏡像反復します。セグメント、回転、ブレンドを調整でき、すべてキーフレームに対応します。	围绕中心镜像扇区。可调整分段、旋转和混合；全部支持关键帧。	केंद्र के चारों ओर खंडों को प्रतिबिंबित करता है। सेगमेंट, घुमाव और ब्लेंडिंग समायोजित करें; सभी कीफ़्रेम स्वीकार करते हैं।	Mencerminkan sektor di sekitar pusat. Atur segmen, rotasi, dan pencampuran; semuanya mendukung keyframe.	Зеркально повторяет секторы вокруг центра. Настройте сегменты, вращение и смешивание; все параметры поддерживают ключевые кадры.
Espelhar	Mirror	Reflejar	انعكاس	미러	ミラー	镜像	मिरर	Cermin	Зеркало
Esquerda	Left	Izquierda	يسار	왼쪽	左	左侧	बायाँ	Kiri	Слева
Esse código não tem a cara de um código de acesso.	That code doesn't look like an access code.	Ese código no parece un código de acceso.	هذا الرمز لا يبدو رمز وصول.	이 코드는 액세스 코드처럼 보이지 않습니다.	このコードはアクセスコードのようには見えません。	这个代码看起来不像访问码。	यह कोड किसी एक्सेस कोड जैसा नहीं लगता।	Kode ini tidak terlihat seperti kode akses.	Этот код не похож на код доступа.
Esse post não é seu.	This post isn't yours.	Este post no es tuyo.	هذا المنشور ليس لك.	이 게시물은 내 게시물이 아닙니다.	この投稿はあなたのものではありません。	这条帖子不是你的。	यह पोस्ट आपकी नहीं है।	Postingan ini bukan milikmu.	Этот пост не ваш.
Estilizar	Stylize	Estilizar	تنميق	스타일화	スタイライズ	风格化	स्टाइलाइज़	Stilisasi	Стилизация
Estima o movimento entre quadros para suavizar câmera lenta e curvas de Time Remap. A prévia é preparada em segundo plano; a exportação calcula os quadros a partir do original. Cortes de cena não são misturados.	Estimates motion between frames to smooth slow motion and Time Remap curves. The preview is prepared in the background; the export computes the frames from the original. Scene cuts are not blended.	Estima el movimiento entre fotogramas para suavizar la cámara lenta y las curvas de Time Remap. La vista previa se prepara en segundo plano; la exportación calcula los fotogramas a partir del original. Los cortes de escena no se mezclan.	يقدّر الحركة بين الإطارات لتنعيم الحركة البطيئة ومنحنيات Time Remap. تُحضَّر المعاينة في الخلفية؛ ويحسب التصدير الإطارات من الأصل. لا يتم مزج قطعات المشاهد.	프레임 사이의 움직임을 추정해 슬로 모션과 Time Remap 곡선을 부드럽게 합니다. 미리보기는 백그라운드에서 준비되고, 내보내기는 원본에서 프레임을 계산합니다. 장면 전환 컷은 섞이지 않습니다.	フレーム間の動きを推定し、スローモーションとTime Remapカーブを滑らかにします。プレビューはバックグラウンドで準備され、書き出しは元の映像からフレームを計算します。シーンのカットは混ぜられません。	估算帧间运动，使慢动作和Time Remap曲线更平滑。预览在后台准备；导出时根据原始素材计算帧。场景切点不会被混合。	स्लो मोशन और Time Remap वक्रों को चिकना करने के लिए फ़्रेमों के बीच की गति का अनुमान लगाता है। पूर्वावलोकन पृष्ठभूमि में तैयार होता है; निर्यात मूल से फ़्रेम की गणना करता है। दृश्य कट मिश्रित नहीं किए जाते।	Memperkirakan gerakan antar-bingkai untuk menghaluskan gerak lambat dan kurva Time Remap. Pratinjau disiapkan di latar belakang; ekspor menghitung bingkai dari aslinya. Potongan adegan tidak dicampur.	Оценивает движение между кадрами, чтобы сгладить замедленную съёмку и кривые Time Remap. Предпросмотр готовится в фоне; экспорт вычисляет кадры из оригинала. Склейки сцен не смешиваются.
Estourar	Pop	Estallar	انبثاق	팝	ポップ	弹出	पॉप	Pop	Поп
Estrela	Star	Estrella	نجمة	별	星	星形	तारा	Bintang	Звезда
Estrela 3D	3D star	Estrella 3D	نجمة ثلاثية الأبعاد	3D 별	3Dスター	3D星形	3D तारा	Bintang 3D	3D-звезда
Estrelas distantes	Distant stars	Estrellas lejanas	نجوم بعيدة	먼 별들	遠い星	远处的星星	दूर के तारे	Bintang jauh	Далёкие звёзды
Estrelas frias	Cool stars	Estrellas frías	نجوم باردة	차가운 별들	冷たい星	冷色星星	ठंडे तारे	Bintang dingin	Холодные звёзды
Estrelas quentes	Warm stars	Estrellas cálidas	نجوم دافئة	따뜻한 별들	暖かい星	暖色星星	गर्म तारे	Bintang hangat	Тёплые звёзды
Estresse	Stress	Estrés	إجهاد	스트레스	ストレス	压力测试	स्ट्रेस	Stres	Стресс
Excelente	Excellent	Excelente	ممتاز	매우 좋음	優秀	优秀	उत्कृष्ट	Sangat baik	Отлично
Explorador · animar rig	Explorer · animate rig	Explorador · animar rig	المستكشف · تحريك الهيكل	탐험가 · 리그 애니메이션	探検者 · リグをアニメーション	探索者 · 动画绑定	एक्सप्लोरर · रिग एनिमेट करें	Penjelajah · animasikan rig	Исследователь · анимировать риг
Exponential	Exponential	Exponencial	أسّي	지수	指数	指数	घातांकीय	Eksponensial	Экспоненциальный
Fade por letra	Fade by letter	Fundido por letra	تلاشي لكل حرف	글자별 페이드	文字ごとにフェード	逐字淡化	अक्षर अनुसार फ़ेड	Pudar per huruf	Фейд по буквам
Faisca	Sparkle	Destello	بريق	반짝임	キラキラ	闪光	चमक	Kilau	Искра
Faisca do olho	Eye sparkle	Destello del ojo	بريق العين	눈 반짝임	目のきらめき	眼中闪光	आँख की चमक	Kilau mata	Искра в глазу
Faixa amarela	Yellow strip	Franja amarilla	شريط أصفر	노란 띠	黄色い帯	黄色条带	पीली पट्टी	Pita kuning	Жёлтая полоса
Falha inesperada na exportacao.	Unexpected export failure.	Fallo inesperado en la exportación.	فشل غير متوقع في التصدير.	내보내기 중 예기치 않은 오류가 발생했습니다.	書き出し中に予期しないエラーが発生しました。	导出时发生意外错误。	निर्यात में अनपेक्षित त्रुटि हुई।	Kegagalan tak terduga saat mengekspor.	Непредвиденная ошибка при экспорте.
Feed	Feed	Feed	الخلاصة	피드	フィード	动态	फ़ीड	Feed	Лента
FileName	FileName	FileName	FileName	FileName	FileName	FileName	FileName	FileName	FileName
Filename	Filename	Filename	Filename	Filename	Filename	Filename	Filename	Filename	Filename
Film Damage	Film Damage	Daño de película	تلف الفيلم	필름 손상	フィルムダメージ	胶片损坏	फ़िल्म डैमेज	Kerusakan film	Повреждение плёнки
Film Grain	Film Grain	Grano de película	حبيبات الفيلم	필름 그레인	フィルムグレイン	胶片颗粒	फ़िल्म ग्रेन	Butiran film	Зерно плёнки
Fim de A	End of A	Fin de A	نهاية A	A의 끝	Aの終了	A 的结束	A का अंत	Akhir A	Конец A
Find Edges	Find Edges	Hallar bordes	إيجاد الحواف	가장자리 찾기	輪郭検出	查找边缘	किनारे खोजें	Cari tepi	Выделение краёв
Fisheye	Fisheye	Ojo de pez	عين السمكة	어안	魚眼	鱼眼	फ़िशआई	Mata ikan	Рыбий глаз
Fixa	Fixed	Fija	ثابتة	고정	固定	固定	स्थिर	Tetap	Фиксированная
Fixo	Fixed	Fijo	ثابت	고정	固定	固定	स्थिर	Tetap	Фиксированный
Flicker	Flicker	Parpadeo	وميض	깜빡임	フリッカー	闪烁	फ़्लिकर	Kedip	Мерцание
Flor	Flower	Flor	زهرة	꽃	花	花	फूल	Bunga	Цветок
FLOR · cena 3D editavel	FLOR · editable 3D scene	FLOR · escena 3D editable	FLOR · مشهد ثلاثي الأبعاد قابل للتعديل	FLOR · 편집 가능한 3D 장면	FLOR · 編集可能な3Dシーン	FLOR · 可编辑的3D场景	FLOR · संपादन योग्य 3D दृश्य	FLOR · adegan 3D yang bisa diedit	FLOR · редактируемая 3D-сцена
FLOR · Dez segundos de manha	FLOR · Ten seconds of morning	FLOR · Diez segundos de mañana	FLOR · عشر ثوانٍ من الصباح	FLOR · 아침의 10초	FLOR · 朝の10秒	FLOR · 清晨十秒	FLOR · सुबह के दस सेकंड	FLOR · Sepuluh detik pagi hari	FLOR · Десять секунд утра
Flutuar	Float	Flotar	طفو	떠다니기	フロート	漂浮	तैरना	Mengambang	Парение
fluxo óptico	optical flow	flujo óptico	التدفق البصري	옵티컬 플로우	オプティカルフロー	光流	ऑप्टिकल फ़्लो	aliran optik	оптический поток
Force Motion Blur	Force Motion Blur	Forzar desenfoque de movimiento	فرض ضبابية الحركة	모션 블러 강제 적용	強制モーションブラー	强制运动模糊	फ़ोर्स मोशन ब्लर	Paksa Motion Blur	Принудительное размытие движения
Forma 3D	3D shape	Forma 3D	شكل ثلاثي الأبعاد	3D 도형	3Dシェイプ	3D形状	3D आकार	Bentuk 3D	3D-фигура
Forte	Strong	Fuerte	قوي	강하게	強	强	तेज़	Kuat	Сильный
Fraco	Weak	Suave	خفيف	약하게	弱	弱	हल्का	Lemah	Слабый
Fractal Noise	Fractal Noise	Ruido fractal	ضوضاء كسورية	프랙탈 노이즈	フラクタルノイズ	分形杂色	फ़्रैक्टल नॉइज़	Derau fraktal	Фрактальный шум
Fragmenta a imagem em grãos. Dispersão espalha, rotação gira e gravidade desloca os fragmentos. É uma implementação AUREA, não o plugin Cycore.	Shatters the image into grains. Dispersion spreads, rotation spins and gravity displaces the fragments. This is an AUREA implementation, not the Cycore plugin.	Fragmenta la imagen en granos. Dispersión esparce, rotación gira y gravedad desplaza los fragmentos. Es una implementación AUREA, no el plugin Cycore.	يفتّت الصورة إلى حبيبات. التشتت ينشر الشظايا، والدوران يديرها، والجاذبية تزيحها. هذا تنفيذ خاص بـ AUREA وليس إضافة Cycore.	이미지를 입자로 조각냅니다. 분산은 조각을 퍼뜨리고, 회전은 돌리며, 중력은 이동시킵니다. Cycore 플러그인이 아닌 AUREA 자체 구현입니다.	画像を粒子状に砕きます。分散は破片を散らし、回転は回し、重力は移動させます。Cycoreプラグインではなく、AUREA独自の実装です。	将图像碎裂成颗粒。分散使碎片扩散，旋转使其转动，重力使其位移。这是 AUREA 的自有实现，并非 Cycore 插件。	छवि को कणों में तोड़ता है। फैलाव टुकड़ों को बिखेरता है, घुमाव उन्हें घुमाता है और गुरुत्व उन्हें खिसकाता है। यह AUREA का अपना कार्यान्वयन है, Cycore प्लगइन नहीं।	Memecah gambar menjadi butiran. Dispersi menyebarkan, rotasi memutar, dan gravitasi menggeser pecahannya. Ini implementasi AUREA sendiri, bukan plugin Cycore.	Дробит изображение на зёрна. Рассеивание разбрасывает фрагменты, вращение их поворачивает, а гравитация смещает. Это собственная реализация AUREA, а не плагин Cycore.
Franja cromática que cresce em direção às bordas. Quantidades pequenas simulam uma lente; valores altos estilizam.	Color fringing that grows toward the edges. Small amounts simulate a lens; high values stylize.	Franja cromática que crece hacia los bordes. Cantidades pequeñas simulan una lente; valores altos estilizan.	هالة لونية تشتد باتجاه الحواف. القيم الصغيرة تحاكي العدسة، والقيم العالية تضفي طابعًا فنيًا.	가장자리로 갈수록 커지는 색 번짐입니다. 작은 값은 렌즈를 흉내 내고, 큰 값은 스타일 효과를 냅니다.	端に向かって強くなる色のにじみです。小さな値はレンズを再現し、大きな値はスタイライズ効果になります。	向边缘逐渐增强的色边。小数值模拟镜头效果，大数值形成风格化效果。	रंगीन किनारा जो किनारों की ओर बढ़ता है। कम मात्रा लेंस की नकल करती है; अधिक मान शैलीगत प्रभाव देते हैं।	Pinggiran warna yang membesar ke arah tepi. Nilai kecil meniru lensa; nilai tinggi memberi kesan bergaya.	Цветная кайма, усиливающаяся к краям. Малые значения имитируют объектив, большие — стилизуют.
Frases	Phrases	Frases	عبارات	구문	フレーズ	短语	वाक्यांश	Frasa	Фразы
Full Box	Full Box	Caja completa	إطار كامل	전체 박스	フルボックス	完整方框	पूरा बॉक्स	Kotak penuh	Полная рамка
Full HD 1080p	Full HD 1080p	Full HD 1080p	Full HD 1080p	Full HD 1080p	Full HD 1080p	Full HD 1080p	Full HD 1080p	Full HD 1080p	Full HD 1080p
Fundo	Background	Fondo	الخلفية	배경	背景	背景	पृष्ठभूमि	Latar belakang	Фон
Fundo do olho	Eye background	Fondo del ojo	خلفية العين	눈 배경	目の背景	眼睛背景	आँख की पृष्ठभूमि	Latar belakang mata	Фон глаза
Fundo em chamas	Background in flames	Fondo en llamas	خلفية مشتعلة	불타는 배경	炎の背景	燃烧的背景	जलती पृष्ठभूमि	Latar belakang terbakar	Фон в огне
Fundo escuro	Dark background	Fondo oscuro	خلفية داكنة	어두운 배경	暗い背景	深色背景	गहरी पृष्ठभूमि	Latar belakang gelap	Тёмный фон
Fundo preto	Black background	Fondo negro	خلفية سوداء	검은 배경	黒い背景	黑色背景	काली पृष्ठभूमि	Latar belakang hitam	Чёрный фон
fundo preto	black background	fondo negro	خلفية سوداء	검은 배경	黒い背景	黑色背景	काली पृष्ठभूमि	latar belakang hitam	чёрный фон
fundo verde	green background	fondo verde	خلفية خضراء	녹색 배경	緑の背景	绿色背景	हरी पृष्ठभूमि	latar belakang hijau	зелёный фон
Furo	Hole	Agujero	ثقب	구멍	穴	孔洞	छेद	Lubang	Отверстие
G / B	G / B	G / B	G / B	G / B	G / B	G / B	G / B	G / B	G / B
Galeria so no celular — o arquivo esta na pasta abaixo	Gallery only on phone — the file is in the folder below	Galería solo en el móvil — el archivo está en la carpeta de abajo	المعرض متاح على الهاتف فقط — الملف في المجلد أدناه	갤러리는 휴대폰에서만 — 파일은 아래 폴더에 있습니다	ギャラリーはスマートフォンのみ — ファイルは下のフォルダーにあります	相册仅限手机 — 文件位于下方文件夹	गैलरी केवल फ़ोन पर — फ़ाइल नीचे दिए फ़ोल्डर में है	Galeri hanya di ponsel — berkas ada di folder di bawah	Галерея только на телефоне — файл лежит в папке ниже
Ganho do realce	Highlight gain	Ganancia de resaltado	كسب الإبراز	하이라이트 게인	ハイライトゲイン	高光增益	हाइलाइट गेन	Penguatan highlight	Усиление светов
Gaussian Blur	Gaussian Blur	Desenfoque gaussiano	تمويه غاوسي	가우시안 블러	ガウスブラー	高斯模糊	गॉसियन ब्लर	Gaussian Blur	Размытие по Гауссу
Generate	Generate	Generar	توليد	생성	生成	生成	जनरेट	Hasilkan	Генерация
Gera ruído contínuo em várias escalas. Complexidade adiciona detalhes, contraste separa tons e evolução anima o padrão. Anime evolução com keyframes.	Generates continuous noise at several scales. Complexity adds detail, contrast separates tones and evolution animates the pattern. Animate evolution with keyframes.	Genera ruido continuo en varias escalas. Complejidad añade detalles, contraste separa tonos y evolución anima el patrón. Anima evolución con fotogramas clave.	يولّد ضوضاء متصلة بعدة مقاييس. التعقيد يضيف التفاصيل، والتباين يفصل الدرجات، والتطور يحرّك النمط. حرّك التطور بالإطارات المفتاحية.	여러 스케일의 연속 노이즈를 생성합니다. 복잡도는 디테일을 더하고, 대비는 톤을 나누며, 진화는 패턴을 움직입니다. 진화를 키프레임으로 애니메이션하세요.	複数のスケールで連続したノイズを生成します。複雑さは細部を加え、コントラストは階調を分け、進化はパターンを動かします。進化をキーフレームでアニメーションさせましょう。	生成多尺度的连续杂色。复杂度增加细节，对比度区分色调，演化让图案动起来。用关键帧为演化制作动画。	कई पैमानों पर सतत नॉइज़ बनाता है। जटिलता विवरण जोड़ती है, कंट्रास्ट टोन अलग करता है और विकास पैटर्न को गति देता है। विकास को कीफ़्रेम से एनिमेट करें।	Menghasilkan derau berkelanjutan dalam beberapa skala. Kompleksitas menambah detail, kontras memisahkan nada, dan evolusi menganimasikan pola. Animasikan evolusi dengan keyframe.	Генерирует непрерывный шум в нескольких масштабах. Сложность добавляет детали, контраст разделяет тона, а эволюция анимирует узор. Анимируйте эволюцию ключевыми кадрами.
Gerar	Generate	Generar	توليد	생성	生成	生成	जनरेट	Hasilkan	Генерация
Giro	Rotation	Rotación	دوران	회전	回転	旋转	घुमाव	Rotasi	Вращение
Giro da iris	Iris rotation	Rotación del iris	دوران القزحية	조리개 회전	絞りの回転	光圈旋转	आइरिस घुमाव	Rotasi iris	Вращение диафрагмы
Giro do desenho	Drawing rotation	Rotación del dibujo	دوران الرسم	그림 회전	図形の回転	图案旋转	चित्र का घुमाव	Rotasi gambar	Вращение рисунка
Giro X	Rotation X	Rotación X	دوران X	X 회전	X回転	X 轴旋转	X घुमाव	Rotasi X	Вращение X
Giro Y	Rotation Y	Rotación Y	دوران Y	Y 회전	Y回転	Y 轴旋转	Y घुमाव	Rotasi Y	Вращение Y
Giro Z	Rotation Z	Rotación Z	دوران Z	Z 회전	Z回転	Z 轴旋转	Z घुमाव	Rotasi Z	Вращение Z
Glitch	Glitch	Glitch	غليتش	글리치	グリッチ	故障	ग्लिच	Glitch	Глитч
Glitch de impacto	Impact glitch	Glitch de impacto	غليتش الصدمة	임팩트 글리치	インパクトグリッチ	冲击故障	इम्पैक्ट ग्लिच	Glitch hentakan	Ударный глитч
Glitchify	Glitchify	Glitchify	Glitchify	글리치파이	グリッチファイ	故障化	Glitchify	Glitchify	Glitchify
Glow	Glow	Resplandor	توهج	글로우	グロー	发光	ग्लो	Glow	Свечение
Gota	Drop	Gota	قطرة	물방울	しずく	水滴	बूँद	Tetesan	Капля
Gradacao	Grading	Gradación	تدرج لوني	그레이딩	グレーディング	调色	ग्रेडिंग	Gradasi	Грейдинг
Gradacao · frio e vinheta	Grading · cool and vignette	Gradación · frío y viñeta	تدرج لوني · بارد وفينيت	그레이딩 · 차가움과 비네트	グレーディング · クールとビネット	调色 · 冷色与暗角	ग्रेडिंग · ठंडा और विग्नेट	Gradasi · dingin dan vignette	Грейдинг · холод и виньетка
Gradacao · grao e vinheta	Grading · grain and vignette	Gradación · grano y viñeta	تدرج لوني · حبيبات وفينيت	그레이딩 · 그레인과 비네트	グレーディング · グレインとビネット	调色 · 颗粒与暗角	ग्रेडिंग · ग्रेन और विग्नेट	Gradasi · butiran dan vignette	Грейдинг · зерно и виньетка
Gradacao · manha	Grading · morning	Gradación · mañana	تدرج لوني · صباح	그레이딩 · 아침	グレーディング · 朝	调色 · 清晨	ग्रेडिंग · सुबह	Gradasi · pagi	Грейдинг · утро
Gradacao · vinheta e grao	Grading · vignette and grain	Gradación · viñeta y grano	تدرج لوني · فينيت وحبيبات	그레이딩 · 비네트와 그레인	グレーディング · ビネットとグレイン	调色 · 暗角与颗粒	ग्रेडिंग · विग्नेट और ग्रेन	Gradasi · vignette dan butiran	Грейдинг · виньетка и зерно
Gradient	Gradient	Degradado	تدرج	그라데이션	グラデーション	渐变	ग्रेडिएंट	Gradien	Градиент
Gradiente 4 cores	4-color gradient	Degradado de 4 colores	تدرج 4 ألوان	4색 그라데이션	4色グラデーション	4色渐变	4 रंग ग्रेडिएंट	Gradien 4 warna	4-цветный градиент
Gradiente de quatro cantos. Escolha as quatro cores, opacidade, ângulo e modo de mistura. Pode colorir a imagem sem apagar sua forma.	Four-corner gradient. Choose the four colors, opacity, angle and blend mode. It can tint the image without erasing its shape.	Degradado de cuatro esquinas. Elige los cuatro colores, la opacidad, el ángulo y el modo de fusión. Puede colorear la imagen sin borrar su forma.	تدرج من أربع زوايا. اختر الألوان الأربعة والعتامة والزاوية ووضع المزج. يمكنه تلوين الصورة دون محو شكلها.	네 모서리 그라데이션입니다. 네 가지 색상, 불투명도, 각도, 혼합 모드를 고르세요. 형태를 지우지 않고 이미지에 색을 입힐 수 있습니다.	四隅グラデーションです。4色、不透明度、角度、ブレンドモードを選びます。形を消さずに画像に色を付けられます。	四角渐变。选择四种颜色、不透明度、角度和混合模式。可在不抹去形状的情况下为图像上色。	चार कोनों का ग्रेडिएंट। चार रंग, अपारदर्शिता, कोण और ब्लेंडिंग मोड चुनें। यह आकार मिटाए बिना छवि को रंग सकता है।	Gradien empat sudut. Pilih empat warna, opasitas, sudut, dan mode pencampuran. Bisa mewarnai gambar tanpa menghapus bentuknya.	Градиент из четырёх углов. Выберите четыре цвета, непрозрачность, угол и режим наложения. Может окрасить изображение, не стирая его форму.
Grave	Bass	Graves	جهير	저음	低音	低音	बास	Bass	Бас
green screen	green screen	pantalla verde	شاشة خضراء	그린 스크린	グリーンスクリーン	绿幕	ग्रीन स्क्रीन	layar hijau	зелёный экран
Groceries List	Groceries List	Lista de la compra	قائمة البقالة	장보기 목록	買い物リスト	购物清单	किराने की सूची	Daftar Belanja	Список покупок
Grupo	Group	Grupo	مجموعة	그룹	グループ	组	समूह	Grup	Группа
Grupo 1	Group 1	Grupo 1	مجموعة 1	그룹 1	グループ1	组 1	समूह 1	Grup 1	Группа 1
Grupo 2	Group 2	Grupo 2	مجموعة 2	그룹 2	グループ2	组 2	समूह 2	Grup 2	Группа 2
Guarda	Guard	Guarda	واقي اليد	가드	ガード	护手	गार्ड	Pelindung	Гарда
Hard Mix	Hard Mix	Mezcla definida	مزج صلب	하드 혼합	ハードミックス	实色混合	हार्ड मिक्स	Hard Mix	Жёсткое смешение
HD 720p	HD 720p	HD 720p	HD 720p	HD 720p	HD 720p	HD 720p	HD 720p	HD 720p	HD 720p
Heptagono	Heptagon	Heptágono	سباعي الأضلاع	칠각형	七角形	七边形	सप्तभुज	Heptagon	Семиугольник
Heroi	Hero	Héroe	بطل	히어로	ヒーロー	英雄	हीरो	Pahlawan	Герой
Hexagono	Hexagon	Hexágono	سداسي الأضلاع	육각형	六角形	六边形	षट्भुज	Heksagon	Шестиугольник
High	High	Alta	عالية	높음	高	高	उच्च	Tinggi	Высокое
Horizontal	Horizontal	Horizontal	أفقي	가로	水平	水平	क्षैतिज	Horizontal	Горизонтально
Horizonte	Horizon	Horizonte	الأفق	지평선	地平線	地平线	क्षितिज	Cakrawala	Горизонт
Hue	Hue	Tono	تدرج اللون	색조	色相	色相	ह्यू	Hue	Тон
Icone	Icon	Icono	أيقونة	아이콘	アイコン	图标	आइकन	Ikon	Значок
Icone item	Item icon	Icono del elemento	أيقونة العنصر	항목 아이콘	項目アイコン	项目图标	आइटम आइकन	Ikon item	Значок элемента
Icone Notes	Notes icon	Icono de Notes	أيقونة Notes	Notes 아이콘	Notesアイコン	Notes 图标	Notes आइकन	Ikon Notes	Значок Notes
ID + Coordinates	ID + Coordinates	ID + Coordenadas	ID + الإحداثيات	ID + 좌표	ID + 座標	ID + 坐标	ID + निर्देशांक	ID + Koordinat	ID + Координаты
ID + Size	ID + Size	ID + Tamaño	ID + الحجم	ID + 크기	ID + サイズ	ID + 大小	ID + आकार	ID + Ukuran	ID + Размер
Image Based	Image Based	Basado en imagen	حسب الصورة	이미지 기반	画像ベース	基于图像	छवि आधारित	Berbasis gambar	По изображению
Impacto	Impact	Impacto	صدمة	임팩트	インパクト	冲击	इम्पैक्ट	Hentakan	Удар
Inchar	Inflate	Inflar	انتفاخ	부풀리기	膨らむ	膨胀	फुलाना	Mengembang	Раздувание
Inchar e encolher	Inflate and shrink	Inflar y encoger	انتفاخ وانكماش	부풀리고 줄이기	膨らんで縮む	膨胀与收缩	फुलाना और सिकोड़ना	Mengembang dan mengecil	Раздувание и сжатие
Inclinacao	Skew	Inclinación	إمالة	기울이기	傾斜	倾斜	तिरछापन	Kemiringan	Наклон
Inclinação	Skew	Inclinación	إمالة	기울이기	傾斜	倾斜	तिरछापन	Kemiringan	Наклон
Inicio de B	Start of B	Inicio de B	بداية B	B의 시작	Bの開始	B 的开始	B की शुरुआत	Awal B	Начало B
Insere faixas digitais deslocadas. Blocos e altura controlam a cobertura; intervalo troca o padrão; cor reforça a corrupção.	Inserts shifted digital bands. Blocks and height control the coverage; interval changes the pattern; color reinforces the corruption.	Inserta franjas digitales desplazadas. Bloques y altura controlan la cobertura; intervalo cambia el patrón; color refuerza la corrupción.	يدرج أشرطة رقمية مزاحة. الكتل والارتفاع يتحكمان في التغطية؛ الفاصل يغيّر النمط؛ اللون يعزّز التشوّه.	어긋난 디지털 띠를 삽입합니다. 블록과 높이는 범위를 조절하고, 간격은 패턴을 바꾸며, 색상은 손상을 강조합니다.	ずれたデジタルの帯を挿入します。ブロックと高さは範囲を、間隔はパターンを変え、色は破損感を強めます。	插入错位的数字条带。区块和高度控制覆盖范围；间隔更换图案；颜色强化损坏感。	खिसकी हुई डिजिटल पट्टियाँ जोड़ता है। ब्लॉक और ऊँचाई कवरेज नियंत्रित करते हैं; अंतराल पैटर्न बदलता है; रंग विकृति को बढ़ाता है।	Menyisipkan pita digital yang bergeser. Blok dan tinggi mengatur cakupan; interval mengganti pola; warna mempertegas kerusakan.	Вставляет смещённые цифровые полосы. Блоки и высота задают охват; интервал меняет узор; цвет усиливает искажение.
Inside	Inside	Dentro	داخل	안쪽	内側	内部	अंदर	Di dalam	Внутри
Interior	Indoor	Interior	داخلي	실내	屋内	室内	इनडोर	Dalam ruangan	Интерьер
interpolação	interpolation	interpolación	الاستيفاء	보간	補間	插值	इंटरपोलेशन	interpolasi	интерполяция
Intersecao	Intersection	Intersección	تقاطع	교차	交差	交集	प्रतिच्छेदन	Perpotongan	Пересечение
Interseccao	Intersection	Intersección	تقاطع	교차	交差	交集	प्रतिच्छेदन	Perpotongan	Пересечение
Invert	Invert	Invertir	عكس	반전	反転	反转	इन्वर्ट	Balikkan	Инверсия
Inverte os canais RGB preservando a transparencia. Mistura controla a intensidade.	Inverts the RGB channels while preserving transparency. Mix controls the intensity.	Invierte los canales RGB conservando la transparencia. Mezcla controla la intensidad.	يعكس قنوات RGB مع الحفاظ على الشفافية. يتحكم المزج في الشدة.	투명도를 유지하면서 RGB 채널을 반전합니다. 혼합이 강도를 조절합니다.	透明度を保ったままRGBチャンネルを反転します。ミックスで強度を調整します。	反转RGB通道并保留透明度。混合控制强度。	पारदर्शिता बनाए रखते हुए RGB चैनल उलटता है। मिक्स तीव्रता नियंत्रित करता है।	Membalik kanal RGB sambil mempertahankan transparansi. Campuran mengatur intensitasnya.	Инвертирует каналы RGB, сохраняя прозрачность. Смешивание управляет интенсивностью.
Iris	Iris	Iris	قزحية	아이리스	アイリス	光圈	आइरिस	Iris	Диафрагма
Janela	Window	Ventana	نافذة	창	ウィンドウ	窗口	विंडो	Jendela	Окно
Jumpy	Jumpy	A saltos	متقطع	들썩임	跳ねる	跳动	उछलता	Melompat	Дёрганый
Kaleidoscope	Kaleidoscope	Caleidoscopio	مشكال	만화경	万華鏡	万花筒	कैलिडोस्कोप	Kaleidoskop	Калейдоскоп
Keying	Keying	Incrustación	عزل الخلفية	키잉	キーイング	抠像	कीइंग	Keying	Кеинг
Lagrima	Teardrop	Lágrima	دمعة	눈물방울	涙	泪滴	आँसू	Air mata	Слеза
Lamina	Blade	Hoja	نصل	칼날	刃	刀刃	ब्लेड	Bilah	Лезвие
Legenda no rodape, zoom no que esta sendo dito, ritmo calmo.	Captions at the bottom, zoom on what's being said, calm pace.	Subtítulos abajo, zoom en lo que se dice, ritmo tranquilo.	ترجمة في الأسفل، تكبير على ما يُقال، إيقاع هادئ.	하단 자막, 말하는 부분 확대, 차분한 리듬.	下部に字幕、話している部分にズーム、落ち着いたテンポ。	底部字幕，聚焦正在说的内容，节奏舒缓。	नीचे कैप्शन, जो कहा जा रहा है उस पर ज़ूम, शांत गति।	Teks di bawah, zoom pada yang sedang diucapkan, ritme tenang.	Субтитры внизу, зум на том, что говорится, спокойный ритм.
Legenda simples, sem zoom, audio normalizado.	Simple captions, no zoom, normalized audio.	Subtítulos simples, sin zoom, audio normalizado.	ترجمة بسيطة، بدون تكبير، صوت معدّل المستوى.	단순 자막, 확대 없음, 오디오 정규화.	シンプルな字幕、ズームなし、音声をノーマライズ。	简单字幕，无缩放，音频已标准化。	सरल कैप्शन, बिना ज़ूम, सामान्यीकृत ऑडियो।	Teks sederhana, tanpa zoom, audio dinormalisasi.	Простые субтитры, без зума, нормализованный звук.
Legendando	Captioning	Subtitulando	جارٍ إنشاء الترجمة	자막 생성 중	字幕を作成中	正在生成字幕	कैप्शन बना रहा है	Membuat teks	Создание субтитров
Lendo o vídeo...	Reading the video...	Leyendo el vídeo...	جارٍ قراءة الفيديو...	동영상 읽는 중...	動画を読み込み中...	正在读取视频...	वीडियो पढ़ रहा है...	Membaca video...	Чтение видео...
Lendo os videos	Reading the videos	Leyendo los vídeos	جارٍ قراءة مقاطع الفيديو	동영상 읽는 중	動画を読み込み中	正在读取视频	वीडियो पढ़ रहा है	Membaca video	Чтение видео
Lens	Lens	Lente	العدسة	렌즈	レンズ	镜头	लेंस	Lensa	Линза
Lente fixa	Fixed lens	Lente fija	عدسة ثابتة	고정 렌즈	固定レンズ	定焦镜头	फ़िक्स्ड लेंस	Lensa tetap	Фиксированный объектив
Letras	Letters	Letras	الحروف	글자	文字	字符	अक्षर	Huruf	Буквы
Letras (sem espaco)	Letters (no spaces)	Letras (sin espacios)	الحروف (بدون مسافات)	글자(공백 제외)	文字（スペース除く）	字符（不含空格）	अक्षर (बिना स्पेस)	Huruf (tanpa spasi)	Буквы (без пробелов)
Leve	Light	Suave	خفيف	약하게	弱	轻微	हल्का	Ringan	Лёгкий
Levels	Levels	Niveles	المستويات	레벨	レベル	色阶	लेवल्स	Level	Уровни
lift gamma gain	lift gamma gain	lift gamma gain	ليفت غاما غين	리프트 감마 게인	リフト ガンマ ゲイン	lift gamma gain	लिफ्ट गामा गेन	lift gamma gain	lift gamma gain
Ligada	On	Activada	مفعّلة	켜짐	オン	开启	चालू	Aktif	Вкл.
Light	Light	Luz	الضوء	조명	ライト	灯光	प्रकाश	Cahaya	Свет
Light Rays	Light Rays	Rayos de luz	أشعة الضوء	빛줄기	光線	光线	प्रकाश किरणें	Sinar cahaya	Лучи света
Ligue o Desenhar primeiro	Turn on Draw first	Activa Dibujar primero	فعّل الرسم أولاً	먼저 그리기를 켜세요	先に「描画」をオンにしてください	请先开启“绘制”	पहले 'बनाएँ' चालू करें	Aktifkan Gambar dulu	Сначала включите «Рисовать»
Ligue o traco primeiro	Turn on the stroke first	Activa el trazo primero	فعّل الحد أولاً	먼저 선을 켜세요	先に線をオンにしてください	请先开启描边	पहले स्ट्रोक चालू करें	Aktifkan goresan dulu	Сначала включите обводку
Lima	Lime	Lima	ليموني	라임	ライム	青柠	लाइम	Limau	Лайм
Limiar do realce	Highlight threshold	Umbral de resaltado	عتبة الإبراز	하이라이트 임계값	ハイライトのしきい値	高光阈值	हाइलाइट थ्रेशोल्ड	Ambang highlight	Порог бликов
Limita cada canal a um número de tons. Use 3–6 para pôsteres; valores maiores preservam mais gradações. Não é apenas contraste.	Limits each channel to a number of tones. Use 3–6 for posters; higher values keep more gradations. It's not just contrast.	Limita cada canal a un número de tonos. Usa 3–6 para pósteres; los valores más altos conservan más gradaciones. No es solo contraste.	يحدّ كل قناة بعدد من الدرجات اللونية. استخدم 3–6 للملصقات؛ القيم الأكبر تحافظ على تدرجات أكثر. ليس مجرد تباين.	각 채널을 정해진 수의 톤으로 제한합니다. 포스터에는 3–6을 사용하세요. 값이 클수록 더 많은 계조가 유지됩니다. 단순한 대비가 아닙니다.	各チャンネルの階調数を制限します。ポスター風には3–6を使用。値を大きくするとより多くの階調が残ります。単なるコントラストではありません。	将每个通道限制为一定数量的色调。海报效果用3–6；数值越大保留的层次越多。这不只是对比度。	हर चैनल को सीमित संख्या के टोन तक सीमित करता है। पोस्टर के लिए 3–6 उपयोग करें; बड़े मान अधिक ग्रेडेशन बनाए रखते हैं। यह सिर्फ़ कंट्रास्ट नहीं है।	Membatasi tiap kanal ke sejumlah nada warna. Gunakan 3–6 untuk poster; nilai lebih besar mempertahankan lebih banyak gradasi. Bukan sekadar kontras.	Ограничивает каждый канал заданным числом тонов. Для постеров используйте 3–6; большие значения сохраняют больше градаций. Это не просто контраст.
Limpo	Clean	Limpio	نظيف	클린	クリーン	简洁	साफ़	Bersih	Чистый
Linear Burn	Linear Burn	Subexposición lineal	حرق خطي	선형 번	焼き込み（リニア）	线性加深	लीनियर बर्न	Linear Burn	Линейный затемнитель
Linear Light	Linear Light	Luz lineal	ضوء خطي	선형 라이트	リニアライト	线性光	लीनियर लाइट	Linear Light	Линейный свет
Linha	Line	Línea	خط	선	直線	直线	रेखा	Garis	Линия
Linhas	Lines	Líneas	أسطر	줄	行	行	पंक्तियाँ	Baris	Строки
Lista All iCloud	All iCloud list	Lista All iCloud	قائمة All iCloud	All iCloud 목록	All iCloudリスト	All iCloud 列表	All iCloud सूची	Daftar All iCloud	Список All iCloud
Livre 1	Free 1	Libre 1	حر 1	자유 1	自由 1	自由 1	मुक्त 1	Bebas 1	Свободно 1
Livre 2	Free 2	Libre 2	حر 2	자유 2	自由 2	自由 2	मुक्त 2	Bebas 2	Свободно 2
Lock	Lock	Bloquear	قفل	잠금	ロック	锁定	लॉक	Kunci	Заблокировать
Look de vidro com refração, luz e bordas. Ajuste diretamente os parâmetros de refração e iluminação; o resultado depende do conteúdo disponível atrás da camada.	Glass look with refraction, light and edges. Adjust the refraction and lighting parameters directly; the result depends on the content available behind the layer.	Aspecto de vidrio con refracción, luz y bordes. Ajusta directamente los parámetros de refracción e iluminación; el resultado depende del contenido disponible detrás de la capa.	مظهر زجاجي مع انكسار وإضاءة وحواف. اضبط معاملات الانكسار والإضاءة مباشرة؛ تعتمد النتيجة على المحتوى الموجود خلف الطبقة.	굴절, 빛, 가장자리가 있는 유리 룩입니다. 굴절과 조명 매개변수를 직접 조절하세요. 결과는 레이어 뒤에 있는 콘텐츠에 따라 달라집니다.	屈折・光・エッジのあるガラス風のルックです。屈折とライティングのパラメーターを直接調整してください。結果はレイヤーの背後にあるコンテンツによって変わります。	带折射、光照和边缘的玻璃外观。直接调整折射和光照参数；效果取决于图层后方可用的内容。	अपवर्तन, प्रकाश और किनारों वाला काँच जैसा लुक। अपवर्तन और प्रकाश के पैरामीटर सीधे समायोजित करें; परिणाम लेयर के पीछे उपलब्ध सामग्री पर निर्भर करता है।	Tampilan kaca dengan refraksi, cahaya, dan tepi. Atur langsung parameter refraksi dan pencahayaan; hasilnya bergantung pada konten yang ada di belakang lapisan.	Стеклянный вид с преломлением, светом и краями. Настраивайте параметры преломления и освещения напрямую; результат зависит от содержимого позади слоя.
Luma Key	Luma Key	Luma Key	لوما كي	루마 키	ルマキー	亮度键	लूमा की	Luma Key	Люма-кей
Luminance	Luminance	Luminancia	النصوع	휘도	輝度	亮度	ल्यूमिनेंस	Luminansi	Яркость
Luz Ambiente	Ambient Light	Luz Ambiental	إضاءة محيطة	환경광	環境光	环境光	परिवेश प्रकाश	Cahaya Ambien	Окружающий свет
Luz de ponto	Point light	Luz puntual	ضوء نقطي	점광원	点光源	点光源	बिंदु प्रकाश	Cahaya titik	Точечный свет
Luz direcional	Directional light	Luz direccional	ضوء اتجاهي	방향광	平行光源	平行光	दिशात्मक प्रकाश	Cahaya arah	Направленный свет
Luz Direcional	Directional Light	Luz Direccional	ضوء اتجاهي	방향광	平行光源	平行光	दिशात्मक प्रकाश	Cahaya Arah	Направленный свет
Luz Pontual	Point Light	Luz Puntual	ضوء نقطي	점광원	点光源	点光源	बिंदु प्रकाश	Cahaya Titik	Точечный свет
Luz spot	Spot light	Luz focal	ضوء موجّه	스포트라이트	スポットライト	聚光灯	स्पॉट लाइट	Cahaya sorot	Прожектор
Luz Spot	Spot Light	Luz Focal	ضوء موجّه	스포트라이트	スポットライト	聚光灯	स्पॉट लाइट	Cahaya Sorot	Прожектор
M1 · player	M1 · player	M1 · reproductor	M1 · المشغّل	M1 · 플레이어	M1 · プレーヤー	M1 · 播放器	M1 · प्लेयर	M1 · pemutar	M1 · плеер
M2 · player+grafismos	M2 · player+graphics	M2 · reproductor+gráficos	M2 · المشغّل+الرسوميات	M2 · 플레이어+그래픽	M2 · プレーヤー+グラフィック	M2 · 播放器+图形	M2 · प्लेयर+ग्राफ़िक्स	M2 · pemutar+grafis	M2 · плеер+графика
M3 · GL direto	M3 · direct GL	M3 · GL directo	M3 · GL مباشر	M3 · 직접 GL	M3 · 直接GL	M3 · 直接 GL	M3 · सीधा GL	M3 · GL langsung	M3 · прямой GL
M4 · compositor	M4 · compositor	M4 · compositor	M4 · المُركّب	M4 · 컴포지터	M4 · コンポジター	M4 · 合成器	M4 · कंपोज़िटर	M4 · kompositor	M4 · композитор
Madeira	Wood	Madera	خشب	나무	木材	木材	लकड़ी	Kayu	Дерево
Mais quadros e mais pontos. Demora, e gruda.	More frames and more points. Takes longer, but it sticks.	Más fotogramas y más puntos. Tarda más, pero se pega.	إطارات أكثر ونقاط أكثر. يستغرق وقتاً أطول، لكنه يثبت.	더 많은 프레임과 더 많은 점. 오래 걸리지만 잘 달라붙습니다.	フレームもポイントも増やします。時間はかかりますが、しっかり追従します。	更多帧和更多点。耗时更长，但贴得更牢。	ज़्यादा फ़्रेम और ज़्यादा बिंदु। समय लगता है, पर मज़बूती से चिपकता है।	Lebih banyak frame dan lebih banyak titik. Lebih lama, tapi menempel kuat.	Больше кадров и больше точек. Дольше, зато держится крепко.
Manter	Hold	Mantener	تثبيت	홀드	ホールド	保持	होल्ड	Tahan	Удержание
Mao	Hand	Mano	يد	손	手	手	हाथ	Tangan	Рука
MAO ENTERRADA · 15 s	MAO ENTERRADA · 15 s	MAO ENTERRADA · 15 s	MAO ENTERRADA · 15 s	MAO ENTERRADA · 15 s	MAO ENTERRADA · 15 s	MAO ENTERRADA · 15 s	MAO ENTERRADA · 15 s	MAO ENTERRADA · 15 s	MAO ENTERRADA · 15 s
Maquina de escrever	Typewriter	Máquina de escribir	آلة كاتبة	타자기	タイプライター	打字机	टाइपराइटर	Mesin tik	Печатная машинка
Math	Math	Math	Math	Math	Math	Math	Math	Math	Math
Matiz	Hue	Tono	درجة اللون	색조	色相	色相	ह्यू	Hue	Оттенок
Maxima	Maximum	Máxima	قصوى	최대	最大	最高	अधिकतम	Maksimum	Максимальная
Media	Medium	Media	متوسطة	중간	中	中等	मध्यम	Sedang	Средняя
Medio	Medium	Medio	متوسط	중간	中	中等	मध्यम	Sedang	Средний
Menu de contexto	Context menu	Menú contextual	قائمة السياق	컨텍스트 메뉴	コンテキストメニュー	上下文菜单	कॉन्टेक्स्ट मेनू	Menu konteks	Контекстное меню
Mesclagem e opacidade	Blending and opacity	Fusión y opacidad	المزج والعتامة	혼합 및 불투명도	ブレンドと不透明度	混合与不透明度	ब्लेंडिंग और अपारदर्शिता	Pencampuran dan opasitas	Наложение и непрозрачность
Mesclar	Blend	Fusionar	مزج	혼합	ブレンド	混合	ब्लेंड	Campur	Смешивание
Metal escovado	Brushed metal	Metal cepillado	معدن مصقول بالفرشاة	브러시드 메탈	ブラッシュドメタル	拉丝金属	ब्रश्ड मेटल	Logam sikat	Шлифованный металл
Metal polido	Polished metal	Metal pulido	معدن مصقول	광택 금속	光沢金属	抛光金属	पॉलिश्ड मेटल	Logam poles	Полированный металл
Miolo	Core	Núcleo	النواة	코어	コア	核心	कोर	Inti	Ядро
Miolo do cubo	Cube core	Núcleo del cubo	نواة المكعب	큐브 코어	キューブのコア	立方体核心	क्यूब कोर	Inti kubus	Ядро куба
Modelagem tonal simplificada: contraste em S, brilho, sombras e altas. Não é o editor de curva livre ponto a ponto do After Effects.	Simplified tonal shaping: S-curve contrast, brightness, shadows and highlights. It's not After Effects' free point-by-point curve editor.	Modelado tonal simplificado: contraste en S, brillo, sombras y altas luces. No es el editor de curva libre punto a punto de After Effects.	تشكيل درجات لونية مبسّط: تباين على شكل S، سطوع، ظلال وإضاءات عالية. ليس محرر المنحنى الحر نقطة بنقطة كما في After Effects.	단순화된 톤 조정: S자 대비, 밝기, 그림자, 하이라이트. After Effects의 점 단위 자유 곡선 편집기가 아닙니다.	簡略化したトーン調整：Sカーブのコントラスト、明るさ、シャドウ、ハイライト。After Effectsのようなポイント単位の自由なカーブエディターではありません。	简化的影调塑造：S形对比度、亮度、阴影和高光。这不是After Effects那种逐点自由曲线编辑器。	सरलीकृत टोनल आकार: S-कर्व कंट्रास्ट, चमक, छाया और हाइलाइट। यह After Effects का बिंदु-दर-बिंदु मुक्त कर्व संपादक नहीं है।	Pembentukan tonal yang disederhanakan: kontras kurva S, kecerahan, bayangan, dan sorotan. Ini bukan editor kurva bebas titik demi titik seperti di After Effects.	Упрощённая тональная коррекция: S-образный контраст, яркость, тени и света. Это не свободный поточечный редактор кривых, как в After Effects.
Modula brilho ou opacidade. Escolha aleatório, strobe ou senoide; frequência controla a repetição. Evite flashes intensos ou rápidos em conteúdo para o público.	Modulates brightness or opacity. Choose random, strobe or sine; frequency controls the repetition. Avoid intense or rapid flashes in content meant for an audience.	Modula el brillo o la opacidad. Elige aleatorio, estroboscópico o senoidal; la frecuencia controla la repetición. Evita destellos intensos o rápidos en contenido para el público.	يعدّل السطوع أو العتامة. اختر عشوائي أو ستروب أو جيبي؛ يتحكم التردد في التكرار. تجنّب الومضات الشديدة أو السريعة في المحتوى الموجّه للجمهور.	밝기 또는 불투명도를 변조합니다. 무작위, 스트로브, 사인파 중 선택하세요. 주파수가 반복을 조절합니다. 대중에게 공개하는 콘텐츠에서는 강하거나 빠른 섬광을 피하세요.	明るさまたは不透明度を変調します。ランダム・ストロボ・サイン波から選択。周波数で繰り返しを調整します。公開向けコンテンツでは強い点滅や速い点滅は避けてください。	调制亮度或不透明度。可选随机、频闪或正弦；频率控制重复速度。面向公众的内容请避免强烈或快速的闪烁。	चमक या अपारदर्शिता को मॉड्यूलेट करता है। रैंडम, स्ट्रोब या साइन चुनें; फ़्रीक्वेंसी दोहराव नियंत्रित करती है। दर्शकों के लिए बनी सामग्री में तेज़ या तीव्र फ़्लैश से बचें।	Memodulasi kecerahan atau opasitas. Pilih acak, strobo, atau sinus; frekuensi mengatur pengulangan. Hindari kilatan yang kuat atau cepat pada konten untuk publik.	Модулирует яркость или непрозрачность. Выберите случайный режим, строб или синусоиду; частота управляет повторением. Избегайте сильных или быстрых вспышек в контенте для зрителей.
MONOLITO · cena 3D editavel	MONOLITO · editable 3D scene	MONOLITO · escena 3D editable	MONOLITO · مشهد ثلاثي الأبعاد قابل للتعديل	MONOLITO · 편집 가능한 3D 장면	MONOLITO · 編集可能な3Dシーン	MONOLITO · 可编辑3D场景	MONOLITO · संपादन योग्य 3D दृश्य	MONOLITO · adegan 3D yang bisa diedit	MONOLITO · редактируемая 3D-сцена
Montagem	Montage	Montaje	مونتاج	몽타주	モンタージュ	蒙太奇	मोंटाज	Montase	Монтаж
Motion	Motion	Movimiento	الحركة	모션	モーション	运动	गति	Gerakan	Движение
Motion Tile	Motion Tile	Mosaico de movimiento	تبليط متحرك	모션 타일	モーションタイル	动态拼贴	मोशन टाइल	Motion Tile	Мозаика движения
motion trail	motion trail	estela de movimiento	أثر الحركة	모션 트레일	モーショントレイル	运动拖尾	मोशन ट्रेल	jejak gerak	шлейф движения
Movimento	Motion	Movimiento	الحركة	모션	モーション	运动	गति	Gerakan	Движение
Movimento procedural de câmera/camada. Ajuste amplitude e frequência por eixo; mantenha a semente para repetir o mesmo movimento na exportação.	Procedural camera/layer motion. Adjust amplitude and frequency per axis; keep the seed to repeat the same motion on export.	Movimiento procedural de cámara/capa. Ajusta la amplitud y la frecuencia por eje; mantén la semilla para repetir el mismo movimiento al exportar.	حركة إجرائية للكاميرا/الطبقة. اضبط السعة والتردد لكل محور؛ احتفظ بالبذرة لتكرار الحركة نفسها عند التصدير.	절차적 카메라/레이어 움직임입니다. 축별로 진폭과 주파수를 조절하세요. 내보내기에서 같은 움직임을 재현하려면 시드를 유지하세요.	カメラ／レイヤーのプロシージャルな動きです。軸ごとに振幅と周波数を調整。書き出しで同じ動きを再現するにはシードを維持してください。	程序化的摄像机/图层运动。按轴调整振幅和频率；保持种子不变即可在导出时重现相同的运动。	प्रक्रियात्मक कैमरा/लेयर गति। हर अक्ष पर आयाम और फ़्रीक्वेंसी समायोजित करें; निर्यात में वही गति दोहराने के लिए सीड बनाए रखें।	Gerakan prosedural kamera/lapisan. Atur amplitudo dan frekuensi per sumbu; pertahankan seed untuk mengulang gerakan yang sama saat ekspor.	Процедурное движение камеры/слоя. Настройте амплитуду и частоту по осям; сохраните значение seed, чтобы повторить то же движение при экспорте.
Muda o instante de origem da camada. Use para acelerar, desacelerar ou deslocar o conteúdo; não altera sozinho a posição espacial.	Changes the layer's origin time. Use it to speed up, slow down or offset the content; on its own it doesn't change the spatial position.	Cambia el instante de origen de la capa. Úsalo para acelerar, ralentizar o desplazar el contenido; por sí solo no altera la posición espacial.	يغيّر لحظة بداية الطبقة. استخدمه لتسريع المحتوى أو إبطائه أو إزاحته؛ لا يغيّر الموضع المكاني بمفرده.	레이어의 기준 시점을 바꿉니다. 콘텐츠를 빠르게, 느리게 또는 이동하는 데 사용하세요. 이것만으로는 공간상의 위치가 바뀌지 않습니다.	レイヤーの基準時刻を変更します。コンテンツの加速・減速・ずらしに使用。これだけでは空間上の位置は変わりません。	改变图层的起始时刻。用于加速、减速或平移内容；它本身不会改变空间位置。	लेयर का मूल समय बदलता है। सामग्री को तेज़, धीमा या खिसकाने के लिए उपयोग करें; यह अकेले स्थानिक स्थिति नहीं बदलता।	Mengubah titik waktu asal lapisan. Gunakan untuk mempercepat, memperlambat, atau menggeser konten; ini sendiri tidak mengubah posisi spasial.	Меняет начальный момент слоя. Используйте, чтобы ускорить, замедлить или сдвинуть содержимое; сам по себе он не меняет положение в пространстве.
Multiplas luzes + sombras	Multiple lights + shadows	Múltiples luces + sombras	أضواء متعددة + ظلال	다중 조명 + 그림자	複数ライト + シャドウ	多光源 + 阴影	कई प्रकाश + छाया	Banyak cahaya + bayangan	Несколько источников света + тени
Multiplicar	Multiply	Multiplicar	مضاعفة	곱하기	乗算	正片叠底	मल्टीप्लाई	Multiply	Умножение
na mao	manual	manual	يدوي	수동	手動	手动	मैन्युअल	manual	вручную
Nada alem de legendar. O video fica intacto.	Nothing but captions. The video stays untouched.	Solo subtítulos. El vídeo queda intacto.	لا شيء سوى الترجمة. يبقى الفيديو كما هو.	자막만 넣습니다. 동영상은 그대로 유지됩니다.	字幕を付けるだけ。動画はそのままです。	只加字幕。视频保持原样。	सिर्फ़ कैप्शन। वीडियो जस का तस रहता है।	Hanya teks. Videonya tetap utuh.	Только субтитры. Видео остаётся нетронутым.
nada marcado	nothing marked	nada marcado	لا شيء معلّم	표시 없음	マークなし	无标记	कुछ चिह्नित नहीं	tidak ada yang ditandai	ничего не отмечено
Nada para cravar aqui	Nothing to keyframe here	Nada que animar aquí	لا يوجد ما يمكن تثبيته بإطار مفتاحي هنا	여기엔 키프레임을 찍을 항목이 없습니다	ここにはキーフレームを打てる項目がありません	这里没有可打关键帧的内容	यहाँ कीफ़्रेम लगाने के लिए कुछ नहीं	Tidak ada yang bisa diberi keyframe di sini	Здесь нет параметров для ключевых кадров
Nao	No	No	لا	아니요	いいえ	否	नहीं	Tidak	Нет
Nao achei pausa longa o bastante	Couldn't find a long enough pause	No encontré una pausa lo bastante larga	لم أجد وقفة طويلة بما يكفي	충분히 긴 멈춤을 찾지 못했습니다	十分に長い間を見つけられませんでした	没有找到足够长的停顿	पर्याप्त लंबा विराम नहीं मिला	Tidak menemukan jeda yang cukup panjang	Не удалось найти достаточно длинную паузу
Nao deu para salvar na galeria. O arquivo esta na pasta abaixo	Couldn't save to the gallery. The file is in the folder below	No se pudo guardar en la galería. El archivo está en la carpeta de abajo	تعذّر الحفظ في المعرض. الملف موجود في المجلد أدناه	갤러리에 저장하지 못했습니다. 파일은 아래 폴더에 있습니다	ギャラリーに保存できませんでした。ファイルは下のフォルダにあります	无法保存到相册。文件位于下方的文件夹中	गैलरी में सहेज नहीं सका। फ़ाइल नीचे दिए फ़ोल्डर में है	Tidak bisa menyimpan ke galeri. Berkas ada di folder di bawah	Не удалось сохранить в галерею. Файл лежит в папке ниже
Nearest	Nearest	Más cercano	الأقرب	최근접	最近傍	最近	निकटतम	Terdekat	Ближайший
Nenhuma mídia nesta seleção.	No media in this selection.	No hay contenido multimedia en esta selección.	لا توجد وسائط في هذا التحديد.	이 선택 항목에 미디어가 없습니다.	この選択範囲にはメディアがありません。	此选择中没有媒体。	इस चयन में कोई मीडिया नहीं है।	Tidak ada media dalam pilihan ini.	В этом выборе нет медиа.
Nenhuma mídia neste álbum.	No media in this album.	No hay contenido multimedia en este álbum.	لا توجد وسائط في هذا الألبوم.	이 앨범에 미디어가 없습니다.	このアルバムにはメディアがありません。	此相册中没有媒体。	इस एल्बम में कोई मीडिया नहीं है।	Tidak ada media dalam album ini.	В этом альбоме нет медиа.
Neon	Neon	Neón	نيون	네온	ネオン	霓虹	नियॉन	Neon	Неон
Nervous	Nervous	Nervioso	متوتر	떨림	神経質	紧张	बेचैन	Gugup	Нервный
New	New	Nuevo	جديد	새로운	新規	新建	नया	Baru	Новая
No aparelho	On device	En el dispositivo	على الجهاز	기기에서	端末内	设备本地	डिवाइस पर	Di perangkat	На устройстве
Noite	Night	Noche	ليل	밤	夜	夜晚	रात	Malam	Ночь
None	None	Ninguno	بدون	없음	なし	无	कोई नहीं	Tidak ada	Нет
Notes (modelo)	Notes (template)	Notes (plantilla)	Notes (قالب)	Notes (템플릿)	Notes (テンプレート)	Notes (模板)	Notes (टेम्पलेट)	Notes (templat)	Notes (шаблон)
Nova ferramenta	New tool	Nueva herramienta	أداة جديدة	새 도구	新しいツール	新工具	नया टूल	Alat baru	Новый инструмент
Nove cenas pesadas, com relatorio para enviar	Nine heavy scenes, with a report to send	Nueve escenas pesadas, con informe para enviar	تسعة مشاهد ثقيلة، مع تقرير للإرسال	무거운 장면 9개, 보낼 보고서 포함	重いシーン9つ、送信用レポート付き	九个高负载场景，附可发送的报告	नौ भारी दृश्य, भेजने के लिए रिपोर्ट सहित	Sembilan adegan berat, dengan laporan untuk dikirim	Девять тяжёлых сцен с отчётом для отправки
Novo efeito	New effect	Nuevo efecto	تأثير جديد	새 효과	新しいエフェクト	新效果	नया इफ़ेक्ट	Efek baru	Новый эффект
Nuvem	Cloud	Nube	سحابة	클라우드	クラウド	云	क्लाउड	Cloud	Облако
Não consegui falar com o mural agora. O post ficou	Couldn't reach the board right now. The post was	No pude comunicarme con el muro ahora. La publicación quedó	تعذر الاتصال باللوحة الآن. المنشور بقي	지금은 게시판에 연결할 수 없습니다. 게시물은	今は掲示板に接続できませんでした。投稿は	现在无法连接到社区墙。帖子	अभी बोर्ड से संपर्क नहीं हो सका। पोस्ट	Tidak dapat menghubungi papan sekarang. Postingan	Сейчас не удалось связаться с доской. Пост
Não foi possível preparar a prévia. Toque para tentar novamente.	Couldn't prepare the preview. Tap to try again.	No se pudo preparar la vista previa. Toca para intentarlo de nuevo.	تعذر تجهيز المعاينة. انقر للمحاولة مرة أخرى.	미리보기를 준비할 수 없습니다. 탭하여 다시 시도하세요.	プレビューを準備できませんでした。タップしてもう一度お試しください。	无法准备预览。点按以重试。	पूर्वावलोकन तैयार नहीं हो सका। फिर कोशिश करने के लिए टैप करें।	Tidak dapat menyiapkan pratinjau. Ketuk untuk mencoba lagi.	Не удалось подготовить предпросмотр. Нажмите, чтобы повторить.
O claro	Light areas	Lo claro	المناطق الفاتحة	밝은 부분	明るい部分	亮部	हल्के हिस्से	Bagian terang	Светлое
O escuro	Dark areas	Lo oscuro	المناطق الداكنة	어두운 부분	暗い部分	暗部	गहरे हिस्से	Bagian gelap	Тёмное
O mural não devolveu o endereço da mídia.	The board didn't return the media address.	El muro no devolvió la dirección del archivo multimedia.	لم تُرجع اللوحة عنوان الوسائط.	게시판이 미디어 주소를 반환하지 않았습니다.	掲示板がメディアのアドレスを返しませんでした。	社区墙未返回媒体地址。	बोर्ड ने मीडिया का पता नहीं लौटाया।	Papan tidak mengembalikan alamat media.	Доска не вернула адрес медиафайла.
O padrão: bom resultado sem esperar demais.	The default: good results without waiting too long.	El predeterminado: buen resultado sin esperar demasiado.	الافتراضي: نتيجة جيدة دون انتظار طويل.	기본값: 오래 기다리지 않고 좋은 결과.	標準：待ちすぎずに良い結果。	默认：效果好，无需久等。	डिफ़ॉल्ट: ज़्यादा इंतज़ार किए बिना अच्छा नतीजा।	Bawaan: hasil bagus tanpa menunggu terlalu lama.	По умолчанию: хороший результат без долгого ожидания.
O planeta	The planet	El planeta	الكوكب	행성	惑星	行星	ग्रह	Planet	Планета
O que demorou, medido pelo proprio aparelho	What took time, measured by the device itself	Lo que tardó, medido por el propio dispositivo	ما استغرق وقتًا، بقياس الجهاز نفسه	기기가 직접 측정한 소요 시간	時間がかかった箇所、端末自身で計測	耗时的部分，由设备自行测量	किसमें समय लगा, डिवाइस ने खुद मापा	Yang memakan waktu, diukur oleh perangkat itu sendiri	Что заняло время, по замерам самого устройства
Octaedro	Octahedron	Octaedro	ثماني الأوجه	정팔면체	八面体	八面体	अष्टफलक	Oktahedron	Октаэдр
Octogono	Octagon	Octógono	مثمّن	팔각형	八角形	八边形	अष्टभुज	Oktagon	Восьмиугольник
Off	Off	Desactivado	إيقاف	끄기	オフ	关	बंद	Nonaktif	Выкл.
Offset	Offset	Desplazamiento	الإزاحة	오프셋	オフセット	偏移	ऑफ़सेट	Offset	Смещение
Olho	Eye	Ojo	عين	눈	目	眼睛	आँख	Mata	Глаз
olho de peixe	fisheye	ojo de pez	عين السمكة	어안	魚眼	鱼眼	फ़िशआई	mata ikan	рыбий глаз
Onda	Wave	Onda	موجة	웨이브	ウェーブ	波浪	वेव	Gelombang	Волна
Ondula a imagem. Anime a fase para movimento continuo; amplitude, frequencia e eixo Y controlam a forma.	Ripples the image. Animate the phase for continuous motion; amplitude, frequency and Y axis control the shape.	Ondula la imagen. Anima la fase para un movimiento continuo; la amplitud, la frecuencia y el eje Y controlan la forma.	يموّج الصورة. حرّك الطور للحصول على حركة مستمرة؛ السعة والتردد والمحور Y تتحكم في الشكل.	이미지에 물결을 만듭니다. 위상을 애니메이션하면 계속 움직입니다. 진폭, 주파수, Y축이 모양을 조절합니다.	画像を波打たせます。位相をアニメーション化すると連続的に動きます。振幅、周波数、Y軸で形を調整します。	使图像产生波纹。为相位添加动画可持续运动；振幅、频率和 Y 轴控制形状。	छवि में लहरें बनाता है। लगातार गति के लिए फ़ेज़ को एनिमेट करें; एम्प्लिट्यूड, फ़्रीक्वेंसी और Y अक्ष आकार नियंत्रित करते हैं।	Membuat gambar bergelombang. Animasikan fase untuk gerakan berkelanjutan; amplitudo, frekuensi, dan sumbu Y mengatur bentuknya.	Создаёт волны на изображении. Анимируйте фазу для непрерывного движения; амплитуда, частота и ось Y задают форму.
Only	Only	Solo	فقط	단독	のみ	仅	केवल	Hanya	Только
Operador	Operator	Operador	عامل	연산자	オペレーター	运算符	ऑपरेटर	Operator	Оператор
Optical Flow	Optical Flow	Flujo óptico	التدفق البصري	옵티컬 플로우	オプティカルフロー	光流	ऑप्टिकल फ़्लो	Optical Flow	Оптический поток
Orbita	Orbit	Órbita	مدار	궤도	軌道	轨道	कक्षा	Orbit	Орбита
Ordena pixels selecionados por limiar. Escolha direção, comprimento e critério; Show ajuda a inspecionar a máscara. É um efeito pesado: teste em baixa resolução.	Sorts pixels selected by threshold. Choose direction, length and criterion; Show helps inspect the mask. It's a heavy effect: test at low resolution.	Ordena los píxeles seleccionados por umbral. Elige dirección, longitud y criterio; Show ayuda a inspeccionar la máscara. Es un efecto pesado: pruébalo en baja resolución.	يرتّب البكسلات المحددة حسب العتبة. اختر الاتجاه والطول والمعيار؛ يساعد Show على فحص القناع. إنه تأثير ثقيل: جرّبه بدقة منخفضة.	임계값으로 선택된 픽셀을 정렬합니다. 방향, 길이, 기준을 선택하세요. Show는 마스크를 확인하는 데 도움이 됩니다. 무거운 효과이므로 낮은 해상도에서 테스트하세요.	しきい値で選択したピクセルを並べ替えます。方向、長さ、基準を選択します。Showでマスクを確認できます。重いエフェクトなので、低解像度でテストしてください。	按阈值对选中的像素进行排序。选择方向、长度和判定标准；Show 有助于检查蒙版。这是高负载效果，请在低分辨率下测试。	थ्रेशोल्ड से चुने गए पिक्सेल को क्रमबद्ध करता है। दिशा, लंबाई और मानदंड चुनें; Show मास्क जाँचने में मदद करता है। यह भारी इफ़ेक्ट है: कम रिज़ॉल्यूशन पर परखें।	Mengurutkan piksel yang dipilih berdasarkan ambang. Pilih arah, panjang, dan kriteria; Show membantu memeriksa masker. Ini efek berat: uji pada resolusi rendah.	Сортирует пиксели, выбранные по порогу. Выберите направление, длину и критерий; Show помогает проверить маску. Это тяжёлый эффект: тестируйте в низком разрешении.
Orientacao X	Orientation X	Orientación X	الاتجاه X	방향 X	方向 X	方向 X	ओरिएंटेशन X	Orientasi X	Ориентация X
Orientacao Y	Orientation Y	Orientación Y	الاتجاه Y	방향 Y	方向 Y	方向 Y	ओरिएंटेशन Y	Orientasi Y	Ориентация Y
Orientacao Z	Orientation Z	Orientación Z	الاتجاه Z	방향 Z	方向 Z	方向 Z	ओरिएंटेशन Z	Orientasi Z	Ориентация Z
Original	Original	Original	الأصلي	원본	オリジナル	原始	मूल	Asli	Оригинал
Os cem objetos sobre um video de 720p.	The hundred objects over a 720p video.	Los cien objetos sobre un vídeo de 720p.	المئة كائن فوق فيديو بدقة 720p.	720p 동영상 위의 오브젝트 100개.	720pの動画の上に100個のオブジェクト。	720p 视频上的一百个对象。	720p वीडियो के ऊपर सौ ऑब्जेक्ट।	Seratus objek di atas video 720p.	Сто объектов поверх видео 720p.
Os keyframes dos pontos ficam no Edit Points	The point keyframes live in Edit Points	Los fotogramas clave de los puntos están en Edit Points	الإطارات المفتاحية للنقاط موجودة في Edit Points	점의 키프레임은 Edit Points에 있습니다	ポイントのキーフレームはEdit Pointsにあります	点的关键帧位于 Edit Points 中	बिंदुओं के कीफ़्रेम Edit Points में होते हैं	Keyframe titik ada di Edit Points	Ключевые кадры точек находятся в Edit Points
Oscila a camada numa direcao. Amplitude define a distancia; frequencia define ciclos por segundo. Ajuste fase e forma de onda para sincronizar o movimento. Os parametros aceitam keyframes.	Oscillates the layer in one direction. Amplitude sets the distance; frequency sets cycles per second. Adjust phase and waveform to sync the motion. The parameters accept keyframes.	Oscila la capa en una dirección. La amplitud define la distancia; la frecuencia define los ciclos por segundo. Ajusta la fase y la forma de onda para sincronizar el movimiento. Los parámetros aceptan fotogramas clave.	يهزّ الطبقة في اتجاه واحد. السعة تحدد المسافة؛ والتردد يحدد عدد الدورات في الثانية. اضبط الطور وشكل الموجة لمزامنة الحركة. تقبل المعاملات الإطارات المفتاحية.	레이어를 한 방향으로 진동시킵니다. 진폭은 거리를, 주파수는 초당 주기 수를 정합니다. 위상과 파형을 조절해 움직임을 맞추세요. 매개변수에 키프레임을 사용할 수 있습니다.	レイヤーを一方向に振動させます。振幅は距離を、周波数は毎秒の周期数を決めます。位相と波形を調整して動きを同期させます。パラメーターはキーフレームに対応しています。	使图层沿一个方向振荡。振幅决定距离；频率决定每秒周期数。调整相位和波形以同步运动。参数支持关键帧。	लेयर को एक दिशा में दोलित करता है। एम्प्लिट्यूड दूरी तय करता है; फ़्रीक्वेंसी प्रति सेकंड चक्र तय करती है। गति सिंक करने के लिए फ़ेज़ और वेवफ़ॉर्म समायोजित करें। पैरामीटर कीफ़्रेम स्वीकार करते हैं।	Mengayunkan lapisan ke satu arah. Amplitudo menentukan jarak; frekuensi menentukan siklus per detik. Sesuaikan fase dan bentuk gelombang untuk menyinkronkan gerakan. Parameter menerima keyframe.	Колеблет слой в одном направлении. Амплитуда задаёт расстояние; частота — число циклов в секунду. Настройте фазу и форму волны, чтобы синхронизировать движение. Параметры поддерживают ключевые кадры.
Oscilar	Oscillate	Oscilar	تذبذب	진동	振動	振荡	दोलन	Osilasi	Колебание
Ouro	Gold	Oro	ذهب	골드	ゴールド	黄金	सोना	Emas	Золото
Outro	Other	Otro	أخرى	기타	その他	其他	अन्य	Lainnya	Другое
Overlay de fogo	Fire overlay	Superposición de fuego	طبقة نار	불 오버레이	炎のオーバーレイ	火焰叠加	आग का ओवरले	Overlay api	Огненный оверлей
Palavra deslizando	Word slide	Palabra deslizante	انزلاق الكلمات	단어 슬라이드	単語スライド	单词滑动	शब्द स्लाइड	Kata meluncur	Скольжение слов
Palavra por palavra	Word by word	Palabra por palabra	كلمة بكلمة	단어별	単語ごと	逐词	शब्द दर शब्द	Kata per kata	Слово за словом
Palavras	Words	Palabras	كلمات	단어	単語	单词	शब्द	Kata	Слова
Papel	Paper	Papel	ورق	종이	紙	纸张	कागज़	Kertas	Бумага
Para cores erradas no preview em alguns aparelhos	For wrong colors in the preview on some devices	Para colores incorrectos en la vista previa en algunos dispositivos	لألوان خاطئة في المعاينة على بعض الأجهزة	일부 기기에서 미리보기 색상이 잘못 보일 때	一部の端末でプレビューの色がおかしいときに	用于部分设备预览颜色错误的情况	कुछ डिवाइस पर पूर्वावलोकन में रंग गलत दिखने पर	Untuk warna yang salah di pratinjau pada beberapa perangkat	Если на некоторых устройствах в предпросмотре неверные цвета
Para fora	Outward	Hacia fuera	إلى الخارج	바깥쪽	外向き	向外	बाहर की ओर	Ke luar	Наружу
Para o alvo	Toward target	Hacia el objetivo	نحو الهدف	대상 쪽으로	ターゲットへ	朝向目标	लक्ष्य की ओर	Ke target	К цели
Parado	Stopped	Detenido	متوقف	정지	停止	停止	रुका हुआ	Berhenti	Остановлено
Parede	Wall	Pared	جدار	벽	壁	墙	दीवार	Dinding	Стена
Passa-alta	High-pass	Paso alto	تمرير عالٍ	하이패스	ハイパス	高通	हाई-पास	High-pass	Фильтр высоких частот
Passa-baixa	Low-pass	Paso bajo	تمرير منخفض	로우패스	ローパス	低通	लो-पास	Low-pass	Фильтр низких частот
PBR	PBR	PBR	PBR	PBR	PBR	PBR	PBR	PBR	PBR
PBR + animacao	PBR + animation	PBR + animación	PBR + رسوم متحركة	PBR + 애니메이션	PBR + アニメーション	PBR + 动画	PBR + एनिमेशन	PBR + animasi	PBR + анимация
PBR animado e uma forma com cinquenta keyframes e expressao.	Animated PBR and a shape with fifty keyframes and an expression.	PBR animado y una forma con cincuenta fotogramas clave y una expresión.	PBR متحرك وشكل بخمسين إطارًا مفتاحيًا وتعبير.	애니메이션 PBR과 키프레임 50개 및 표현식이 있는 도형.	アニメーション付きPBRと、50個のキーフレームとエクスプレッションを持つシェイプ。	带动画的 PBR 和一个含五十个关键帧与表达式的形状。	एनिमेटेड PBR और पचास कीफ़्रेम व एक एक्सप्रेशन वाला आकार।	PBR beranimasi dan sebuah bentuk dengan lima puluh keyframe dan ekspresi.	Анимированный PBR и фигура с пятьюдесятью ключевыми кадрами и выражением.
Pentagono	Pentagon	Pentágono	خماسي	오각형	五角形	五边形	पंचभुज	Pentagon	Пятиугольник
Per-ID	Per-ID	Por ID	لكل ID	ID별	IDごと	按 ID	प्रति ID	Per ID	По ID
Permita acesso para ver as fotos aqui.	Allow access to see your photos here.	Permite el acceso para ver las fotos aquí.	اسمح بالوصول لعرض الصور هنا.	여기에서 사진을 보려면 접근을 허용하세요.	ここで写真を表示するにはアクセスを許可してください。	允许访问以在此处查看照片。	यहाँ फ़ोटो देखने के लिए एक्सेस की अनुमति दें।	Izinkan akses untuk melihat foto di sini.	Разрешите доступ, чтобы видеть здесь фото.
Pin Light	Pin Light	Luz focal	Pin Light	핀 라이트	ピンライト	点光	पिन लाइट	Pin Light	Точечный свет
Pindown — recriacao	Pindown — recreation	Pindown — recreación	Pindown — إعادة إنشاء	Pindown — 재현	Pindown — 再現	Pindown — 复刻	Pindown — पुनर्रचना	Pindown — pembuatan ulang	Pindown — воссоздание
Pinned	Pinned	Fijadas	مثبتة	고정됨	ピンで固定	置顶	पिन किए गए	Disematkan	Закреплённые
Piramide	Pyramid	Pirámide	هرم	피라미드	ピラミッド	金字塔	पिरामिड	Piramida	Пирамида
Piscar	Flicker	Parpadeo	وميض	깜박임	ちらつき	闪烁	फ़्लिकर	Kerlip	Мерцание
Piscar no ritmo	Blink to the beat	Parpadeo al ritmo	وميض على الإيقاع	리듬에 맞춰 깜박임	リズムで点滅	随节拍闪烁	ताल पर ब्लिंक	Berkedip mengikuti irama	Мигание в ритм
Pixel Sorter	Pixel Sorter	Ordenación de píxeles	فرز البكسلات	픽셀 정렬	ピクセルソート	像素排序	पिक्सेल सॉर्टर	Pixel Sorter	Сортировка пикселей
Pixelar (Mosaico)	Pixelate (Mosaic)	Pixelar (Mosaico)	بكسلة (فسيفساء)	픽셀화 (모자이크)	ピクセル化 (モザイク)	像素化 (马赛克)	पिक्सेलेट (मोज़ेक)	Pikselasi (Mosaik)	Пикселизация (Мозаика)
Plano	Plane	Plano	مستوٍ	평면	平面	平面	समतल	Bidang	Плоскость
Plano preto	Black plane	Plano negro	مستوٍ أسود	검은 평면	黒い平面	黑色平面	काला समतल	Bidang hitam	Чёрная плоскость
Plastico	Plastic	Plástico	بلاستيك	플라스틱	プラスチック	塑料	प्लास्टिक	Plastik	Пластик
Podcast	Podcast	Podcast	بودكاست	팟캐스트	ポッドキャスト	播客	पॉडकास्ट	Podcast	Подкаст
Poeira no ar	Dust in the air	Polvo en el aire	غبار في الهواء	공중의 먼지	空中の塵	空气中的尘埃	हवा में धूल	Debu di udara	Пыль в воздухе
Poligono	Polygon	Polígono	مضلع	다각형	多角形	多边形	बहुभुज	Poligon	Многоугольник
Pomo	Knob	Pomo	مقبض	손잡이	ノブ	门把手	घुंडी	Kenop	Ручка
Ponto	Point	Punto	نقطة	점	ポイント	点	बिंदु	Titik	Точка
Pontual	Point	Puntual	نقطي	점광원	ポイント	点光源	पॉइंट	Titik	Точечный
Por do sol	Sunset	Atardecer	غروب الشمس	일몰	夕日	日落	सूर्यास्त	Matahari terbenam	Закат
Porta	Door	Puerta	باب	문	ドア	门	दरवाज़ा	Pintu	Дверь
Portal	Portal	Portal	بوابة	포털	ポータル	传送门	पोर्टल	Portal	Портал
Posicao	Position	Posición	الموضع	위치	位置	位置	स्थिति	Posisi	Позиция
Posicao Z (3D)	Position Z (3D)	Posición Z (3D)	الموضع Z (3D)	위치 Z (3D)	位置 Z (3D)	位置 Z (3D)	स्थिति Z (3D)	Posisi Z (3D)	Позиция Z (3D)
Posterize	Posterize	Posterizar	بوسترايز	포스터화	ポスタリゼーション	色调分离	पोस्टराइज़	Posterisasi	Постеризация
Preciso	Precise	Preciso	دقيق	정밀	高精度	精确	सटीक	Presisi	Точный
Preparando quadros suaves em segundo plano…	Preparing smooth frames in the background…	Preparando fotogramas suaves en segundo plano…	جارٍ تجهيز إطارات سلسة في الخلفية…	백그라운드에서 부드러운 프레임 준비 중…	バックグラウンドで滑らかなフレームを準備中…	正在后台准备平滑帧…	पृष्ठभूमि में स्मूद फ़्रेम तैयार हो रहे हैं…	Menyiapkan bingkai halus di latar belakang…	Подготовка плавных кадров в фоне…
Preparando...	Preparing...	Preparando...	جارٍ التجهيز...	준비 중...	準備中...	正在准备...	तैयार हो रहा है...	Menyiapkan...	Подготовка...
Preparar prévia suave	Prepare smooth preview	Preparar vista previa suave	تجهيز معاينة سلسة	부드러운 미리보기 준비	滑らかなプレビューを準備	准备平滑预览	स्मूद पूर्वावलोकन तैयार करें	Siapkan pratinjau halus	Подготовить плавный предпросмотр
Preto	Black	Negro	أسود	검정	黒	黑色	काला	Hitam	Чёрный
Previa 3D desligada	3D preview off	Vista previa 3D desactivada	معاينة 3D متوقفة	3D 미리보기 꺼짐	3Dプレビューはオフ	3D 预览已关闭	3D पूर्वावलोकन बंद	Pratinjau 3D nonaktif	3D-предпросмотр выключен
Previous 7 Days	Previous 7 Days	7 días anteriores	آخر 7 أيام	이전 7일	過去7日間	过去 7 天	पिछले 7 दिन	7 Hari Sebelumnya	Предыдущие 7 дней
Prisma	Prism	Prisma	منشور	프리즘	プリズム	棱镜	प्रिज़्म	Prisma	Призма
Proporcao da iris	Iris ratio	Proporción del iris	نسبة الحدقة	조리개 비율	絞りの比率	光圈比例	आइरिस अनुपात	Rasio iris	Пропорция диафрагмы
Prévia suavizada pronta. A exportação usa o vídeo original.	Smoothed preview ready. Export uses the original video.	Vista previa suavizada lista. La exportación usa el vídeo original.	المعاينة السلسة جاهزة. يستخدم التصدير الفيديو الأصلي.	부드러운 미리보기가 준비되었습니다. 내보내기는 원본 동영상을 사용합니다.	滑らかなプレビューの準備ができました。書き出しには元の動画を使用します。	平滑预览已就绪。导出使用原始视频。	स्मूद पूर्वावलोकन तैयार है। निर्यात में मूल वीडियो इस्तेमाल होता है।	Pratinjau halus siap. Ekspor menggunakan video asli.	Сглаженный предпросмотр готов. При экспорте используется исходное видео.
Pupila	Pupil	Pupila	بؤبؤ	동공	瞳孔	瞳孔	पुतली	Pupil	Зрачок
Quadrada	Square	Cuadrada	مربعة	사각파	矩形波	方波	स्क्वायर	Kotak	Прямоугольная
Quadrado	Square	Cuadrado	مربع	정사각형	正方形	正方形	वर्ग	Persegi	Квадрат
Quicar por letra	Bounce by letter	Rebote por letra	ارتداد لكل حرف	글자별 바운스	文字ごとにバウンス	逐字弹跳	अक्षर दर अक्षर बाउंस	Pantul per huruf	Отскок по буквам
Quicar por palavra	Bounce by word	Rebote por palabra	ارتداد لكل كلمة	단어별 바운스	単語ごとにバウンス	逐词弹跳	शब्द दर शब्द बाउंस	Pantul per kata	Отскок по словам
R / B	R / B	R / B	R / B	R / B	R / B	R / B	R / B	R / B	R / B
R / G	R / G	R / G	R / G	R / G	R / G	R / G	R / G	R / G	R / G
Rachadura	Crack	Grieta	شق	균열	ひび割れ	裂纹	दरार	Retakan	Трещина
Radial Blur	Radial Blur	Desenfoque radial	تمويه شعاعي	방사형 흐림	放射状ブラー	径向模糊	रेडियल ब्लर	Radial Blur	Радиальное размытие
radial blur	radial blur	desenfoque radial	تمويه شعاعي	방사형 흐림	放射状ブラー	径向模糊	रेडियल ब्लर	radial blur	радиальное размытие
Raio externo	Outer radius	Radio exterior	نصف القطر الخارجي	외부 반경	外側の半径	外半径	बाहरी त्रिज्या	Radius luar	Внешний радиус
Raio interno	Inner radius	Radio interior	نصف القطر الداخلي	내부 반경	内側の半径	内半径	भीतरी त्रिज्या	Radius dalam	Внутренний радиус
Rampa	Wedge	Cuña	إسفين	쐐기	くさび	楔形	वेज	Baji	Клин
Random	Random	Aleatorio	عشوائي	무작위	ランダム	随机	रैंडम	Acak	Случайный
Rapida	Fast	Rápida	سريعة	빠름	高速	快速	तेज़	Cepat	Быстрое
Raw Values	Raw Values	Valores brutos	القيم الخام	원시 값	生の値	原始值	कच्चे मान	Nilai mentah	Исходные значения
Reamostra a animação da camada em vários instantes. Mais amostras melhoram o rastro, mas aumentam o trabalho de renderização.	Resamples the layer's animation at several instants. More samples improve the trail but increase rendering work.	Vuelve a muestrear la animación de la capa en varios instantes. Más muestras mejoran la estela, pero aumentan el trabajo de renderizado.	يعيد أخذ عينات من حركة الطبقة في عدة لحظات. المزيد من العينات يحسّن الأثر، لكنه يزيد عمل العرض.	레이어의 애니메이션을 여러 시점에서 다시 샘플링합니다. 샘플이 많을수록 잔상이 좋아지지만 렌더링 작업이 늘어납니다.	レイヤーのアニメーションを複数の時点で再サンプリングします。サンプルを増やすと軌跡は良くなりますが、レンダリングの負荷が増えます。	在多个时刻对图层动画重新采样。采样越多，拖尾越好，但渲染工作量也越大。	लेयर के एनिमेशन को कई क्षणों पर फिर से सैंपल करता है। ज़्यादा सैंपल से ट्रेल बेहतर होती है, लेकिन रेंडरिंग का काम बढ़ जाता है।	Mengambil sampel ulang animasi lapisan di beberapa momen. Lebih banyak sampel memperbaiki jejak, tetapi menambah beban render.	Пересэмплирует анимацию слоя в нескольких моментах времени. Больше сэмплов улучшают след, но увеличивают объём рендеринга.
Reamostra a camada em instantes anteriores. Ecos define as cópias; intervalo separa os instantes; decaimento enfraquece o rastro. O comportamento temporal não é uma equivalência exata ao Echo da Adobe.	Resamples the layer at earlier instants. Echoes sets the copies; interval spaces the instants; decay weakens the trail. The temporal behavior is not an exact equivalent of Adobe's Echo.	Vuelve a muestrear la capa en instantes anteriores. Ecos define las copias; intervalo separa los instantes; decaimiento debilita la estela. El comportamiento temporal no es una equivalencia exacta del Echo de Adobe.	يعيد أخذ عينات من الطبقة في لحظات سابقة. الأصداء تحدد النسخ؛ الفاصل يباعد بين اللحظات؛ الاضمحلال يُضعف الأثر. السلوك الزمني ليس مطابقًا تمامًا لتأثير Echo من Adobe.	레이어를 이전 시점에서 다시 샘플링합니다. 에코는 복사본 수를, 간격은 시점 사이의 거리를, 감쇠는 잔상이 약해지는 정도를 정합니다. 시간 동작은 Adobe의 Echo와 정확히 같지는 않습니다.	レイヤーを過去の時点で再サンプリングします。エコーはコピー数、間隔は時点の間隔、減衰は軌跡の弱まり方を決めます。時間的な挙動は Adobe の Echo と完全に同じではありません。	在更早的时刻对图层重新采样。回声决定副本数量；间隔拉开各时刻；衰减削弱拖尾。其时间行为并非 Adobe 的 Echo 的精确等价。	लेयर को पहले के क्षणों पर फिर से सैंपल करता है। इको प्रतियाँ तय करता है; अंतराल क्षणों को अलग करता है; क्षय ट्रेल को कमज़ोर करता है। समय संबंधी व्यवहार Adobe के Echo के बिल्कुल बराबर नहीं है।	Mengambil sampel ulang lapisan di momen-momen sebelumnya. Gema menentukan jumlah salinan; interval memisahkan momen; peluruhan melemahkan jejak. Perilaku temporalnya bukan padanan persis dari Echo milik Adobe.	Пересэмплирует слой в предыдущие моменты времени. Эхо задаёт число копий; интервал разделяет моменты; затухание ослабляет след. Временное поведение не является точным эквивалентом Echo от Adobe.
recorte por cor	color key	recorte por color	قص حسب اللون	색상 키	カラーキー	颜色抠像	कलर की	kunci warna	цветовой ключ
Reduz a imagem a blocos de cor. Mais blocos dão um mosaico fino; menos blocos deixam pixels grandes.	Reduces the image to blocks of color. More blocks give a fine mosaic; fewer blocks leave large pixels.	Reduce la imagen a bloques de color. Más bloques dan un mosaico fino; menos bloques dejan píxeles grandes.	يختزل الصورة إلى كتل لونية. المزيد من الكتل يعطي فسيفساء دقيقة؛ كتل أقل تترك بكسلات كبيرة.	이미지를 색상 블록으로 줄입니다. 블록이 많으면 모자이크가 미세해지고, 적으면 픽셀이 커집니다.	画像を色のブロックに落とし込みます。ブロックを増やすと細かいモザイクに、減らすと大きなピクセルになります。	将图像简化为色块。色块越多，马赛克越细；色块越少，像素越大。	छवि को रंग के ब्लॉकों में बदल देता है। ज़्यादा ब्लॉक से बारीक मोज़ेक बनता है; कम ब्लॉक से बड़े पिक्सेल रह जाते हैं।	Mengurangi gambar menjadi blok-blok warna. Lebih banyak blok menghasilkan mosaik halus; lebih sedikit blok menyisakan piksel besar.	Сводит изображение к цветным блокам. Больше блоков дают мелкую мозаику; меньше блоков оставляют крупные пиксели.
Reels / TikTok	Reels / TikTok	Reels / TikTok	Reels / TikTok	Reels / TikTok	Reels / TikTok	Reels / TikTok	Reels / TikTok	Reels / TikTok	Reels / TikTok
Referencia · nova recriacao Codex	Reference · new Codex recreation	Referencia · nueva recreación Codex	مرجع · إعادة إنشاء Codex جديدة	레퍼런스 · 새 Codex 재구성	リファレンス · 新しい Codex 再現	参考 · 新的 Codex 重制	संदर्भ · नया Codex पुनर्निर्माण	Referensi · rekreasi Codex baru	Референс · новая реконструкция Codex
Reflect	Reflect	Reflejar	انعكاس	반사	反射	反射	परावर्तन	Refleksi	Отражение
Reforça mais as cores pouco saturadas. Saturação age globalmente; proteção de pele reduz mudanças em tons quentes, de forma aproximada.	Boosts less saturated colors more. Saturation acts globally; skin protection reduces changes in warm tones, approximately.	Refuerza más los colores poco saturados. Saturación actúa globalmente; protección de piel reduce los cambios en tonos cálidos, de forma aproximada.	يقوّي الألوان قليلة التشبع أكثر. التشبع يعمل على الصورة كلها؛ حماية البشرة تقلل التغييرات في الدرجات الدافئة بشكل تقريبي.	채도가 낮은 색상을 더 강하게 보강합니다. 채도는 전체에 작용하고, 피부 보호는 따뜻한 톤의 변화를 대략적으로 줄여 줍니다.	彩度の低い色をより強く強調します。彩度は全体に作用し、肌の保護は暖色系の変化をおおまかに抑えます。	更多地增强低饱和度的颜色。饱和度作用于全局；肤色保护会近似地减少暖色调的变化。	कम संतृप्त रंगों को ज़्यादा मज़बूत करता है। संतृप्ति पूरी छवि पर काम करती है; त्वचा सुरक्षा गर्म टोन में बदलाव को लगभग कम कर देती है।	Memperkuat warna yang kurang jenuh lebih banyak. Saturasi bekerja secara global; perlindungan kulit mengurangi perubahan pada nada hangat, secara kira-kira.	Сильнее усиливает малонасыщенные цвета. Насыщенность действует глобально; защита кожи приблизительно уменьшает изменения в тёплых тонах.
Reinhard	Reinhard	Reinhard	Reinhard	Reinhard	Reinhard	Reinhard	Reinhard	Reinhard	Reinhard
Reinhard 2	Reinhard 2	Reinhard 2	Reinhard 2	Reinhard 2	Reinhard 2	Reinhard 2	Reinhard 2	Reinhard 2	Reinhard 2
RelativeFilename	RelativeFilename	RelativeFilename	RelativeFilename	RelativeFilename	RelativeFilename	RelativeFilename	RelativeFilename	RelativeFilename	RelativeFilename
Remapeia preto, branco e gama. Primeiro ajuste os pontos de entrada; depois a gama dos meios-tons. Saída min/max limita o contraste final; canal isola R, G ou B.	Remaps black, white and gamma. First adjust the input points; then the midtone gamma. Output min/max limits the final contrast; channel isolates R, G or B.	Reasigna negro, blanco y gamma. Primero ajusta los puntos de entrada; después la gamma de los medios tonos. Salida mín/máx limita el contraste final; canal aísla R, G o B.	يعيد تعيين الأسود والأبيض والغاما. اضبط أولًا نقاط الإدخال، ثم غاما الدرجات الوسطى. الحد الأدنى/الأقصى للإخراج يحدّ من التباين النهائي؛ القناة تعزل R أو G أو B.	검정, 흰색, 감마를 다시 매핑합니다. 먼저 입력 지점을 조정한 다음 중간톤 감마를 조정하세요. 출력 최소/최대는 최종 대비를 제한하고, 채널은 R, G, B를 분리합니다.	黒、白、ガンマを再マッピングします。まず入力ポイントを調整し、次に中間調のガンマを調整します。出力の最小/最大は最終的なコントラストを制限し、チャンネルは R、G、B を個別に扱います。	重新映射黑场、白场和灰度系数。先调整输入点，再调整中间调的灰度系数。输出最小/最大限制最终对比度；通道可单独处理 R、G 或 B。	काला, सफ़ेद और गामा को फिर से मैप करता है। पहले इनपुट बिंदु समायोजित करें; फिर मिडटोन का गामा। आउटपुट न्यूनतम/अधिकतम अंतिम कंट्रास्ट को सीमित करता है; चैनल R, G या B को अलग करता है।	Memetakan ulang hitam, putih, dan gamma. Sesuaikan titik input dulu, lalu gamma nada tengah. Output min/maks membatasi kontras akhir; kanal memisahkan R, G, atau B.	Переназначает чёрную и белую точки и гамму. Сначала настройте входные точки, затем гамму средних тонов. Выход мин/макс ограничивает итоговый контраст; канал выделяет R, G или B.
Remove arquivos temporarios de preview e render	Removes temporary preview and render files	Elimina archivos temporales de vista previa y render	يزيل الملفات المؤقتة للمعاينة والعرض	미리보기 및 렌더 임시 파일을 삭제합니다	プレビューとレンダリングの一時ファイルを削除します	删除预览和渲染的临时文件	पूर्वावलोकन और रेंडर की अस्थायी फ़ाइलें हटाता है	Menghapus berkas sementara pratinjau dan render	Удаляет временные файлы предпросмотра и рендера
remover cor	remove color	quitar color	إزالة اللون	색상 제거	色を除去	去除颜色	रंग हटाएँ	hapus warna	удалить цвет
Repete a camada. Tile Width/Height e Output Width/Height são percentuais da entrada. Mirror Edges espelha repetições; Phase desloca linhas ou colunas.	Repeats the layer. Tile Width/Height and Output Width/Height are percentages of the input. Mirror Edges mirrors repetitions; Phase shifts rows or columns.	Repite la capa. Tile Width/Height y Output Width/Height son porcentajes de la entrada. Mirror Edges refleja las repeticiones; Phase desplaza filas o columnas.	يكرر الطبقة. Tile Width/Height و Output Width/Height نسب مئوية من الإدخال. Mirror Edges يعكس التكرارات؛ Phase يزيح الصفوف أو الأعمدة.	레이어를 반복합니다. Tile Width/Height와 Output Width/Height는 입력 대비 백분율입니다. Mirror Edges는 반복을 거울처럼 뒤집고, Phase는 행이나 열을 이동합니다.	レイヤーを繰り返します。Tile Width/Height と Output Width/Height は入力に対する割合です。Mirror Edges は繰り返しを鏡像にし、Phase は行または列をずらします。	重复图层。Tile Width/Height 和 Output Width/Height 是相对输入的百分比。Mirror Edges 镜像重复部分；Phase 偏移行或列。	लेयर को दोहराता है। Tile Width/Height और Output Width/Height इनपुट के प्रतिशत हैं। Mirror Edges दोहरावों को मिरर करता है; Phase पंक्तियों या स्तंभों को खिसकाता है।	Mengulang lapisan. Tile Width/Height dan Output Width/Height adalah persentase dari input. Mirror Edges mencerminkan pengulangan; Phase menggeser baris atau kolom.	Повторяет слой. Tile Width/Height и Output Width/Height — проценты от входа. Mirror Edges зеркалит повторы; Phase сдвигает строки или столбцы.
Repete a imagem no espaço, não no passado. Ajuste deslocamento, escala, rotação e decaimento por cópia.	Repeats the image in space, not in the past. Adjust offset, scale, rotation and decay per copy.	Repite la imagen en el espacio, no en el pasado. Ajusta desplazamiento, escala, rotación y decaimiento por copia.	يكرر الصورة في المكان، لا في الزمن الماضي. اضبط الإزاحة والمقياس والدوران والاضمحلال لكل نسخة.	이미지를 과거가 아닌 공간에서 반복합니다. 복사본마다 오프셋, 배율, 회전, 감쇠를 조정하세요.	画像を時間ではなく空間で繰り返します。コピーごとのオフセット、スケール、回転、減衰を調整します。	在空间中而非时间上重复图像。可逐份调整偏移、缩放、旋转和衰减。	छवि को समय में नहीं, स्थान में दोहराता है। हर प्रति के लिए ऑफ़सेट, स्केल, घुमाव और क्षय समायोजित करें।	Mengulang gambar di ruang, bukan di masa lalu. Sesuaikan pergeseran, skala, rotasi, dan peluruhan per salinan.	Повторяет изображение в пространстве, а не во времени. Настройте смещение, масштаб, вращение и затухание для каждой копии.
Repetir	Repeat	Repetir	تكرار	반복	繰り返し	重复	दोहराएँ	Ulangi	Повтор
Respirar	Breathe	Respirar	تنفّس	숨쉬기	呼吸	呼吸	साँस	Bernapas	Дыхание
Restart Noise	Restart Noise	Reiniciar ruido	إعادة تشغيل الضوضاء	노이즈 재시작	ノイズ再開	重启噪波	नॉइज़ रीस्टार्ट	Mulai ulang noise	Перезапуск шума
Result	Result	Resultado	النتيجة	결과	結果	结果	परिणाम	Hasil	Результат
Retangulo rapido	Fast rectangle	Rectángulo rápido	مستطيل سريع	빠른 사각형	高速の長方形	快速矩形	तेज़ आयत	Persegi panjang cepat	Быстрый прямоугольник
Reto	Straight	Recto	مستقيم	직선	直線	直线	सीधा	Lurus	Прямой
Revela ou recorta a camada em faixas. Conclusao vai de imagem completa a transparente; direcao, faixas e suavidade controlam o recorte.	Reveals or cuts the layer in strips. Completion goes from full image to transparent; direction, strips and softness control the cut.	Revela o recorta la capa en franjas. Finalización va de imagen completa a transparente; dirección, franjas y suavidad controlan el recorte.	يكشف الطبقة أو يقصّها على شكل شرائط. الاكتمال يتدرج من الصورة الكاملة إلى الشفافية؛ الاتجاه والشرائط والنعومة تتحكم في القص.	레이어를 띠 모양으로 드러내거나 잘라냅니다. 완료는 전체 이미지에서 투명까지 진행되며, 방향, 띠, 부드러움이 잘림을 제어합니다.	レイヤーを帯状に表示または切り抜きます。完了は画像全体から透明までを変化させ、方向、帯、柔らかさで切り抜きを制御します。	以条纹显示或裁切图层。完成度从完整图像到透明；方向、条纹数和柔和度控制裁切。	लेयर को पट्टियों में प्रकट या काटता है। पूर्णता पूरी छवि से पारदर्शी तक जाती है; दिशा, पट्टियाँ और कोमलता कटाव को नियंत्रित करती हैं।	Menampilkan atau memotong lapisan dalam garis-garis. Penyelesaian berjalan dari gambar penuh ke transparan; arah, garis, dan kehalusan mengatur potongan.	Открывает или вырезает слой полосами. Завершение идёт от полного изображения к прозрачности; направление, полосы и мягкость управляют вырезом.
RGB	RGB	RGB	RGB	RGB	RGB	RGB	RGB	RGB	RGB
RGB Split	RGB Split	Separación RGB	فصل RGB	RGB 분리	RGB分離	RGB分离	RGB स्प्लिट	RGB Split	Разделение RGB
rgb split	rgb split	separación rgb	فصل rgb	rgb 분리	rgb分離	rgb分离	rgb स्प्लिट	rgb split	разделение rgb
Rosa	Pink	Rosa	وردي	핑크	ピンク	粉色	गुलाबी	Merah muda	Розовый
Rotacao X (3D)	Rotation X (3D)	Rotación X (3D)	دوران X (3D)	X 회전 (3D)	X回転 (3D)	X轴旋转 (3D)	X घुमाव (3D)	Rotasi X (3D)	Вращение X (3D)
Rotacao Y (3D)	Rotation Y (3D)	Rotación Y (3D)	دوران Y (3D)	Y 회전 (3D)	Y回転 (3D)	Y轴旋转 (3D)	Y घुमाव (3D)	Rotasi Y (3D)	Вращение Y (3D)
Ruim	Poor	Mala	ضعيف	나쁨	低い	差	खराब	Buruk	Плохо
Rápido	Fast	Rápido	سريع	빠름	高速	快速	तेज़	Cepat	Быстрый
S_Shake	S_Shake	S_Shake	S_Shake	S_Shake	S_Shake	S_Shake	S_Shake	S_Shake	S_Shake
Saida	Out	Salida	خروج	아웃	アウト	出场	आउट	Keluar	Выход
Saltar	Bounce	Rebote	ارتداد	바운스	バウンス	弹跳	बाउंस	Pantul	Отскок
Salvo na galeria, no album Aurea	Saved to the gallery, in the Aurea album	Guardado en la galería, en el álbum Aurea	تم الحفظ في المعرض، في ألبوم Aurea	갤러리의 Aurea 앨범에 저장됨	ギャラリーの Aurea アルバムに保存しました	已保存到相册的 Aurea 相簿中	गैलरी में, Aurea एल्बम में सहेजा गया	Disimpan di galeri, dalam album Aurea	Сохранено в галерее, в альбоме Aurea
Saturation	Saturation	Saturación	التشبع	채도	彩度	饱和度	संतृप्ति	Saturasi	Насыщенность
Screen	Screen	Pantalla	شاشة	스크린	スクリーン	滤色	स्क्रीन	Screen	Экран
Search	Search	Buscar	بحث	검색	検索	搜索	खोजें	Cari	Поиск
Seed	Seed	Semilla	البذرة	시드	シード	种子	सीड	Seed	Сид
Seguir caminho	Follow path	Seguir trazado	اتباع المسار	경로 따라가기	パスに沿う	跟随路径	पथ का अनुसरण	Ikuti jalur	Следовать пути
Seis texturas de 2048 x 2048, uma por objeto.	Six 2048 x 2048 textures, one per object.	Seis texturas de 2048 x 2048, una por objeto.	ست أنسجة بحجم 2048 x 2048، واحد لكل كائن.	2048 x 2048 텍스처 6개, 오브젝트마다 하나.	2048 x 2048 のテクスチャ6枚、オブジェクトごとに1枚。	六张 2048 x 2048 纹理，每个对象一张。	2048 x 2048 के छह टेक्सचर, प्रत्येक ऑब्जेक्ट के लिए एक।	Enam tekstur 2048 x 2048, satu per objek.	Шесть текстур 2048 x 2048, по одной на объект.
Selecionar	Select	Seleccionar	تحديد	선택	選択	选择	चुनें	Pilih	Выбрать
Sem conexão com a internet.	No internet connection.	Sin conexión a internet.	لا يوجد اتصال بالإنترنت.	인터넷에 연결되어 있지 않습니다.	インターネットに接続されていません。	没有网络连接。	इंटरनेट कनेक्शन नहीं है।	Tidak ada koneksi internet.	Нет подключения к интернету.
Sem conexão. O post ficou guardado aqui e você pode	No connection. The post was saved here and you can	Sin conexión. La publicación quedó guardada aquí y puedes	لا يوجد اتصال. تم حفظ المنشور هنا ويمكنك	연결이 없습니다. 게시물은 여기에 저장되었으니	接続がありません。投稿はここに保存されているので、	无网络连接。帖子已保存在这里，你可以	कनेक्शन नहीं है। पोस्ट यहाँ सहेज ली गई है और आप	Tidak ada koneksi. Postingan tersimpan di sini dan kamu bisa	Нет подключения. Пост сохранён здесь, и вы можете
Sem luz	Unlit	Sin luz	بدون إضاءة	조명 없음	アンリット	无光照	बिना प्रकाश	Tanpa cahaya	Без освещения
Sem permissao para a galeria. O arquivo esta na pasta abaixo	No gallery permission. The file is in the folder below	Sin permiso para la galería. El archivo está en la carpeta de abajo	لا يوجد إذن للوصول إلى المعرض. الملف موجود في المجلد أدناه	갤러리 권한이 없습니다. 파일은 아래 폴더에 있습니다	ギャラリーへのアクセス許可がありません。ファイルは下のフォルダにあります	没有相册权限。文件在下方文件夹中	गैलरी की अनुमति नहीं है। फ़ाइल नीचे दिए गए फ़ोल्डर में है	Tidak ada izin galeri. Berkas ada di folder di bawah	Нет доступа к галерее. Файл находится в папке ниже
Sempre CPU	Always CPU	Siempre CPU	CPU دائمًا	항상 CPU	常にCPU	始终使用CPU	हमेशा CPU	Selalu CPU	Всегда CPU
Sempre GPU	Always GPU	Siempre GPU	GPU دائمًا	항상 GPU	常にGPU	始终使用GPU	हमेशा GPU	Selalu GPU	Всегда GPU
Seno	Sine	Seno	جيبي	사인	サイン	正弦	साइन	Sinus	Синус
Senoide	Sine wave	Senoidal	موجة جيبية	사인파	サイン波	正弦波	साइन तरंग	Sinusoidal	Синусоида
Separa um par de canais de cor. Use pouco deslocamento para franja de lente, ou mais para um visual digital. Ângulo define a direção.	Separates a pair of color channels. Use a small offset for lens fringing, or more for a digital look. Angle sets the direction.	Separa un par de canales de color. Usa poco desplazamiento para un halo de lente, o más para un aspecto digital. Ángulo define la dirección.	يفصل زوجًا من قنوات اللون. استخدم إزاحة صغيرة لهالة العدسة، أو أكبر لمظهر رقمي. الزاوية تحدد الاتجاه.	색상 채널 한 쌍을 분리합니다. 렌즈 색수차 느낌에는 작은 오프셋을, 디지털 느낌에는 큰 오프셋을 사용하세요. 각도가 방향을 정합니다.	色チャンネルのペアを分離します。レンズの色ずれには小さなオフセットを、デジタルな見た目には大きなオフセットを使います。角度で方向を決めます。	分离一对颜色通道。偏移小一些可模拟镜头色散，大一些则呈现数字风格。角度决定方向。	रंग चैनलों की एक जोड़ी को अलग करता है। लेंस फ़्रिंज के लिए थोड़ा ऑफ़सेट और डिजिटल लुक के लिए ज़्यादा उपयोग करें। कोण दिशा तय करता है।	Memisahkan sepasang kanal warna. Gunakan pergeseran kecil untuk efek pinggiran lensa, atau lebih besar untuk tampilan digital. Sudut menentukan arah.	Разделяет пару цветовых каналов. Небольшое смещение даёт хроматическую кайму объектива, большее — цифровой вид. Угол задаёт направление.
Separador	Divider	Separador	فاصل	구분선	区切り線	分隔线	विभाजक	Pemisah	Разделитель
Sessenta objetos animados por keyframe, com emissivo.	Sixty keyframe-animated objects, with emissive.	Sesenta objetos animados por fotogramas clave, con emisivo.	ستون كائنًا متحركًا بالإطارات المفتاحية، مع انبعاث ضوئي.	키프레임으로 애니메이션되는 오브젝트 60개, 발광 포함.	キーフレームでアニメーションする60個のオブジェクト、発光あり。	六十个关键帧动画对象，带自发光。	कीफ़्रेम से एनिमेटेड साठ ऑब्जेक्ट, एमिसिव के साथ।	Enam puluh objek dianimasikan dengan keyframe, dengan emisif.	Шестьдесят объектов, анимированных ключевыми кадрами, с эмиссией.
Seta	Arrow	Flecha	سهم	화살표	矢印	箭头	तीर	Panah	Стрелка
Seu texto	Your text	Tu texto	نصك	내 텍스트	あなたのテキスト	你的文本	आपका टेक्स्ट	Teks Anda	Ваш текст
Silhueta da lamina	Blade silhouette	Silueta de la hoja	ظل النصل	칼날 실루엣	刃のシルエット	刀刃剪影	ब्लेड की छाया	Siluet bilah	Силуэт лезвия
Simula poeira, riscos, cintilação, grão, queimado e salto. Reduza os controles que não precisa para um filme antigo mais sutil.	Simulates dust, scratches, flicker, grain, burn and jump. Turn down the controls you don't need for a subtler old film.	Simula polvo, rayas, parpadeo, grano, quemado y saltos. Reduce los controles que no necesites para una película antigua más sutil.	يحاكي الغبار والخدوش والوميض والحبيبات والحرق والقفز. قلّل عناصر التحكم التي لا تحتاجها للحصول على فيلم قديم أكثر هدوءًا.	먼지, 스크래치, 깜빡임, 그레인, 번짐, 튐을 시뮬레이션합니다. 필요 없는 컨트롤을 줄이면 더 은은한 옛날 필름이 됩니다.	ほこり、傷、ちらつき、粒子、焼け、コマ飛びを再現します。不要なコントロールを下げると、より控えめな古いフィルムになります。	模拟灰尘、划痕、闪烁、颗粒、灼烧和跳帧。调低不需要的控制项，可获得更含蓄的老电影效果。	धूल, खरोंच, झिलमिलाहट, ग्रेन, जलन और उछाल का अनुकरण करता है। ज़्यादा हल्की पुरानी फ़िल्म के लिए जिन नियंत्रणों की ज़रूरत नहीं उन्हें कम करें।	Mensimulasikan debu, goresan, kedipan, grain, gosong, dan lompatan. Kurangi kontrol yang tidak diperlukan untuk film lama yang lebih halus.	Имитирует пыль, царапины, мерцание, зерно, выгорание и скачки. Уменьшите ненужные параметры для более сдержанного старого кино.
Single	Single	Único	واحد	단일	単一	单一	एकल	Tunggal	Один
slow motion	slow motion	cámara lenta	حركة بطيئة	슬로 모션	スローモーション	慢动作	स्लो मोशन	gerak lambat	замедленная съёмка
So legendas	Captions only	Solo subtítulos	الترجمة فقط	자막만	字幕のみ	仅字幕	केवल कैप्शन	Hanya subtitle	Только субтитры
Sobe e desce	Up and down	Sube y baja	يكبر ويصغر	커졌다 작아짐	大きくなって小さく	先大后小	ऊपर-नीचे	Naik turun	Вверх и вниз
Sobrepor	Overlay	Superponer	تراكب	오버레이	オーバーレイ	叠加	ओवरले	Overlay	Перекрытие
Sol	Sun	Sol	الشمس	태양	太陽	太阳	सूर्य	Matahari	Солнце
Sol · halo	Sun · halo	Sol · halo	الشمس · هالة	태양 · 헤일로	太陽 · ハロ	太阳 · 光晕	सूर्य · हेलो	Matahari · halo	Солнце · гало
Solid	Solid	Sólido	صلب	단색	単色	纯色	ठोस	Solid	Сплошной
Solido nativo	Native solid	Sólido nativo	مجسم أصلي	기본 솔리드	ネイティブソリッド	原生实体	नेटिव सॉलिड	Solid bawaan	Встроенное тело
Somar	Add	Añadir	إضافة	추가	加算	相加	जोड़ें	Tambah	Сложение
Some	Fade out	Desaparece	يتلاشى	사라짐	消える	淡出	गायब	Menghilang	Исчезает
Sonho suave	Soft dream	Sueño suave	حلم ناعم	부드러운 꿈	ソフトドリーム	柔梦	कोमल सपना	Mimpi lembut	Нежный сон
Sozinha	Alone	Sola	بمفردها	단독	単独	单独	अकेली	Sendiri	Одна
Space Echo	Space Echo	Eco espacial	صدى مكاني	스페이스 에코	スペースエコー	空间回声	स्पेस इको	Space Echo	Пространственное эхо
Split	Split	Split	شق	스플릿	スプリット	分裂	स्प्लिट	Split	Разрез
Spot	Spot	Foco	كشاف	스팟	スポット	聚光灯	स्पॉट	Spot	Прожектор
Strobe	Strobe	Estrobo	ستروب	스트로브	ストロボ	频闪	स्ट्रोब	Strobe	Стробоскоп
Stylize	Stylize	Estilizar	تنميط	스타일화	スタイライズ	风格化	स्टाइलाइज़	Stilisasi	Стилизация
Suavidade externa	Outer softness	Suavidad exterior	نعومة خارجية	외부 부드러움	外側の柔らかさ	外部柔和度	बाहरी कोमलता	Kehalusan luar	Внешняя мягкость
Suavidade interna	Inner softness	Suavidad interior	نعومة داخلية	내부 부드러움	内側の柔らかさ	内部柔和度	भीतरी कोमलता	Kehalusan dalam	Внутренняя мягкость
Suaviza detalhes. Aumente o raio aos poucos; use o modo de borda para controlar as margens.	Softens details. Increase the radius gradually; use the edge mode to control the margins.	Suaviza los detalles. Aumenta el radio poco a poco; usa el modo de borde para controlar los márgenes.	ينعّم التفاصيل. زد نصف القطر تدريجيًا؛ استخدم وضع الحافة للتحكم في الأطراف.	디테일을 부드럽게 합니다. 반경을 조금씩 늘리고, 가장자리 모드로 테두리를 제어하세요.	ディテールを和らげます。半径は少しずつ上げ、エッジモードで縁を制御します。	柔化细节。逐步增大半径；用边缘模式控制边界。	विवरण को कोमल बनाता है। त्रिज्या धीरे-धीरे बढ़ाएँ; किनारों को नियंत्रित करने के लिए एज मोड का उपयोग करें।	Menghaluskan detail. Tambah radius sedikit demi sedikit; gunakan mode tepi untuk mengatur pinggiran.	Смягчает детали. Увеличивайте радиус постепенно; используйте режим краёв, чтобы управлять границами.
Subir por letra	Rise by letter	Subir por letra	صعود حرفًا بحرف	글자별 상승	文字ごとに上昇	逐字上升	अक्षर-दर-अक्षर ऊपर	Naik per huruf	Подъём по буквам
Subtrair	Subtract	Restar	طرح	빼기	減算	相减	घटाएँ	Kurangi	Вычитание
Superfície inclinada	Tilted surface	Superficie inclinada	سطح مائل	기울어진 표면	傾いた面	倾斜表面	झुकी हुई सतह	Permukaan miring	Наклонная поверхность
Suspensao · poeira mineral	Suspension · mineral dust	Suspensión · polvo mineral	معلّق · غبار معدني	부유물 · 광물 먼지	浮遊 · 鉱物の塵	悬浮 · 矿物尘埃	निलंबन · खनिज धूल	Suspensi · debu mineral	Взвесь · минеральная пыль
Sutil	Subtle	Sutil	خفيف	은은하게	控えめ	轻微	हल्का	Halus	Лёгкий
Sólido	Solid	Sólido	صلب	단색	平面	纯色	सॉलिड	Solid	Сплошной слой
Tela	Screen	Pantalla	شاشة	스크린	スクリーン	滤色	स्क्रीन	Screen	Экран
Telhado	Roof	Tejado	سقف	지붕	屋根	屋顶	छत	Atap	Крыша
Temperatura equilibra azul/vermelho; matiz equilibra verde/magenta. Corrija com sutileza antes de aplicar um look.	Temperature balances blue/red; tint balances green/magenta. Correct subtly before applying a look.	Temperatura equilibra azul/rojo; matiz equilibra verde/magenta. Corrige con sutileza antes de aplicar un look.	درجة الحرارة توازن الأزرق/الأحمر؛ الصبغة توازن الأخضر/الأرجواني. صحّح بلطف قبل تطبيق أي مظهر.	색온도는 파랑/빨강을, 틴트는 초록/마젠타를 조절합니다. 룩을 적용하기 전에 미세하게 보정하세요.	色温度は青/赤、色かぶりは緑/マゼンタのバランスを取ります。ルックを適用する前に控えめに補正してください。	色温平衡蓝/红；色调平衡绿/洋红。先做细微校正，再套用风格。	तापमान नीले/लाल को संतुलित करता है; टिंट हरे/मैजेंटा को। लुक लगाने से पहले हल्के हाथ से सुधार करें।	Suhu menyeimbangkan biru/merah; tint menyeimbangkan hijau/magenta. Koreksi secara halus sebelum menerapkan look.	Температура балансирует синий/красный; оттенок — зелёный/пурпурный. Корректируйте деликатно, прежде чем применять лук.
Texturas grandes	Large textures	Texturas grandes	أنسجة كبيرة	큰 텍스처	大きなテクスチャ	大纹理	बड़े टेक्सचर	Tekstur besar	Большие текстуры
Threshold Matte	Threshold Matte	Mate por umbral	قناع العتبة	임계값 매트	しきい値マット	阈值遮罩	थ्रेशोल्ड मैट	Matte ambang	Пороговая маска
Tile	Tile	Mosaico	تبليط	타일	タイル	平铺	टाइल	Ubin	Плитка
Time	Time	Tiempo	الوقت	시간	時間	时间	समय	Waktu	Время
Time Remap	Time Remap	Remapeo de tiempo	إعادة توزيع الوقت	시간 다시 매핑	タイムリマップ	时间重映射	टाइम रीमैप	Pemetaan ulang waktu	Перераспределение времени
Tinge a imagem com a cor escolhida. Força controla a mistura com o original, preservando o alfa.	Tints the image with the chosen color. Strength controls the blend with the original, preserving the alpha.	Tiñe la imagen con el color elegido. Fuerza controla la mezcla con el original, conservando el alfa.	يصبغ الصورة باللون المختار. تتحكم القوة في المزج مع الأصل مع الحفاظ على قناة ألفا.	선택한 색상으로 이미지를 물들입니다. 강도는 원본과의 혼합 정도를 조절하며 알파는 유지됩니다.	選んだ色で画像を染めます。強さで元画像との混ざり具合を調整し、アルファは保持されます。	用所选颜色为图像着色。强度控制与原图的混合程度，并保留 Alpha 通道。	चुने हुए रंग से छवि को रंगता है। ताकत मूल छवि के साथ मिश्रण को नियंत्रित करती है और अल्फ़ा को सुरक्षित रखती है।	Mewarnai gambar dengan warna yang dipilih. Kekuatan mengatur campuran dengan gambar asli sambil mempertahankan alfa.	Тонирует изображение выбранным цветом. Сила управляет смешиванием с оригиналом, сохраняя альфа-канал.
Tinge as bordas; escolha preto para escurecer. Raio, suavidade, forma e centro definem a área preservada. A transparência da camada é mantida.	Tints the edges; choose black to darken. Radius, softness, shape and center define the preserved area. The layer's transparency is kept.	Tiñe los bordes; elige negro para oscurecer. Radio, suavidad, forma y centro definen el área conservada. La transparencia de la capa se mantiene.	يصبغ الحواف؛ اختر الأسود للتعتيم. يحدد نصف القطر والنعومة والشكل والمركز المنطقة المحفوظة. تبقى شفافية الطبقة كما هي.	가장자리를 물들입니다. 어둡게 하려면 검은색을 선택하세요. 반경, 부드러움, 모양, 중심이 보존되는 영역을 정합니다. 레이어의 투명도는 유지됩니다.	縁を染めます。暗くするには黒を選んでください。半径・柔らかさ・形状・中心で保持する範囲を決めます。レイヤーの透明度はそのまま保たれます。	为边缘着色；选择黑色可压暗。半径、柔和度、形状和中心定义保留区域。图层的透明度保持不变。	किनारों को रंगता है; गहरा करने के लिए काला चुनें। त्रिज्या, कोमलता, आकार और केंद्र सुरक्षित क्षेत्र तय करते हैं। लेयर की पारदर्शिता बनी रहती है।	Mewarnai tepi; pilih hitam untuk menggelapkan. Radius, kelembutan, bentuk, dan pusat menentukan area yang dipertahankan. Transparansi lapisan tetap terjaga.	Тонирует края; выберите чёрный, чтобы затемнить. Радиус, мягкость, форма и центр задают сохраняемую область. Прозрачность слоя сохраняется.
Tint	Tint	Tinte	صبغة	색조	色合い	色调	टिंट	Tint	Оттенок
Tinta fosca	Matte paint	Pintura mate	طلاء مطفأ	무광 페인트	マット塗装	哑光漆	मैट पेंट	Cat matte	Матовая краска
Tique	Twitch	Tic	نفضة	움찔	ピクッ	抽动	झटका	Kedut	Подёргивание
Tira o fundo pelo brilho: preto para fumaça, fogo e luz; branco para tinta e papel. Escolha qual dos dois some em Remover.	Removes the background by brightness: black for smoke, fire and light; white for ink and paper. Choose which of the two disappears in Remove.	Quita el fondo por el brillo: negro para humo, fuego y luz; blanco para tinta y papel. Elige cuál de los dos desaparece en Quitar.	يزيل الخلفية حسب السطوع: الأسود للدخان والنار والضوء؛ والأبيض للحبر والورق. اختر أيهما يختفي في «إزالة».	밝기로 배경을 제거합니다. 연기, 불, 빛에는 검은색을, 잉크와 종이에는 흰색을 쓰세요. 둘 중 무엇을 없앨지는 제거에서 고릅니다.	明るさで背景を抜きます。煙・炎・光には黒、インクや紙には白を。どちらを消すかは「削除」で選びます。	按亮度抠除背景：烟雾、火焰和光线选黑色；墨迹和纸张选白色。在“移除”中选择去掉哪一种。	चमक के आधार पर पृष्ठभूमि हटाता है: धुएँ, आग और रोशनी के लिए काला; स्याही और कागज़ के लिए सफ़ेद। हटाएँ में चुनें कि दोनों में से कौन गायब होगा।	Menghapus latar berdasarkan kecerahan: hitam untuk asap, api, dan cahaya; putih untuk tinta dan kertas. Pilih mana yang dihilangkan di Hapus.	Убирает фон по яркости: чёрный — для дыма, огня и света; белый — для чернил и бумаги. Какой из двух исчезнет, выбирается в поле «Убрать».
Tira o fundo verde (ou azul) e deixa transparente. Toque na cor para pegar a do seu fundo. Tolerância decide quanto some; suavidade amacia a borda; supressão tira o verde que ficou no cabelo e nos ombros.	Removes the green (or blue) background and makes it transparent. Tap the color to pick the one from your background. Tolerance decides how much disappears; softness smooths the edge; suppression removes the green left on hair and shoulders.	Quita el fondo verde (o azul) y lo deja transparente. Toca el color para tomar el de tu fondo. Tolerancia decide cuánto desaparece; suavidad suaviza el borde; supresión quita el verde que quedó en el pelo y los hombros.	يزيل الخلفية الخضراء (أو الزرقاء) ويجعلها شفافة. المس اللون لالتقاط لون خلفيتك. يحدد التسامح مقدار ما يختفي؛ وتلطّف النعومة الحافة؛ ويزيل الكبح الأخضر المتبقي على الشعر والكتفين.	녹색(또는 파란색) 배경을 제거해 투명하게 만듭니다. 색상을 탭해 배경의 색을 가져오세요. 허용치는 얼마나 없앨지 정하고, 부드러움은 가장자리를 매끄럽게 하며, 억제는 머리카락과 어깨에 남은 녹색을 없앱니다.	緑（または青）の背景を抜いて透明にします。色をタップして背景の色を取得してください。許容値で消す範囲を、柔らかさで縁のなじみを調整し、抑制で髪や肩に残った緑を取り除きます。	抠除绿色（或蓝色）背景并使其透明。点按颜色以拾取你背景的颜色。容差决定去掉多少；柔和度使边缘更平滑；抑制去除残留在头发和肩膀上的绿色。	हरी (या नीली) पृष्ठभूमि हटाकर उसे पारदर्शी बनाता है। अपनी पृष्ठभूमि का रंग लेने के लिए रंग पर टैप करें। सहनशीलता तय करती है कि कितना हटेगा; कोमलता किनारे को मुलायम बनाती है; दमन बालों और कंधों पर बचा हरा रंग हटाता है।	Menghapus latar hijau (atau biru) dan membuatnya transparan. Ketuk warna untuk mengambil warna latarmu. Toleransi menentukan seberapa banyak yang hilang; kelembutan menghaluskan tepi; supresi menghilangkan sisa hijau di rambut dan bahu.	Убирает зелёный (или синий) фон и делает его прозрачным. Коснитесь цвета, чтобы взять цвет своего фона. Допуск решает, сколько исчезнет; мягкость сглаживает край; подавление убирает зелёный, оставшийся на волосах и плечах.
Tira uma cor chapada. Mais previsível que o Chroma Key quando o fundo é sólido — um estúdio, uma cor de marca.	Removes a flat color. More predictable than Chroma Key when the background is solid — a studio, a brand color.	Quita un color plano. Más previsible que el Chroma Key cuando el fondo es sólido — un estudio, un color de marca.	يزيل لونًا مسطحًا. أكثر قابلية للتوقع من مفتاح الكروما عندما تكون الخلفية صلبة — استوديو أو لون علامة تجارية.	단색 하나를 제거합니다. 배경이 단색일 때 크로마 키보다 결과를 예측하기 쉽습니다 — 스튜디오, 브랜드 색상 등.	単色を抜きます。背景が単色のとき — スタジオやブランドカラーなど — クロマキーより結果が予測しやすくなります。	抠除一种纯色。背景为纯色时 — 影棚、品牌色 — 比色度抠像更可控。	एक सपाट रंग हटाता है। पृष्ठभूमि ठोस होने पर क्रोमा की से ज़्यादा भरोसेमंद — जैसे स्टूडियो या ब्रांड का रंग।	Menghapus satu warna polos. Lebih dapat diprediksi daripada Chroma Key saat latarnya polos — studio, warna merek.	Убирает один плоский цвет. Предсказуемее, чем хромакей, когда фон однотонный — студия, фирменный цвет.
To Centroid	To Centroid	Al centroide	إلى المركز الهندسي	중심점으로	重心へ	到质心	केंद्रक की ओर	Ke sentroid	К центроиду
Todas	All	Todas	الكل	모두	すべて	全部	सभी	Semua	Все
Tombar	Topple	Volcar	انقلاب	넘어지기	倒れる	倾倒	गिरना	Roboh	Опрокидывание
Top Left	Top Left	Superior izquierda	أعلى اليسار	왼쪽 위	左上	左上	ऊपर बाएँ	Kiri atas	Вверху слева
Top Right	Top Right	Superior derecha	أعلى اليمين	오른쪽 위	右上	右上	ऊपर दाएँ	Kanan atas	Вверху справа
Torce a imagem ao redor de um centro. Angulo controla o giro e raio delimita a area afetada. As bordas sao espelhadas.	Twists the image around a center. Angle controls the spin and radius limits the affected area. The edges are mirrored.	Retuerce la imagen alrededor de un centro. Ángulo controla el giro y radio delimita el área afectada. Los bordes se reflejan.	يلوي الصورة حول مركز. تتحكم الزاوية في الالتفاف ويحدد نصف القطر المنطقة المتأثرة. تُعكس الحواف كالمرآة.	중심을 기준으로 이미지를 비틉니다. 각도는 회전 정도를, 반경은 영향을 받는 영역을 정합니다. 가장자리는 거울처럼 반사됩니다.	中心を軸に画像をねじります。角度でねじれの量を、半径で影響範囲を決めます。縁は鏡像で補われます。	围绕一个中心扭曲图像。角度控制旋转量，半径限定影响区域。边缘以镜像方式填充。	एक केंद्र के चारों ओर छवि को मरोड़ता है। कोण घुमाव को नियंत्रित करता है और त्रिज्या प्रभावित क्षेत्र को सीमित करती है। किनारे दर्पण की तरह दोहराए जाते हैं।	Memuntir gambar di sekitar sebuah pusat. Sudut mengatur putaran dan radius membatasi area yang terpengaruh. Tepi dicerminkan.	Закручивает изображение вокруг центра. Угол управляет поворотом, а радиус ограничивает затрагиваемую область. Края зеркально отражаются.
Torcer	Twist	Torcer	التواء	비틀기	ねじる	扭转	मरोड़	Puntir	Скрутка
Transcrevendo	Transcribing	Transcribiendo	جارٍ التفريغ النصي	텍스트로 변환 중	文字起こし中	正在转录	ट्रांसक्राइब हो रहा है	Mentranskripsi	Расшифровка
Transforma um fundo preto em transparência e desmultiplica a cor. Limiar e suavidade ajustam o recorte; não substitui uma máscara para fundos complexos.	Turns a black background into transparency and unmultiplies the color. Threshold and softness adjust the cutout; it doesn't replace a mask for complex backgrounds.	Convierte un fondo negro en transparencia y desmultiplica el color. Umbral y suavidad ajustan el recorte; no sustituye a una máscara en fondos complejos.	يحوّل الخلفية السوداء إلى شفافية ويلغي مضاعفة اللون. تضبط العتبة والنعومة القص؛ ولا يغني عن القناع في الخلفيات المعقدة.	검은 배경을 투명하게 바꾸고 색상의 곱셈을 되돌립니다. 임계값과 부드러움으로 잘라내기를 조절합니다. 복잡한 배경에서는 마스크를 대신하지 못합니다.	黒い背景を透明にし、色の乗算を解除します。しきい値と柔らかさで切り抜きを調整します。複雑な背景ではマスクの代わりにはなりません。	将黑色背景转换为透明并反预乘颜色。阈值和柔和度调整抠图；对于复杂背景，它不能替代蒙版。	काली पृष्ठभूमि को पारदर्शिता में बदलता है और रंग का अन-मल्टीप्लाई करता है। थ्रेशोल्ड और कोमलता कटआउट को समायोजित करते हैं; जटिल पृष्ठभूमि के लिए यह मास्क की जगह नहीं लेता।	Mengubah latar hitam menjadi transparan dan membatalkan pengalian warna. Ambang dan kelembutan menyesuaikan potongan; tidak menggantikan masker untuk latar yang rumit.	Превращает чёрный фон в прозрачность и снимает умножение цвета. Порог и мягкость настраивают вырез; для сложных фонов маску это не заменит.
Transparente	Transparent	Transparente	شفاف	투명	透明	透明	पारदर्शी	Transparan	Прозрачный
Tras	Back	Atrás	خلف	후면	背面	后视	पीछे	Belakang	Сзади
Tratando audio	Processing audio	Procesando audio	جارٍ معالجة الصوت	오디오 처리 중	音声を処理中	正在处理音频	ऑडियो प्रोसेस हो रहा है	Memproses audio	Обработка аудио
Tremer	Shake	Temblar	اهتزاز	흔들림	揺れ	抖动	कंपन	Goyang	Тряска
Tremilique	Jitter	Tembleque	ارتجاف	떨림	ジッター	颤动	थरथराहट	Gemetar	Дрожь
Triangulo	Triangle	Triángulo	مثلث	삼각형	三角形	三角形	त्रिभुज	Segitiga	Треугольник
Trilha da referencia	Reference track	Pista de referencia	مسار المرجع	참조 트랙	リファレンストラック	参考轨道	संदर्भ ट्रैक	Trek referensi	Референсная дорожка
Tripe	Tripod	Trípode	حامل ثلاثي	삼각대	三脚	三脚架	ट्राइपॉड	Tripod	Штатив
Tripé / panorâmica	Tripod / pan	Trípode / panorámica	حامل ثلاثي / تحريك أفقي	삼각대 / 팬	三脚 / パン	三脚架 / 摇镜	ट्राइपॉड / पैन	Tripod / pan	Штатив / панорамирование
Tripé ou giro no lugar	Tripod or turn in place	Trípode o giro en el sitio	حامل ثلاثي أو دوران في المكان	삼각대 또는 제자리 회전	三脚またはその場で回転	三脚架或原地旋转	ट्राइपॉड या जगह पर घुमाव	Tripod atau berputar di tempat	Штатив или поворот на месте
Tubo	Tube	Tubo	أنبوب	튜브	チューブ	圆管	ट्यूब	Tabung	Труба
Tudo	All	Todo	الكل	전체	すべて	全部	सब	Semua	Всё
Tudo junto	All together	Todo junto	الكل معًا	모두 함께	すべて同時に	全部一起	सब एक साथ	Semua sekaligus	Всё вместе
Turbulent Displace	Turbulent Displace	Desplazamiento turbulento	إزاحة مضطربة	난기류 변위	タービュレントディスプレイス	湍流置换	टर्ब्युलेंट डिस्प्लेस	Turbulent Displace	Турбулентное смещение
Twirl	Twirl	Remolino	دوامة	돌리기	渦巻き	旋转扭曲	ट्विर्ल	Pusaran	Скручивание
Ultra	Ultra	Ultra	فائق	울트라	ウルトラ	超高	अल्ट्रा	Ultra	Ультра
Um cone de luz, como um refletor.	A cone of light, like a spotlight.	Un cono de luz, como un foco.	مخروط من الضوء، مثل الكشّاف.	스포트라이트처럼 원뿔 모양으로 퍼지는 빛입니다.	スポットライトのような円錐状の光。	锥形光束，像聚光灯一样。	रोशनी का एक शंकु, स्पॉटलाइट की तरह।	Kerucut cahaya, seperti lampu sorot.	Конус света, как прожектор.
Um milhao	One million	Un millón	مليون	백만	100万	一百万	दस लाख	Satu juta	Один миллион
Um no	One node	Un nodo	عقدة واحدة	노드 하나	ノード1つ	一个节点	एक नोड	Satu node	Один узел
Um objeto sólido em cima da superfície.	A solid object on top of the surface.	Un objeto sólido encima de la superficie.	جسم صلب فوق السطح.	표면 위에 놓인 입체 물체입니다.	面の上に置かれた立体オブジェクト。	放在表面上的实体对象。	सतह के ऊपर एक ठोस वस्तु।	Objek padat di atas permukaan.	Сплошной объект поверх поверхности.
Uma direcional, seis spots e oito pontuais, sombra em sete.	One directional, six spots and eight point lights, shadows on seven.	Una direccional, seis focos y ocho puntuales, sombra en siete.	ضوء اتجاهي واحد وستة كشّافات وثمانية أضواء نقطية، مع ظل في سبعة منها.	방향광 하나, 스포트 여섯, 포인트 여덟, 그중 일곱에 그림자.	ディレクショナル1つ、スポット6つ、ポイント8つ、うち7つに影あり。	一盏平行光、六盏聚光灯和八盏点光源，其中七盏带阴影。	एक दिशात्मक, छह स्पॉट और आठ बिंदु प्रकाश, सात पर छाया।	Satu directional, enam spot, dan delapan titik, bayangan pada tujuh.	Один направленный, шесть прожекторов и восемь точечных, тень у семи.
Uma esfera de 720 x 700 numa malha so.	A 720 x 700 sphere in a single mesh.	Una esfera de 720 x 700 en una sola malla.	كرة 720 x 700 في شبكة واحدة.	720 x 700 구 하나를 단일 메시로.	720 x 700 の球を1つのメッシュで。	一个 720 x 700 的球体，单个网格。	एक ही मेश में 720 x 700 का गोला।	Bola 720 x 700 dalam satu mesh.	Сфера 720 x 700 в одной сетке.
Uma placa com o seu texto, deitada na superfície.	A plate with your text, lying flat on the surface.	Una placa con tu texto, tendida sobre la superficie.	لوح يحمل نصك، مستلقٍ على السطح.	표면에 눕혀 놓은, 내 텍스트가 적힌 판입니다.	あなたのテキストを載せた板を面の上に寝かせます。	一块带有你文字的平板，平放在表面上。	आपके टेक्स्ट वाली एक पट्टिका, सतह पर लेटी हुई।	Sebuah pelat berisi teksmu, terbaring di permukaan.	Пластина с вашим текстом, лежащая на поверхности.
Uma placa deitada na superfície.	A plate lying flat on the surface.	Una placa tendida sobre la superficie.	لوح مستلقٍ على السطح.	표면에 눕혀 놓은 판입니다.	面の上に寝かせた板。	一块平放在表面上的平板。	सतह पर लेटी हुई एक पट्टिका।	Sebuah pelat terbaring di permukaan.	Пластина, лежащая на поверхности.
Undo	Undo	Deshacer	تراجع	실행 취소	元に戻す	撤销	पूर्ववत करें	Urungkan	Отменить
Unir	Join	Unir	دمج	결합	結合	合并	मिलाएँ	Gabung	Объединить
Unmult	Unmult	Unmult	Unmult	Unmult	Unmult	Unmult	Unmult	Unmult	Unmult
Unsharp Mask	Unsharp Mask	Máscara de enfoque	قناع إلغاء الحدة	언샵 마스크	アンシャープマスク	USM 锐化	अनशार्प मास्क	Unsharp Mask	Контурная резкость
Utilitário	Utility	Utilidad	أدوات مساعدة	유틸리티	ユーティリティ	实用工具	यूटिलिटी	Utilitas	Служебные
Vendo que tipo de cena é...	Figuring out what kind of scene it is...	Viendo qué tipo de escena es...	جارٍ التعرف على نوع المشهد...	어떤 종류의 장면인지 확인하는 중...	どんなシーンかを確認中...	正在判断这是什么类型的场景...	देख रहे हैं कि यह किस तरह का दृश्य है...	Melihat jenis adegannya...	Определяем, что это за сцена...
Venetian Blinds	Venetian Blinds	Persianas venecianas	ستائر فينيسية	베니션 블라인드	ブラインド	百叶窗	वेनेशियन ब्लाइंड्स	Venetian Blinds	Жалюзи
Verde	Green	Verde	أخضر	녹색	緑	绿色	हरा	Hijau	Зелёный
Vermelho	Red	Rojo	أحمر	빨간색	赤	红色	लाल	Merah	Красный
Vertical	Vertical	Vertical	عمودي	세로	縦	垂直	लंबवत	Vertikal	Вертикально
VHF · Neon Orbit — Aurea	VHF · Neon Orbit — Aurea	VHF · Neon Orbit — Aurea	VHF · Neon Orbit — Aurea	VHF · Neon Orbit — Aurea	VHF · Neon Orbit — Aurea	VHF · Neon Orbit — Aurea	VHF · Neon Orbit — Aurea	VHF · Neon Orbit — Aurea	VHF · Neon Orbit — Aurea
VHF · trilha de referencia	VHF · reference track	VHF · pista de referencia	VHF · مسار المرجع	VHF · 참조 트랙	VHF · リファレンストラック	VHF · 参考轨道	VHF · संदर्भ ट्रैक	VHF · trek referensi	VHF · референсная дорожка
VHS	VHS	VHS	VHS	VHS	VHS	VHS	VHS	VHS	VHS
Vibrance	Vibrance	Intensidad	الحيوية	생동감	自然な彩度	自然饱和度	वाइब्रेंस	Vibrance	Красочность
Vidro	Glass	Vidrio	زجاج	유리	ガラス	玻璃	काँच	Kaca	Стекло
Vidro fosco	Frosted glass	Vidrio esmerilado	زجاج مصنفر	젖빛 유리	すりガラス	磨砂玻璃	फ़्रॉस्टेड काँच	Kaca buram	Матовое стекло
Vignette	Vignette	Viñeta	تظليل الحواف	비네트	ビネット	暗角	विग्नेट	Vignette	Виньетка
Violeta	Violet	Violeta	بنفسجي	보라색	紫	紫色	बैंगनी	Ungu	Фиолетовый
Vir da direita	From the right	Desde la derecha	من اليمين	오른쪽에서 들어오기	右から登場	从右侧进入	दाईं ओर से आना	Dari kanan	Появление справа
Vir da esquerda	From the left	Desde la izquierda	من اليسار	왼쪽에서 들어오기	左から登場	从左侧进入	बाईं ओर से आना	Dari kiri	Появление слева
Viral	Viral	Viral	رائج	바이럴	バイラル	爆款	वायरल	Viral	Вирусный
Virar	Flip	Voltear	قلب	뒤집기	反転	翻转	पलटें	Balik	Перевернуть
Vivid Light	Vivid Light	Luz intensa	ضوء زاهٍ	선명한 라이트	ビビッドライト	亮光	विविड लाइट	Vivid Light	Яркий свет
voce escolheu Sempre CPU nos Ajustes	you chose Always CPU in Settings	elegiste Siempre CPU en Ajustes	اخترت «CPU دائمًا» في الإعدادات	설정에서 항상 CPU를 선택했습니다	設定で「常にCPU」を選択しています	你在设置中选择了始终使用 CPU	आपने सेटिंग में हमेशा CPU चुना है	kamu memilih Selalu CPU di Pengaturan	вы выбрали «Всегда CPU» в настройках
VOID • A última luz	VOID • The last light	VOID • La última luz	VOID • الضوء الأخير	VOID • 마지막 빛	VOID • 最後の光	VOID • 最后的光	VOID • आख़िरी रोशनी	VOID • Cahaya terakhir	VOID • Последний свет
Vínculo	Link	Vínculo	الربط	연결	リンク	关联	लिंक	Tautan	Связь
wave warp	wave warp	deformación de onda	تشويه موجي	웨이브 워프	波形ワープ	波形变形	वेव वार्प	distorsi gelombang	волновая деформация
Wave Warp	Wave Warp	Deformación de onda	تشويه موجي	웨이브 워프	波形ワープ	波形变形	वेव वार्प	Distorsi Gelombang	Волновая деформация
Well Done	Well Done	Well Done	Well Done	Well Done	Well Done	Well Done	Well Done	Well Done	Well Done
whisper.cpp no aparelho. O áudio não sai do celular.	whisper.cpp on the device. The audio never leaves your phone.	whisper.cpp en el dispositivo. El audio no sale del teléfono.	whisper.cpp على الجهاز. لا يغادر الصوت هاتفك.	기기에서 whisper.cpp로 처리합니다. 오디오가 휴대폰 밖으로 나가지 않습니다.	端末上の whisper.cpp で処理します。音声はスマートフォンの外に出ません。	在设备上运行 whisper.cpp。音频不会离开手机。	डिवाइस पर whisper.cpp। ऑडियो फ़ोन से बाहर नहीं जाता।	whisper.cpp di perangkat. Audio tidak keluar dari ponsel.	whisper.cpp на устройстве. Аудио не покидает телефон.
White Balance	White Balance	Balance de blancos	توازن اللون الأبيض	화이트 밸런스	ホワイトバランス	白平衡	व्हाइट बैलेंस	White Balance	Баланс белого
Wiggle	Wiggle	Wiggle	تذبذب	위글	ウィグル	摆动	विगल	Wiggle	Колебание
Wipe	Wipe	Barrido	مسح	닦아내기	ワイプ	擦除	वाइप	Wipe	Вытеснение
YouTube / TV	YouTube / TV	YouTube / TV	YouTube / TV	YouTube / TV	YouTube / TV	YouTube / TV	YouTube / TV	YouTube / TV	YouTube / TV
Zig zag	Zig zag	Zigzag	متعرج	지그재그	ジグザグ	锯齿	ज़िगज़ैग	Zigzag	Зигзаг
Zoom	Zoom	Zoom	زوم	줌	ズーム	缩放	ज़ूम	Zoom	Зум
zoom blur	zoom blur	desenfoque de zoom	تمويه الزوم	줌 블러	ズームブラー	缩放模糊	ज़ूम ब्लर	blur zoom	зум-размытие
Zoom com rastro amostrado. Quantidade define o zoom; rastro alonga a transição espacial; amostras suavizam.	Zoom with a sampled trail. Amount sets the zoom; trail stretches the spatial transition; samples smooth it out.	Zoom con estela muestreada. Cantidad define el zoom; estela alarga la transición espacial; muestras suavizan.	زوم مع أثر مأخوذ بالعينات. تحدد الكمية مقدار الزوم؛ ويطيل الأثر الانتقال المكاني؛ وتنعّم العينات النتيجة.	샘플링된 잔상이 있는 줌입니다. 양은 줌 정도를, 잔상은 공간 전환의 길이를 정하고, 샘플은 결과를 부드럽게 합니다.	サンプリングした残像付きのズーム。量でズームの大きさを、残像で空間的な移行の長さを決め、サンプル数で滑らかにします。	带采样拖尾的缩放。数量决定缩放程度；拖尾拉长空间过渡；采样使其更平滑。	सैंपल किए गए निशान के साथ ज़ूम। मात्रा ज़ूम तय करती है; निशान स्थानिक संक्रमण को लंबा करता है; सैंपल उसे चिकना बनाते हैं।	Zoom dengan jejak tersampel. Jumlah menentukan zoom; jejak memanjangkan transisi spasial; sampel menghaluskan.	Зум со следом из выборок. Величина задаёт зум; след удлиняет пространственный переход; выборки сглаживают.
Zoom de soco	Punch zoom	Zoom de golpe	زوم مفاجئ	펀치 줌	パンチズーム	冲击缩放	पंच ज़ूम	Zoom hentak	Панч-зум
Zoom durante a tomada	Zoom during the shot	Zoom durante la toma	زوم أثناء اللقطة	촬영 중 줌	ショット中のズーム	拍摄过程中变焦	शॉट के दौरान ज़ूम	Zoom selama pengambilan gambar	Зум во время съёмки
Zoom warp	Zoom warp	Deformación de zoom	تشويه الزوم	줌 워프	ズームワープ	缩放变形	ज़ूम वार्प	Distorsi zoom	Зум-деформация
Zoom Warp	Zoom Warp	Deformación de zoom	تشويه الزوم	줌 워프	ズームワープ	缩放变形	ज़ूम वार्प	Distorsi Zoom	Зум-деформация
zoom warp	zoom warp	deformación de zoom	تشويه الزوم	줌 워프	ズームワープ	缩放变形	ज़ूम वार्प	distorsi zoom	зум-деформация
Ótimo	Great	Excelente	ممتاز	매우 좋음	とても良い	极佳	बहुत अच्छा	Sangat baik	Отлично
‹ Folders	‹ Folders	‹ Carpetas	‹ المجلدات	‹ 폴더	‹ フォルダ	‹ 文件夹	‹ फ़ोल्डर	‹ Folder	‹ Папки
‹ Notes	‹ Notes	‹ Notas	‹ الملاحظات	‹ 메모	‹ メモ	‹ 备忘录	‹ नोट्स	‹ Catatan	‹ Заметки
⊖  Done	⊖  Done	⊖  Listo	⊖  تم	⊖  완료	⊖  完了	⊖  完成	⊖  पूरा हुआ	⊖  Selesai	⊖  Готово
Frequencia (Hz)	Frequency (Hz)	Frecuencia (Hz)	التردد (Hz)	주파수 (Hz)	周波数 (Hz)	频率 (Hz)	आवृत्ति (Hz)	Frekuensi (Hz)	Частота (Hz)
Direcao	Direction	Dirección	الاتجاه	방향	方向	方向	दिशा	Arah	Направление
Fase	Phase	Fase	الطور	위상	位相	相位	फ़ेज़	Fase	Фаза
Radius	Radius	Radio	نصف القطر	반경	半径	半径	त्रिज्या	Radius	Радиус
Borda	Edges	Bordes	الحواف	가장자리	エッジ	边缘	किनारे	Tepi	Края
Threshold	Threshold	Umbral	العتبة	임계값	しきい値	阈值	थ्रेशोल्ड	Ambang	Порог
Intensity	Intensity	Intensidad	الشدة	강도	強度	强度	तीव्रता	Intensitas	Интенсивность
Mult R	Mult R	Mult R	مضاعف R	R 배수	R倍率	R 倍数	R गुणक	Pengali R	Множ. R
Mult G	Mult G	Mult G	مضاعف G	G 배수	G倍率	G 倍数	G गुणक	Pengali G	Множ. G
Mult B	Mult B	Mult B	مضاعف B	B 배수	B倍率	B 倍数	B गुणक	Pengali B	Множ. B
Sonho	Dream	Sueño	حلم	꿈	ドリーム	梦幻	सपना	Mimpi	Сон
Exposure	Exposure	Exposición	التعريض	노출	露出	曝光	एक्सपोज़र	Eksposur	Экспозиция
Threshold Mode	Threshold Mode	Modo de umbral	وضع العتبة	임계값 모드	しきい値モード	阈值模式	थ्रेशोल्ड मोड	Mode ambang	Режим порога
Threshold Softness	Threshold Softness	Suavidad del umbral	نعومة العتبة	임계값 부드러움	しきい値の柔らかさ	阈值柔和度	थ्रेशोल्ड कोमलता	Kehalusan ambang	Мягкость порога
Quality	Quality	Calidad	الجودة	품질	品質	质量	गुणवत्ता	Kualitas	Качество
Downsample	Downsample	Submuestreo	تقليل الدقة	다운샘플	ダウンサンプル	降采样	डाउनसैंपल	Downsample	Даунсэмплинг
Glow Mode	Glow Mode	Modo de resplandor	وضع التوهج	글로우 모드	グローモード	发光模式	ग्लो मोड	Mode glow	Режим свечения
Red Radius Multiplier	Red Radius Multiplier	Multiplicador de radio rojo	مضاعف نصف قطر الأحمر	빨강 반경 배수	赤の半径倍率	红色半径倍数	लाल त्रिज्या गुणक	Pengali radius merah	Множитель радиуса красного
Green Radius Multiplier	Green Radius Multiplier	Multiplicador de radio verde	مضاعف نصف قطر الأخضر	녹색 반경 배수	緑の半径倍率	绿色半径倍数	हरा त्रिज्या गुणक	Pengali radius hijau	Множитель радиуса зелёного
Blue Radius Multiplier	Blue Radius Multiplier	Multiplicador de radio azul	مضاعف نصف قطر الأزرق	파랑 반경 배수	青の半径倍率	蓝色半径倍数	नीला त्रिज्या गुणक	Pengali radius biru	Множитель радиуса синего
Tint Mode	Tint Mode	Modo de tinte	وضع الصبغة	색조 모드	色合いモード	色调模式	टिंट मोड	Mode tint	Режим оттенка
Tint Amount	Tint Amount	Cantidad de tinte	مقدار الصبغة	색조 양	色合いの量	色调量	टिंट मात्रा	Jumlah tint	Сила оттенка
Glow Saturation	Glow Saturation	Saturación del resplandor	تشبع التوهج	글로우 채도	グローの彩度	发光饱和度	ग्लो संतृप्ति	Saturasi glow	Насыщенность свечения
Aspect Ratio	Aspect Ratio	Relación de aspecto	نسبة العرض إلى الارتفاع	종횡비	縦横比	宽高比	आस्पेक्ट अनुपात	Rasio aspek	Соотношение сторон
Enable Angle	Enable Angle	Activar ángulo	تفعيل الزاوية	각도 사용	角度を有効化	启用角度	कोण सक्षम करें	Aktifkan sudut	Включить угол
Angle	Angle	Ángulo	الزاوية	각도	角度	角度	कोण	Sudut	Угол
Tonemapping	Tonemapping	Mapeo de tonos	تعيين الدرجات اللونية	톤매핑	トーンマッピング	色调映射	टोनमैपिंग	Tonemapping	Тонмаппинг
Lens Dirt Amount	Lens Dirt Amount	Cantidad de suciedad de lente	مقدار أوساخ العدسة	렌즈 먼지 양	レンズの汚れの量	镜头污渍量	लेंस गंदगी मात्रा	Jumlah kotoran lensa	Грязь на линзе
Noise Reduction	Noise Reduction	Reducción de ruido	تقليل التشويش	노이즈 감소	ノイズ低減	降噪	शोर में कमी	Pengurangan derau	Шумоподавление
Blend Mode	Blend Mode	Modo de fusión	وضع المزج	혼합 모드	ブレンドモード	混合模式	ब्लेंड मोड	Mode pencampuran	Режим наложения
Glow Only	Glow Only	Solo resplandor	التوهج فقط	글로우만	グローのみ	仅发光	केवल ग्लो	Hanya glow	Только свечение
Intenso	Intense	Intenso	شديد	강렬하게	強烈	强烈	तीव्र	Intens	Интенсивный
Style	Style	Estilo	النمط	스타일	スタイル	样式	स्टाइल	Gaya	Стиль
Frequency	Frequency	Frecuencia	التردد	주파수	周波数	频率	आवृत्ति	Frekuensi	Частота
Phase	Phase	Fase	الطور	위상	位相	相位	फ़ेज़	Fase	Фаза
Stillness	Stillness	Quietud	السكون	고요함	静止度	静止度	स्थिरता	Ketenangan	Неподвижность
Twitch Frequency	Twitch Frequency	Frecuencia de tics	تردد النفضات	움찔 빈도	ピクつき頻度	抽动频率	झटका आवृत्ति	Frekuensi kedut	Частота рывков
Drift	Drift	Deriva	الانجراف	드리프트	ドリフト	漂移	ड्रिफ़्ट	Drift	Дрейф
Center Bias	Center Bias	Sesgo al centro	انحياز المركز	중앙 편향	中央バイアス	中心偏向	केंद्र झुकाव	Bias tengah	Смещение к центру
Z Distance	Z Distance	Distancia Z	المسافة Z	Z 거리	Z距離	Z 距离	Z दूरी	Jarak Z	Расстояние Z
Motion Blur	Motion Blur	Desenfoque de movimiento	ضبابية الحركة	모션 블러	モーションブラー	运动模糊	मोशन ब्लर	Motion Blur	Размытие в движении
Blur Length	Blur Length	Longitud del desenfoque	طول الضبابية	블러 길이	ブラーの長さ	模糊长度	ब्लर लंबाई	Panjang blur	Длина размытия
X / Y Edges	X / Y Edges	Bordes X / Y	حواف X / Y	X / Y 가장자리	X / Y エッジ	X / Y 边缘	X / Y किनारे	Tepi X / Y	Края X / Y
X Random Amplitude	X Random Amplitude	Amplitud aleatoria X	السعة العشوائية X	X 무작위 진폭	Xランダム振幅	X 随机振幅	X रैंडम आयाम	Amplitudo acak X	Случайная амплитуда X
X Random Frequency	X Random Frequency	Frecuencia aleatoria X	التردد العشوائي X	X 무작위 주파수	Xランダム周波数	X 随机频率	X रैंडम आवृत्ति	Frekuensi acak X	Случайная частота X
X Wave Amplitude	X Wave Amplitude	Amplitud de onda X	سعة الموجة X	X 웨이브 진폭	Xウェーブ振幅	X 波形振幅	X वेव आयाम	Amplitudo gelombang X	Амплитуда волны X
X Wave Frequency	X Wave Frequency	Frecuencia de onda X	تردد الموجة X	X 웨이브 주파수	Xウェーブ周波数	X 波形频率	X वेव आवृत्ति	Frekuensi gelombang X	Частота волны X
X Phase	X Phase	Fase X	الطور X	X 위상	X位相	X 相位	X फ़ेज़	Fase X	Фаза X
Y Random Amplitude	Y Random Amplitude	Amplitud aleatoria Y	السعة العشوائية Y	Y 무작위 진폭	Yランダム振幅	Y 随机振幅	Y रैंडम आयाम	Amplitudo acak Y	Случайная амплитуда Y
Y Random Frequency	Y Random Frequency	Frecuencia aleatoria Y	التردد العشوائي Y	Y 무작위 주파수	Yランダム周波数	Y 随机频率	Y रैंडम आवृत्ति	Frekuensi acak Y	Случайная частота Y
Y Wave Amplitude	Y Wave Amplitude	Amplitud de onda Y	سعة الموجة Y	Y 웨이브 진폭	Yウェーブ振幅	Y 波形振幅	Y वेव आयाम	Amplitudo gelombang Y	Амплитуда волны Y
Y Wave Frequency	Y Wave Frequency	Frecuencia de onda Y	تردد الموجة Y	Y 웨이브 주파수	Yウェーブ周波数	Y 波形频率	Y वेव आवृत्ति	Frekuensi gelombang Y	Частота волны Y
Y Phase	Y Phase	Fase Y	الطور Y	Y 위상	Y位相	Y 相位	Y फ़ेज़	Fase Y	Фаза Y
Z Random Amplitude	Z Random Amplitude	Amplitud aleatoria Z	السعة العشوائية Z	Z 무작위 진폭	Zランダム振幅	Z 随机振幅	Z रैंडम आयाम	Amplitudo acak Z	Случайная амплитуда Z
Z Random Frequency	Z Random Frequency	Frecuencia aleatoria Z	التردد العشوائي Z	Z 무작위 주파수	Zランダム周波数	Z 随机频率	Z रैंडम आवृत्ति	Frekuensi acak Z	Случайная частота Z
Z Wave Amplitude	Z Wave Amplitude	Amplitud de onda Z	سعة الموجة Z	Z 웨이브 진폭	Zウェーブ振幅	Z 波形振幅	Z वेव आयाम	Amplitudo gelombang Z	Амплитуда волны Z
Z Wave Frequency	Z Wave Frequency	Frecuencia de onda Z	تردد الموجة Z	Z 웨이브 주파수	Zウェーブ周波数	Z 波形频率	Z वेव आवृत्ति	Frekuensi gelombang Z	Частота волны Z
Z Phase	Z Phase	Fase Z	الطور Z	Z 위상	Z位相	Z 相位	Z फ़ेज़	Fase Z	Фаза Z
Tilt Random Amplitude	Tilt Random Amplitude	Amplitud aleatoria de inclinación	السعة العشوائية للميل	기울기 무작위 진폭	チルトランダム振幅	倾斜随机振幅	टिल्ट रैंडम आयाम	Amplitudo acak kemiringan	Случайная амплитуда наклона
Tilt Random Frequency	Tilt Random Frequency	Frecuencia aleatoria de inclinación	التردد العشوائي للميل	기울기 무작위 주파수	チルトランダム周波数	倾斜随机频率	टिल्ट रैंडम आवृत्ति	Frekuensi acak kemiringan	Случайная частота наклона
Tilt Wave Amplitude	Tilt Wave Amplitude	Amplitud de onda de inclinación	سعة موجة الميل	기울기 웨이브 진폭	チルトウェーブ振幅	倾斜波形振幅	टिल्ट वेव आयाम	Amplitudo gelombang kemiringan	Амплитуда волны наклона
Tilt Wave Frequency	Tilt Wave Frequency	Frecuencia de onda de inclinación	تردد موجة الميل	기울기 웨이브 주파수	チルトウェーブ周波数	倾斜波形频率	टिल्ट वेव आवृत्ति	Frekuensi gelombang kemiringan	Частота волны наклона
Tilt Phase	Tilt Phase	Fase de inclinación	طور الميل	기울기 위상	チルト位相	倾斜相位	टिल्ट फ़ेज़	Fase kemiringan	Фаза наклона
Red Amplitude	Red Amplitude	Amplitud del rojo	سعة الأحمر	빨강 진폭	赤の振幅	红色振幅	लाल आयाम	Amplitudo merah	Амплитуда красного
Green Amplitude	Green Amplitude	Amplitud del verde	سعة الأخضر	녹색 진폭	緑の振幅	绿色振幅	हरा आयाम	Amplitudo hijau	Амплитуда зелёного
Blue Amplitude	Blue Amplitude	Amplitud del azul	سعة الأزرق	파랑 진폭	青の振幅	蓝色振幅	नीला आयाम	Amplitudo biru	Амплитуда синего
Red Phase	Red Phase	Fase del rojo	طور الأحمر	빨강 위상	赤の位相	红色相位	लाल फ़ेज़	Fase merah	Фаза красного
Green Phase	Green Phase	Fase del verde	طور الأخضر	녹색 위상	緑の位相	绿色相位	हरा फ़ेज़	Fase hijau	Фаза зелёного
Blue Phase	Blue Phase	Fase del azul	طور الأزرق	파랑 위상	青の位相	蓝色相位	नीला फ़ेज़	Fase biru	Фаза синего
RGB Randomness	RGB Randomness	Aleatoriedad RGB	عشوائية RGB	RGB 무작위성	RGBランダム性	RGB 随机性	RGB रैंडमनेस	Keacakan RGB	Случайность RGB
RGB Frequency	RGB Frequency	Frecuencia RGB	تردد RGB	RGB 주파수	RGB周波数	RGB 频率	RGB आवृत्ति	Frekuensi RGB	Частота RGB
Nervoso	Nervous	Nervioso	متوتر	떨림	神経質	紧张	बेचैन	Gugup	Нервный
Quantidade	Amount	Cantidad	المقدار	양	量	数量	मात्रा	Jumlah	Величина
Deslize	Slide	Deslizamiento	انزلاق	슬라이드	スライド	滑动	स्लाइड	Geser	Сдвиг
Separacao RGB	RGB Split	Separación RGB	فصل RGB	RGB 분리	RGB分離	RGB分离	RGB स्प्लिट	Pemisahan RGB	Разделение RGB
Caotico	Chaotic	Caótico	فوضوي	혼돈	カオス	混乱	अराजक	Kacau	Хаотичный
Amount	Amount	Cantidad	المقدار	양	量	数量	मात्रा	Jumlah	Величина
Canais	Channels	Canales	القنوات	채널	チャンネル	通道	चैनल	Kanal	Каналы
Suavizar borda	Soften edge	Suavizar borde	تنعيم الحافة	가장자리 부드럽게	エッジを滑らかに	柔化边缘	किनारा नरम करें	Haluskan tepi	Смягчить край
Edit	Edit	Edit	تحرير	에딧	エディット	剪辑	एडिट	Edit	Эдит
Extremo	Extreme	Extremo	أقصى	익스트림	エクストリーム	极端	चरम	Ekstrem	Экстремальный
Ecos	Echoes	Ecos	الأصداء	에코 수	エコー数	回声数	इको	Echo	Эхо
Matiz/copia	Hue/copy	Tono/copia	درجة اللون/نسخة	색조/복사본	色相/コピー	色相/副本	ह्यू/प्रति	Hue/salinan	Оттенок/копия
Curto	Short	Corto	قصير	짧게	短い	短	छोटा	Pendek	Короткий
Longo	Long	Largo	طويل	길게	長い	长	लंबा	Panjang	Длинный
Copias	Copies	Copias	النسخ	복사본 수	コピー数	副本数	प्रतियाँ	Salinan	Копии
Desloc X	Offset X	Desplaz. X	الإزاحة X	X 오프셋	Xオフセット	X 偏移	X ऑफ़सेट	Offset X	Смещение X
Desloc Y	Offset Y	Desplaz. Y	الإزاحة Y	Y 오프셋	Yオフセット	Y 偏移	Y ऑफ़सेट	Offset Y	Смещение Y
Escala/copia	Scale/copy	Escala/copia	المقياس/نسخة	배율/복사본	スケール/コピー	缩放/副本	स्केल/प्रति	Skala/salinan	Масштаб/копия
Rot/copia	Rot/copy	Rot/copia	الدوران/نسخة	회전/복사본	回転/コピー	旋转/副本	घुमाव/प्रति	Rotasi/salinan	Вращение/копия
Poucas	Few	Pocas	قليلة	적게	少なめ	少	कम	Sedikit	Мало
Muitas	Many	Muchas	كثيرة	많게	多め	多	ज़्यादा	Banyak	Много
Gama	Gamma	Gamma	غاما	감마	ガンマ	伽马	गामा	Gamma	Гамма
Saida min	Output min	Salida mín.	أدنى الإخراج	출력 최소	出力最小	输出最小值	आउटपुट न्यूनतम	Output min	Выход мин.
Saida max	Output max	Salida máx.	أقصى الإخراج	출력 최대	出力最大	输出最大值	आउटपुट अधिकतम	Output maks	Выход макс.
Canal	Channel	Canal	القناة	채널	チャンネル	通道	चैनल	Kanal	Канал
Contraste	Contrast	Contraste	التباين	대비	コントラスト	对比度	कंट्रास्ट	Kontras	Контраст
Contraste S	S contrast	Contraste S	تباين S	S 대비	Sコントラスト	S 对比度	S कंट्रास्ट	Kontras S	S-контраст
Levantar sombras	Lift shadows	Levantar sombras	رفع الظلال	그림자 올리기	シャドウを上げる	提亮阴影	छाया उठाएँ	Naikkan bayangan	Поднять тени
Baixar altas	Lower highlights	Bajar luces altas	خفض الإضاءات العالية	밝은 영역 낮추기	ハイライトを下げる	压低高光	हाइलाइट्स घटाएँ	Turunkan sorotan	Опустить света
Vibracao	Vibrance	Intensidad	الحيوية	생동감	自然な彩度	自然饱和度	वाइब्रेंस	Vibrance	Красочность
Protecao de pele	Skin protection	Protección de piel	حماية البشرة	피부 보호	肌の保護	肤色保护	त्वचा सुरक्षा	Perlindungan kulit	Защита кожи
Temperatura	Temperature	Temperatura	درجة الحرارة	색온도	色温度	色温	तापमान	Suhu	Температура
Quente	Warm	Cálido	دافئ	따뜻하게	ウォーム	暖色	गर्म	Hangat	Тёплый
Neutro	Neutral	Neutro	محايد	중립	ニュートラル	中性	न्यूट्रल	Netral	Нейтральный
Sombras R	Shadows R	Sombras R	الظلال R	그림자 R	シャドウ R	阴影 R	छाया R	Bayangan R	Тени R
Sombras G	Shadows G	Sombras G	الظلال G	그림자 G	シャドウ G	阴影 G	छाया G	Bayangan G	Тени G
Sombras B	Shadows B	Sombras B	الظلال B	그림자 B	シャドウ B	阴影 B	छाया B	Bayangan B	Тени B
Altas R	Highlights R	Luces R	الإضاءات R	하이라이트 R	ハイライト R	高光 R	हाइलाइट R	Sorotan R	Света R
Altas G	Highlights G	Luces G	الإضاءات G	하이라이트 G	ハイライト G	高光 G	हाइलाइट G	Sorotan G	Света G
Altas B	Highlights B	Luces B	الإضاءات B	하이라이트 B	ハイライト B	高光 B	हाइलाइट B	Sorotan B	Света B
Teal e laranja	Teal and orange	Teal y naranja	أزرق مخضر وبرتقالي	틸 앤 오렌지	ティール＆オレンジ	青橙色调	टील और ऑरेंज	Teal dan oranye	Бирюзовый и оранжевый
Softness	Softness	Suavidad	النعومة	부드러움	柔らかさ	柔和度	कोमलता	Kelembutan	Мягкость
Centro X	Center X	Centro X	المركز X	중심 X	中心 X	中心 X	केंद्र X	Pusat X	Центр X
Centro Y	Center Y	Centro Y	المركز Y	중심 Y	中心 Y	中心 Y	केंद्र Y	Pusat Y	Центр Y
Dura	Hard	Dura	حادة	하드	ハード	硬	हार्ड	Keras	Жёсткая
Comprimento	Length	Longitud	الطول	길이	長さ	长度	लंबाई	Panjang	Длина
Modo	Mode	Modo	الوضع	모드	モード	模式	मोड	Mode	Режим
Origem X	Origin X	Origen X	المصدر X	원점 X	原点 X	原点 X	मूल बिंदु X	Asal X	Источник X
Origem Y	Origin Y	Origen Y	المصدر Y	원점 Y	原点 Y	原点 Y	मूल बिंदु Y	Asal Y	Источник Y
Blocos	Blocks	Bloques	الكتل	블록	ブロック	块	ब्लॉक	Blok	Блоки
Fino	Fine	Fino	ناعم	미세하게	細かい	细	बारीक	Halus	Мелкий
Grosso	Coarse	Grueso	خشن	거칠게	粗い	粗	मोटा	Kasar	Крупный
Complexidade	Complexity	Complejidad	التعقيد	복잡도	複雑度	复杂度	जटिलता	Kompleksitas	Сложность
Evolucao	Evolution	Evolución	التطور	진화	展開	演化	इवोल्यूशन	Evolusi	Эволюция
Denso	Dense	Denso	كثيف	조밀하게	密	密集	घना	Padat	Плотный
Deslocamento	Offset	Desplazamiento	الإزاحة	오프셋	オフセット	偏移	ऑफ़सेट	Offset	Смещение
Corrupcao de cor	Color corruption	Corrupción de color	تلف الألوان	색상 손상	色の破損	色彩损坏	रंग विकृति	Kerusakan warna	Искажение цвета
Pesado	Heavy	Intenso	ثقيل	강하게	ヘビー	重度	भारी	Berat	Сильный
Rastro	Trail	Estela	الأثر	잔상	残像	拖尾	ट्रेल	Jejak	След
Tolerancia	Tolerance	Tolerancia	التسامح	허용치	許容量	容差	सहनशीलता	Toleransi	Допуск
Difusao da borda	Edge feather	Calado de bordes	تنعيم الحواف	가장자리 페더	エッジのぼかし	边缘羽化	किनारा फ़ेदर	Pelunakan tepi	Растушёвка края
Supressao de vazamento	Spill suppression	Supresión de derrame	كبح التسرب	스필 억제	スピル抑制	溢出抑制	स्पिल दमन	Penekanan spill	Подавление засветки
Verde de estudio	Studio green	Verde de estudio	أخضر استوديو	스튜디오 그린	スタジオグリーン	影棚绿	स्टूडियो हरा	Hijau studio	Студийный зелёный
Azul de estudio	Studio blue	Azul de estudio	أزرق استوديو	스튜디오 블루	スタジオブルー	影棚蓝	स्टूडियो नीला	Biru studio	Студийный синий
Borda de cabelo	Hair edge	Borde de cabello	حافة الشعر	머리카락 가장자리	髪のエッジ	发丝边缘	बालों का किनारा	Tepi rambut	Край волос
Difusao	Feather	Calado	تنعيم	페더	ぼかし	羽化	फ़ेदर	Pelunakan	Растушёвка
Fundo branco	White background	Fondo blanco	خلفية بيضاء	흰색 배경	白い背景	白色背景	सफ़ेद पृष्ठभूमि	Latar putih	Белый фон
Misturar com o original	Blend with original	Fusionar con original	المزج مع الأصل	원본과 혼합	元の画像とブレンド	与原始图像混合	मूल के साथ ब्लेंड	Campur dengan asli	Смешать с оригиналом
Contorno	Outline	Contorno	الحدود	윤곽선	輪郭	轮廓	रूपरेखा	Garis tepi	Контур
Desenho	Sketch	Boceto	رسم	스케치	スケッチ	素描	स्केच	Sketsa	Эскиз
Niveis	Levels	Niveles	المستويات	레벨	レベル	级别	स्तर	Tingkat	Уровни
Tempo (s)	Time (s)	Tiempo (s)	الوقت (s)	시간 (s)	時間 (s)	时间 (s)	समय (s)	Waktu (s)	Время (s)
Meio	Middle	Medio	الوسط	중간	中間	中间	मध्य	Tengah	Середина
Mode	Mode	Modo	الوضع	모드	モード	模式	मोड	Mode	Режим
Sort Angle	Sort Angle	Ángulo de ordenación	زاوية الفرز	정렬 각도	ソート角度	排序角度	सॉर्ट कोण	Sudut pengurutan	Угол сортировки
Direction	Direction	Dirección	الاتجاه	방향	方向	方向	दिशा	Arah	Направление
Reverse Sort	Reverse Sort	Orden inverso	فرز عكسي	역순 정렬	逆順ソート	反向排序	उल्टा सॉर्ट	Urutan terbalik	Обратная сортировка
Random Restart	Random Restart	Reinicio aleatorio	إعادة بدء عشوائية	무작위 재시작	ランダム再開	随机重启	रैंडम रीस्टार्ट	Mulai ulang acak	Случайный перезапуск
Blend With Original	Blend With Original	Fusionar con original	المزج مع الأصل	원본과 혼합	元の画像とブレンド	与原始图像混合	मूल के साथ ब्लेंड	Campur dengan asli	Смешать с оригиналом
Sort By	Sort By	Ordenar por	فرز حسب	정렬 기준	並べ替え基準	排序依据	सॉर्ट आधार	Urutkan berdasarkan	Сортировать по
Sort Resolution	Sort Resolution	Resolución de ordenación	دقة الفرز	정렬 해상도	ソート解像度	排序分辨率	सॉर्ट रिज़ॉल्यूशन	Resolusi pengurutan	Разрешение сортировки
Blur Threshold Matte	Blur Threshold Matte	Desenfocar mate de umbral	تمويه قناع العتبة	임계값 매트 흐림	しきい値マットをぼかす	模糊阈值遮罩	थ्रेशोल्ड मैट ब्लर	Buramkan matte ambang	Размыть маску порога
Show	Show	Mostrar	عرض	표시	表示	显示	दिखाएँ	Tampilkan	Показать
Soft Edges	Soft Edges	Bordes suaves	حواف ناعمة	부드러운 가장자리	ソフトエッジ	柔和边缘	नरम किनारे	Tepi lembut	Мягкие края
Center X	Center X	Centro X	المركز X	중심 X	中心 X	中心 X	केंद्र X	Pusat X	Центр X
Center Y	Center Y	Centro Y	المركز Y	중심 Y	中心 Y	中心 Y	केंद्र Y	Pusat Y	Центр Y
Start Angle	Start Angle	Ángulo inicial	زاوية البداية	시작 각도	開始角度	起始角度	प्रारंभ कोण	Sudut awal	Начальный угол
Degrees Sorted	Degrees Sorted	Grados ordenados	الدرجات المفروزة	정렬 각도 범위	ソート角度範囲	排序角度范围	सॉर्ट की गई डिग्री	Derajat diurutkan	Градусы сортировки
Inner Radius	Inner Radius	Radio interior	نصف القطر الداخلي	내부 반경	内側の半径	内半径	भीतरी त्रिज्या	Radius dalam	Внутренний радиус
Radius Length	Radius Length	Longitud del radio	طول نصف القطر	반경 길이	半径の長さ	半径长度	त्रिज्या लंबाई	Panjang radius	Длина радиуса
Radius Variation	Radius Variation	Variación del radio	تباين نصف القطر	반경 변화	半径のばらつき	半径变化	त्रिज्या भिन्नता	Variasi radius	Вариация радиуса
Start Variation	Start Variation	Variación inicial	تباين البداية	시작 변화	開始のばらつき	起始变化	प्रारंभ भिन्नता	Variasi awal	Вариация начала
Thickness	Thickness	Grosor	السماكة	두께	太さ	粗细	मोटाई	Ketebalan	Толщина
Detect By	Detect By	Detectar por	الكشف حسب	감지 기준	検出基準	检测依据	पहचान आधार	Deteksi berdasarkan	Обнаруживать по
Sensitivity	Sensitivity	Sensibilidad	الحساسية	감도	感度	灵敏度	संवेदनशीलता	Sensitivitas	Чувствительность
Min Blob Size	Min Blob Size	Tamaño mín. de blob	أصغر حجم للكتلة	최소 블롭 크기	最小ブロブサイズ	最小斑块大小	न्यूनतम ब्लॉब आकार	Ukuran blob min.	Мин. размер пятна
Max Blob Size	Max Blob Size	Tamaño máx. de blob	أكبر حجم للكتلة	최대 블롭 크기	最大ブロブサイズ	最大斑块大小	अधिकतम ब्लॉब आकार	Ukuran blob maks.	Макс. размер пятна
Max Blobs	Max Blobs	Blobs máx.	الحد الأقصى للكتل	최대 블롭 수	最大ブロブ数	最大斑块数	अधिकतम ब्लॉब	Blob maks.	Макс. пятен
Merge Distance	Merge Distance	Distancia de fusión	مسافة الدمج	병합 거리	結合距離	合并距离	मर्ज दूरी	Jarak penggabungan	Дистанция слияния
Persistence	Persistence	Persistencia	الاستمرارية	지속성	持続性	持续性	स्थायित्व	Persistensi	Устойчивость
Smoothing	Smoothing	Suavizado	التنعيم	스무딩	スムージング	平滑	स्मूदिंग	Penghalusan	Сглаживание
Show Center Marker	Show Center Marker	Mostrar marcador central	عرض علامة المركز	중심 마커 표시	中心マーカーを表示	显示中心标记	केंद्र मार्कर दिखाएँ	Tampilkan penanda pusat	Показать маркер центра
Show Connecting Lines	Show Connecting Lines	Mostrar líneas de conexión	عرض خطوط الربط	연결선 표시	接続線を表示	显示连接线	कनेक्टिंग लाइनें दिखाएँ	Tampilkan garis penghubung	Показать соединительные линии
Line Type	Line Type	Tipo de línea	نوع الخط	선 유형	線の種類	线条类型	लाइन प्रकार	Jenis garis	Тип линии
Line Style	Line Style	Estilo de línea	نمط الخط	선 스타일	線のスタイル	线条样式	लाइन शैली	Gaya garis	Стиль линии
Palette	Palette	Paleta	لوحة الألوان	팔레트	パレット	调色板	पैलेट	Palet	Палитра
Opacity	Opacity	Opacidad	العتامة	불투명도	不透明度	不透明度	अपारदर्शिता	Opasitas	Непрозрачность
Fill	Fill	Relleno	تعبئة	채우기	塗り	填充	भराव	Isian	Заливка
Corner Length	Corner Length	Longitud de esquina	طول الزاوية	모서리 길이	コーナーの長さ	边角长度	कोने की लंबाई	Panjang sudut	Длина угла
Show Caption	Show Caption	Mostrar leyenda	عرض التسمية	캡션 표시	キャプションを表示	显示标注	कैप्शन दिखाएँ	Tampilkan keterangan	Показать подпись
Caption Content	Caption Content	Contenido de la leyenda	محتوى التسمية	캡션 내용	キャプションの内容	标注内容	कैप्शन सामग्री	Isi keterangan	Содержимое подписи
ID	ID	ID	ID	ID	ID	ID	ID	ID	ID
Caption Position	Caption Position	Posición de la leyenda	موضع التسمية	캡션 위치	キャプションの位置	标注位置	कैप्शन स्थिति	Posisi keterangan	Положение подписи
Font Size	Font Size	Tamaño de fuente	حجم الخط	글꼴 크기	フォントサイズ	字体大小	फ़ॉन्ट आकार	Ukuran font	Размер шрифта
Overlay Only	Overlay Only	Solo superposición	التراكب فقط	오버레이만	オーバーレイのみ	仅叠加	केवल ओवरले	Hanya overlay	Только наложение
Poucos	Few	Pocos	قليل	적게	少なめ	少	कम	Sedikit	Мало
Muitos	Many	Muchos	كثير	많게	多め	多	अधिक	Banyak	Много
Tile Center X	Tile Center X	Centro del mosaico X	مركز البلاطة X	타일 중심 X	タイルの中心 X	拼贴中心 X	टाइल केंद्र X	Pusat ubin X	Центр плитки X
Tile Center Y	Tile Center Y	Centro del mosaico Y	مركز البلاطة Y	타일 중심 Y	タイルの中心 Y	拼贴中心 Y	टाइल केंद्र Y	Pusat ubin Y	Центр плитки Y
Tile Width	Tile Width	Anchura del mosaico	عرض البلاطة	타일 너비	タイルの幅	拼贴宽度	टाइल चौड़ाई	Lebar ubin	Ширина плитки
Tile Height	Tile Height	Altura del mosaico	ارتفاع البلاطة	타일 높이	タイルの高さ	拼贴高度	टाइल ऊँचाई	Tinggi ubin	Высота плитки
Output Width	Output Width	Anchura de salida	عرض الإخراج	출력 너비	出力の幅	输出宽度	आउटपुट चौड़ाई	Lebar keluaran	Ширина вывода
Output Height	Output Height	Altura de salida	ارتفاع الإخراج	출력 높이	出力の高さ	输出高度	आउटपुट ऊँचाई	Tinggi keluaran	Высота вывода
Mirror Edges	Mirror Edges	Reflejar bordes	عكس الحواف	가장자리 미러	エッジをミラー	镜像边缘	किनारे मिरर करें	Cerminkan tepi	Зеркальные края
Horizontal Phase Shift	Horizontal Phase Shift	Cambio de fase horizontal	إزاحة الطور الأفقية	수평 위상 이동	水平位相シフト	水平位相转换	क्षैतिज फ़ेज़ शिफ़्ट	Pergeseran fase horizontal	Горизонтальный сдвиг фазы
Ladrilho 2x2	Tile 2x2	Mosaico 2x2	بلاط 2x2	타일 2x2	タイル 2x2	拼贴 2x2	टाइल 2x2	Ubin 2x2	Плитка 2x2
Ladrilho 3x3	Tile 3x3	Mosaico 3x3	بلاط 3x3	타일 3x3	タイル 3x3	拼贴 3x3	टाइल 3x3	Ubin 3x3	Плитка 3x3
Espelhado	Mirrored	Espejado	معكوس	미러링	ミラー	镜像	मिरर	Tercermin	Зеркально
Curvatura	Curvature	Curvatura	الانحناء	곡률	曲率	曲率	वक्रता	Kelengkungan	Кривизна
Ancora	Anchor	Ancla	المرساة	기준점	アンカー	锚点	एंकर	Jangkar	Якорь
Dispersao	Scatter	Dispersión	التشتت	분산	スキャター	散射	बिखराव	Sebaran	Рассеивание
Grao	Grain	Grano	الحبيبات	그레인	グレイン	颗粒	ग्रेन	Butiran	Зерно
Transferencia	Transfer	Transferencia	النقل	전송	転送	转移	ट्रांसफ़र	Transfer	Перенос
Gravidade	Gravity	Gravedad	الجاذبية	중력	重力	重力	गुरुत्व	Gravitasi	Гравитация
Divisao	Split	División	التقسيم	분할	分割	分割	विभाजन	Pemisahan	Разделение
Sangramento	Bleed	Sangrado	النزيف	번짐	にじみ	溢色	ब्लीड	Rembesan	Растекание
Tremor	Jitter	Temblor	الاهتزاز	떨림	揺れ	抖动	कंपन	Getaran	Дрожание
Ruido	Noise	Ruido	التشويش	노이즈	ノイズ	噪点	शोर	Derau	Шум
Desbotar	Fade	Desteñir	بهتان	바램	色あせ	褪色	फीका करें	Pudar	Выцветание
Poeira	Dust	Polvo	الغبار	먼지	ホコリ	灰尘	धूल	Debu	Пыль
Riscos	Scratches	Rayones	خدوش	스크래치	スクラッチ	划痕	खरोंच	Goresan	Царапины
Cintilacao	Flicker	Parpadeo	وميض	깜빡임	ちらつき	闪烁	टिमटिमाहट	Kedipan	Мерцание
Granulacao	Grain	Grano	الحبيبات	그레인	グレイン	颗粒	ग्रेन	Butiran	Зернистость
Queimado	Burn	Quemado	احتراق	필름 번	焼け	烧灼	बर्न	Terbakar	Прожог
Salto de quadro	Frame skip	Salto de fotograma	تخطي الإطارات	프레임 건너뛰기	コマ飛び	跳帧	फ़्रेम स्किप	Lompatan frame	Пропуск кадров
Separacao de cor	Color separation	Separación de color	فصل الألوان	색 분리	色ずれ	色彩分离	रंग विभाजन	Pemisahan warna	Разделение цветов
Linhas de erro	Error lines	Líneas de error	خطوط الخطأ	오류 라인	エラーライン	错误线条	एरर लाइनें	Garis error	Линии ошибок
Age em	Affects	Afecta a	يؤثر على	적용 대상	対象	作用于	प्रभावित करता है	Berlaku pada	Влияет на
Mescla	Blend	Fusión	المزج	혼합	ブレンド	混合	ब्लेंड	Pencampuran	Наложение
Diagonal	Diagonal	Diagonal	قطري	대각선	斜め	对角线	विकर्ण	Diagonal	Диагональ
Saturacao (%)	Saturation (%)	Saturación (%)	التشبع (%)	채도 (%)	彩度 (%)	饱和度 (%)	संतृप्ति (%)	Saturasi (%)	Насыщенность (%)
Brilho (%)	Brightness (%)	Brillo (%)	السطوع (%)	밝기 (%)	明るさ (%)	亮度 (%)	चमक (%)	Kecerahan (%)	Яркость (%)
Refracao	Refraction	Refracción	الانكسار	굴절	屈折	折射	अपवर्तन	Refraksi	Преломление
Brilho da borda	Edge glow	Brillo del borde	توهج الحافة	가장자리 글로우	エッジグロー	边缘发光	किनारे का ग्लो	Glow tepi	Свечение края
Tingir	Tint	Tinte	تلوين	색조	色合い	色调	टिंट	Tint	Оттенок
Folga	Padding	Holgura	الحشو	여백	余白	内边距	पैडिंग	Padding	Отступ
Vidro claro	Clear glass	Vidrio claro	زجاج شفاف	투명 유리	クリアガラス	透明玻璃	साफ़ काँच	Kaca bening	Прозрачное стекло
Vidro escuro	Dark glass	Vidrio oscuro	زجاج داكن	어두운 유리	ダークガラス	深色玻璃	गहरा काँच	Kaca gelap	Тёмное стекло
Exposicao	Exposure	Exposición	التعريض	노출	露出	曝光	एक्सपोज़र	Eksposur	Экспозиция
Verde / magenta	Green / magenta	Verde / magenta	أخضر / أرجواني	녹색 / 마젠타	緑 / マゼンタ	绿色 / 洋红	हरा / मैजेंटा	Hijau / magenta	Зелёный / пурпурный
Motion Blur Samples	Motion Blur Samples	Muestras de desenfoque de movimiento	عينات تمويه الحركة	모션 블러 샘플	モーションブラーのサンプル数	运动模糊采样	मोशन ब्लर सैंपल	Sampel motion blur	Сэмплы размытия движения
Shutter Angle	Shutter Angle	Ángulo del obturador	زاوية الغالق	셔터 각도	シャッター角度	快门角度	शटर कोण	Sudut rana	Угол затвора
Native Motion Blur	Native Motion Blur	Desenfoque de movimiento nativo	تمويه الحركة الأصلي	네이티브 모션 블러	ネイティブモーションブラー	原生运动模糊	नेटिव मोशन ब्लर	Motion blur bawaan	Встроенное размытие движения
On	On	Activado	تشغيل	켜기	オン	开	चालू	Aktif	Вкл.
Mistura	Mix	Mezcla	الخلط	믹스	ミックス	混合	मिक्स	Mix	Смешивание
Segmentos	Segments	Segmentos	المقاطع	세그먼트	セグメント	分段	सेगमेंट	Segmen	Сегменты
Conclusao	Completion	Finalización	الاكتمال	완료	完了	完成	पूर्णता	Penyelesaian	Завершение
Faixas	Stripes	Franjas	الشرائط	줄무늬	ストライプ	条纹	पट्टियाँ	Garis	Полосы
Eixo Y	Y axis	Eje Y	المحور Y	Y축	Y軸	Y 轴	Y अक्ष	Sumbu Y	Ось Y
Backwards · Reverso	Backwards · Reverse	Backwards · Inverso	Backwards · عكسي	Backwards · 역방향	Backwards · リバース	Backwards · 反向	Backwards · उल्टा	Backwards · Terbalik	Backwards · Реверс
Trocar canais	Swap channels	Intercambiar canales	تبديل القنوات	채널 교체	チャンネルを入れ替え	交换声道	चैनल बदलें	Tukar kanal	Поменять каналы
Graves (dB)	Bass (dB)	Graves (dB)	الجهير (dB)	저음 (dB)	低音 (dB)	低音 (dB)	बास (dB)	Bas (dB)	Басы (dB)
Agudos (dB)	Treble (dB)	Agudos (dB)	الترددات العالية (dB)	고음 (dB)	高音 (dB)	高音 (dB)	ट्रेबल (dB)	Treble (dB)	Высокие частоты (dB)
Compressor	Compressor	Compresor	الضاغط	컴프레서	コンプレッサー	压缩器	कंप्रेसर	Kompresor	Компрессор
Limiar (dB)	Threshold (dB)	Umbral (dB)	العتبة (dB)	임계값 (dB)	しきい値 (dB)	阈值 (dB)	थ्रेशोल्ड (dB)	Ambang (dB)	Порог (dB)
Razao	Ratio	Relación	النسبة	비율	比率	比率	अनुपात	Rasio	Коэффициент
Joelho (dB)	Knee (dB)	Rodilla (dB)	الركبة (dB)	니 (dB)	ニー (dB)	拐点 (dB)	नी (dB)	Knee (dB)	Колено (dB)
Ataque (ms)	Attack (ms)	Ataque (ms)	الهجوم (ms)	어택 (ms)	アタック (ms)	起音 (ms)	अटैक (ms)	Attack (ms)	Атака (ms)
Soltura (ms)	Release (ms)	Liberación (ms)	التحرير (ms)	릴리즈 (ms)	リリース (ms)	释放 (ms)	रिलीज़ (ms)	Release (ms)	Релиз (ms)
Compensacao (dB)	Makeup gain (dB)	Compensación (dB)	التعويض (dB)	메이크업 (dB)	メイクアップ (dB)	补偿 (dB)	मेकअप गेन (dB)	Kompensasi (dB)	Компенсация (dB)
Limite de saida (dB)	Output limit (dB)	Límite de salida (dB)	حد الخرج (dB)	출력 한도 (dB)	出力上限 (dB)	输出上限 (dB)	आउटपुट सीमा (dB)	Batas keluaran (dB)	Предел выхода (dB)
Delay · Eco	Delay · Echo	Delay · Eco	Delay · صدى	Delay · 에코	Delay · エコー	Delay · 回声	Delay · इको	Delay · Gema	Delay · Эхо
Tempo (ms)	Time (ms)	Tiempo (ms)	الوقت (ms)	시간 (ms)	時間 (ms)	时间 (ms)	समय (ms)	Waktu (ms)	Время (ms)
Primeiro eco (%)	First echo (%)	Primer eco (%)	الصدى الأول (%)	첫 번째 에코 (%)	最初のエコー (%)	首次回声 (%)	पहला इको (%)	Gema pertama (%)	Первое эхо (%)
Realimentacao (%)	Feedback (%)	Retroalimentación (%)	التغذية الراجعة (%)	피드백 (%)	フィードバック (%)	反馈 (%)	फ़ीडबैक (%)	Feedback (%)	Обратная связь (%)
Original (%)	Original (%)	Original (%)	الأصلي (%)	원본 (%)	オリジナル (%)	原始 (%)	मूल (%)	Asli (%)	Оригинал (%)
Efeito (%)	Effect (%)	Efecto (%)	التأثير (%)	효과 (%)	エフェクト (%)	效果 (%)	इफ़ेक्ट (%)	Efek (%)	Эффект (%)
Distortion · Distorcao	Distortion	Distortion · Distorsión	Distortion · تشويه	Distortion · 디스토션	Distortion · ディストーション	Distortion · 失真	Distortion · डिस्टॉर्शन	Distortion · Distorsi	Distortion · Искажение
Drive (%)	Drive (%)	Drive (%)	درايف (%)	드라이브 (%)	ドライブ (%)	驱动 (%)	ड्राइव (%)	Drive (%)	Драйв (%)
Ganho de entrada (dB)	Input gain (dB)	Ganancia de entrada (dB)	كسب الدخل (dB)	입력 게인 (dB)	入力ゲイン (dB)	输入增益 (dB)	इनपुट गेन (dB)	Gain masukan (dB)	Входное усиление (dB)
Mistura (%)	Mix (%)	Mezcla (%)	الخلط (%)	믹스 (%)	ミックス (%)	混合 (%)	मिक्स (%)	Mix (%)	Микс (%)
Saida (%)	Output (%)	Salida (%)	الخرج (%)	출력 (%)	出力 (%)	输出 (%)	आउटपुट (%)	Keluaran (%)	Выход (%)
Resolucao (bits)	Resolution (bits)	Resolución (bits)	الدقة (bits)	해상도 (bits)	解像度 (bits)	分辨率 (bits)	रिज़ॉल्यूशन (bits)	Resolusi (bits)	Разрешение (bits)
Flange & Chorus	Flange & Chorus	Flange & Chorus	فلانج وكورس	플랜지 & 코러스	フランジ & コーラス	镶边与合唱	फ़्लैंज और कोरस	Flange & Chorus	Флэнжер и хорус
Separacao (ms)	Separation (ms)	Separación (ms)	الفصل (ms)	분리 (ms)	分離 (ms)	分离 (ms)	सेपरेशन (ms)	Pemisahan (ms)	Разделение (ms)
Vozes	Voices	Voces	الأصوات	보이스	ボイス	声部	वॉइस	Suara	Голоса
Modulacao (Hz)	Modulation (Hz)	Modulación (Hz)	التضمين (Hz)	모듈레이션 (Hz)	モジュレーション (Hz)	调制 (Hz)	मॉड्यूलेशन (Hz)	Modulasi (Hz)	Модуляция (Hz)
Profundidade (%)	Depth (%)	Profundidad (%)	العمق (%)	깊이 (%)	深さ (%)	深度 (%)	गहराई (%)	Kedalaman (%)	Глубина (%)
Fase entre vozes	Voice phase	Fase entre voces	الطور بين الأصوات	보이스 간 위상	ボイス間の位相	声部间相位	वॉइस के बीच फ़ेज़	Fase antar suara	Фаза между голосами
Inverter fase	Invert phase	Invertir fase	عكس الطور	위상 반전	位相を反転	反转相位	फ़ेज़ उलटें	Balikkan fase	Инвертировать фазу
Vozes estereo	Stereo voices	Voces estéreo	أصوات ستيريو	스테레오 보이스	ステレオボイス	立体声声部	स्टीरियो वॉइस	Suara stereo	Стереоголоса
Gate	Gate	Puerta	بوابة	게이트	ゲート	门限	गेट	Gate	Гейт
High-Low Pass · Filtro	High-Low Pass · Filter	High-Low Pass · Filtro	High-Low Pass · مرشح	High-Low Pass · 필터	High-Low Pass · フィルター	High-Low Pass · 滤波器	High-Low Pass · फ़िल्टर	High-Low Pass · Filter	High-Low Pass · Фильтр
Corte (Hz)	Cutoff (Hz)	Corte (Hz)	القطع (Hz)	컷오프 (Hz)	カットオフ (Hz)	截止 (Hz)	कटऑफ़ (Hz)	Cutoff (Hz)	Срез (Hz)
Modulator · Modulador	Modulator	Modulator · Modulador	Modulator · مضمّن	Modulator · 모듈레이터	Modulator · モジュレーター	Modulator · 调制器	Modulator · मॉड्यूलेटर	Modulator	Modulator · Модулятор
Vibrato (%)	Vibrato (%)	Vibrato (%)	فيبراتو (%)	비브라토 (%)	ビブラート (%)	颤音 (%)	वाइब्रेटो (%)	Vibrato (%)	Вибрато (%)
Tremolo (%)	Tremolo (%)	Trémolo (%)	تريمولو (%)	트레몰로 (%)	トレモロ (%)	震音 (%)	ट्रेमोलो (%)	Tremolo (%)	Тремоло (%)
Parametric EQ · Equalizador	Parametric EQ · Equalizer	Parametric EQ · Ecualizador	Parametric EQ · معادل الصوت	Parametric EQ · 이퀄라이저	Parametric EQ · イコライザー	Parametric EQ · 均衡器	Parametric EQ · इक्वलाइज़र	Parametric EQ · Equalizer	Parametric EQ · Эквалайзер
Banda 1	Band 1	Banda 1	النطاق 1	밴드 1	バンド 1	频段 1	बैंड 1	Band 1	Полоса 1
Frequencia 1 (Hz)	Frequency 1 (Hz)	Frecuencia 1 (Hz)	التردد 1 (Hz)	주파수 1 (Hz)	周波数 1 (Hz)	频率 1 (Hz)	आवृत्ति 1 (Hz)	Frekuensi 1 (Hz)	Частота 1 (Hz)
Largura 1 (oitavas)	Width 1 (octaves)	Anchura 1 (octavas)	العرض 1 (أوكتاف)	너비 1 (옥타브)	幅 1 (オクターブ)	宽度 1 (八度)	चौड़ाई 1 (ऑक्टेव)	Lebar 1 (oktaf)	Ширина 1 (октавы)
Ganho 1 (dB)	Gain 1 (dB)	Ganancia 1 (dB)	الكسب 1 (dB)	게인 1 (dB)	ゲイン 1 (dB)	增益 1 (dB)	गेन 1 (dB)	Gain 1 (dB)	Усиление 1 (dB)
Banda 2	Band 2	Banda 2	النطاق 2	밴드 2	バンド 2	频段 2	बैंड 2	Band 2	Полоса 2
Frequencia 2 (Hz)	Frequency 2 (Hz)	Frecuencia 2 (Hz)	التردد 2 (Hz)	주파수 2 (Hz)	周波数 2 (Hz)	频率 2 (Hz)	आवृत्ति 2 (Hz)	Frekuensi 2 (Hz)	Частота 2 (Hz)
Largura 2 (oitavas)	Width 2 (octaves)	Anchura 2 (octavas)	العرض 2 (أوكتاف)	너비 2 (옥타브)	幅 2 (オクターブ)	宽度 2 (八度)	चौड़ाई 2 (ऑक्टेव)	Lebar 2 (oktaf)	Ширина 2 (октавы)
Ganho 2 (dB)	Gain 2 (dB)	Ganancia 2 (dB)	الكسب 2 (dB)	게인 2 (dB)	ゲイン 2 (dB)	增益 2 (dB)	गेन 2 (dB)	Gain 2 (dB)	Усиление 2 (dB)
Banda 3	Band 3	Banda 3	النطاق 3	밴드 3	バンド 3	频段 3	बैंड 3	Band 3	Полоса 3
Frequencia 3 (Hz)	Frequency 3 (Hz)	Frecuencia 3 (Hz)	التردد 3 (Hz)	주파수 3 (Hz)	周波数 3 (Hz)	频率 3 (Hz)	आवृत्ति 3 (Hz)	Frekuensi 3 (Hz)	Частота 3 (Hz)
Largura 3 (oitavas)	Width 3 (octaves)	Anchura 3 (octavas)	العرض 3 (أوكتاف)	너비 3 (옥타브)	幅 3 (オクターブ)	宽度 3 (八度)	चौड़ाई 3 (ऑक्टेव)	Lebar 3 (oktaf)	Ширина 3 (октавы)
Ganho 3 (dB)	Gain 3 (dB)	Ganancia 3 (dB)	الكسب 3 (dB)	게인 3 (dB)	ゲイン 3 (dB)	增益 3 (dB)	गेन 3 (dB)	Gain 3 (dB)	Усиление 3 (dB)
Reverb · Reverberacao	Reverb · Reverberation	Reverb · Reverberación	Reverb · ريفيرب	Reverb · 잔향	Reverb · 残響	Reverb · 混响	Reverb · रिवर्ब	Reverb · Reverberasi	Reverb · Реверберация
Reflexao inicial (ms)	Early reflection (ms)	Reflexión inicial (ms)	الانعكاس المبكر (ms)	초기 반사 (ms)	初期反射 (ms)	早期反射 (ms)	प्रारंभिक परावर्तन (ms)	Refleksi awal (ms)	Ранние отражения (ms)
Difusao (%)	Diffusion (%)	Difusión (%)	الانتشار (%)	확산 (%)	拡散 (%)	扩散 (%)	डिफ़्यूज़न (%)	Difusi (%)	Диффузия (%)
Decaimento (s)	Decay (s)	Decaimiento (s)	الاضمحلال (s)	감쇠 (s)	減衰 (s)	衰减 (s)	क्षय (s)	Peluruhan (s)	Затухание (s)
Stereo Mixer · Mixer estereo	Stereo Mixer	Stereo Mixer · Mezclador estéreo	Stereo Mixer · مازج ستيريو	Stereo Mixer · 스테레오 믹서	Stereo Mixer · ステレオミキサー	Stereo Mixer · 立体声混音器	Stereo Mixer · स्टीरियो मिक्सर	Stereo Mixer · Mixer stereo	Stereo Mixer · Стереомикшер
Nivel esquerdo (%)	Left level (%)	Nivel izquierdo (%)	المستوى الأيسر (%)	왼쪽 레벨 (%)	左レベル (%)	左电平 (%)	बायाँ लेवल (%)	Level kiri (%)	Левый уровень (%)
Nivel direito (%)	Right level (%)	Nivel derecho (%)	المستوى الأيمن (%)	오른쪽 레벨 (%)	右レベル (%)	右电平 (%)	दायाँ लेवल (%)	Level kanan (%)	Правый уровень (%)
Panorama	Pan	Panorámica	توزيع الصوت	팬	パン	声像	पैन	Pan	Панорама
Tone · Gerador de tons	Tone · Tone generator	Tone · Generador de tonos	Tone · مولد النغمات	Tone · 톤 생성기	Tone · トーンジェネレーター	Tone · 音调生成器	Tone · टोन जनरेटर	Tone · Generator nada	Tone · Генератор тонов
Tom 1 (Hz)	Tone 1 (Hz)	Tono 1 (Hz)	النغمة 1 (Hz)	톤 1 (Hz)	トーン 1 (Hz)	音调 1 (Hz)	टोन 1 (Hz)	Nada 1 (Hz)	Тон 1 (Hz)
Tom 2 (Hz)	Tone 2 (Hz)	Tono 2 (Hz)	النغمة 2 (Hz)	톤 2 (Hz)	トーン 2 (Hz)	音调 2 (Hz)	टोन 2 (Hz)	Nada 2 (Hz)	Тон 2 (Hz)
Tom 3 (Hz)	Tone 3 (Hz)	Tono 3 (Hz)	النغمة 3 (Hz)	톤 3 (Hz)	トーン 3 (Hz)	音调 3 (Hz)	टोन 3 (Hz)	Nada 3 (Hz)	Тон 3 (Hz)
Tom 4 (Hz)	Tone 4 (Hz)	Tono 4 (Hz)	النغمة 4 (Hz)	톤 4 (Hz)	トーン 4 (Hz)	音调 4 (Hz)	टोन 4 (Hz)	Nada 4 (Hz)	Тон 4 (Hz)
Tom 5 (Hz)	Tone 5 (Hz)	Tono 5 (Hz)	النغمة 5 (Hz)	톤 5 (Hz)	トーン 5 (Hz)	音调 5 (Hz)	टोन 5 (Hz)	Nada 5 (Hz)	Тон 5 (Hz)
Nivel (%)	Level (%)	Nivel (%)	المستوى (%)	레벨 (%)	レベル (%)	电平 (%)	लेवल (%)	Level (%)	Уровень (%)
Quadrado arredondado	Rounded square	Cuadrado redondeado	مربع مستدير الزوايا	둥근 사각형	角丸四角形	圆角正方形	गोल कोनों वाला वर्ग	Persegi sudut bulat	Скруглённый квадрат
Cruz	Cross	Cruz	صليب	십자	十字	十字	क्रॉस	Silang	Крест
Setor	Sector	Sector	قطاع	부채꼴	扇形	扇形	सेक्टर	Sektor	Сектор
Triangulo reto	Right triangle	Triángulo rectángulo	مثلث قائم الزاوية	직각삼각형	直角三角形	直角三角形	समकोण त्रिभुज	Segitiga siku-siku	Прямоугольный треугольник
Crescente	Crescent	Media luna	هلال	초승달	三日月	月牙	अर्धचंद्र	Bulan sabit	Полумесяц
Balao	Speech bubble	Globo de diálogo	فقاعة كلام	말풍선	吹き出し	对话气泡	स्पीच बबल	Balon kata	Выноска
Pizza	Pie	Pastel	فطيرة	파이	パイ	饼形	पाई	Pai	Пирог
Cursor seta	Arrow cursor	Cursor de flecha	مؤشر السهم	화살표 커서	矢印カーソル	箭头光标	तीर कर्सर	Kursor panah	Курсор-стрелка
Cursor mao	Hand cursor	Cursor de mano	مؤشر اليد	손 모양 커서	手のカーソル	手形光标	हाथ कर्सर	Kursor tangan	Курсор-рука
nos por id	nodes by id	nodos por id	العقد حسب id	id별 노드	idごとのノード	按 id 的节点	id के अनुसार नोड	node berdasarkan id	узлы по id
Melhorar	Enhance	Mejorar	تحسين	향상	高画質化	增强	बेहतर करें	Tingkatkan	Улучшить
Aprender	Learn	Aprender	تعلّم	배우기	学ぶ	学习	सीखें	Belajar	Обучение
Veja o que a galera está criando	See what people are creating	Mira lo que la gente está creando	شاهد ما يصنعه الآخرون	다른 사람들이 만드는 작품 보기	みんなの作品を見る	看看大家在创作什么	देखें लोग क्या बना रहे हैं	Lihat apa yang sedang dibuat orang	Посмотрите, что создают другие
Poste o seu projeto, responda e reposte	Post your project, reply and repost	Publica tu proyecto, responde y republica	انشر مشروعك وردّ وأعد النشر	프로젝트를 올리고 답글과 리포스트를 하세요	プロジェクトを投稿、返信、リポスト	发布你的项目，回复和转发	अपना प्रोजेक्ट पोस्ट करें, जवाब दें और रीपोस्ट करें	Unggah proyekmu, balas, dan posting ulang	Публикуйте проект, отвечайте и делайте репост
Seu post	Your post	Tu post	منشورك	내 게시물	あなたの投稿	你的帖子	आपकी पोस्ट	Postinganmu	Ваш пост
Criar conta	Create account	Crear cuenta	إنشاء حساب	계정 만들기	アカウント作成	创建账号	खाता बनाएं	Buat akun	Создать аккаунт
Posts de	Posts by	Posts de	منشورات	게시물:	投稿:	帖子：	पोस्ट:	Postingan dari	Посты:
Ver todos	See all	Ver todos	عرض الكل	모두 보기	すべて表示	查看全部	सभी देखें	Lihat semua	Показать все
Ver respostas	View replies	Ver respuestas	عرض الردود	답글 보기	返信を見る	查看回复	जवाब देखें	Lihat balasan	Смотреть ответы
projeto	project	proyecto	مشروع	프로젝트	プロジェクト	个项目	प्रोजेक्ट	proyek	проект
projetos	projects	proyectos	مشاريع	프로젝트	プロジェクト	个项目	प्रोजेक्ट	proyek	проектов
Copiar efeitos	Copy effects	Copiar efectos	نسخ التأثيرات	효과 복사	エフェクトをコピー	复制效果	इफ़ेक्ट कॉपी करें	Salin efek	Копировать эффекты
Colar efeitos	Paste effects	Pegar efectos	لصق التأثيرات	효과 붙여넣기	エフェクトを貼り付け	粘贴效果	इफ़ेक्ट पेस्ट करें	Tempel efek	Вставить эффекты
Efeitos copiados	Effects copied	Efectos copiados	تم نسخ التأثيرات	효과를 복사했습니다	エフェクトをコピーしました	已复制效果	इफ़ेक्ट कॉपी हो गए	Efek disalin	Эффекты скопированы
Efeitos colados	Effects pasted	Efectos pegados	تم لصق التأثيرات	효과를 붙여넣었습니다	エフェクトを貼り付けました	已粘贴效果	इफ़ेक्ट पेस्ट हो गए	Efek ditempel	Эффекты вставлены
Nada para copiar	Nothing to copy	Nada para copiar	لا شيء للنسخ	복사할 항목이 없습니다	コピーするものがありません	没有可复制的内容	कॉपी करने को कुछ नहीं	Tidak ada yang disalin	Нечего копировать
Copie os efeitos de outra camada primeiro	Copy effects from another layer first	Copia primero los efectos de otra capa	انسخ التأثيرات من طبقة أخرى أولًا	먼저 다른 레이어의 효과를 복사하세요	先に別のレイヤーのエフェクトをコピーしてください	请先复制另一图层的效果	पहले किसी दूसरी लेयर के इफ़ेक्ट कॉपी करें	Salin efek dari layer lain dulu	Сначала скопируйте эффекты другого слоя
Esta camada ainda nao tem efeitos	This layer has no effects yet	Esta capa aún no tiene efectos	لا تحتوي هذه الطبقة على تأثيرات بعد	이 레이어에는 아직 효과가 없습니다	このレイヤーにはまだエフェクトがありません	该图层还没有效果	इस लेयर में अभी कोई इफ़ेक्ट नहीं है	Layer ini belum punya efek	У этого слоя пока нет эффектов
Apagar todos os projetos	Delete all projects	Borrar todos los proyectos	حذف جميع المشاريع	모든 프로젝트 삭제	すべてのプロジェクトを削除	删除所有项目	सभी प्रोजेक्ट हटाएं	Hapus semua proyek	Удалить все проекты
Apagar todos os projetos?	Delete all projects?	¿Borrar todos los proyectos?	حذف جميع المشاريع؟	모든 프로젝트를 삭제할까요?	すべてのプロジェクトを削除しますか？	删除所有项目？	सभी प्रोजेक्ट हटाएं?	Hapus semua proyek?	Удалить все проекты?
Apagar todos	Delete all	Borrar todos	حذف الكل	모두 삭제	すべて削除	全部删除	सभी हटाएं	Hapus semua	Удалить все
Escolha um arquivo .aurea	Choose an .aurea file	Elige un archivo .aurea	اختر ملف ‎.aurea	.aurea 파일을 선택하세요	.aurea ファイルを選んでください	请选择 .aurea 文件	.aurea फ़ाइल चुनें	Pilih file .aurea	Выберите файл .aurea
Intensidade da IA	AI strength	Intensidad de la IA	قوة الذكاء الاصطناعي	AI 강도	AIの強さ	AI 强度	AI की तीव्रता	Kekuatan AI	Сила ИИ
Nitidez (não é IA)	Sharpness (not AI)	Nitidez (no es IA)	الحدة (ليست ذكاءً اصطناعيًا)	선명도 (AI 아님)	シャープネス（AIではありません）	锐度（非 AI）	शार्पनेस (AI नहीं)	Ketajaman (bukan AI)	Резкость (не ИИ)
Preparando modelo de IA…	Preparing AI model…	Preparando modelo de IA…	جارٍ تجهيز نموذج الذكاء الاصطناعي…	AI 모델 준비 중…	AIモデルを準備中…	正在准备 AI 模型…	AI मॉडल तैयार हो रहा है…	Menyiapkan model AI…	Подготовка модели ИИ…
Motor de IA indisponível neste aparelho	AI engine unavailable on this device	Motor de IA no disponible en este dispositivo	محرك الذكاء الاصطناعي غير متاح على هذا الجهاز	이 기기에서는 AI 엔진을 사용할 수 없습니다	この端末ではAIエンジンを使えません	此设备不支持 AI 引擎	इस डिवाइस पर AI इंजन उपलब्ध नहीं है	Mesin AI tidak tersedia di perangkat ini	ИИ-движок недоступен на этом устройстве
Real-ESRGAN • processamento no aparelho	Real-ESRGAN • on-device processing	Real-ESRGAN • procesamiento en el dispositivo	Real-ESRGAN • معالجة على الجهاز	Real-ESRGAN • 기기 내 처리	Real-ESRGAN • 端末内で処理	Real-ESRGAN • 设备端处理	Real-ESRGAN • डिवाइस पर प्रोसेसिंग	Real-ESRGAN • diproses di perangkat	Real-ESRGAN • обработка на устройстве
IA ainda indisponível neste aparelho	AI not yet available on this device	IA aún no disponible en este dispositivo	الذكاء الاصطناعي غير متاح بعد على هذا الجهاز	이 기기에서는 아직 AI를 사용할 수 없습니다	この端末ではまだAIを使えません	此设备暂不支持 AI	इस डिवाइस पर AI अभी उपलब्ध नहीं है	AI belum tersedia di perangkat ini	ИИ пока недоступен на этом устройстве
1×	1×	1×	1×	1×	1×	1×	1×	1×	1×
Tela cheia	Full screen	Pantalla completa	ملء الشاشة	전체 화면	全画面	全屏	फ़ुल स्क्रीन	Layar penuh	Во весь экран
Sair da tela cheia	Exit full screen	Salir de pantalla completa	الخروج من ملء الشاشة	전체 화면 종료	全画面を終了	退出全屏	फ़ुल स्क्रीन से बाहर निकलें	Keluar dari layar penuh	Выйти из полноэкранного режима
Color Balance	Color Balance	Balance de color	توازن الألوان	색상 균형	カラーバランス	色彩平衡	कलर बैलेंस	Keseimbangan Warna	Цветовой баланс
Selective Color	Selective Color	Corrección selectiva	اللون الانتقائي	선택 색상	特定色域の選択	可选颜色	चयनात्मक रंग	Warna Selektif	Выборочная коррекция цвета
Channel Mixer	Channel Mixer	Mezclador de canales	خالط القنوات	채널 혼합	チャンネルミキサー	通道混合器	चैनल मिक्सर	Mixer Kanal	Микширование каналов
Photo Filter	Photo Filter	Filtro de fotografía	فلتر الصورة	포토 필터	写真フィルター	照片滤镜	फ़ोटो फ़िल्टर	Filter Foto	Фотофильтр
Gradient Map	Gradient Map	Mapa de degradado	خريطة التدرج	그레이디언트 맵	グラデーションマップ	渐变映射	ग्रेडिएंट मैप	Peta Gradien	Карта градиента
Brightness & Contrast	Brightness & Contrast	Brillo y contraste	السطوع والتباين	명도 및 대비	明るさ・コントラスト	亮度和对比度	ब्राइटनेस और कंट्रास्ट	Kecerahan & Kontras	Яркость и контраст
Color Tune	Color Tune	Ajuste de color	ضبط الألوان	색상 조정	カラーチューン	色彩调节	कलर ट्यून	Penyetelan Warna	Тонкая настройка цвета
Shadow Red Balance	Shadow Red Balance	Balance de rojo en sombras	توازن الأحمر في الظلال	그림자 빨강 균형	シャドウの赤バランス	阴影红色平衡	छाया में लाल संतुलन	Keseimbangan merah bayangan	Баланс красного в тенях
Shadow Green Balance	Shadow Green Balance	Balance de verde en sombras	توازن الأخضر في الظلال	그림자 초록 균형	シャドウの緑バランス	阴影绿色平衡	छाया में हरा संतुलन	Keseimbangan hijau bayangan	Баланс зелёного в тенях
Shadow Blue Balance	Shadow Blue Balance	Balance de azul en sombras	توازن الأزرق في الظلال	그림자 파랑 균형	シャドウの青バランス	阴影蓝色平衡	छाया में नीला संतुलन	Keseimbangan biru bayangan	Баланс синего в тенях
Midtone Red Balance	Midtone Red Balance	Balance de rojo en medios tonos	توازن الأحمر في الدرجات المتوسطة	중간톤 빨강 균형	中間調の赤バランス	中间调红色平衡	मिडटोन में लाल संतुलन	Keseimbangan merah nada tengah	Баланс красного в полутонах
Midtone Green Balance	Midtone Green Balance	Balance de verde en medios tonos	توازن الأخضر في الدرجات المتوسطة	중간톤 초록 균형	中間調の緑バランス	中间调绿色平衡	मिडटोन में हरा संतुलन	Keseimbangan hijau nada tengah	Баланс зелёного в полутонах
Midtone Blue Balance	Midtone Blue Balance	Balance de azul en medios tonos	توازن الأزرق في الدرجات المتوسطة	중간톤 파랑 균형	中間調の青バランス	中间调蓝色平衡	मिडटोन में नीला संतुलन	Keseimbangan biru nada tengah	Баланс синего в полутонах
Highlight Red Balance	Highlight Red Balance	Balance de rojo en luces	توازن الأحمر في الإضاءات	하이라이트 빨강 균형	ハイライトの赤バランス	高光红色平衡	हाइलाइट में लाल संतुलन	Keseimbangan merah sorotan	Баланс красного в светах
Highlight Green Balance	Highlight Green Balance	Balance de verde en luces	توازن الأخضر في الإضاءات	하이라이트 초록 균형	ハイライトの緑バランス	高光绿色平衡	हाइलाइट में हरा संतुलन	Keseimbangan hijau sorotan	Баланс зелёного в светах
Highlight Blue Balance	Highlight Blue Balance	Balance de azul en luces	توازن الأزرق في الإضاءات	하이라이트 파랑 균형	ハイライトの青バランス	高光蓝色平衡	हाइलाइट में नीला संतुलन	Keseimbangan biru sorotan	Баланс синего в светах
Preserve Luminosity	Preserve Luminosity	Conservar luminosidad	الحفاظ على الإضاءة	광도 유지	輝度を保持	保持明度	ल्यूमिनोसिटी बनाए रखें	Pertahankan luminositas	Сохранять яркость
Colors	Colors	Colores	الألوان	색상	カラー	颜色	रंग	Warna	Цвета
Cyan	Cyan	Cian	سماوي	시안	シアン	青色	सियान	Sian	Голубой
Magenta	Magenta	Magenta	أرجواني	마젠타	マゼンタ	洋红	मैजेंटा	Magenta	Пурпурный
Yellow	Yellow	Amarillo	أصفر	노랑	イエロー	黄色	पीला	Kuning	Жёлтый
Black	Black	Negro	أسود	검정	ブラック	黑色	काला	Hitam	Чёрный
Method	Method	Método	الطريقة	방식	方法	方法	विधि	Metode	Метод
Reds	Reds	Rojos	الأحمر	빨강 계열	レッド系	红色系	लाल रंग	Merah	Красные
Yellows	Yellows	Amarillos	الأصفر	노랑 계열	イエロー系	黄色系	पीले रंग	Kekuningan	Жёлтые
Greens	Greens	Verdes	الأخضر	초록 계열	グリーン系	绿色系	हरे रंग	Hijau	Зелёные
Cyans	Cyans	Cianes	السماوي	시안 계열	シアン系	青色系	सियान रंग	Kesianan	Голубые
Blues	Blues	Azules	الأزرق	파랑 계열	ブルー系	蓝色系	नीले रंग	Biru	Синие
Magentas	Magentas	Magentas	الأرجواني	마젠타 계열	マゼンタ系	洋红色系	मैजेंटा रंग	Kemagentaan	Пурпурные
Whites	Whites	Blancos	الأبيض	흰색 계열	ホワイト系	白色系	सफ़ेद रंग	Putih	Белые
Neutrals	Neutrals	Neutros	المحايدة	중성색	中間色系	中性色	न्यूट्रल रंग	Netral	Нейтральные
Blacks	Blacks	Negros	الأسود	검정 계열	ブラック系	黑色系	काले रंग	Kehitaman	Чёрные
Relative	Relative	Relativo	نسبي	상대	相対	相对	सापेक्ष	Relatif	Относительный
Absolute	Absolute	Absoluto	مطلق	절대	絶対	绝对	निरपेक्ष	Absolut	Абсолютный
Red-Red	Red-Red	Rojo-Rojo	أحمر-أحمر	빨강-빨강	赤-赤	红-红	लाल-लाल	Merah-Merah	Красный-Красный
Red-Green	Red-Green	Rojo-Verde	أحمر-أخضر	빨강-초록	赤-緑	红-绿	लाल-हरा	Merah-Hijau	Красный-Зелёный
Red-Blue	Red-Blue	Rojo-Azul	أحمر-أزرق	빨강-파랑	赤-青	红-蓝	लाल-नीला	Merah-Biru	Красный-Синий
Red-Const	Red-Const	Rojo-Const.	أحمر-ثابت	빨강-상수	赤-定数	红-常量	लाल-स्थिरांक	Merah-Konst	Красный-Константа
Green-Red	Green-Red	Verde-Rojo	أخضر-أحمر	초록-빨강	緑-赤	绿-红	हरा-लाल	Hijau-Merah	Зелёный-Красный
Green-Green	Green-Green	Verde-Verde	أخضر-أخضر	초록-초록	緑-緑	绿-绿	हरा-हरा	Hijau-Hijau	Зелёный-Зелёный
Green-Blue	Green-Blue	Verde-Azul	أخضر-أزرق	초록-파랑	緑-青	绿-蓝	हरा-नीला	Hijau-Biru	Зелёный-Синий
Green-Const	Green-Const	Verde-Const.	أخضر-ثابت	초록-상수	緑-定数	绿-常量	हरा-स्थिरांक	Hijau-Konst	Зелёный-Константа
Blue-Red	Blue-Red	Azul-Rojo	أزرق-أحمر	파랑-빨강	青-赤	蓝-红	नीला-लाल	Biru-Merah	Синий-Красный
Blue-Green	Blue-Green	Azul-Verde	أزرق-أخضر	파랑-초록	青-緑	蓝-绿	नीला-हरा	Biru-Hijau	Синий-Зелёный
Blue-Blue	Blue-Blue	Azul-Azul	أزرق-أزرق	파랑-파랑	青-青	蓝-蓝	नीला-नीला	Biru-Biru	Синий-Синий
Blue-Const	Blue-Const	Azul-Const.	أزرق-ثابت	파랑-상수	青-定数	蓝-常量	नीला-स्थिरांक	Biru-Konst	Синий-Константа
Monochrome	Monochrome	Monocromo	أحادي اللون	흑백	モノクロ	单色	मोनोक्रोम	Monokrom	Монохромный
Temperature	Temperature	Temperatura	الحرارة	온도	色温度	色温	तापमान	Suhu	Температура
Density	Density	Densidad	الكثافة	농도	適用量	浓度	घनत्व	Kepadatan	Плотность
Temperature (K)	Temperature (K)	Temperatura (K)	درجة الحرارة (K)	색온도 (K)	色温度 (K)	色温 (K)	तापमान (K)	Suhu (K)	Температура (K)
Blending Mode	Blending Mode	Modo de fusión	وضع المزج	혼합 모드	描画モード	混合模式	ब्लेंडिंग मोड	Mode campuran	Режим наложения
Soft Light	Soft Light	Luz suave	ضوء ناعم	소프트 라이트	ソフトライト	柔光	सॉफ़्ट लाइट	Cahaya lembut	Мягкий свет
Overlay	Overlay	Superponer	تراكب	오버레이	オーバーレイ	叠加	ओवरले	Overlay	Перекрытие
Multiply	Multiply	Multiplicar	ضرب	곱하기	乗算	正片叠底	मल्टीप्लाई	Kalikan	Умножение
Luminosity	Luminosity	Luminosidad	الإضاءة	광도	輝度	明度	ल्यूमिनोसिटी	Luminositas	Яркость
Use Midtones	Use Midtones	Usar medios tonos	استخدام الدرجات المتوسطة	중간톤 사용	中間調を使用	使用中间调	मिडटोन इस्तेमाल करें	Gunakan nada tengah	Использовать полутона
Midpoint	Midpoint	Punto medio	نقطة المنتصف	중간점	中間点	中点	मध्य बिंदु	Titik tengah	Средняя точка
Contrast	Contrast	Contraste	التباين	대비	コントラスト	对比度	कंट्रास्ट	Kontras	Контраст
Lift Hue	Lift Hue	Tono de lift	تدرج الرفع	리프트 색조	リフトの色相	提升色相	लिफ़्ट ह्यू	Rona lift	Оттенок лифта
Lift Saturation	Lift Saturation	Saturación de lift	تشبع الرفع	리프트 채도	リフトの彩度	提升饱和度	लिफ़्ट सैचुरेशन	Saturasi lift	Насыщенность лифта
Lift Luminance	Lift Luminance	Luminancia de lift	إضاءة الرفع	리프트 휘도	リフトの輝度	提升亮度	लिफ़्ट ल्यूमिनेंस	Luminans lift	Яркость лифта
Gamma Hue	Gamma Hue	Tono de gamma	تدرج غاما	감마 색조	ガンマの色相	伽马色相	गामा ह्यू	Rona gamma	Оттенок гаммы
Gamma Saturation	Gamma Saturation	Saturación de gamma	تشبع غاما	감마 채도	ガンマの彩度	伽马饱和度	गामा सैचुरेशन	Saturasi gamma	Насыщенность гаммы
Gamma Luminance	Gamma Luminance	Luminancia de gamma	إضاءة غاما	감마 휘도	ガンマの輝度	伽马亮度	गामा ल्यूमिनेंस	Luminans gamma	Яркость гаммы
Gain Hue	Gain Hue	Tono de ganancia	تدرج الكسب	게인 색조	ゲインの色相	增益色相	गेन ह्यू	Rona gain	Оттенок усиления
Gain Saturation	Gain Saturation	Saturación de ganancia	تشبع الكسب	게인 채도	ゲインの彩度	增益饱和度	गेन सैचुरेशन	Saturasi gain	Насыщенность усиления
Gain Luminance	Gain Luminance	Luminancia de ganancia	إضاءة الكسب	게인 휘도	ゲインの輝度	增益亮度	गेन ल्यूमिनेंस	Luminans gain	Яркость усиления
Offset Hue	Offset Hue	Tono de desplazamiento	تدرج الإزاحة	오프셋 색조	オフセットの色相	偏移色相	ऑफ़सेट ह्यू	Rona offset	Оттенок смещения
Offset Saturation	Offset Saturation	Saturación de desplazamiento	تشبع الإزاحة	오프셋 채도	オフセットの彩度	偏移饱和度	ऑफ़सेट सैचुरेशन	Saturasi offset	Насыщенность смещения
Offset Luminance	Offset Luminance	Luminancia de desplazamiento	إضاءة الإزاحة	오프셋 휘도	オフセットの輝度	偏移亮度	ऑफ़सेट ल्यूमिनेंस	Luminans offset	Яркость смещения
Teal & Orange	Teal & Orange	Verde azulado y naranja	أزرق مخضر وبرتقالي	틸 & 오렌지	ティール&オレンジ	青橙色调	टील और ऑरेंज	Teal & Oranye	Бирюзовый и оранжевый
Anime	Anime	Anime	أنمي	애니메	アニメ	动漫	एनीमे	Anime	Аниме
PSD Soft	PSD Soft	PSD suave	PSD ناعم	PSD 소프트	PSDソフト	PSD 柔和	PSD सॉफ़्ट	PSD Lembut	Мягкий PSD
Warm Skin	Warm Skin	Piel cálida	بشرة دافئة	따뜻한 피부	暖かい肌	暖色肤色	गर्म त्वचा	Kulit Hangat	Тёплая кожа
Cyan Pop	Cyan Pop	Cian vivo	سماوي بارز	시안 팝	シアンポップ	青色跳色	सियान पॉप	Sian Menonjol	Яркий голубой
Warm Whites	Warm Whites	Blancos cálidos	أبيض دافئ	따뜻한 흰색	暖かい白	暖白	गर्म सफ़ेद	Putih Hangat	Тёплые белые
PSD Mix	PSD Mix	Mezcla PSD	مزج PSD	PSD 믹스	PSDミックス	PSD 混合	PSD मिक्स	Campuran PSD	Микс PSD
Black & White	Black & White	Blanco y negro	أبيض وأسود	블랙 & 화이트	白黒	黑白	ब्लैक एंड व्हाइट	Hitam Putih	Чёрно-белый
Cross Process	Cross Process	Proceso cruzado	معالجة متقاطعة	크로스 프로세스	クロスプロセス	交叉冲印	क्रॉस प्रोसेस	Proses Silang	Кросс-процесс
Warm Vintage	Warm Vintage	Vintage cálido	عتيق دافئ	따뜻한 빈티지	ウォームビンテージ	暖调复古	गर्म विंटेज	Vintage Hangat	Тёплый винтаж
Cool	Cool	Frío	بارد	차가운 톤	クール	冷调	ठंडा	Sejuk	Холодный
Warming Filter	Warming Filter	Filtro cálido	فلتر تدفئة	웜 필터	暖色系フィルター	加温滤镜	वार्मिंग फ़िल्टर	Filter Penghangat	Тёплый фильтр
Duotone	Duotone	Duotono	ثنائي اللون	듀오톤	ダブルトーン	双色调	ड्युओटोन	Duotone	Дуплекс
Tritone	Tritone	Tritono	ثلاثي اللون	트라이톤	トライトーン	三色调	ट्राइटोन	Tritone	Триплекс
PSD Contrast	PSD Contrast	Contraste PSD	تباين PSD	PSD 대비	PSDコントラスト	PSD 对比度	PSD कंट्रास्ट	Kontras PSD	Контраст PSD
Punch	Punch	Impacto	قوة	펀치	パンチ	冲击	पंच	Tajam	Панч
Faded	Faded	Desvaído	باهت	페이드	色あせ	褪色	फीका	Pudar	Выцветший
Pastel	Pastel	Pastel	باستيل	파스텔	パステル	粉彩	पेस्टल	Pastel	Пастель
Night	Night	Noche	ليل	밤	ナイト	夜晚	रात	Malam	Ночь
CC HDR	CC HDR	CC HDR	CC HDR	CC HDR	CC HDR	CC HDR	CC HDR	CC HDR	CC HDR
CC Azul teal	CC Teal Blue	CC Azul verdoso	CC أزرق مخضر	CC 틸 블루	CC ティールブルー	CC 青蓝	CC टील ब्लू	CC Biru Teal	CC Бирюзово-синий
CC Vintage quente	CC Warm Vintage	CC Vintage cálido	CC عتيق دافئ	CC 따뜻한 빈티지	CC ウォームビンテージ	CC 暖调复古	CC गर्म विंटेज	CC Vintage Hangat	CC Тёплый винтаж
CC Escuro contrastado	CC Dark Contrast	CC Oscuro contrastado	CC داكن متباين	CC 다크 콘트라스트	CC ダークコントラスト	CC 暗调高对比	CC डार्क कंट्रास्ट	CC Gelap Kontras	CC Тёмный контраст
CC Anime	CC Anime	CC Anime	CC أنمي	CC 애니메	CC アニメ	CC 动漫	CC एनीमे	CC Anime	CC Аниме
CC PSD suave	CC Soft PSD	CC PSD suave	CC PSD ناعم	CC PSD 소프트	CC PSDソフト	CC PSD 柔和	CC PSD सॉफ़्ट	CC PSD Lembut	CC Мягкий PSD
Empurra sombras, meios-tons e altas luzes em direção a vermelho, verde ou azul. Valores positivos puxam a faixa para o canal escolhido; preservar luminosidade mantém o brilho original.	Pushes shadows, midtones and highlights toward red, green or blue. Positive values pull the range toward the chosen channel; preserve luminosity keeps the original brightness.	Empuja sombras, medios tonos y luces hacia rojo, verde o azul. Los valores positivos llevan el rango hacia el canal elegido; conservar luminosidad mantiene el brillo original.	يدفع الظلال والدرجات المتوسطة والإضاءات نحو الأحمر أو الأخضر أو الأزرق. القيم الموجبة تسحب النطاق نحو القناة المختارة؛ والحفاظ على الإضاءة يُبقي السطوع الأصلي.	그림자, 중간톤, 하이라이트를 빨강, 초록, 파랑 쪽으로 밀어줍니다. 양수 값은 해당 범위를 선택한 채널 쪽으로 당기고, 광도 유지는 원래 밝기를 지킵니다.	シャドウ、中間調、ハイライトを赤・緑・青の方向へ寄せます。正の値でその範囲を選んだチャンネル側へ引き、輝度を保持すると元の明るさを保ちます。	将阴影、中间调和高光推向红、绿或蓝。正值把该范围拉向所选通道；保持明度会保留原始亮度。	छाया, मिडटोन और हाइलाइट को लाल, हरे या नीले की ओर धकेलता है। धनात्मक मान उस रेंज को चुने गए चैनल की ओर खींचते हैं; ल्यूमिनोसिटी बनाए रखने से मूल ब्राइटनेस बनी रहती है।	Mendorong bayangan, nada tengah, dan sorotan ke arah merah, hijau, atau biru. Nilai positif menarik rentang ke kanal yang dipilih; pertahankan luminositas menjaga kecerahan asli.	Сдвигает тени, полутона и света к красному, зелёному или синему. Положительные значения тянут диапазон к выбранному каналу; сохранение яркости оставляет исходную яркость.
Ajusta ciano, magenta, amarelo e preto só na faixa escolhida (vermelhos, azuis, brancos, neutros...). Para mexer em mais de uma faixa, empilhe outra instância. Precisa da GPU.	Adjusts cyan, magenta, yellow and black only in the chosen range (reds, blues, whites, neutrals...). To change more than one range, stack another instance. Requires the GPU.	Ajusta cian, magenta, amarillo y negro solo en el rango elegido (rojos, azules, blancos, neutros...). Para cambiar más de un rango, apila otra instancia. Requiere la GPU.	يضبط السماوي والأرجواني والأصفر والأسود في النطاق المختار فقط (الأحمر، الأزرق، الأبيض، المحايد...). لتعديل أكثر من نطاق، أضف نسخة أخرى. يتطلب وحدة معالجة الرسومات.	선택한 범위(빨강, 파랑, 흰색, 중성색...)에서만 시안, 마젠타, 노랑, 검정을 조정합니다. 여러 범위를 바꾸려면 인스턴스를 하나 더 쌓으세요. GPU가 필요합니다.	選んだ範囲(レッド系、ブルー系、ホワイト系、中間色系など)だけでシアン、マゼンタ、イエロー、ブラックを調整します。複数の範囲を変えるには、もう一つ重ねてください。GPUが必要です。	只在所选范围（红色、蓝色、白色、中性色……）内调整青色、洋红、黄色和黑色。要调整多个范围，请再叠加一个实例。需要 GPU。	सिर्फ़ चुनी गई रेंज (लाल, नीले, सफ़ेद, न्यूट्रल...) में सियान, मैजेंटा, पीला और काला समायोजित करता है। एक से ज़्यादा रेंज बदलने के लिए एक और इंस्टेंस जोड़ें। GPU ज़रूरी है।	Menyesuaikan sian, magenta, kuning, dan hitam hanya pada rentang yang dipilih (merah, biru, putih, netral...). Untuk mengubah lebih dari satu rentang, tumpuk instans lain. Memerlukan GPU.	Настраивает голубой, пурпурный, жёлтый и чёрный только в выбранном диапазоне (красные, синие, белые, нейтральные...). Чтобы менять несколько диапазонов, добавьте ещё один экземпляр. Нужен GPU.
Recria cada canal de saída como uma soma dos canais de entrada. Troque canais para cores cruzadas ou ligue Monochrome para um preto e branco com pesos próprios.	Rebuilds each output channel as a sum of the input channels. Swap channels for cross colors or turn on Monochrome for a black and white with your own weights.	Reconstruye cada canal de salida como una suma de los canales de entrada. Intercambia canales para colores cruzados o activa Monocromo para un blanco y negro con pesos propios.	يعيد بناء كل قناة إخراج كمجموع لقنوات الإدخال. بدّل القنوات لألوان متقاطعة أو فعّل أحادي اللون لأبيض وأسود بأوزان خاصة بك.	각 출력 채널을 입력 채널의 합으로 다시 만듭니다. 채널을 바꿔 크로스 컬러를 만들거나 흑백을 켜서 원하는 가중치의 흑백을 만드세요.	各出力チャンネルを入力チャンネルの合計として作り直します。チャンネルを入れ替えてクロスカラーにしたり、モノクロをオンにして独自の比率の白黒にしたりできます。	把每个输出通道重建为输入通道的加权和。交换通道可得到交叉色彩，打开单色可用自定义权重做黑白。	हर आउटपुट चैनल को इनपुट चैनलों के जोड़ के रूप में फिर से बनाता है। क्रॉस रंगों के लिए चैनल बदलें या अपने वज़न वाले ब्लैक एंड व्हाइट के लिए मोनोक्रोम चालू करें।	Membangun ulang setiap kanal keluaran sebagai jumlah kanal masukan. Tukar kanal untuk warna silang atau aktifkan Monokrom untuk hitam putih dengan bobot sendiri.	Пересобирает каждый выходной канал как сумму входных. Поменяйте каналы местами для перекрёстных цветов или включите монохром, чтобы получить чёрно-белое изображение со своими весами.
Aplica um filtro de cor, como na lente, ou ajusta a temperatura em Kelvin. Kelvin maior esfria e menor esquenta; densidade controla a força e a luminosidade pode ser preservada.	Applies a color filter, like one on the lens, or adjusts the temperature in Kelvin. Higher Kelvin cools and lower warms; density sets the strength and luminosity can be preserved.	Aplica un filtro de color, como en el objetivo, o ajusta la temperatura en Kelvin. Más Kelvin enfría y menos calienta; la densidad controla la fuerza y se puede conservar la luminosidad.	يطبق فلتر لون كما على العدسة، أو يضبط الحرارة بالكلفن. الكلفن الأعلى يبرّد والأقل يدفّئ؛ الكثافة تتحكم بالقوة ويمكن الحفاظ على الإضاءة.	렌즈 필터처럼 색상 필터를 입히거나 켈빈으로 색온도를 조정합니다. 켈빈이 높을수록 차갑고 낮을수록 따뜻해지며, 농도로 강도를 정하고 광도를 유지할 수 있습니다.	レンズに付けるようなカラーフィルターをかけるか、ケルビンで色温度を調整します。ケルビンを上げると寒色、下げると暖色になり、適用量で強さを決め、輝度を保持できます。	像镜头滤镜一样叠加颜色滤镜，或按开尔文调整色温。开尔文越高越冷、越低越暖；浓度控制强度，还可以保持明度。	लेंस पर लगे फ़िल्टर जैसा रंग फ़िल्टर लगाता है या केल्विन में तापमान बदलता है। ज़्यादा केल्विन ठंडा और कम गर्म करता है; घनत्व ताक़त तय करता है और ल्यूमिनोसिटी बनाए रखी जा सकती है।	Menerapkan filter warna seperti pada lensa, atau menyesuaikan suhu dalam Kelvin. Kelvin lebih tinggi mendinginkan dan lebih rendah menghangatkan; kepadatan mengatur kekuatan dan luminositas bisa dipertahankan.	Накладывает цветной фильтр, как на объективе, или меняет температуру в кельвинах. Больше кельвинов холоднее, меньше теплее; плотность задаёт силу, а яркость можно сохранить.
Mapeia a luminância para um gradiente de sombras, meios-tons e luzes. Em Soft Light com opacidade baixa é o coloring clássico; sem meios-tons vira duotone.	Maps luminance to a gradient of shadows, midtones and highlights. In Soft Light with low opacity it is the classic coloring; without midtones it becomes a duotone.	Asigna la luminancia a un degradado de sombras, medios tonos y luces. En Luz suave con poca opacidad es el coloring clásico; sin medios tonos se vuelve duotono.	يربط الإضاءة بتدرج من الظلال والدرجات المتوسطة والإضاءات. في وضع الضوء الناعم مع عتامة منخفضة يكون التلوين الكلاسيكي؛ ومن دون الدرجات المتوسطة يصبح ثنائي اللون.	휘도를 그림자, 중간톤, 하이라이트 그레이디언트에 매핑합니다. 소프트 라이트에 낮은 불투명도면 전형적인 컬러링이 되고, 중간톤을 끄면 듀오톤이 됩니다.	輝度をシャドウ・中間調・ハイライトのグラデーションに割り当てます。ソフトライトで不透明度を低くすると定番のカラーリングに、中間調なしだとダブルトーンになります。	把亮度映射到阴影、中间调和高光的渐变。柔光模式配低不透明度就是经典调色；关掉中间调就变成双色调。	ल्यूमिनेंस को छाया, मिडटोन और हाइलाइट के ग्रेडिएंट पर मैप करता है। कम अपारदर्शिता वाली सॉफ़्ट लाइट में यह क्लासिक कलरिंग है; मिडटोन के बिना यह ड्युओटोन बन जाता है।	Memetakan luminans ke gradien bayangan, nada tengah, dan sorotan. Dalam Cahaya lembut dengan opasitas rendah ini adalah coloring klasik; tanpa nada tengah menjadi duotone.	Переносит яркость на градиент теней, полутонов и светов. В режиме «Мягкий свет» с низкой непрозрачностью это классический колоринг; без полутонов получается дуплекс.
Brilho empurra a imagem para o branco ou para o preto sem estourar; contraste afasta ou aproxima os tons do cinza médio. Os dois aceitam keyframes.	Brightness pushes the image toward white or black without clipping; contrast spreads tones away from or toward middle gray. Both accept keyframes.	El brillo lleva la imagen hacia el blanco o el negro sin quemar; el contraste aleja o acerca los tonos al gris medio. Ambos aceptan fotogramas clave.	السطوع يدفع الصورة نحو الأبيض أو الأسود دون احتراق؛ والتباين يبعد الدرجات عن الرمادي المتوسط أو يقرّبها منه. كلاهما يقبل الإطارات المفتاحية.	명도는 이미지를 날리지 않고 흰색이나 검정 쪽으로 밀고, 대비는 톤을 중간 회색에서 멀어지게 하거나 가깝게 합니다. 둘 다 키프레임을 쓸 수 있습니다.	明るさは白飛びさせずに画像を白または黒の方向へ寄せ、コントラストはトーンを中間グレーから離したり近づけたりします。どちらもキーフレームに対応しています。	亮度把画面推向白色或黑色而不过曝；对比度让色调远离或靠近中灰。两者都支持关键帧。	ब्राइटनेस इमेज को बिना जलाए सफ़ेद या काले की ओर ले जाती है; कंट्रास्ट टोन को मध्य ग्रे से दूर या पास करता है। दोनों कीफ़्रेम स्वीकार करते हैं।	Kecerahan mendorong gambar ke arah putih atau hitam tanpa terbakar; kontras menjauhkan atau mendekatkan nada dari abu-abu tengah. Keduanya menerima keyframe.	Яркость смещает изображение к белому или чёрному без пересветов; контраст отдаляет тона от среднего серого или приближает к нему. Оба параметра поддерживают ключевые кадры.
Rodas de lift, gamma, gain e offset, cada uma com matiz, saturação e luminância. Lift mexe nas sombras, gamma nos meios-tons, gain nas luzes e offset em tudo.	Lift, gamma, gain and offset wheels, each with hue, saturation and luminance. Lift works on shadows, gamma on midtones, gain on highlights and offset on everything.	Ruedas de lift, gamma, ganancia y desplazamiento, cada una con tono, saturación y luminancia. Lift actúa en sombras, gamma en medios tonos, ganancia en luces y desplazamiento en todo.	عجلات الرفع وغاما والكسب والإزاحة، لكل منها تدرج وتشبع وإضاءة. الرفع يعمل على الظلال، وغاما على الدرجات المتوسطة، والكسب على الإضاءات، والإزاحة على الكل.	리프트, 감마, 게인, 오프셋 휠에 각각 색조, 채도, 휘도가 있습니다. 리프트는 그림자, 감마는 중간톤, 게인은 하이라이트, 오프셋은 전체에 작용합니다.	リフト、ガンマ、ゲイン、オフセットのホイールで、それぞれ色相・彩度・輝度があります。リフトはシャドウ、ガンマは中間調、ゲインはハイライト、オフセットは全体に効きます。	提升、伽马、增益和偏移四个色轮，各有色相、饱和度和亮度。提升作用于阴影，伽马作用于中间调，增益作用于高光，偏移作用于全部。	लिफ़्ट, गामा, गेन और ऑफ़सेट व्हील, हर एक में ह्यू, सैचुरेशन और ल्यूमिनेंस। लिफ़्ट छाया पर, गामा मिडटोन पर, गेन हाइलाइट पर और ऑफ़सेट पूरे चित्र पर काम करता है।	Roda lift, gamma, gain, dan offset, masing-masing dengan rona, saturasi, dan luminans. Lift bekerja pada bayangan, gamma pada nada tengah, gain pada sorotan, dan offset pada semuanya.	Круги лифта, гаммы, усиления и смещения, у каждого — оттенок, насыщенность и яркость. Лифт влияет на тени, гамма на полутона, усиление на света, а смещение на всё изображение.
Exposure Stops	Exposure Stops	Pasos de exposición	درجات التعريض	노출 스톱	露出ステップ	曝光档数	एक्सपोज़र स्टॉप	Stop eksposur	Ступени экспозиции
Hold Frames	Hold Frames	Fotogramas de espera	إطارات التثبيت	유지 프레임	保持フレーム	保持帧数	होल्ड फ़्रेम	Frame tahan	Кадры удержания
Decay Frames	Decay Frames	Fotogramas de caída	إطارات الخفوت	감쇠 프레임	減衰フレーム	衰减帧数	डीके फ़्रेम	Frame peluruhan	Кадры затухания
Decay Curve	Decay Curve	Curva de caída	منحنى الخفوت	감쇠 곡선	減衰カーブ	衰减曲线	डीके कर्व	Kurva peluruhan	Кривая затухания
Dark First	Dark First	Oscuro primero	الظلام أولًا	어둡게 먼저	先に暗転	先变暗	पहले अंधेरा	Gelap dulu	Сначала затемнение
Trigger	Trigger	Disparador	المشغّل	트리거	トリガー	触发	ट्रिगर	Pemicu	Триггер
Layer Start	Layer Start	Inicio de la capa	بداية الطبقة	레이어 시작	レイヤーの開始	图层开始	लेयर की शुरुआत	Awal lapisan	Начало слоя
Every N Frames	Every N Frames	Cada N fotogramas	كل N إطارات	N 프레임마다	Nフレームごと	每 N 帧	हर N फ़्रेम	Setiap N frame	Каждые N кадров
Always On	Always On	Siempre activo	مفعّل دائمًا	항상 켜짐	常にオン	始终开启	हमेशा चालू	Selalu aktif	Всегда включено
Period (Frames)	Period (Frames)	Periodo (fotogramas)	الفترة (إطارات)	주기 (프레임)	周期 (フレーム)	周期（帧）	अवधि (फ़्रेम)	Periode (frame)	Период (кадры)
Probability	Probability	Probabilidad	الاحتمال	확률	確率	概率	संभावना	Probabilitas	Вероятность
White 1 Frame	White 1 Frame	Blanco 1 fotograma	أبيض إطار واحد	흰색 1프레임	白1フレーム	白色 1 帧	सफ़ेद 1 फ़्रेम	Putih 1 frame	Белый 1 кадр
Exposure Hit	Exposure Hit	Golpe de exposición	ضربة تعريض	노출 히트	露出ヒット	曝光冲击	एक्सपोज़र हिट	Hentakan eksposur	Удар экспозиции
Inverted Flash	Inverted Flash	Flash invertido	وميض معكوس	반전 플래시	反転フラッシュ	反向闪光	उल्टा फ़्लैश	Flash terbalik	Обратная вспышка
Periodic	Periodic	Periódico	دوري	주기적	周期的	周期性	आवधिक	Periodik	Периодический
Duration (Frames)	Duration (Frames)	Duración (fotogramas)	المدة (إطارات)	길이 (프레임)	長さ (フレーム)	时长（帧）	अवधि (फ़्रेम में)	Durasi (frame)	Длительность (кадры)
Operation	Operation	Operación	العملية	동작	操作	操作	ऑपरेशन	Operasi	Операция
Transparent	Transparent	Transparente	شفاف	투명	透明	透明	पारदर्शी	Transparan	Прозрачный
Strobe 12 fps	Strobe 12 fps	Estroboscopio 12 fps	ستروب 12 إطارًا/ث	스트로브 12fps	ストロボ 12fps	频闪 12 fps	स्ट्रोब 12 fps	Strobo 12 fps	Стробоскоп 12 к/с
Negative Blink	Negative Blink	Parpadeo negativo	وميض سلبي	네거티브 깜빡임	ネガ点滅	负片闪烁	नेगेटिव ब्लिंक	Kedip negatif	Негативное мигание
Random Flashes	Random Flashes	Destellos aleatorios	ومضات عشوائية	무작위 플래시	ランダムフラッシュ	随机闪光	रैंडम फ़्लैश	Kilatan acak	Случайные вспышки
Zoom Punch	Zoom Punch	Golpe de zoom	ضربة تكبير	줌 펀치	ズームパンチ	缩放冲击	ज़ूम पंच	Zoom Hentak	Зум-удар
Peak Scale	Peak Scale	Escala máxima	أقصى تكبير	최대 배율	ピークスケール	峰值缩放	पीक स्केल	Skala puncak	Пиковый масштаб
Attack Frames	Attack Frames	Fotogramas de ataque	إطارات الهجوم	어택 프레임	アタックフレーム	起始帧数	अटैक फ़्रेम	Frame serangan	Кадры атаки
Release Frames	Release Frames	Fotogramas de liberación	إطارات التحرير	릴리스 프레임	リリースフレーム	释放帧数	रिलीज़ फ़्रेम	Frame pelepasan	Кадры возврата
Curve	Curve	Curva	المنحنى	곡선	カーブ	曲线	कर्व	Kurva	Кривая
Bounce	Bounce	Rebote	ارتداد	바운스	バウンス	弹跳	बाउंस	Pantul	Отскок
Zoom Blur	Zoom Blur	Desenfoque de zoom	ضبابية التكبير	줌 블러	ズームブラー	缩放模糊	ज़ूम ब्लर	Blur zoom	Размытие зума
Punch 1 Frame	Punch 1 Frame	Golpe 1 fotograma	ضربة إطار واحد	펀치 1프레임	パンチ1フレーム	冲击 1 帧	पंच 1 फ़्रेम	Hentak 1 frame	Удар 1 кадр
Soft Punch	Soft Punch	Golpe suave	ضربة ناعمة	소프트 펀치	ソフトパンチ	柔和冲击	सॉफ़्ट पंच	Hentak lembut	Мягкий удар
Hard Beat	Hard Beat	Golpe fuerte	إيقاع قوي	하드 비트	ハードビート	强力节拍	हार्ड बीट	Ketukan keras	Жёсткий бит
Slice Glitch	Slice Glitch	Glitch de franjas	غليتش الشرائح	슬라이스 글리치	スライスグリッチ	切片故障	स्लाइस ग्लिच	Glitch Irisan	Глитч полос
Slices	Slices	Franjas	الشرائح	슬라이스	スライス	切片	स्लाइस	Irisan	Полосы
Max Offset	Max Offset	Desplazamiento máximo	أقصى إزاحة	최대 오프셋	最大オフセット	最大偏移	अधिकतम ऑफ़सेट	Offset maksimum	Макс. смещение
RGB Offset	RGB Offset	Desplazamiento RGB	إزاحة RGB	RGB 오프셋	RGBオフセット	RGB 偏移	RGB ऑफ़सेट	Offset RGB	Смещение RGB
Block Size	Block Size	Tamaño de bloque	حجم الكتلة	블록 크기	ブロックサイズ	块大小	ब्लॉक आकार	Ukuran blok	Размер блока
Block Strength	Block Strength	Fuerza de bloques	قوة الكتل	블록 강도	ブロックの強さ	块强度	ब्लॉक ताक़त	Kekuatan blok	Сила блоков
Desaturate	Desaturate	Desaturar	إزالة التشبع	채도 낮추기	彩度を下げる	去饱和	डीसैचुरेट	Kurangi saturasi	Обесцветить
Posterize Levels	Posterize Levels	Niveles de posterización	مستويات التلوين المسطح	포스터화 단계	ポスタリゼーション階調	色调分离级数	पोस्टराइज़ स्तर	Level posterisasi	Уровни постеризации
Speed	Speed	Velocidad	السرعة	속도	速度	速度	गति	Kecepatan	Скорость
One Framer	One Framer	One framer	إطار واحد	원 프레이머	ワンフレーマー	单帧特效	वन फ़्रेमर	One framer	Однокадровый
Block Hit	Block Hit	Golpe de bloques	ضربة كتل	블록 히트	ブロックヒット	块冲击	ब्लॉक हिट	Hentak blok	Удар блоков
TV Snow	TV Snow	Nieve de TV	تشويش التلفاز	TV 노이즈	テレビの砂嵐	电视雪花	टीवी स्नो	Semut TV	Телевизионный снег
Twitch	Twitch	Espasmo	ارتعاش	트위치	トゥイッチ	抽动	ट्विच	Kedutan	Подёргивание
Randomize Min	Randomize Min	Mínimo aleatorio	الحد الأدنى العشوائي	무작위 최소	ランダム最小	随机最小值	रैंडम न्यूनतम	Minimum acak	Минимум случайности
Enable Slide	Enable Slide	Activar deslizamiento	تفعيل الانزلاق	슬라이드 사용	スライドを有効	启用滑动	स्लाइड चालू करें	Aktifkan geser	Включить сдвиг
Slide Amount	Slide Amount	Cantidad de deslizamiento	مقدار الانزلاق	슬라이드 양	スライド量	滑动量	स्लाइड मात्रा	Jumlah geser	Величина сдвига
Slide Direction	Slide Direction	Dirección del deslizamiento	اتجاه الانزلاق	슬라이드 방향	スライド方向	滑动方向	स्लाइड दिशा	Arah geser	Направление сдвига
Slide Spread	Slide Spread	Dispersión del deslizamiento	انتشار الانزلاق	슬라이드 분산	スライドの広がり	滑动扩散	स्लाइड फैलाव	Sebaran geser	Разброс сдвига
Slide Tendency	Slide Tendency	Tendencia del deslizamiento	ميل الانزلاق	슬라이드 경향	スライドの傾向	滑动倾向	स्लाइड झुकाव	Kecenderungan geser	Тенденция сдвига
Slide RGB Split	Slide RGB Split	Separación RGB del deslizamiento	فصل RGB للانزلاق	슬라이드 RGB 분리	スライドのRGB分離	滑动 RGB 分离	स्लाइड RGB स्प्लिट	Pisah RGB geser	RGB-разделение сдвига
Enable Scale	Enable Scale	Activar escala	تفعيل التحجيم	스케일 사용	スケールを有効	启用缩放	स्केल चालू करें	Aktifkan skala	Включить масштаб
Scale Amount	Scale Amount	Cantidad de escala	مقدار التحجيم	스케일 양	スケール量	缩放量	स्केल मात्रा	Jumlah skala	Величина масштаба
Enable Blur	Enable Blur	Activar desenfoque	تفعيل الضبابية	블러 사용	ブラーを有効	启用模糊	ब्लर चालू करें	Aktifkan blur	Включить размытие
Blur Amount	Blur Amount	Cantidad de desenfoque	مقدار الضبابية	블러 양	ブラー量	模糊量	ब्लर मात्रा	Jumlah blur	Величина размытия
Blur Aspect	Blur Aspect	Aspecto del desenfoque	نسبة الضبابية	블러 비율	ブラーの縦横比	模糊纵横比	ब्लर अनुपात	Aspek blur	Пропорции размытия
Enable Light	Enable Light	Activar luz	تفعيل الضوء	라이트 사용	ライトを有効	启用光线	लाइट चालू करें	Aktifkan cahaya	Включить свет
Light Amount	Light Amount	Cantidad de luz	مقدار الضوء	라이트 양	ライト量	光线量	लाइट मात्रा	Jumlah cahaya	Величина света
Light Behaviour	Light Behaviour	Comportamiento de la luz	سلوك الضوء	라이트 동작	ライトの挙動	光线行为	लाइट व्यवहार	Perilaku cahaya	Поведение света
Brighter	Brighter	Más claro	أفتح	더 밝게	明るく	更亮	ज़्यादा चमकीला	Lebih terang	Светлее
Darker	Darker	Más oscuro	أغمق	더 어둡게	暗く	更暗	ज़्यादा गहरा	Lebih gelap	Темнее
Both	Both	Ambos	كلاهما	둘 다	両方	两者	दोनों	Keduanya	Оба
Enable Color	Enable Color	Activar color	تفعيل اللون	색상 사용	カラーを有効	启用颜色	रंग चालू करें	Aktifkan warna	Включить цвет
Color Amount	Color Amount	Cantidad de color	مقدار اللون	색상 양	カラー量	颜色量	रंग मात्रा	Jumlah warna	Величина цвета
Color Randomize	Color Randomize	Color aleatorio	عشوائية اللون	색상 무작위	カラーのランダム化	颜色随机	रंग रैंडम	Acak warna	Случайный цвет
Border	Border	Borde	الحافة	가장자리	境界	边缘	किनारा	Tepi	Край
Mirror	Mirror	Espejo	مرآة	미러	ミラー	镜像	मिरर	Cermin	Зеркало
Classic Glitch	Classic Glitch	Glitch clásico	غليتش كلاسيكي	클래식 글리치	クラシックグリッチ	经典故障	क्लासिक ग्लिच	Glitch klasik	Классический глитч
Light Pulse	Light Pulse	Pulso de luz	نبضة ضوء	라이트 펄스	ライトパルス	光脉冲	लाइट पल्स	Denyut cahaya	Световой импульс
Nervous Zoom	Nervous Zoom	Zoom nervioso	تكبير متوتر	신경질적인 줌	ナーバスズーム	抖动缩放	नर्वस ज़ूम	Zoom gelisah	Нервный зум
Envelope	Envelope	Envolvente	الغلاف	엔벨로프	エンベロープ	包络	एनवेलप	Selubung	Огибающая
Continuous	Continuous	Continuo	مستمر	연속	連続	连续	लगातार	Kontinu	Непрерывный
Impact	Impact	Impacto	اصطدام	임팩트	インパクト	冲击	इम्पैक्ट	Benturan	Удар
Half-Life (Frames)	Half-Life (Frames)	Vida media (fotogramas)	نصف العمر (إطارات)	반감기 (프레임)	半減期 (フレーム)	半衰期（帧）	हाफ़-लाइफ़ (फ़्रेम)	Waktu paruh (frame)	Полураспад (кадры)
Impact Period (Frames)	Impact Period (Frames)	Periodo del impacto (fotogramas)	فترة الاصطدام (إطارات)	임팩트 주기 (프레임)	インパクト周期 (フレーム)	冲击周期（帧）	इम्पैक्ट अवधि (फ़्रेम)	Periode benturan (frame)	Период удара (кадры)
Punch Frames	Punch Frames	Fotogramas del golpe	إطارات الضربة	펀치 프레임	パンチフレーム	冲击帧数	पंच फ़्रेम	Frame hentakan	Кадры удара
Octaves	Octaves	Octavas	الأوكتافات	옥타브	オクターブ	倍频程	ऑक्टेव	Oktaf	Октавы
Jaggedness	Jaggedness	Irregularidad	التعرّج	거칠기	ギザギザ度	锯齿度	खुरदरापन	Kekasaran	Рваность
Clarão de um ou poucos quadros na batida: branco, somar, tela, exposição ou negativo. Segura N quadros e cai em M; o gatilho repete a cada N quadros ou dispara ao acaso. Evite flashes rápidos em conteúdo sensível.	A flash of one or a few frames on the beat: white, add, screen, exposure or negative. Holds N frames and decays over M; the trigger repeats every N frames or fires at random. Avoid fast flashes in sensitive content.	Destello de uno o pocos fotogramas en el golpe: blanco, sumar, trama, exposición o negativo. Mantiene N fotogramas y cae en M; el disparador repite cada N fotogramas o salta al azar. Evita destellos rápidos en contenido sensible.	وميض لإطار واحد أو بضعة إطارات على الإيقاع: أبيض، إضافة، شاشة، تعريض أو سلبي. يثبت N إطارات ثم يخفت خلال M؛ ويكرر المشغّل كل N إطارات أو ينطلق عشوائيًا. تجنب الومضات السريعة في المحتوى الحساس.	비트에 맞춰 한두 프레임 번쩍입니다: 흰색, 더하기, 스크린, 노출 또는 네거티브. N프레임 유지 후 M프레임에 걸쳐 사라지며, 트리거는 N프레임마다 반복하거나 무작위로 터집니다. 민감한 콘텐츠에서는 빠른 번쩍임을 피하세요.	ビートに合わせて1〜数フレーム光ります:白、加算、スクリーン、露出、ネガ。Nフレーム保持してMフレームで消え、トリガーでNフレームごとの繰り返しやランダム発火ができます。敏感なコンテンツでは速い点滅を避けてください。	在节拍处闪一帧或几帧：白色、相加、滤色、曝光或负片。保持 N 帧后在 M 帧内消退；触发器可每 N 帧重复或随机触发。敏感内容中请避免快速闪烁。	बीट पर एक या कुछ फ़्रेम की चमक: सफ़ेद, ऐड, स्क्रीन, एक्सपोज़र या नेगेटिव। N फ़्रेम रुकती है और M में ढलती है; ट्रिगर हर N फ़्रेम दोहराता है या बेतरतीब चलता है। संवेदनशील सामग्री में तेज़ फ़्लैश से बचें।	Kilatan satu atau beberapa frame pada ketukan: putih, tambah, layar, eksposur, atau negatif. Menahan N frame lalu memudar dalam M; pemicu mengulang setiap N frame atau menyala acak. Hindari kilatan cepat pada konten sensitif.	Вспышка на один или несколько кадров в бит: белый, сложение, экран, экспозиция или негатив. Держится N кадров и гаснет за M; триггер повторяет каждые N кадров или срабатывает случайно. Избегайте быстрых вспышек в чувствительном контенте.
Pisca por quadros: a camada some, vira cor, negativo, estoura ou apaga. Periódico acende a cada período; aleatório sorteia blocos. Ótimo para texto piscando. Evite flashes rápidos em conteúdo sensível.	Blinks by frames: the layer disappears, turns a color, goes negative, blows out or turns black. Periodic lights up every period; random draws blocks. Great for blinking text. Avoid fast flashes in sensitive content.	Parpadea por fotogramas: la capa desaparece, se vuelve color, negativo, se quema o se apaga. Periódico se enciende cada periodo; aleatorio sortea bloques. Ideal para texto parpadeante. Evita destellos rápidos en contenido sensible.	يومض بالإطارات: تختفي الطبقة أو تتحول إلى لون أو سلبي أو تحترق أو تنطفئ. الدوري يضيء كل فترة؛ والعشوائي يختار كتلًا. رائع للنص الوامض. تجنب الومضات السريعة في المحتوى الحساس.	프레임 단위로 깜빡입니다: 레이어가 사라지거나, 색이 되거나, 반전되거나, 날아가거나, 검게 됩니다. 주기적은 주기마다 켜지고 무작위는 구간을 뽑습니다. 깜빡이는 텍스트에 좋습니다. 민감한 콘텐츠에서는 빠른 번쩍임을 피하세요.	フレーム単位で点滅します:レイヤーが消える、色になる、ネガになる、白飛びする、黒くなる。周期的は周期ごとに点灯し、ランダムはブロックを抽選します。点滅テキストに最適。敏感なコンテンツでは速い点滅を避けてください。	按帧闪烁：图层消失、变成颜色、负片、过曝或变黑。周期性按周期点亮；随机则抽取片段。很适合闪烁文字。敏感内容中请避免快速闪烁。	फ़्रेम के हिसाब से झपकता है: लेयर गायब होती है, रंग बनती है, नेगेटिव होती है, जलती है या काली हो जाती है। आवधिक हर अवधि पर जलता है; रैंडम ब्लॉक चुनता है। झपकते टेक्स्ट के लिए बढ़िया। संवेदनशील सामग्री में तेज़ फ़्लैश से बचें।	Berkedip per frame: lapisan hilang, berubah warna, negatif, terbakar, atau menjadi hitam. Periodik menyala setiap periode; acak mengundi blok. Cocok untuk teks berkedip. Hindari kilatan cepat pada konten sensitif.	Мигает по кадрам: слой исчезает, становится цветом, негативом, пересвечивается или гаснет. Периодический включается каждый период; случайный выбирает блоки. Отлично для мигающего текста. Избегайте быстрых вспышек в чувствительном контенте.
Zoom que entra seco na batida e volta ao tamanho normal: suave, exponencial ou com quique. Ataque, hold e soltura são contados em quadros; o rastro de zoom borra a entrada.	A zoom that hits hard on the beat and returns to normal size: smooth, exponential or bouncing. Attack, hold and release are counted in frames; zoom blur smears the hit.	Zoom que entra seco en el golpe y vuelve al tamaño normal: suave, exponencial o con rebote. Ataque, espera y liberación se cuentan en fotogramas; el desenfoque de zoom difumina la entrada.	تكبير يضرب بقوة على الإيقاع ثم يعود للحجم الطبيعي: ناعم أو أسي أو مرتد. الهجوم والتثبيت والتحرير تُحسب بالإطارات؛ وضبابية التكبير تمسح الدخول.	비트에 강하게 들어갔다가 원래 크기로 돌아오는 줌: 부드럽게, 지수형 또는 바운스. 어택, 유지, 릴리스는 프레임 단위이며 줌 블러가 진입을 번지게 합니다.	ビートで一気に寄って元のサイズに戻るズーム:スムーズ、指数、バウンス。アタック・保持・リリースはフレーム単位で、ズームブラーが入りをにじませます。	在节拍处猛地放大再回到原尺寸：平滑、指数或弹跳。起始、保持和释放按帧计算；缩放模糊会拖出冲入的残影。	बीट पर ज़ोर से अंदर जाकर सामान्य आकार में लौटने वाला ज़ूम: स्मूद, एक्सपोनेंशियल या बाउंस। अटैक, होल्ड और रिलीज़ फ़्रेम में गिने जाते हैं; ज़ूम ब्लर एंट्री को धुंधला करता है।	Zoom yang menghentak pada ketukan lalu kembali ke ukuran normal: halus, eksponensial, atau memantul. Serangan, tahan, dan pelepasan dihitung dalam frame; blur zoom mengaburkan hentakan.	Зум, который резко входит в бит и возвращается к обычному размеру: плавно, экспоненциально или с отскоком. Атака, удержание и возврат считаются в кадрах; размытие зума смазывает вход.
Fatias horizontais sorteadas deslizam com separação RGB, com ruído de blocos, dessaturação e posterização opcionais. Velocidade troca o padrão por segundo; zero congela. Precisa da GPU.	Randomly chosen horizontal slices slide with RGB separation, with optional block noise, desaturation and posterization. Speed changes the pattern per second; zero freezes it. Requires the GPU.	Franjas horizontales sorteadas se deslizan con separación RGB, con ruido de bloques, desaturación y posterización opcionales. La velocidad cambia el patrón por segundo; cero lo congela. Requiere la GPU.	شرائح أفقية مختارة عشوائيًا تنزلق مع فصل RGB، مع تشويش كتل وإزالة تشبع وتلوين مسطح اختيارية. السرعة تغيّر النمط كل ثانية؛ والصفر يجمّده. يتطلب وحدة معالجة الرسومات.	무작위로 뽑힌 가로 슬라이스가 RGB 분리와 함께 밀리고, 블록 노이즈, 채도 낮추기, 포스터화를 더할 수 있습니다. 속도는 초당 패턴 변화, 0이면 멈춥니다. GPU가 필요합니다.	ランダムに選ばれた横スライスがRGB分離しながらずれ、ブロックノイズ、彩度低下、ポスタリゼーションも加えられます。速度は毎秒のパターン変化で、0で固定されます。GPUが必要です。	随机选中的水平切片带着 RGB 分离滑动，可选块噪点、去饱和和色调分离。速度决定每秒换几次图案；为零则冻结。需要 GPU。	बेतरतीब चुनी गई क्षैतिज स्लाइस RGB अलगाव के साथ खिसकती हैं, वैकल्पिक ब्लॉक नॉइज़, डीसैचुरेशन और पोस्टराइज़ेशन के साथ। गति प्रति सेकंड पैटर्न बदलती है; शून्य उसे रोक देता है। GPU ज़रूरी है।	Irisan horizontal yang dipilih acak bergeser dengan pemisahan RGB, dengan derau blok, desaturasi, dan posterisasi opsional. Kecepatan mengganti pola per detik; nol membekukannya. Memerlukan GPU.	Случайно выбранные горизонтальные полосы сдвигаются с RGB-разделением, по желанию с блочным шумом, обесцвечиванием и постеризацией. Скорость меняет рисунок в секунду; ноль замораживает. Нужен GPU.
Valores aleatórios em instantes aleatórios: deslizar com RGB, escala, desfoque, luz e cor, cada um com pulso próprio. Quietude segura a camada parada entre rajadas; subida e descida suavizam o pulso.	Random values at random moments: slide with RGB, scale, blur, light and color, each with its own pulse. Stillness keeps the layer still between bursts; ease in and ease out soften the pulse.	Valores aleatorios en instantes aleatorios: deslizamiento con RGB, escala, desenfoque, luz y color, cada uno con su propio pulso. La quietud mantiene la capa quieta entre ráfagas; la entrada y salida suaves suavizan el pulso.	قيم عشوائية في لحظات عشوائية: انزلاق مع RGB وتحجيم وضبابية وضوء ولون، ولكل منها نبضة خاصة. السكون يُبقي الطبقة ثابتة بين الدفعات؛ والتسهيل عند البداية والنهاية ينعّم النبضة.	무작위 순간의 무작위 값: RGB 슬라이드, 스케일, 블러, 라이트, 색상이 각자 펄스를 가집니다. 정지는 연속 동작 사이에 레이어를 멈춰 두고, 이즈 인/아웃이 펄스를 부드럽게 합니다.	ランダムな瞬間のランダムな値:RGBスライド、スケール、ブラー、ライト、カラーがそれぞれ独自のパルスを持ちます。静止はバーストの間レイヤーを止め、イーズイン/アウトでパルスを和らげます。	随机时刻的随机值：带 RGB 的滑动、缩放、模糊、光线和颜色，各自有独立脉冲。静止度让图层在爆发之间保持不动；缓入和缓出让脉冲更柔和。	बेतरतीब पलों पर बेतरतीब मान: RGB के साथ स्लाइड, स्केल, ब्लर, लाइट और रंग, हर एक की अपनी पल्स। स्थिरता धमाकों के बीच लेयर को ठहराए रखती है; ईज़ इन और ईज़ आउट पल्स को नरम करते हैं।	Nilai acak pada momen acak: geser dengan RGB, skala, blur, cahaya, dan warna, masing-masing dengan denyut sendiri. Ketenangan menahan lapisan diam di antara ledakan; ease in dan ease out melembutkan denyut.	Случайные значения в случайные моменты: сдвиг с RGB, масштаб, размытие, свет и цвет, у каждого свой импульс. Неподвижность держит слой на месте между всплесками; плавный вход и выход смягчают импульс.
Time Slice	Time Slice	Corte de tiempo	شرائح الزمن	타임 슬라이스	タイムスライス	时间切片	टाइम स्लाइस	Irisan Waktu	Временные срезы
Slice Direction	Slice Direction	Dirección de las franjas	اتجاه الشرائح	슬라이스 방향	スライスの方向	切片方向	स्लाइस दिशा	Arah irisan	Направление срезов
Distribution	Distribution	Distribución	التوزيع	분포	分布	分布	वितरण	Distribusi	Распределение
Staircase	Staircase	Escalera	درج	계단	階段	阶梯	सीढ़ी	Tangga	Лестница
Center	Center	Centro	المركز	중앙	中央	中心	केंद्र	Tengah	Центр
Wave	Wave	Onda	موجة	파동	ウェーブ	波浪	तरंग	Gelombang	Волна
Max Offset (Frames)	Max Offset (Frames)	Desfase máximo (fotogramas)	أقصى إزاحة (إطارات)	최대 오프셋 (프레임)	最大オフセット (フレーム)	最大偏移（帧）	अधिकतम ऑफ़सेट (फ़्रेम)	Offset maksimum (frame)	Макс. смещение (кадры)
Ease In Out	Ease In Out	Entrada y salida suaves	تسهيل الدخول والخروج	이즈 인 아웃	イーズインアウト	缓入缓出	ईज़ इन आउट	Ease in out	Плавный вход и выход
Cycles	Cycles	Ciclos	الدورات	주기 수	サイクル	周期数	चक्र	Siklus	Циклы
Sweep	Sweep	Barrido	مسح	스윕	スイープ	扫动	स्वीप	Sapuan	Развёртка
Frame Offset	Frame Offset	Desfase de fotogramas	إزاحة الإطارات	프레임 오프셋	フレームオフセット	帧偏移	फ़्रेम ऑफ़सेट	Offset frame	Смещение кадров
Gap	Gap	Separación	الفجوة	간격	隙間	间隙	अंतराल	Celah	Зазор
Mix With Original	Mix With Original	Mezcla con el original	المزج مع الأصل	원본과 혼합	元とミックス	与原始混合	मूल के साथ मिलाएँ	Campur dengan asli	Смешать с исходным
Sapphire 12	Sapphire 12	Sapphire 12	Sapphire 12	Sapphire 12	Sapphire 12	Sapphire 12	Sapphire 12	Sapphire 12	Sapphire 12
Vertical Slide	Vertical Slide	Deslizamiento vertical	انزلاق عمودي	세로 슬라이드	縦スライド	垂直滑入	वर्टिकल स्लाइड	Geser vertikal	Вертикальный сдвиг
Glitch Slices	Glitch Slices	Franjas glitch	شرائح غليتش	글리치 슬라이스	グリッチスライス	故障切片	ग्लिच स्लाइस	Irisan glitch	Глитч-срезы
Posterize Time	Posterize Time	Posterizar tiempo	تقطيع الزمن	시간 포스터화	ポスタリゼーション時間	色调分离时间	पोस्टराइज़ टाइम	Posterisasi Waktu	Постеризация времени
Frame Rate	Frame Rate	Velocidad de fotogramas	معدل الإطارات	프레임 레이트	フレームレート	帧率	फ़्रेम रेट	Laju frame	Частота кадров
Anime 12 fps	Anime 12 fps	Anime 12 fps	أنمي 12 إطارًا/ث	애니메 12fps	アニメ 12fps	动漫 12 fps	एनीमे 12 fps	Anime 12 fps	Аниме 12 к/с
Stop Motion	Stop Motion	Stop motion	إيقاف الحركة	스톱 모션	ストップモーション	定格动画	स्टॉप मोशन	Stop motion	Стоп-моушен
Choppy	Choppy	Entrecortado	متقطع	뚝뚝 끊김	カクカク	卡顿感	रुक-रुककर	Patah-patah	Рывками
Divide o quadro em faixas e cada faixa mostra a camada num instante diferente. Escada imita o S_TimeSlice; linear com ease out vira a transição de faixas dos edits. Numa camada de ajuste, fatia tudo que está embaixo.	Splits the frame into slices and each slice shows the layer at a different moment. Staircase mimics S_TimeSlice; linear with ease out becomes the slice transition used in edits. On an adjustment layer, it slices everything below.	Divide el fotograma en franjas y cada franja muestra la capa en un instante distinto. Escalera imita S_TimeSlice; lineal con salida suave es la transición de franjas de los edits. En una capa de ajuste, corta todo lo que está debajo.	يقسم الإطار إلى شرائح وتعرض كل شريحة الطبقة في لحظة مختلفة. الدرج يحاكي S_TimeSlice؛ والخطي مع تسهيل الخروج يصبح انتقال الشرائح في المونتاج. على طبقة ضبط، يقطّع كل ما تحتها.	화면을 여러 조각으로 나누고 각 조각이 서로 다른 순간의 레이어를 보여 줍니다. 계단은 S_TimeSlice를 흉내 내고, 선형에 이즈 아웃을 주면 편집에서 쓰는 슬라이스 전환이 됩니다. 조정 레이어에 쓰면 아래 전체를 자릅니다.	画面をスライスに分け、各スライスが別の瞬間のレイヤーを映します。階段はS_TimeSliceを再現し、リニアにイーズアウトを付けると編集で使うスライストランジションになります。調整レイヤーでは下のすべてをスライスします。	把画面分成若干切片，每个切片显示图层在不同时刻的样子。阶梯模仿 S_TimeSlice；线性加缓出就是剪辑里的切片转场。用在调整图层上会切分下方的所有内容。	फ़्रेम को स्लाइस में बाँटता है और हर स्लाइस लेयर को अलग पल में दिखाती है। सीढ़ी S_TimeSlice जैसी है; ईज़ आउट के साथ रैखिक एडिट का स्लाइस ट्रांज़िशन बन जाता है। एडजस्टमेंट लेयर पर यह नीचे की हर चीज़ को काटता है।	Membagi frame menjadi irisan dan setiap irisan menampilkan lapisan pada momen berbeda. Tangga meniru S_TimeSlice; linear dengan ease out menjadi transisi irisan ala edit. Pada lapisan penyesuaian, semua di bawahnya ikut diiris.	Делит кадр на срезы, и каждый срез показывает слой в другой момент. «Лестница» повторяет S_TimeSlice; линейное распределение с плавным выходом превращается в переход срезами из эдитов. На корректирующем слое режет всё, что ниже.
Faz a camada inteira andar em degraus de N quadros por segundo: 12 para o visual de anime, 8 para stop motion, 4 para travado. Numa camada de ajuste, quantiza tudo que está embaixo.	Makes the whole layer move in steps of N frames per second: 12 for the anime look, 8 for stop motion, 4 for choppy. On an adjustment layer, it quantizes everything below.	Hace que toda la capa avance a saltos de N fotogramas por segundo: 12 para el look anime, 8 para stop motion, 4 para entrecortado. En una capa de ajuste, cuantiza todo lo que está debajo.	يجعل الطبقة كلها تتحرك بخطوات من N إطارات في الثانية: 12 لمظهر الأنمي، و8 لإيقاف الحركة، و4 للتقطع. على طبقة ضبط، يقطّع زمن كل ما تحتها.	레이어 전체가 초당 N프레임 단위로 끊어지며 움직입니다: 애니메 느낌은 12, 스톱 모션은 8, 뚝뚝 끊기게는 4. 조정 레이어에 쓰면 아래 전체를 양자화합니다.	レイヤー全体を毎秒Nフレームの段階で動かします。アニメ風は12、ストップモーションは8、カクカクは4。調整レイヤーでは下のすべてを量子化します。	让整个图层以每秒 N 帧的步进运动：12 帧是动漫感，8 帧是定格动画，4 帧是卡顿感。用在调整图层上会量化下方的所有内容。	पूरी लेयर को प्रति सेकंड N फ़्रेम के कदमों में चलाता है: एनीमे लुक के लिए 12, स्टॉप मोशन के लिए 8, रुक-रुककर के लिए 4। एडजस्टमेंट लेयर पर यह नीचे की हर चीज़ को क्वांटाइज़ करता है।	Membuat seluruh lapisan bergerak bertahap N frame per detik: 12 untuk tampilan anime, 8 untuk stop motion, 4 untuk patah-patah. Pada lapisan penyesuaian, semua di bawahnya ikut dikuantisasi.	Заставляет весь слой двигаться шагами по N кадров в секунду: 12 для аниме, 8 для стоп-моушена, 4 для движения рывками. На корректирующем слое квантует всё, что ниже.
Edits	Edits	Edits	مونتاج	편집 효과	エディット	剪辑特效	एडिट्स	Edit	Эдиты
Todos	All	Todos	الكل	전체	すべて	全部	सभी	Semua	Все
Aprimorar com IA	Enhance with AI	Mejorar con IA	تحسين بالذكاء الاصطناعي	AI로 향상	AIで高画質化	使用 AI 增强	AI से बेहतर करें	Tingkatkan dengan AI	Улучшить с ИИ
Aprimorar na exportação	Enhance on export	Mejorar al exportar	التحسين عند التصدير	내보낼 때 향상	書き出し時に高画質化	导出时增强	एक्सपोर्ट पर बेहतर करें	Tingkatkan saat ekspor	Улучшать при экспорте
A IA amplia vídeos de baixa resolução até o tamanho em que aparecem, limpando ruído e blocos de compressão. Vale no arquivo exportado; o palco continua mostrando o original.	AI upscales low-resolution videos to the size they appear at, cleaning noise and compression blocks. It applies to the exported file; the stage keeps showing the original.	La IA amplía videos de baja resolución hasta el tamaño en que aparecen, limpiando ruido y bloques de compresión. Se aplica al archivo exportado; el escenario sigue mostrando el original.	يكبّر الذكاء الاصطناعي مقاطع الفيديو منخفضة الدقة إلى الحجم الذي تظهر به، مع إزالة التشويش وكتل الضغط. يُطبَّق على الملف المُصدَّر، وتظل المنصة تعرض الأصل.	AI가 저해상도 영상을 화면에 보이는 크기까지 확대하고 노이즈와 압축 블록을 정리합니다. 내보낸 파일에 적용되며, 스테이지에는 원본이 계속 표시됩니다.	AIが低解像度の動画を表示サイズまで拡大し、ノイズや圧縮ブロックを取り除きます。書き出したファイルに適用され、ステージには元の映像が表示されたままです。	AI 会把低分辨率视频放大到其显示尺寸，并清除噪点和压缩色块。效果作用于导出的文件；舞台仍显示原始画面。	AI कम रिज़ॉल्यूशन वाले वीडियो को उनके दिखने वाले आकार तक बड़ा करता है और नॉइज़ व कम्प्रेशन ब्लॉक साफ़ करता है। यह एक्सपोर्ट की गई फ़ाइल पर लागू होता है; स्टेज पर मूल वीडियो ही दिखता रहता है।	AI memperbesar video beresolusi rendah hingga ukuran tampilnya, sambil membersihkan noise dan blok kompresi. Berlaku pada file hasil ekspor; panggung tetap menampilkan aslinya.	ИИ увеличивает видео низкого разрешения до размера, в котором оно показано, убирая шум и блоки сжатия. Это применяется к экспортированному файлу; на сцене остаётся оригинал.
Vídeos que já têm a resolução da composição não mudam.	Videos that already have the composition resolution stay the same.	Los videos que ya tienen la resolución de la composición no cambian.	مقاطع الفيديو التي تملك دقة التركيب بالفعل لا تتغير.	이미 컴포지션 해상도를 가진 영상은 바뀌지 않습니다.	すでにコンポジションの解像度がある動画は変わりません。	已达到合成分辨率的视频不会改变。	जिन वीडियो में पहले से कंपोज़िशन का रिज़ॉल्यूशन है, वे नहीं बदलते।	Video yang sudah memiliki resolusi komposisi tidak berubah.	Видео, у которых уже есть разрешение композиции, не меняются.
O motor de IA ainda não existe neste aparelho. O clipe exporta sem aprimoramento.	The AI engine is not available on this device yet. The clip exports without enhancement.	El motor de IA aún no existe en este dispositivo. El clip se exporta sin mejora.	محرك الذكاء الاصطناعي غير متوفر على هذا الجهاز بعد. سيُصدَّر المقطع دون تحسين.	이 기기에는 아직 AI 엔진이 없습니다. 클립은 향상 없이 내보내집니다.	この端末にはまだAIエンジンがありません。クリップは高画質化なしで書き出されます。	此设备上还没有 AI 引擎。片段将不经增强导出。	इस डिवाइस पर अभी AI इंजन उपलब्ध नहीं है। क्लिप बिना सुधार के एक्सपोर्ट होगी।	Mesin AI belum tersedia di perangkat ini. Klip diekspor tanpa peningkatan.	На этом устройстве пока нет движка ИИ. Клип экспортируется без улучшения.
Médio	Medium	Medio	متوسط	중간	中	中等	मध्यम	Sedang	Средне
Comparar neste quadro	Compare on this frame	Comparar en este fotograma	قارن في هذا الإطار	이 프레임에서 비교	このフレームで比較	在此帧比较	इस फ़्रेम पर तुलना करें	Bandingkan di bingkai ini	Сравнить на этом кадре
Preparando a comparação…	Preparing the comparison…	Preparando la comparación…	جارٍ تجهيز المقارنة…	비교를 준비하는 중…	比較を準備しています…	正在准备对比…	तुलना तैयार हो रही है…	Menyiapkan perbandingan…	Готовим сравнение…
No Android, "Movimento" usa IA (RIFE) quando o aparelho tem GPU; vídeos de 60 fps ou mais usam os quadros reais.	On Android, "Motion" uses AI (RIFE) when the device has a GPU; videos at 60 fps or more use the real frames.	En Android, "Movimiento" usa IA (RIFE) cuando el dispositivo tiene GPU; los videos de 60 fps o más usan los fotogramas reales.	على أندرويد، يستخدم "الحركة" الذكاء الاصطناعي (RIFE) عندما يحتوي الجهاز على معالج رسومي؛ ومقاطع 60 إطارًا في الثانية أو أكثر تستخدم الإطارات الحقيقية.	Android에서 "움직임"은 기기에 GPU가 있으면 AI(RIFE)를 사용합니다. 60fps 이상 영상은 실제 프레임을 사용합니다.	Androidでは、端末にGPUがあれば「モーション」はAI（RIFE）を使います。60fps以上の動画は実際のフレームを使います。	在 Android 上，设备有 GPU 时“运动”会使用 AI（RIFE）；60 fps 及以上的视频使用真实帧。	Android पर, डिवाइस में GPU होने पर "मोशन" AI (RIFE) का उपयोग करता है; 60 fps या उससे अधिक वाले वीडियो असली फ़्रेम इस्तेमाल करते हैं।	Di Android, "Gerakan" memakai AI (RIFE) jika perangkat punya GPU; video 60 fps atau lebih memakai bingkai asli.	На Android режим «Движение» использует ИИ (RIFE), если у устройства есть GPU; видео с 60 fps и выше используют настоящие кадры.
